market,1816
present,147
price,1043
staff,44
tim,118
ferc,319
meet,570
scarciti,15
wa,432
load,183
investig,135
wholesal,201
thi,1474
would,463
iou,21
provid,364
scott,12
made,140
attach,313
power,993
west,38
california,821
previou,30
caus,60
take,231
ani,570
high,141
commiss,195
incent,24
gener,621
like,182
inform,500
addit,194
miller,15
also,299
version,66
friday,208
convey,9
messag,156
enron,776
buy,114
last,152
thursday,216
first,147
particular,15
ellen,3
wolf,12
tabor,6
caramani,3
creat,65
build,44
belden,15
dave,81
parquet,23
In,249
follow,260
point,105
n't,186
much,87
becaus,141
spike,42
We,356
discourag,15
action,132
hurt,3
vibrant,3
rest,15
well,128
logic,6
result,136
doe,93
anyth,41
1,242
whether,89
exercis,39
parti,78
2,164
necessari,66
protect,60
still,72
need,280
establish,43
cap,444
rent,5
level,113
equal,6
interrupt,69
properli,9
prepar,78
risk,98
fail,42
hedg,36
underschedul,6
therefor,32
fill,16
larg,44
percentag,6
iso,1691
real,98
time,471
My,35
analog,3
day,294
trade,393
retir,9
fund,23
asset,42
alloc,18
scheme,3
function,87
better,51
whatev,7
particip,631
To,422
see,186
detach,3
save,45
view,75
powerpoint,6
find,125
mani,105
hidden,3
slide,6
part,75
oral,3
hard,21
copi,74
accord,48
head,63
got,32
alot,6
base,99
numer,21
phone,82
call,390
've,26
get,197
look,129
data,159
revis,70
sent,169
differ,66
approach,21
On,80
talk,51
answer,33
question,286
said,475
favor,30
elimin,39
mandatori,20
PX,156
requir,213
abl,72
onlin,49
He,244
explain,26
fulli,33
exist,48
8/28,6
IS,5
record,47
ON,16
'prior,3
'S,3
',146
sheet,6
netscap,12
4.74,6
ha,767
roll,30
portland,21
offic,256
complet,96
fresh,3
login,9
notic,211
start,106
menu,12
click,45
icon,3
new,454
instal,21
automat,9
If,312
problem,102
dure,204
upgrad,21
pleas,619
feel,60
free,57
IT,42
person,157
regard,184
paul,40
report,205
otc,21
confer,144
PM,335
path,75
26,45
studi,129
elim,9
smud.org,18
wscc.com,9
wscc,20
know,193
forward,412
belden/hou/ect,72
richard,59
08/17/2000,42
ect,342
cc,222
subject,363
RE,47
increas,126
info,9
2800,6
3000,6
approv,183
eddi,9
lim,6
oper,507
otc-path,6
26-2000summer,6
update.doc,6
oss,6
support,147
MW,144
review,174
reliabl,77
system,326
chuck,15
Wu,6
cywu,6
caiso.com,312
mailto,75
name,102
check,39
let,108
everyon,63
08/20/2000,3
09:16,9
ingersol,3
01:11,3
cdt,3
heizenrader/pdx/ect,3
haeeeri,3
reason,151
believ,113
uprat,3
balanc,39
summer,184
ingersoll/hou/ect,6
01:09,3
08/16/2000,30
04:41:52,3
maiser,3
transfer,32
capabl,33
polici,119
group,126
dear,12
CA,81
otcpg,3
member,99
move,61
thermal,3
limit,147
coi/pdci,3
scit,12
nomogram,30
remain,38
unchang,6
caiso,254
schedul,410
discuss,211
seek,69
PG,111
short,57
interest,137
full,27
util,330
thank,235
advanc,57
expedit,22
comment,212
e-mail,445
CC,3
sec,3
post,179
distribut,120
accordingli,6
smud,3
916,240
732-5362,3
access,124
us/canada,3
dial-in,3
number,161
877,28
381-5996,3
passcod,39
owner,53
ID,19
784377,3
compani,421
leader,48
date,203
8/18/2000,3
10:00,15
pacif,18
august,522
2000,596
jeann,39
Is,69
privileg,75
detail,150
monday,117
21,60
-origin,60
sole,28
18,41
4:15,3
fuller,78
happ,24
susan,71
memorandum,12
stakehold,200
document,111
basi,80
31,84
M.,43
sol,27
regulatori,138
counsel,45
608-7144,21
____________________________________________________________________________,24
_______________________________________,18
forego,18
commun,159
togeth,57
thereto,18
intend,135
design,93
recipi,68
onli,271
term,80
may,281
Be,24
confidenti,126
By,66
attorney/cli,18
applic,105
unauthor,18
use,263
dissemin,60
Or,18
reproduct,18
Of,48
strictli,18
prohibit,57
8-18memotostakeholders.doc,3
separ,27
appendix,54
C,31
comprehens,15
redesign,27
cmr,120
recommend,186
websit,69
http,275
//www.caiso.com/clientserv/congestionreform.html,54
byron,102
woertz,102
director,205
client,320
relat,330
expost,6
10,126
minut,78
6/15/00,3
hour,170
12-24,3
except,27
area,138
//www.caiso.com/marketops/oasis/exceptions/,3
.csv,3
file,168
contact,223
ginger,12
seitl,12
916.351.4420,3
crcommun,36
rob,23
set,78
1:30,9
pm,21
bob,181
next,156
16-18,15
avail,91
As,148
remind,31
.....,3
rememb,27
rsvp,63
colleen,24
grant,75
608-7069,12
email,85
cgrant,24
plan,227
attend,89
soon,99
rfb-ga,18
000817.doc,18
Le,9
vine,9
debi,9
request,259
bid,294
contract,178
ga,218
curtail,72
condit,68
rfb,24
'm,39
open,98
Do,45
word,24
95,15
keoni,14
almeida,12
independ,135
916/608-7053,9
pager,17
916/814-7352,9
alpha,9
page,58
9169812000.1151268,9
pagenet.net,9
kalmeida,9
17,22
6:29,3
suppli,176
lo,24
angel,24
basin,18
winter,39
2000-2001,9
respons,259
due,72
5:00,27
p.m.,60
septemb,141
16,60
direct,129
brian,36
theaker,21
btheaker,21
608-5804,15
complianc,51
No,29
tom,70
'll,35
today,165
month,131
carl,42
caiso-crm-feedback-ena-cfi-072800.doc,3
natsourc,12
optimum,9
input,42
good,92
afternoon,47
chang,344
thier,3
natsource-tullet,3
tullett,3
deal,44
done,57
llc,11
ee,341
sdg,341
E,420
jame,48
D,54
offer,111
mari,47
hain/hou/ect,33
steffes/hou/e,27
karen,30
steven,37
J,75
kean/hou/e,15
mark,138
palmer/corp/enron,9
jeff,132
dasovich/sfo/e,42
shapiro/hou/e,30
residenti,71
02:26,3
denn,3
02:13,3
Re,17
care,21
posit,110
concern,86
perceiv,6
re-ent,3
even,111
though,24
're,60
propos,203
rather,26
end-us,12
custom,313
compar,27
eight,9
receiv,195
steff,9
01:38,3
denne/corp/enron,12
write-up,3
make,276
public,152
territori,24
probabl,39
someth,42
readi,21
late,50
03:35,3
melinda,3
mccarti,3
03:07,3
marcia,3
linton/na/enron,3
case,67
futur,54
refer,78
play,28
gave,15
simpl,13
alway,12
delet,54
mm,3
model,71
john,111
christi,12
robert,168
L,50
transmission/pow,6
exchang,108
doug,9
mike,106
steve,89
bracepatt.com,12
rto,20
02:15,3
01:04,3
nicolay/hou/ect,3
send,91
western,39
trader,35
continu,154
consid,61
shortcom,3
sure,34
kept,12
loop,12
project,210
e-tran,3
possibl,119
jim,60
03:02,3
nicolay,6
02:33,3
kevin,15
M,12
presto/hou/ect,3
lloyd,3
will/hou/ect,3
edward,11
baughman/hou/ect,3
terri,21
clynes/hou/ect,3
mangskau/corp/enron,3
sewell/hou/ect,3
oscar,3
dalton/hou/ect,3
zachari,3
sampson/na/enron,3
curry/hou/ect,3
david,46
fairley/hou/ect,3
walton/hou/ect,3
brown/hou/e,3
dan,42
staines/hou/ect,3
delaney/corp/enron,9
joe,49
hartsoe/corp/enron,18
sarah,13
novosel/corp/enron,9
charl,3
yeung/hou/ect,3
ron,5
mcnamara/na/enron,3
robin,3
kittel/hou/e,3
janin,3
migden/dub/e,3
kerri,6
stroup/dub/e,3
montovano/dub/e,3
wibbi,3
compuserve.com.,3
may/corp/enron,3
roger,38
herndon/hou/ect,3
zufferli/hou/ect,3
king/corp/enron,3
mitch,3
robinson/corp/enron,3
tca-us.com,18
dwatkiss,3
sbuchheit,3
dana,6
davis/hou/ect,3
howard,9
fromer/hou/e,3
daniel,13
allegretti/hou/e,3
hoatson/hou/e,3
suarez/hou/ect,3
broderick/hou/ect,3
frank/hou/e,3
harri,3
kingerski/hou/e,3
stalford/na/enron,3
bill,213
rust/hou/ect,3
dutta/hou/ect,3
patrick,12
hanse/hou/ect,3
corri,3
bentley/hou/ect,3
benson/corp/enron,3
berger/hou/ect,3
carson/corp/enron,3
gilbert-smith/corp/enron,3
clint,3
dean/corp/enron,3
llodra/corp/enron,3
georg,12
wood/corp/enron,3
janel,12
scheuer/hou/ect,3
kyle,18
schultz/hou/ect,3
ashton,3
soniat/corp/enron,3
larri,6
valderrama/hou/ect,3
greg,62
woulfe/hou/ect,3
alonzo,3
williams/hou/ect,3
comments/discuss,3
gov't,3
affair,30
draft,136
includ,278
flowgat,3
transmiss,189
right,76
work,290
tariff,81
10/15,3
resolut,36
board,325
calpx,57
day-of,15
day-ahead,15
polit,42
state,459
measur,48
AM,217
16.doc,6
pressur,36
electr,616
feder,135
governor,111
lawmak,30
effect,154
elow,3
artic,3
bruno,29
gaillard/sfo/e,24
11:48,3
e._jesus_arredondo,3
calpx.com,42
11:41:33,3
bgaillar,5
enron.com,152
2nd,16
tri,70
keep,71
mind,24
respond,113
fyi,30
dow,211
jone,220
newswir,75
ask,150
reduc,71
cave,6
jason,45
leopold,45
spot,6
bought,9
sold,15
wednesday,102
author,111
impos,24
350,6
per,99
megawatt-hour,36
admit,24
intens,6
place,84
gov,74
gray,30
davi,115
suicid,3
carolyn,26
keherein,3
serv,84
we'r,3
percept,6
current,115
2,500,3
technic,90
comput,93
stabil,23
pass,64
retail,82
notabl,3
consum,144
san,206
diego,161
ratepay,18
pay,102
market-bas,18
rate,201
seen,20
nearli,12
tripl,9
past,57
two,137
energi,803
befor,119
goe,18
indic,54
OK,12
directli,49
-eja,3
E.,9
jesu,9
arredondo,15
manag,401
corpor,49
tel,48
626.537.3155,3
produc,147
complaint,108
export,57
reject,74
DJ,90
grid,102
compens,33
transact,114
calif,60
welcom,39
probe,27
urg,66
pergher,168
dowjones.com,147
say,136
noth,50
regul,88
conduct,69
dynegi,48
event,139
purchas,183
inc.,90
carla,81
`,33
pwr,36
gunther,129
attorney,54
wrong,27
plant,132
invest,57
alleg,33
charg,106
order,219
cost,209
bergstrom,18
turn,73
250,99
southern,72
emerg,161
occur,45
entiti,105
cal,60
badeer/hou/ect,84
Ca,12
lif,9
hoffman/pdx/ect,78
capit,84
12:15,15
gmt,45
articl,33
origin,37
publish,45
tuesday,81
lockyer,18
hi,147
collus,15
william,26
duke,18
manipul,39
end,117
evid,33
borenstein,12
inquiri,30
nation,66
unit,207
dyn,15
one,251
veri,114
demand,180
sell,153
abus,13
co.,48
SO,21
reliant,36
At,71
-bi,39
copyright,48
c,48
inc,45
govern,156
complain,18
edison,32
avoid,36
puc,111
voic,27
It,223
materi,114
.vcf,78
10:28,6
hoffman,21
09:09,3
richter/hou/ect,12
phillip,19
platter/hou/ect,3
swerzbin/hou/ect,3
diana,15
scholtes/hou/ect,3
sean,6
crandall/pdx/ect,3
matt,6
motley/pdx/ect,3
guzman/pdx/ect,3
alonso/pdx/ect,3
fischer/pdx/ect,3
resourc,144
corp.,111
gunther.pergh,48
06:11,6
golden,42
mark.golden,36
bcc,42
=dj,18
OF,17
thing,144
geraldo,6
rivera,6
found,39
Al,12
capon,6
safe,6
spokesman,36
north,85
america,86
duk,6
run,72
long,49
throughout,30
1.7,9
billion,39
rig,9
locker,9
pend,9
submit,79
year,222
unsubstanti,6
shred,6
sever,105
univers,53
berkley,6
institut,56
antitrust,9
law,79
ca,33
premium,15
bad,25
commod,52
loophol,6
advantag,15
rule,87
want,172
guy,29
everi,57
sort,18
justic,6
depart,95
consequ,18
paid,30
sempra,30
sre,21
doubl,42
presid,116
So,48
whi,45
issu,284
someon,27
finger,9
sourc,63
awar,27
lockyer',6
constitu,9
vs.,18
shortag,45
enough,39
built,15
chairman,143
chief,60
execut,81
way,120
98,6
1,000,21
troubl,15
identifi,81
despit,9
freez,18
rli,6
stanc,6
took,20
ago,39
real-tim,63
250/mwh,27
peopl,122
big,45
walk,33
away,36
323-658-3874,6
jason.leopold,36
producers',6
washington,28
administr,53
out-of-st,34
extrem,15
told,45
situat,21
never,36
sinc,92
began,9
rare,15
note,104
alreadi,39
allow,148
decri,6
collater,6
attack,12
claim,6
adequ,15
resort,12
taken,17
option,84
exhaust,9
adjust,159
factor,42
state-wid,6
object,24
echo,9
mere,15
control,127
effort,105
rein,6
skyrocket,27
knew,12
enter,60
could,215
alter,15
expens,23
henc,9
difficult,16
maintain,27
irrespons,9
intern,80
eix,12
sham,9
declar,21
true,12
intent,23
sale,61
affili,24
cooper,58
locat,98
back,87
uncap,9
reflect,44
generators',6
summarili,6
factual,9
unsupport,6
legal,48
unfound,9
consist,60
pertin,6
decis,120
aug.,15
3,98
rei,6
maximum,72
simpli,45
ignor,9
financi,110
impact,93
seller,84
overtli,6
discrimin,6
associ,87
repres,117
competit,90
critic,36
certainti,6
morgan,21
stanley,21
lower,120
significantli,15
frequent,15
less,36
import,99
leav,45
search,12
higher,60
actual,75
damag,18
lost,38
opportun,84
least,68
seem,26
basic,18
must,120
divert,9
northern,12
agenc,54
bryan,12
lee,9
202-862-6647,9
bryan.le,9
g_nther,39
A.,42
senior,57
analyst,51
609.520.7067,39
fax,83
609.452.3531,39
transmit,45
address,189
contain,72
and/or,55
retransmiss,39
relianc,39
upon,78
error,63
sender,45
ad,130
dispatch,42
phase,27
II,15
session,86
mif,12
autom,12
kickoff,21
9,53
ford,12
0809.ppt,6
list,114
host,16
24,49
noon,16
lake,3
natoma,3
inn,30
folsom,36
continent,19
breakfast,12
916-608-,3
7069,3
principl,30
liaison,9
altern,27
bridg,3
team,59
kristin,9
kelley,3
introduc,27
histori,12
progress,18
busi,375
improv,30
releas,141
Q,3
feedback,60
preliminari,60
scope,15
agenda,99
given,33
develop,201
electron,15
implement,167
imper,6
help,146
assur,33
effici,42
accur,30
notif,51
log,9
settlement,198
351-2344,3
gford,3
T.,9
608-7057,12
internet,54
khoffman,9
608-7074,9
might,38
letter,134
lynch,43
ought,6
publicli,18
strategi,21
tim/bob,3
thought,39
ensur,24
analys,3
undertaken,9
target,21
best,42
04:14,3
04:02,3
mara/sfo/e,39
kaufman/pdx/ect,21
/,35
activ,90
come,81
quickli,37
arena,9
think,89
somehow,15
shari,36
stack,37
713,37
853-9477,6
inter-sc,54
week,237
timelin,12
updat,72
delay,32
test,45
parser,15
7/14/00,6
SC,72
train,147
9/18/00,6
tswg,36
express,33
frame,3
decreas,6
approxim,48
understand,24
decid,36
octob,96
prior,79
side,27
consider,24
determin,63
later,52
success,54
softwar,30
final,129
si/pmi,3
templat,57
6/13/00,3
6/23/00,9
7/13/00,3
integr,30
8/1/00,3
8/25/00,3
simul,108
9/05/00,3
9/15/00,3
9/22/00,3
10/1/00,3
An,15
2001,36
prepared,3
specif,72
program,186
clarif,3
vendor,33
link,31
//www.caiso.com/docs/2000/06/12/200006121229457917.html,6
916-608-7055,12
dfuller,12
bwoertz,24
exceed,21
out-of-market,18
off-system,6
-sourc,6
computer-bas,9
500/mwh,6
confirm,62
abov,62
palo,30
verd,27
08:36,3
08:16,3
15:13,3
york,34
u.s.,69
amid,12
air-condit,3
arrang,30
usual,27
7,75
go,166
reveal,9
happen,38
spokeswoman,9
stephani,8
mccorkel,3
sake,3
confidienti,3
sunday,8
agre,51
350/mwh,3
southwest,36
on-peak,3
spoke,6
anonym,18
bilater,75
involv,30
375/mwh,3
major,63
line,78
unplan,3
repair,3
rose,24
shall,30
appli,18
regular,21
persuad,3
supplier,36
via,51
plateau,3
station,12
justif,6
give,95
preferenti,3
treatment,27
-mark,6
201-938-4604,15
commerci,100
benefit,54
TO,34
debit,12
sentenc,3
Px,3
physic,33
expect,96
derat,9
affect,61
ahead,80
lead,66
enron.,3
BF,3
surpris,6
figur,15
50,60
ok,4
till,6
cgi,6
forum,27
services/meet,3
training/market,3
sue,58
assist,80
608-7059,21
shapp,21
lar,6
room,123
101a,9
1a,6
b,12
a.m.,42
4:00,21
p.m,9
877-670-4098,3
code,27
129329,3
air,166
environment,81
permit,75
emiss,54
consult,47
qualiti,69
district,42
cea,36
engin,36
experi,54
credit,57
joan,24
epa,24
mccutchen,24
transport,27
mangement,18
pollut,21
analysi,42
combust,18
turbin,21
reclaim,18
barri,18
litig,24
exxon,18
water,36
peter,24
kirk,18
MI,18
08/15/2000,15
obtain,48
erc,12
santa,12
barbara,26
expertis,15
hazard,12
wast,26
variou,42
500,42
merchant,36
bay,69
b.,21
m.,12
brokerag,15
firm,75
scaqmd,12
broad,15
practic,78
matter,51
oil,57
clean,30
act,69
land-us,12
j.d,12
four,54
technolog,42
manufactur,21
perform,63
strateg,18
teh,12
natur,87
appropri,48
resolv,21
b.a,12
econom,57
11:04,3
guerrero,6
10:37,3
mcgowan/corp/enron,6
massey/hou/ect,9
kevin/bob,6
quick,15
rundown,6
sam,9
wehn,6
resumes/bio,6
heredia,6
woodward-clyd,6
805-964-6010,6
x127,6
field,33
previous,36
counti,15
1985-1990,6
emphasi,12
interact,9
bulk,12
gasolin,9
termin,25
procedur,114
dispers,21
health,6
assssment,6
contamin,6
soil,6
remedi,9
devic,6
evalu,21
boiler,6
flare,6
coordin,114
consortium,6
ae,6
US,42
gen,9
calpin,9
south,12
coast,9
bact,6
guidelin,14
AZ,6
gas-fir,6
scenario,21
facilit,24
flexibl,12
assess,30
nsr/psd,6
submitt,9
hear,77
expert,10
wit,9
cec,18
testimoni,12
negot,6
carb,6
languag,29
chemic,9
polytechn,6
hadari,6
self-employ,6
cell,23
310-710-9299,6
palmisano,6
former,18
employe,104
josh,6
margoli,6
cantor-fitzgerald,6
servic,381
trading-rel,6
ghg,6
heavi,18
background,15
focus,48
energy-rel,6
jouaquin,6
20,45
rang,21
negoti,21
devot,6
ena,27
ogilbi,6
doyl,6
brown,24
enersen,6
415-393-2496,6
25,89
hous,12
15,97
refin,15
pipelin,27
product,197
appoint,9
spill,12
advisori,12
committe,54
marin,12
inlcud,6
extens,27
often,18
violat,27
aba,6
adjunct,6
professor,9
memphi,6
degre,12
engineering/geolog,6
KY,6
TX,9
TN,6
ky.,6
land,15
70,9
lawyer,6
landown,6
government,6
special,51
non-attain,6
psd,6
titl,12
V,6
standard,45
stationari,6
oblig,12
bank,31
among,47
kurt,6
marquald,6
okurowski,6
415-421-4213,6
founder,9
princip,15
led,36
large-scal,9
reform,93
secretari,21
budget,9
initi,73
conflict,30
cabinet,6
legisl,75
privat,24
citizen,15
defens,15
triniti,6
colleg,7
ongo,15
local,57
rulemak,6
analyz,6
join,54
mobil,22
ann,8
arbor,6
text,17
form,50
hold,48
indiana,6
overal,30
environent,6
reduct,42
facil,48
slate,6
closur,6
excess,36
stream,33
assumpt,18
interven,12
advers,12
educ,15
auction,12
lavorato,8
petit,21
imposit,15
epsa,9
argu,33
08:17,3
06:33,3
intervent,3
counterproduct,6
first-in-the-n,3
suffer,8
structur,69
surg,15
plagu,9
legitim,3
forc,54
across-the-board,3
indefinit,3
flaw,9
correct,57
e',3
simplist,3
unwarr,3
unreason,6
unpreced,6
rescind,9
ancillari,81
subsidiari,15
strict,3
exacerb,3
choos,30
convinc,3
user,24
load-reduct,3
cheaper,3
shed,12
uncertainti,3
ever,24
remov,24
precis,3
potenti,48
argument,11
individu,51
volatil,24
suffoc,3
chronic,3
power-suppli,3
relief,27
prolong,3
intensifi,9
california',9
difficulti,9
liquid,9
signal,9
imbal,12
recent,59
extend,37
clearinghous,3
unnecessari,3
histor,9
de,3
facto,3
bfm.doc,6
christian,9
write,42
06:27,6
roxana_m_khayyam,3
08/14/2000,9
03:45,3
tbelden,6
pgillman,3
schiffhardin.com,3
seth_e_wilson,3
read,42
mr.,45
karl,3
marlant,3
apx,51
08/29/2000,15
peak,45
dynegy.com,73
ken,39
ziad,24
screen,18
dasovich,15
super,11
foothi19,18
idt.net,21
calpine.com,54
apses.com,30
duke-energy.com,54
newwestenergy.com,18
reliantenergy.com,57
denic,12
cazalet,18
apx.com,18
czarnecki,12
berri,12
douglass,42
ncpa.com,12
avistaenergy.com,12
counihan,15
elain,15
earlier,24
product/matching-servic,12
5,92
block,102
either,75
deliveri,72
buyer,39
60,24
01:33,3
08:33,6
mona,57
petrochko/sfo/e,41
sandra,27
mccubbin/sfo/e,27
mpalmer,6
parquet/sf/ect,12
yang/sfo/e,18
10:32,3
gari,27
ackerman,12
08/26/2000,33
04:21:58,3
ross,8
billr,6
anderson,6
robert_anderson,6
baker,20
cabak,17
corbi,6
gardin,6
jcgardin,6
curti,17
kebler,17
curtis_l_kebl,23
dcazalet,6
gene,6
waa,6
glwaa,6
blue,50
gtbl,20
jack,17
pigott,17
jackp,17
ken_j_czarnecki,6
kent,20
wheatland,6
kewh,15
klemstin,6
f56661,6
barbara_klemstin,12
randi,12
hickok,12
rjhickok,12
lamkin,17
rllamkin,20
seiworldwide.com,23
nichol,6
rsnichol,6
pelot,17
rpelot,11
energy.twc.com,17
mara,38
smara,32
curt,14
hatton,11
curt.hatton,17
gen.pge.com,41
jdasov,6
arterhadden.com,18
parson,6
alp,6
reilley,6
rreilley,12
coral-energy.com,15
jobson,6
bjobson,6
nuttal,6
dn,6
ui.com,6
edmond,6
echang,6
wapa.gov,9
lackey,6
kenneth_lackey,6
edisonmission.com,6
linda,9
hamilton,6
lhamilton,6
tallman,6
mark.tallman,6
pacificorp.com,6
H.,9
greenmountain.com,12
sheryl,6
lambertson,6
sslambertson,6
pplmt.com,6
fisher,6
stephen_fish,6
transalta.com,6
ponder,20
steve_pond,17
fpl.com,26
breckon,6
pgso-5,6
dvwolf,6
bpa.gov,9
goligoski,6
cgoligoski,6
walsh,6
citizenspower.com,6
duan,17
nelsen,17
dnelsen,12
gwfpower.com,12
reggi,6
rhoward,9
ect.enron.com,17
franci,9
dfra,6
folk,38
sc,30
DA,36
littl,41
choic,31
ventur,9
procur,60
cover,45
hot,47
proceed,54
anticip,33
key,33
alaywan,6
916-351-2140,6
nanci,15
traweek,9
mcintosh,6
626-537-3123,6
yurkanin,6
626-537-3124,6
408-517-2123,6
michael,28
heinrich,6
408-517-2159,6
pre-design,6
joint,34
wptf/iso,6
held,61
essenc,6
6-hour,6
capac,86
across,50
he13,6
he18,6
cob,21
mead,6
PV,6
sp15,9
np15,9
watch,16
size,6
suppos,21
25mw,9
e.g.,20
8:00,15
a.m,9
super-peak,24
wptf,36
proud,9
doubt,9
sept,9
howev,97
gba,18
=20,576
=01,66
ethic,21
pg,18
certain,27
enron=01,75
and=20,30
compli,42
certif,18
d=20,20
juli,216
human,24
select,24
outsid,27
y=20,12
s=20,35
sign,39
of=20,21
moral,3
hones=,3
t=20,27
manner,12
us,165
adopte=,3
code=,3
formerli,21
known,21
business=20,3
we=01,3
to=,15
adopt,27
by=,6
describ,27
s=,8
tenet,3
behavio=,3
r=20,3
transcend,3
industri,156
cultur,3
region,42
boundari,3
4,65
legal=20,3
disparag,3
remark,12
b=,3
12,36
informa=,3
tion,3
secret,12
14,64
password,29
valid,9
en=,3
ron=01,3
equip,21
35,6
crimin,3
penalti,9
civil,3
fine,9
assess=,3
ed,3
by=20,3
foreign,15
corrupt,6
intere=,3
st,3
57,3
commonsens,3
employee=,3
day-to-day,3
carefull=,3
absolut,9
essenti,20
the=,21
encourag,24
yo=,6
ur=20,3
supervisor,3
booklet,3
an=,18
statement,59
your=20,3
agreement,41
booklet=,3
employ,12
ehronline.enron.com,3
return,40
overturf,3
depu=,3
ty=20,6
1400,3
smith,24
street,42
eb4836,3
houston,139
texas=,3
77002-7369,3
successfu=,3
l=20,3
blackout,42
stage,99
account,70
spend,15
silicon,21
money,36
outag,66
economi,47
growth,63
mill,12
consumpt,21
cut,48
appl,9
ziemianek,9
calif.,18
without,63
maker,15
weather,24
usag,27
examin,14
christina,6
cheddar,6
june,237
around,53
francisco,21
struggl,6
small,68
stand,24
themselv,12
three,84
five,21
internet-rel,9
digit,12
uninterrupt,6
semiconductor,9
schultz,6
1998,12
inde,14
so-cal,12
reserv,84
begin,70
amount,69
alert,9
face,29
ingram,6
micro,6
brownout,6
entir,39
02:14,6
12:53,3
18:34,3
97,000,3
overburden,3
network,57
aapl,3
left,30
dark,3
along,27
five-counti,3
pcg,9
rotat,3
35,000,3
90,9
attempt,41
rel,9
lucki,6
conting,6
lynn,11
fox,3
back-up,3
mean,53
valley,12
expand,30
popul,9
show,52
lot,44
observ,12
bottom-lin,3
unreli,3
berni,3
epri,3
alto,3
think-tank,3
commerc,18
co-author,3
newslett,15
increasingli,12
depend,9
longer,15
hospit,6
militari,3
telecommun,9
full-tim,9
decad,9
e-commerc,6
total,57
raymond,3
frederick,3
8,50
scarc,3
surviv,3
annual,33
debat,3
although,43
headlin,6
countri,24
traffic-fre,3
freeway,6
statewid,9
fall,27
1.5,12
involuntari,3
wide,12
scale,9
common,22
east,9
midwest,6
suscept,6
storm-rel,3
watcher,3
fault,3
deregul,65
robust,3
blame,21
truth,9
lie,3
somewher,6
middl,12
cooler,3
temperatur,23
reach,54
103,3
135,3
coupl,12
push,15
10-year,3
period,141
10,000,3
megawatt,30
pruett,3
rise,42
typic,24
earli,39
nine,12
dorinson,6
nonprofit,12
flow,51
1999,90
stave,3
seriou,15
double-edg,3
sword,3
steep,6
offset,12
gain,12
aerospac,3
giant,6
boe,7
BA,3
distributor,6
IM,3
rocket,4
walt,3
rice,3
boeing',3
huntington,3
beach,9
fairli,6
outweigh,3
live,39
La,3
vice,24
worldwid,18
offici,39
inconveni,6
close,102
toler,6
exampl,30
destroy,6
bakeri,3
unprepar,3
disrupt,18
microchip,3
embed,7
machineri,3
graphic,3
sgi,3
qwest,3
qwst,3
replac,30
supplement,51
stake,3
nasdaq,21
dotcom,3
fab,3
savvier,3
oracl,3
orcl,3
redwood,3
shore,3
backlog,3
drive,50
emerson,3
emr,3
fuel,27
flywheel,3
microturbin,3
viabil,6
track,28
suggest,42
lose,9
valu,48
cushion,3
blow,3
201-938-5166,3
christina.cheddar,3
award,54
nomin,36
hero,12
roundtabl,9
everyday,6
winner,6
core,21
respect,54
excel,27
everyth,6
splash,3
quietli,3
workplac,3
deserv,12
recogn,15
honor,9
embodi,3
antonio,3
novemb,24
beauti,6
employee-driven,3
eventu,6
role,30
vital,9
impress,6
charla,3
rees,3
printabl,3
//home.enron.com/announce/chairman_nom/form3.doc,3
repit,3
suliyono,3
bobby,3
//home.enron.com/announce/chairman_nom,3
sincer,6
162000.rtf,6
172000.rtf,6
182000.rtf,6
upcom,12
eat,6
forget,18
telephon,51
08/11/2000,12
10:27,6
10:26:23,3
kaufman,6
cynthia,3
sandherr/corp/enron,3
hain,6
enron_develop,9
peggi,6
mahoney/hou/e,6
8.10.00,3
may-jun,6
dept,3
hefti,3
yesterday,45
url,18
conclud,11
lack,29
concentr,9
partial,3
combin,27
in-stat,9
....,36
quot,9
share,42
signific,48
//www.caiso.com/pubinfo/recent.html,6
cpi,18
economist,21
sheperdson,12
vitner,12
wild,9
card,16
inflat,12
labor,12
J.,12
pulizzi,6
anoth,39
index,15
declin,12
chanc,21
jackman,6
season,48
10:18,3
09:59,3
16:55,3
11,57
henri,15
settl,6
compon,15
prove,21
spoiler,3
main,18
gaug,3
shift,24
landscap,6
summertim,3
appear,24
boost,6
skew,3
partli,3
influenc,3
starl,3
mostli,6
bungl,3
ian,3
frequenc,12
valhalla,3
n.y.,3
wrote,18
anecdot,3
reel,3
sudden,9
union,12
rais,51
strong,27
dwindl,3
tame,3
0.1,9
monthli,15
featur,54
cloth,3
forecast,24
statist,12
fell,6
3.5,6
departur,12
soar,6
contribut,24
0.6,6
2.5,3
juic,9
condition,9
normal,15
high-tech,3
0.8,6
whop,6
6.6,3
certainli,9
handl,15
clear,27
second,56
boom,12
extract,3
third,29
electricity-gener,3
guid,15
movement,6
omin,3
insight,54
faster,21
januari,15
1991,6
slow,15
anytim,6
especi,30
problemat,3
coincid,6
pickup,3
idea,39
far,18
substanti,22
climb,12
dip,6
ceas,3
-henri,3
202-862-9255,3
henry.pulizzi,3
catalin,6
micsa,6
valley-rainbow,21
kV,6
spring,12
shoulder,6
cal-iso,21
web,78
//www.caiso.com/thegrid/planning/sdge500kvtrans.html,9
lpbrown,3
sdge.com,30
cmicsa,3
23,37
context,9
cpuc,76
clarifi,9
accommod,15
10:30,15
-3,3
clarifications/revis,3
invit,17
item,24
cpuc/eob,3
acceler,24
dma,6
legislatur,24
ceo,53
//www.caiso.com/,12
bottom,9
white,27
bar,6
2-4,3
08/10/2000,6
11:49,3
gramlich,3
deadlin,21
forthcom,3
paper,45
dma.price-cap.aug10.final.doc,6
long-term,15
expir,15
nov.,9
topic,21
6-7,6
keith,3
casey,9
kcasey,3
rollout,15
09:29,3
08/09/2000,17
12:19,3
imceaex-_o=caiso_ou=corporate_cn=distribution+20lists_cn=iso+20market+20parti,9
cipant,9
int,3
er-sc,3
sc',6
asap,14
decisiion,6
propso,6
2-3,9
blatchford,33
rothled,9
smock,2
game,39
daili,62
illeg,12
lazaru,9
chronicl,10
price-fix,9
sacramento,36
mess,18
almost,27
meanwhil,9
solut,45
bring,62
navi,9
conspiraci,6
writer,12
light,39
perhap,6
singl,24
shame,6
player,9
mistak,9
reluct,6
woe,18
loretta,14
half,33
accomplish,9
1996,21
goal,15
citi,21
averag,30
unusu,6
biggest,10
profit,15
cours,49
yet,33
instead,42
poor,6
fragment,9
fix,18
heed,9
wood,20
alpert,21
percent,27
store,9
supermarket,6
incompetence',3
profit-hungri,3
insid,9
tough,3
smoke,6
gun,6
varieti,3
price-influenc,3
techniqu,3
whole,12
murki,3
discov,3
muddl,3
glare,3
liter,9
incompet,3
grass-,3
root,4
organ,52
seri,15
mishandl,3
demonstr,9
virtual,12
unwav,3
weigh,12
easili,3
bent,3
broken,6
lax,3
stopgap,3
vagu,3
half-dozen,3
three-quart,3
pretti,18
fit,14
shop,6
insist,9
monitor,15
imposs,6
transpir,3
floor,25
hundr,3
somebodi,3
rub,3
resid,9
rapidli,15
roof,3
feast-or-famin,3
menlo,3
park,14
moment,15
tech-fuel,3
break,21
circumst,10
wors,6
highli,9
morn,50
hour-by-hour,3
low,27
longer-term,6
stabl,3
hourli,6
greater,24
maneuv,3
immedi,54
honestli,3
rahman,9
overse,12
behalf,18
tell,55
fact,42
harder,6
exert,6
exceedingli,3
NO,17
IN,12
accus,11
secur,49
steadi,3
process,185
expos,6
skyward,3
bear,27
brunt,3
learn,48
lesson,6
mandat,15
prefer,24
vulner,9
exploit,3
heart,18
BE,12
toward,15
solv,8
presum,3
lay,27
groundwork,3
anyon,39
sector,12
davidlaz,3
sfgate.com,3
unclear,11
lynda,3
gledhil,3
luca,3
,2000,3
//www.sfgate.com/cgi-bin/article.cgi,3
file=/chronicle/archive/2000/08/10/b,3
u99453.dtl,3
type=busi,3
rate-stabil,3
spread,9
oraclelik,3
press,61
outlin,27
exorbit,6
120,6
65,3
puls,3
put,89
afford,23
appointe,3
empow,3
similar,18
therebi,6
fee,37
defer,3
came,24
senat,50
assembl,33
capitol,3
sen.,24
dede,15
d-coronado,3
assemblywoman,9
d-kensington,3
ident,6
prederegul,3
appreci,42
parallel,6
clinton,35
hoecker,14
suspect,6
seven,18
unconscion,5
fair,24
auger,3
poorli,3
sail,6
rescu,3
electricity-,3
hum,3
draw,3
output,36
750-kilowatt,3
port,6
heunem,3
grocer,3
energy-sav,3
larkin,3
none,3
neg,12
food,15
safeti,6
a=,51
edson,12
ns.net,15
aol.com,54
iepa.com,33
kelli,9
govadv.com,6
e=20,28
interim,16
decemb,33
kedson,10
uaecorp.com,22
kaplan,19
ogden-energy.com,10
thermoecotek.com,13
govenar,4
goug,10
rebat,7
pattern,2
scene,2
wholesal=,2
vote,74
eve,2
joint=,2
assembly/sen,2
late-break,2
news,23
heel,5
i=20,2
revers,8
decisi=,2
on=20,14
0-5,2
she=20,2
balanci=,2
ng=20,2
financ,14
would=,6
2003,8
state=,2
06:58:13,2
carlson=20,2
william_carlson,11
wastemanagement.com,11
billw,11
keane=,2
dnke,5
dparqu,14
duanenelsen,5
msn.com,6
ed=,2
tomeo,11
ed.tomeo,11
maddox,5
emaddox,5
seawestwindpower.com,5
eileen,11
kock,5
eileenk,11
calpine.com=,2
elleri,11
belleri,11
spi-ind.com,11
escalant,11
riobravogm,5
frank,17
derosa,11
fderosa,5
sanfrancisco.usgen.com,5
hap,11
boyd,11
rboyd,11
jan,14
smunty-jon,5
smutni,11
jim=20,2
willey,11
elliottsa,5
earthlink.net,8
greco,11
joe.greco,11
ronan,11
joer,11
sto=,2
ut=20,2
john_h_stout,14
jonathan,11
weisgal,11
jweisgal,11
kati,8
ficke=,2
tt=20,2
kfickett,11
usgen.com,11
lednicki,8
lale,11
marti,14
mcfadden,11
marty_mcfadden,5
paula,5
soos=20,2
paula_soo,5
toni,7
wetzel,5
twetzel,5
tron=,2
aschehoug,8
taschehoug,8
hall,11
wfhall2,11
hyde,2
rwhyde,2
sandi,11
mccubbin,5
smccubbi,2
ees.enron.com,2
newell=20,2
stephanie-newel,5
glenn,2
R.,2
etienn,2
gret,2
nick,2
wallac,2
njwa,2
hnks.com,2
bev,2
hansen,2
bhansen,2
lhom.com,2
judd,2
caltech,2
scott=20,2
sgovenar,2
hedi,2
hgovenar,2
levak,2
blevak,2
syix.com,2
monag=,2
an=20,5
mrmonagan,2
robbiz,2
cwo.com,2
rtom,2
rudman,2
cari,2
cjrudman,2
softcom.net,2
mccabe,2
sfmccabe,2
mindspring.com,5
shot,2
bow,5
governor',2
davis=01,2
th=,18
e,24
crisi,5
life,17
blood,2
step,17
AG,2
1st,36
55-,2
65/mo,2
predict,11
n,8
evidentiari,2
can=01,2
portion,5
script,8
peac,65
3rd,4
extort,2
916/552-7070,5
8-10.doc,2
voicemail,9
espeak,24
mailbox,18
box,9
emeet,9
candid,12
chat,3
upward,3
tool,18
openli,3
kind,24
environ,21
strive,3
713-853-7294,3
promot,9
honest,3
vision,6
hesit,15
afraid,3
speak,21
prehear,6
phc,6
oii,20
pst,3
8/10/00,3
04:11,3
03:30:43,3
bruno_gaillard,9
mpetroch,12
michel,3
dangott,3
mdangott,3
redlin,3
greatli,9
draft.doc,3
ssr,3
1543,3
10-min,12
external.doc,6
8/30/2000,3
1330,6
1430,3
pdt,30
10-minut,30
1-888-837-2407,6
164517,3
christin,6
vangelato,6
cvangelato,6
351-2142,6
916.608.7051,21
08/08/2000,18
clay,9
lora,9
lclay,9
newenergy.com,33
tribun,6
Ad,6
utility.com,27
yahoo.com,6
gte.net,9
sel.com,6
ci.seattle.wa.u,6
fercphonefinal.pdf,6
858,12
advertis,3
w/,4
richardson,15
boxer,3
feinstein,21
09:23,3
hetrick,3
07:38,3
rcavicch,3
csc.com,3
diann,3
huddleson/hou/e,3
victoria,3
johnson/hou/e,3
hetrick/hou/e,3
09:32,3
09:09:10,3
alvisopacif,3
andrew.madden,9
aolutil,3
asing,3
athoma,12
bdavis3296,3
blunden,3
gmer.com,3
bpotter,3
essential.com,3
cbmartin,3
ccleisgang,3
powercomenergy.com,3
charles.jacobini,3
acnenergy.com,3
chris.k,9
cssmi,3
tampabay.rr.com,3
dbcpa,3
dbenevid,3
dcurti,3
cleanearth.com,3
ddyc,3
go-green.com,3
eglpwr,3
ehornquist,3
sempra-slns.com,3
emonca,3
emon.com,3
glpatervin,3
gmbr,3
gpicker,3
idahopower.com,3
jeffery_t._salway,3
aep.com,3
jmolinda,3
jsmollon,3
jwinfield,3
nicomnet.com,3
mark_allen,3
iep.illinova.com,3
gphillip,3
marsha,3
tenderland.com,3
max.alin,3
merilyn_ferrara,3
nhetrick,3
nicomnet,3
pacbell.net,6
nsloder,3
pantrim,3
deltanet.com,3
paula.green,3
pjeff,3
smartenergy.com,3
poshideri,3
rich.menar,3
southernenergy.com,12
rick.counihan,6
rpatterson,3
rradmer,3
cleanenergyservice.com,3
rrodger,3
eenergy.com,3
rschlanert,9
electric.com,21
russ_koehl,3
sebaca,3
sprynet.com,3
tbower,3
friendlyenergy.com,3
tdoughert,3
tezi,3
webtv.net,3
tjon,3
trush,3
utilisource.com,3
wdale,3
amdax.com,3
osborn,3
dawn,3
dosborn,3
patterson,3
allison,3
apatterson,3
acuna,3
teresa,3
G.,6
tacuna,3
stoyanoff,3
angi,6
astoyanoff,3
newspap,6
6,60
esp,9
654-1787,3
888,5
826-6916,3
654-1794,3
oversight,39
wall,15
journal,6
prevent,34
same-day,6
heat,36
middlemen,6
elect,18
democrat,24
sit,10
interst,9
watson,6
nomine,6
oppos,12
veto,6
agricultur,9
marc,3
lifsher,3
ca1,3
folsom-bas,3
traffic,18
cop,3
lightn,3
rod,3
prais,3
fire,9
eas,3
type,30
26-member,3
streamlin,9
utility-deregul,3
smoothli,3
devis,3
environmentalist,3
inappropri,3
coronado,3
wisdom,3
spent,9
recess,3
diego-bas,3
becam,12
investor-own,9
lift,6
swept,6
wider,9
content,39
failur,9
tomorrow,31
scrutini,6
electric-pow,3
33,6
El,3
cajon,3
architect,3
abolish,3
supervis,3
unfairli,3
anger,3
abil,60
els,12
artifici,3
smutney-jon,3
non-util,3
dismiss,3
houston-bas,3
deni,21
finger-point,3
restructur,49
governor-appoint,3
gone,3
d.c.,9
compromis,12
power-us,3
meddl,3
unconstitut,3
hinder,3
jacob,3
display,3
annoy,3
750,9
roughli,3
home,26
power-sel,3
realli,38
lowest,3
federal-public-pow,3
ye,14
leagu,3
women,12
voter,3
aye,3
column,3
formal,15
oii.doc,4
8/14,2
circul,5
08/07/2000,20
01:17,2
gaillard,5
08/04/2000,5
10:23:00,2
arm,8
phaser.com,8
site,99
summari,54
stakeholders',3
compil,12
brinksmanship,6
smutny-jon,9
revenu,12
11:45,3
11:34,3
17:25,3
burn,6
summer',3
high-fli,3
chicken,3
caught,3
wait,22
sidelin,3
arbitrag,6
15,000,9
huge,3
undertak,3
tremend,18
whenev,3
wave,3
state',9
state-chart,3
plug,3
unexpect,3
gap,3
margin,18
last-minut,3
sens,3
100-fold,3
sustain,6
shortfal,3
27,500,3
sun,9
sky,6
ramp,9
40,000,3
tweak,3
scrambl,3
neighbor,15
elsewher,18
electricity-driven,3
met,18
top,17
dollar,24
job,21
optim,9
highest,9
bryant,3
mexico,24
pnm,6
regularli,3
maxim,6
shambl,3
pick,20
sweeter,3
suffici,18
congest,132
05/16/2000,6
imparato,24
decentr,6
central,13
i.e.,18
alread,3
09:55,3
desert,21
04/24/2000,3
12:49:26,3
zalaywan,9
jim.filippi,6
gackerman,6
wptf.org,9
alexp,3
eccointl.com,3
skelli,3
jstremel,3
bmspeckman,3
convers,9
attribut,9
zonal,3
necessarili,9
cong/asm,3
advoc,13
primari,27
hour-ahead,6
discret,12
ii,9
acquir,15
inter-zon,3
counterflow,3
reli,6
alex,6
barney,3
'd,12
cfi1,15
expans,30
ash,6
five-year,6
headquart,21
auditorium,6
101,11
corner,6
ave,3
St,3
92101,3
9:30,9
2:30,3
lunch,30
www.caiso.com,3
pertain,6
//www.caiso.com/docs/2000/02/28/2000022816421912528.html,3
map,15
airport,18
shown,3
jr.,6
654-8623,3
dmmiller,3
654-8636,3
mavi,6
916-351-2112,6
smavi,6
transmitt,3
mail,48
05:19,3
05:14:32,3
badeer,84
denni,27
benevides/hou/e,15
snovosel,3
7.31.00,3
underli,6
fundament,27
unexplain,3
varianc,3
trend,3
deliber,3
//www.calpx.com/regulatory/marketcompliance/index_annualreport.html,3
.03,12
bookout,9
hodg,3
waiv,3
.02,3
aka,3
mwh,9
.01,3
costli,3
restat,3
broker,42
max.,3
add,10
whoever,3
queen,6
king,9
brett,3
clearanc,3
tradit,18
explan,24
one-pag,3
handi,3
hand,19
counterparti,15
stack/hou/ect,18
03:57,3
03:56,3
kkelli,3
tfsbrokers.com,3
thompson/corp/enron,3
FW,28
mrwassoc.com,18
workshop,18
rbw,12
29,45
plumley,9
GA,6
01:06,3
weisenmil,3
11:20:44,3
petrochko,3
aaron,3
thoma,3
rick,3
fwd,3
delivered-to,3
mrwassoc,3
atlas.dnai.com,3
x-sender,3
acomn,3
pop.prodigy.net,3
x-mailer,9
qualcomm,3
window,3
eudora,3
4.3.1,3
tue,6
aug,21
11:09:38,3
-0700,12
scm,3
alan,3
comn,3
gac,3
x-envelope-to,3
x-mdremoteip,3
207.181.194.110,3
x-mdaemon-deliver-to,3
stuff,12
calendar,14
30,30
77,6
beal,3
sponsor,9
purpos,42
overview,6
18th,12
jeanett,6
ms.,12
608-5971,3
jplumley,3
chip,18
estim,45
1989,9
pictur,15
econ,6
mcauley,6
value-ad,6
fed,7
08:24,6
06:46,3
kim,20
cheryl,3
cheryl.kim,3
13:26,3
still-robust,3
drum-tight,3
nation',3
empir,6
greatest,6
proxi,3
reserve',3
volum,6
ton,6
steel,18
boardfeet,3
lumber,21
million,60
auto,5
etc,43
quarter,24
implicit,3
remaind,9
coeffici,3
assum,24
constant,3
discount,3
voluntarili,3
widespread,3
preced,3
earthquak,3
quak,3
particularli,6
0.5,9
twofold,3
smart,9
car,20
thu,18
bottleneck,3
rippl,3
beyond,18
shock,6
magnifi,3
confin,3
california-bas,3
textil,3
iron,6
complement,3
infuri,3
californian,3
201-938-4425,3
john.mcauley,3
bfm,30
sce,86
quantiti,33
net,30
3,000,21
advic,42
2,200,6
1234-e,12
quarterli,9
8/00,12
limits-,3
Q1,3
Q2,3
Q3,3
5,200,3
Q4,3
ion,3
disclos,27
1900,3
july-septemb,3
1700,3
1000,6
ultim,12
kW,3
04:13,3
08/03/2000,3
06:39,3
jake,3
thomas/hou/ect,3
mcdonald/sf/ect,3
wolfe/hou/ect,9
12/31/05,6
transit,12
3/31/02,6
motion,27
12/00,6
3/01,6
20kw,6
spell,17
5-0,3
refund,12
100,24
bilateral-opt,3
divis,15
1242,3
default,6
explor,21
door,12
fast,21
AB,6
1890,3
appar,6
re-vamp,3
pain,9
saw,12
morass,3
race,6
pursu,12
sweep,6
reconven,3
desk,74
otherwis,24
compel,9
burrito,42
amen,18
_,54
island,15
behavior,21
river,27
f_hrer,9
council,9
collect,17
odd,30
payment,28
becom,16
jerri,12
man,14
sorri,31
herr,18
hair,24
six,18
tabl,21
subpoena,30
brain,6
scath,6
invok,12
duh,6
throne,6
clearli,21
astound,6
repeat,6
ape,6
cotton,6
miss,27
win,9
workabl,9
gem,6
_california,6
_becaus,6
defect,6
_despit,6
unabl,24
eob,54
extent,21
creation,12
mainten,24
_we,6
front,25
announc,75
relev,12
_ten,6
enhanc,33
enforc,6
anim,6
round,13
went,14
brave,6
brief,30
quit,9
god,9
commission,27
dick,6
amend,27
oom,15
atheist,6
accid,6
paw,6
Oh,15
stop,21
forest,9
count,9
gang,6
mayb,6
x-mozilla-status2,3
00000000,3
message-id,6
398a81da.e883d290,3
fri,3
04,4
01:42:26,3
reply-to,3
foothil,3
mozilla,3
4.74c-cck-mcd,3
c-udp,3
ebm-appl,3
macintosh,3
U,3
ppc,3
mime-vers,9
1.0,12
webmast,18
charlott,9
content-typ,9
multipart/altern,3
boundary=,6
5ca857b6e2003a3bef3a907f,3
fun,23
fortun,18
cooki,9
gig,3
town,27
epistl,3
mine,3
muscl,6
turf,3
outdon,3
facet,3
stone,3
unturn,3
m-not,3
mr.-roger,3
re-defin,3
realiti,3
mind-numb,3
aplomb,3
compet,21
qualifi,24
vehicl,6
death,3
statu,24
quo,3
5-year,3
emascul,3
zip,3
bam,3
bowen,9
seat,24
convent,10
indict,3
crank,3
warm,3
innoc,3
deep,3
breath,3
inhal,3
scent,3
fume,3
democraci,3
mimic,3
waltz,3
forgiv,3
err,3
_must,3
damn,3
O,3
nobel,3
laureat,3
prime,3
Mr,3
fellow,15
rush,15
barrier,3
surf,3
spoil,3
panic,3
visit,21
old,21
ladi,9
trailer,3
advis,43
sir,9
buffalo,3
gold,3
star,15
forehead,3
max,3
strand,6
grief,3
abat,3
greed,3
recap,3
boat,3
confid,12
over-pr,3
pervers,3
entertain,6
experienc,21
ten,18
270,3
_hot,3
age,9
infrastructur,18
dysfunct,6
tight,3
moreov,3
nevertheless,3
foundat,9
recov,10
_A,3
indirectli,3
correl,3
attract,6
_past,3
willing,6
cede,3
non-publ,3
supervisori,3
duti,9
whose,4
neither,7
cartel,3
inadequ,9
diegan,6
constrain,9
re-impos,3
short-term,3
preclud,6
detect,3
unifi,3
moder,6
iso/px,3
proprietari,9
within,42
priorit,3
bact+,3
use-it,3
-or-,3
lose-it,3
licens,3
protocol,9
profitso,3
anymor,6
comrad,3
drama,6
favorit,6
aris,12
ftr,15
prioriti,9
hum-drum,3
onc,24
tip,12
friend,24
toeny,6
realiz,9
re-arrang,3
_no,3
ET,3
yeso,3
french,3
book,25
bold,3
intimid,3
SF,3
chron,3
soul,3
stood,3
tall,3
iep,3
barkovich,6
cleca,3
caolyn,3
kehrein,6
cma,3
kirshner,6
edf,3
staci,6
rosco,6
procter,3
gambl,3
texa,7
_a-b-s-t-a-i-no,3
instruct,54
bother,3
blast,6
pine,6
camden,6
academ,3
egg-head,3
ferc-lov,3
pray,3
lambast,6
wapa,3
withhold,3
fish,3
wildlif,3
republican,12
angri,12
delusion,3
world,39
trump,3
judici,9
quasi-judici,3
abstract,3
muse,6
philosoph,3
friedrich,3
nietzsch,3
1844-1900,3
bermensch,3
transvalu,3
uber,3
skin,3
bila,12
thin,3
freedom,6
tyranni,6
wiggl,3
repli,24
danc,3
pull,3
bite,9
excerpt,15
accept,18
transpar,15
elicit,9
ceil,6
_to,3
contempl,3
exce,12
38,000,9
absent,6
correspond,15
section,99
205,6
fpa.o,3
sleep,3
hebert,15
concur,3
_get,3
resign,18
eloqu,3
attent,25
undermin,3
command,3
control.,3
non-market,3
independence.o,3
brother,3
imagin,18
endless,3
string,3
intermin,3
print,6
shtick,3
complex,9
casual,6
reader,15
savvi,3
disarm,3
evil,3
older,6
bit,7
laptop,3
unsuccess,3
hardwar,9
war,9
zone,15
mix,3
diskett,3
moro,3
barb,15
enni,9
blurb,3
golf,27
guest,6
speaker,6
msc,3
wolak,6
iren,6
moosen,6
grueneich,3
freddo,6
england,9
bread,6
joke,9
cathol,3
agnost,3
=====================,3
thru,3
admir,9
evolut,3
majest,3
tree,3
alongsid,3
heard,13
rustl,3
bush,12
behind,18
foot,6
grizzli,3
ran,4
scare,3
tear,3
eye,6
pump,3
frantic,3
trip,8
ground,6
kill,6
instant,3
cri,3
froze,6
silent,3
bright,3
shone,3
teach,6
cosmic,3
predica,3
Am,6
hypocrit,3
sound,19
brought,9
lord,6
==================,3
great,35
weekend,19
happi,6
birthday,3
wish,39
ksb,3
att1.htm,6
spreadsheet,3
solicit,45
//www.caiso.com/docs/2000/07/27/2000072714421515747.html,6
guarante,9
memo,21
notifi,30
351-2487,3
strike,3
grate,3
epmi,3
buys/sel,3
381-6004,15
ravin,9
road,27
call-in,9
16th,6
668666,3
17th,3
817904,3
668236,3
recal,21
interconnect,12
aros,6
8:30a.m.,3
9:00,15
12noon,6
7th,17
closer,3
pgn.com,306
jen,6
text.htm,6
vacat,18
towel,6
11:50:32,3
jennif,12
balla,3
jennifer_balla,3
alan_garton,3
allen_pierc,3
al_beck,3
art_hickenloop,3
bao_ha,3
barbara_pohl,3
bette_stewart,3
bill_camp,3
bill_glenn,3
bill_lawson,3
bob_coffman,3
bob_jam,3
bonnary_warren,3
celena_william,3
cheri_thoma,3
christopher_moncrieff,3
chris_barn,3
chris_bond,3
chuck_mccartney,3
colm_lenaghan,3
cynthia_apodaca,3
dale_garcia,3
dan_jon,3
dave_hunt,3
dave_krus,3
david_blanchard,3
dawn_sukosd,3
donnece_whit,3
dore_judd,3
dustin_brook,3
earl_caho,3
emmanuel_angulo,3
gary_kelsay,3
gary_lindland,3
gary_reynold,3
gary_tingley,3
gene_glasn,3
greg_beck,3
greg_busch,3
harry_wright,3
janel_loveal,3
janet_gulley,3
jann_gilbert,3
jan_fauglid,3
jay_landstrom,3
jeff_danielson,3
jennifer_busch,3
jerry_todd,3
jim_bailey,3
jim_bushek,3
joe_balla,3
joe_barra,3
joe_johnston,3
joe_piluso,3
joe_smith,3
john_andresen,3
john_linn,3
john_mclain,3
john_uwagba,3
john_vaal,3
jon_head,3
jo_calk,3
judy_schwab,3
kathleen_stone-deberri,3
kathy_davi,3
ken_huggin,3
larry_morgan,3
lea_honeycutt,3
loren_may,3
lorne_quigley,3
louise_hopp,3
mark_zessin,3
michael_barnhart,3
mike_gandert,3
mike_hemelstrand,3
mike_newman,3
mike_whit,3
nancy_william,3
niloofar_khiabani,3
norman_hal,3
oliver_dilln,3
patrick_gleason,3
richard_goddard,3
rich_farrel,3
rich_rohrich,3
robert_web,3
ruth_ash,3
sally_rhi,3
sam_benitez,3
sam_siciliano,3
scot_lawr,3
stan_burnham,3
stan_gray,3
steve_west,3
sue_cowan,3
tami_clifford,3
tom_fick,3
vern_simmon,3
vic_purvi,3
wayne_law,3
weimin_tung,3
multipart/mix,3
=_f9a16103.4120570,3
touch,19
class,79
stretch,3
circuit,3
bag,12
stock,63
//www.caiso.com/marketops/oasis/,6
pursuant,27
march,64
begun,6
lag,3
bidder,3
februari,9
mw,20
beep,21
cong,26
categor,3
meter,84
categori,21
ownership,3
nfu,3
rmr,42
08/01/2000,6
06:14,6
07/31/2000,15
04:05,3
inorm,6
highlight,12
HA,9
a.,6
c.,9
nw1,6
d.,9
nw3,6
e.,6
az2,6
f.,6
az3,6
g.,6
lc1,6
i.e,6
intrazon,6
intra-zon,9
da/ha,6
MS,18
reiter,15
proper,12
stay,20
206,18
threaten,9
massey,6
summar,15
confisc,3
wherev,3
01:01,3
07:27:24,3
peter.bray,3
att.net,3
jbarthrop,6
mnelson,6
kmagrud,6
susan_j_mara,6
bchen,3
jeff.hanson,6
anchau,6
shellus.com,6
ben.rey,6
david.bayless,6
connect,15
sought,6
h,11
warrant,3
expediti,6
11/15/00,3
dissatisfi,6
6/28,3
pre-exist,3
unlaw,3
integroti,3
marketplac,6
reinstat,3
dictat,6
importantli,6
conjunct,9
premis,3
accompani,3
concurr,3
constraint,15
straddl,3
fenc,3
lean,3
slightli,6
approvingli,3
collin,6
'command,3
'stand,3
saniti,3
ref,19
wspp,9
07/27/2000,9
7/26/00,9
503,21
S,15
7/25/00,6
amerex,6
spoken,4
promis,12
meantim,6
z26,3
latter,3
purchased/sold,3
modif,12
464-3926,3
richter,6
464-3720,3
reassess,3
05:57,3
04:07,3
yoder/hou/ect,3
elizabeth,3
sager/hou/ect,3
theriot/hou/ect,3
bob-,3
pacificorp,3
stricken,3
02:45,6
theriot,3
02:23,3
brokers-caiso,3
prebon,3
martinez,3
201-557-5999,3
254667,3
254543,3
sherri,3
fountain,3
212-896-2154,3
1297561221,3
enright,3
203-316-2678,3
e58505,3
kirsti,3
403-215-8162,3
07304,3
altra,6
barrett,3
713-210-8279,3
exmpl,3
14085,3
chad,3
281-634-9020,3
specifi,24
bloomberg,12
kingsburi,3
212-893-3233,3
20000726400002,3
global,90
europ,42
to=20,33
crude,21
coal,9
insur,9
currenc,6
equiti,15
pulp,24
metal,24
in=,12
mcconnel,6
frevert,9
compris,15
louis,9
philipp,6
of=,9
rol=,6
evidenc,3
continue=,3
grow,27
our=20,6
busines=,3
ses=20,3
momentum,3
earnin=,3
gs=20,3
i=,18
n=20,27
unit=,3
credi=,3
aggress,6
americ=,3
a=20,18
today=,3
format,22
this=20,3
focu,21
core=20,3
with=,6
american,15
european,18
chief=,3
shankman,3
will=,10
global=20,3
the=20,30
nowlan,3
mcclellan,3
hickers=,3
jere,3
overdyk,3
credit.com,3
responsibil=,3
ity=20,3
nor=,3
th=20,3
america.=20,3
t=,9
o=20,15
mcmahon,6
kitchen,6
bibi,3
whalley,6
offi=,3
ce=20,3
shankman=01,3
america=01,6
gas=,6
jeff=01,3
north=20,3
delainey,3
retain,6
congratul,15
assign,12
organis,3
deviat,33
uninstruct,30
-emerg,6
05:47,3
imceaex-_o=caiso_ou=corporate_cn=system_cn=marketopshourahead,3
04:24,3
hour-ahead/real-tim,3
imceaex-_o=caiso_ou=corporate_cn=distribution+20lists_cn=mktstathourahead,3
cai,3
so.com,3
marketstatu,3
verbal,6
2.3.1.2.1,3
promptli,4
deem,3
smaller,6
increment,6
chase,9
interv,12
excurs,3
13,45
deliv,31
comparison,3
profil,3
rm,3
packag,41
acronym,9
criteria,30
appendic,26
caiso',3
11th,7
typograph,3
terminolog,6
glossari,3
B,15
engag,12
iso',9
G,6
si/sa,3
bb,3
em,3
cost-benefit,3
H,15
mitig,17
mid,3
F,12
concept,9
incorpor,6
previously-schedul,3
reschedul,12
e-508,3
1.6,6
8-29-2000,3
minor,6
editori,3
//www1.caiso.com/thegrid/operations/opsdoc/index.html,12
'procedur,12
desk',12
procctrldesk,12
thank-you,12
bona,6
fide,6
146bilateraldeliverynotice.dot,6
versu,9
straight,3
626-487-9045,3
drew,6
rmill,3
mathompson,3
dabrabb,3
BY,18
-reduc,15
ltnw,6
aug-00,3
adher,6
yoder,3
q-00,3
sp-15,3
ltca,3
ltwmgm,3
ltsw,3
stca,3
np-15,3
friendli,9
28,51
5:00pm,3
download,12
scroll,3
yellow,6
cancel,31
articul,3
19,24
13-14,6
introduct,9
cme,3
19th,6
25th,9
4th,9
8th,6
element,15
meaning,6
consecut,3
15-17,3
apolog,6
restor,5
anyway,6
cater,3
verifi,7
provis,21
fran,16
child,5
english,2
grade,2
laughabl,2
babbl,2
atroci,2
hope,45
re-open,18
unlink,3
xxx4:1,6
xxx4:2,6
ile,3
xxx4,3
464,10
3926,10
dont,3
exit,3
referenc,3
supoena,3
7-25cpucconfidenti,3
proposal.doc,3
//www.caiso.com/docs/2000/07/26/2000072610262610454.pdf,6
affidavit,6
typo,3
outstand,21
unless,12
contrari,9
court,9
916-608-7144,3
7-24draft,3
iso_1.doc,3
7-25eobsuboffer.doc,3
fssg,5
eng,5
Bn,5
doge,5
bastard,5
w,6
503-464-3926,5
233-6839,5
easi,8
configur,18
td,19
8/2/00,12
8/3/00,12
3:00,21
SI,30
mkt,18
ads_par,9
27,33
cathi,12
young,9
HE,18
instructions.doc,6
installation.ppt,6
configuredev1_.doc,6
2.doc,6
sim.doc,12
personnel,18
iter,3
7/20/00,3
postpon,6
end-to-end,9
written,9
logist,3
strongli,9
cyoung,3
877-670-4111,10
246870,12
sim1,3
mda,6
oo,3
interti,3
predispatch,15
ads/si/met,3
sim,3
setup,8
firewal,3
IP,6
pre-dispatch,3
capx,3
okay,12
ourselv,3
skeptic,3
dumbfoundingli,3
patient,6
self,6
obvious,3
dealt,3
608-7066,6
9:33,3
counter,6
non-firm,9
branch,3
earn,13
7-20-00,3
detriment,6
defin,12
mmip,3
2.1.3,3
subsequ,6
unfortun,6
lra,3
patienc,3
dcr,3
7.25.00,6
101a/101b,3
8:30am,3
9:00am,3
4:00pm,3
527256,3
452,2
9851,2
381,2
6004,2
pc,2
560722,2
confus,6
22,10
//www.caiso.com/docs/2000/04/13/2000041317243312125.pdf,3
ectpdx-990602,3
ectpdx-996829,3
center,40
siemen,3
switch,8
mci,3
ext,3
2309,3
916-351-2309,3
888-889-0450,3
mission,3
dedic,6
eol,13
mezzanin,2
wtc,2
film,24
tomato,21
killer,18
07/17/2000,6
lewis.nash,6
msdw.com,6
debello,6
costa,6
dillon,6
12:17,3
lewi,3
nash,3
11:10,3
robert.bad,10
famou,3
fight,6
payer,3
fame,3
aclaim,3
//www.lexingtonnet.com/tomatoes/creators/index.htm,3
title.gif,3
1905,3
byte,3
dement,3
genius,3
director/writ,3
squar,3
writer/actor,3
KT,3
wilbur,3
dim-wit,3
parachute-wear,3
task,6
//www.stevepeace.net,3
definitley,3
kid,12
librari,6
charact,9
cartoon,3
www.lexingtonnet.com/tomatoes/creators/index.htm,6
modifi,9
000714,6
template.doc,6
enabl,18
bullet,6
space,15
parts-what,3
proposal-ar,3
emphas,6
tend,3
broadli,3
disagr,3
phrase,3
treat,9
valuabl,3
sox,2
paramet,9
rfp,6
//www1.caiso.com/pubinfo/bog/documents/motions/20000525/board/sdgeval,6
sgreenleaf,6
000711,6
stg,6
participants.rtf,6
cost-effect,3
yrainbow500kvproject.htm,3
eyrainbow500kvproject.htm,3
work-in-progress,3
substant,3
greenleaf,3
mb,6
5.1,3
pdf,12
somewhat,3
4.3,6
mileston,6
critiqu,6
albeit,6
interdisciplinari,3
broader,3
craft,6
predispos,3
6th,12
section-by-sect,3
shortli,3
thereaft,9
endeavor,6
server,18
shut,12
inbox,6
trash,6
folder,6
Mc,6
7-13/14,3
reachabl,3
hotel,9
sheraton.doc,6
sheraton,3
11211,3
rancho,3
cordova,3
95742,3
638-1100,3
12:00,6
follow-up,3
surveil,9
opinion,9
//www2.caiso.com/clientserv/stakeholders/,3
ami,8
alon,15
r,4
PR,27
expenditur,15
5,000,9
threshold,6
2,000,6
ticket,8
commit,34
entireti,3
achiev,12
EB,3
3642,3
sport,6
concert,6
dori,3
hitchcock,3
853-6978,3
07/10/2000,9
09:25,3
08:57,3
elsa,9
piekielniak/corp/enron,9
vonderheide/corp/enron,3
craig,3
10:51,3
07/08/2000,3
03:06:40,3
carlson,18
kean,3
Ed,12
stout,9
ken_hoffman,3
fickett,9
soo,3
jule,3
malinowski-bal,3
jmball,3
ray,9
mcnalli,3
rmcnalli,3
mcnallytemple.com,3
flavor,3
brace,3
s_d_,3
deal.htm,3
OC,3
regist,9
energy.htm,3
LA,3
7-6.htm,3
conf,2
disclosur,39
transform,21
07/03/2000,18
20.3,15
challeng,25
jsole,12
03:00,3
12:59,6
coordinators-,6
________________,6
receipt,8
20.3.4,6
notwithstand,9
2.3,9
thereof,6
minim,12
defend,9
608-1744,6
1-10,6
adequaci,6
divid,6
sequenc,6
chosen,6
commenc,18
causal,9
depict,6
ten-minut,6
11-15,6
interpret,6
drop,9
t-134,6
traci,6
overload,6
plu,18
municip,9
cross,9
unit/transact,6
'exist,6
t-121,6
t-126,6
t-133,6
0.00,48
txu,12
ft,12
sep,38
0.01,21
banner,21
FT,18
UK,21
000,27
latest,24
//www.einsight.com,18
licenc,6
germani,18
japan,21
subscrib,12
shake,6
dog,3
brows,6
insight',3
domest,13
scorecard,3
stori,44
red,15
premium-pay,9
shut-in,3
in-plac,3
subscript,9
720-548-5429,3
einsightsal,3
ftenergy.com,3
truli,6
dynam,9
best-of-class,6
//www.fte-awards.com,6
+txu,3
sea,3
stress,6
unsolicit,3
operatorship,3
conclus,6
divest,3
converg,6
64.2,3
83bn,3
johnston,3
14.75,3
33bn,3
ravenspurn,3
11.24,3
5bn,3
welland,3
4.83,3
17bn,3
schooner,3
upstream,3
/////////////////,3
djia,9
11,252.84,3
60.2,3
361.12,3
5.2,3
4,070.59,3
27.9,3
0.7,6
P,18
1,514.09,3
7.6,3
vol,9
amex,9
48,238,3
6,085.0,3
12.6,3
1,373,111,3
86,691.0,3
6.3,3
nyse,12
728,653,3
51,884.0,3
7.1,3
oct,9
32.87,3
0.84,3
2.56,3
0.9988,3
0.03,6
2.94,3
nat,9
4.685,3
0.06,3
1.22,3
162,3
14.00,3
8.64,3
185,3
7.50,3
4.05,3
pjm,9
38,3
2.25,3
5.92,3
australia,12
1.750,3
0.61,6
canada,12
1.483,3
0.13,3
dmark,9
2.172,3
0.23,9
euro,9
0.8993,3
0.26,6
_en,9
106.44,3
0.59,3
0.56,3
NP,12
9.22,3
0.10,9
pound,12
0.6802,3
0.04,3
arg,9
merval,9
475.31,3
0.07,9
austr,9
ord,9
3,322.70,3
3.60,3
0.11,6
braz,9
bovespa,9
17,460.33,3
182.34,3
1.04,3
tse,9
300,23
11,224.45,3
21.59,3
0.19,6
dax,9
7,339.22,3
32.05,3
0.44,6
HK,9
hangseng,9
17,019.76,3
216.98,3
1.27,3
nikkei,9
225,9
17,181.12,3
269.79,3
1.57,3
ipc,9
6,226.37,3
45.22,3
0.73,3
ftse,9
6,563.71,6
yahoo,21
nymex,12
01:54,3
06/30/2000,18
05:08,18
richey,18
01:41,3
graph,12
01:39,3
1015,3
mtgannouncement.doc,3
participantsr2.doc,6
greet,15
oasi,15
06/27/2000,21
williams.com,18
letter.rev1.doc,6
12:24,3
06/26/2000,18
04:02:30,3
trond,6
lopos,6
tim.lopos,6
roger.pelot,6
mcfaddenjr,6
jwilley,6
conpwr.com,6
janet,6
heck-doyl,6
jheckdoyl,6
frank.derosa,9
koch,6
elliott,6
delliott,6
codi,6
carter,6
cody.cart,6
rescalant,6
riobravo-gm.com,6
dean,6
gosselin,6
dean_gosselin,6
1:53,3
Cc,16
gregori,9
T,15
blue/ngccorp,6
ladwp.com,6
summary.doc,6
members.doc,6
06:26,3
11:05,3
01:00,3
09:10:22,3
07:05,3
09:02,3
104525.3473,3
compuserve.com,3
aanoli,3
brbarkovich,3
bcarnahan,3
scppa.org,3
camden.collin,3
cmkehrein,3
ems-ca.com,3
dank,3
edf.org,3
dferrei,3
dnix,3
energy.state.ca.u,3
dougla,3
dug,3
cpuc.ca.gov,3
dxh4,3
pge.com,3
eric,3
woychik,3
estrategi,3
fieldejr,3
sce.com,3
gcotton,3
ngccorp,3
jmcguir,3
siliconvalleypower.com,3
kbjoha,3
marci,6
medwar,3
florio,6
mflorio,3
turn.org,3
arnold,3
pfarnold,3
pspan18988,3
rachel,6
cleanpower.org,3
slk,3
water.ca.gov,3
stacey,3
kuster,3
stacey.kust,3
powerex.com,3
roscoesa,3
pg.com,3
twinter,3
timothydanielhay,3
wiseco,3
charli,3
robinson,3
crobinson,9
fishback,3
dfishback,3
elena,3
schmid,3
eschmid,9
kellan,3
fluckig,3
kfluckig,3
foward,3
christoph,6
calger/pdx/ect,6
04:01,3
andi,3
chen,3
06/23/2000,21
04:03,3
melba,3
acc,3
swerzbin,3
motley,3
crandal,3
scholt,3
alonso,3
fischer,3
restructuringtoday.com,18
rt000623.pdf,12
06:29,3
01:08,6
chri,19
foster/hou/ect,9
forney/hou/ect,6
stewart,6
rosman/hou/ect,6
rcarrol,6
avista,6
02:55,6
12:56:25,6
031601mara,6
hawksley,6
www.restructuringtoday.com,6
1-800-486-8201,6
06:23,3
sap,42
ehronlin,12
entri,9
coe,6
//sap.enron.com/co,6
troubleshoot,6
go-liv,12
id/password,3
deposit,4
logon,6
6-8,3
'enron,3
8:00am,3
//ehronline.enron.com,3
4.01,3
hotlin,3
713-345-4sap,3
4727,3
//www.enroncast.com/docentlm/docent_lm_login.html,3
poll,9
dst,6
explanation.xl,6
8/31/00,3
sqmd,18
//www.caiso.com/clientserv/metering/,3
eei,2
24th,9
27th,6
consolid,15
tucsonelectric.com,15
dsw,9
SW,12
dstar,6
aps.com,6
pnm.com,12
us.pwcglobal.com,6
phoenix,9
migrat,9
organiz,9
desir,12
mou,6
swptf,3
traction,3
delaney,3
602-321-5017,3
06/21/2000,3
06/19/2000,3
02:37:50,3
vkasarjian,3
tom.delaney,3
marcie.miln,3
scott.mil,6
dcn,6
netwrx.net,6
steve.huhman,6
mike.meclenahan,3
rlamkin,3
lebarrett,6
sslavign,6
john_r_orr,6
gkelli,3
bdrnet.com,3
jmpa,6
mbochotorena,6
tfitchitt,6
cmiessner,6
marceline_otondo,3
bob_anderson,6
lcampbel,6
csllp.com,6
locb,6
rt66.com,6
reickley,3
ci.scottsdale.az.u,3
cary.deis,3
joel.spitzkoff,3
david.rumolo,3
pwenergy.com,3
tdelawd,6
ebeck,6
mflore,3
gmiller,6
dbrown1,6
dmalon,3
epelectric.com,3
rick.y.ito,3
tanuj.khandelw,3
ptaylor,3
rwbeck.com,3
merger,6
serious,3
ap,3
tep,3
epe,3
tnp,3
aps,3
newenergi,3
rapid,6
iii,3
bia,6
iv,3
balkan,3
felt,3
show-stopp,3
/mwh,3
incur,3
tent,11
agreed-upon,3
definit,7
outcom,3
510-558-1456,3
tborchardt,27
certifi,9
25-26,6
enrol,12
enrolle,6
registr,6
training/aug,3
1-3,3
oct.,3
training/oct,3
1-2,3
gear,3
2-day,3
23-24,3
15-16,3
500.00,3
attende,6
cash,7
sign-up,3
via-e-mail,3
incomplet,6
OR,7
e.g,6
.com,3
132a7f5ba87ad311ab8200508b7306e1099074,3
csifiapp667.wepex.net,3
borchardt,6
tiffaney,6
wed,6
jun,3
10:23:32,3
5.5.2650.21,3
text/plain,3
charset=,3
iso-8859-1,3
e.g.dispatch,3
062000.rtf,6
must-run,3
processes/rmr,3
arlen,3
lester,3
608-5863,3
alest,3
survey,9
usabl,6
carta,6
//www.caiso.com/contact/survey.html,6
//www.caiso.com/clientserv/xml/,6
on-lin,3
tabul,3
670,2
4111,2
589314,9
1-877-670-4111,3
1-706-645-9735,3
e=01,21
alj,15
exempt,12
customers.,9
ratemak,9
cook,6
d.00-08-021,6
that=20,9
durat,6
d.00-08-023,6
sce.,6
requiring=,6
authori=,3
12/02,3
guidanc,3
sce=20,3
.=,3
for=,4
posting=,3
m=,4
08/28/2000=,3
03:18,3
08/25/2000,18
05:26:31,3
utility.c=,3
om,4
contracts.,3
and=,18
d.00-08-023.,3
commission=01,3
currently=20,3
ra=,4
te=20,3
freeze.,3
in=20,3
future=,3
associated=20,3
gains/loss,3
attributed=,3
intervenor,6
specifi=,3
c=20,6
reasonableness=20,3
on=,3
2005.,3
recently=,3
defau=,3
lt=20,3
role.,3
compromise=,3
situation.,3
reaso=,3
near-=,3
term=20,3
occurrin=,3
g=20,9
2002,60
framework,6
reasonablenes=,3
purchases.,3
same=,3
near-term,3
portfolio,3
will=20,3
review.,3
extent=,3
cost=20,6
purchases=,3
ratema=,3
it=20,3
prudent,3
exposur,3
residenti=,3
al=20,12
aspect,12
denie=,3
energy=,6
report.,3
decision=,3
bilateral=,3
adopt=20,3
revisit,3
i.00-08-002,3
shortened.,3
ma=,3
2000.,3
thrust,3
post=,3
market.,3
should=,3
refight,3
o=,6
f=20,9
commercial=20,3
decision.doc,3
min,3
1100,3
unwind,6
near,15
lobbyist,3
buck,6
greas,3
skid,3
at/or,3
buy/sel,3
er,4
dispel,3
intersc,6
bldg,5
-1a,3
14th,3
0900-1500,3
7/7/00,3
e-511,6
6/15/2000,3
trial,21
sensit,6
a/,12
pilot,18
bottomlin,3
e-19,3
e-20,3
progam,3
innov,30
green,9
timet,3
DO,3
double-dip,3
bundl,9
oh,6
gee,3
unspecifi,3
double-bil,3
threw,3
protest,3
mwd,3
m-s-r,3
muni,3
improp,3
q,3
pro,6
forma,6
overli,3
restrict,19
ufe,144
udc,63
erron,15
retroact,12
retro-act,21
magnitud,12
calcul,18
unaccount,3
mutual,3
rectifi,6
start-up,3
1,100,000,3
70,000,000,3
recalcul,3
9th,3
pss,6
21-decemb,3
rerun,3
4-15,3
inordin,3
-1,6
+1,12
interchang,3
loss,19
mid-,3
retent,3
isol,3
1.1,12
reassign,3
interrel,3
april,27
edit,3
vee,3
underst,3
267,3
mw/hour,3
pseudo,3
resubmit,6
21,1999,3
fss,3
0.22,3
0.17,3
0.45,3
broeck,3
grave,3
hay,6
huynh,3
glen,3
perez,3
sibley,6
unschedul,9
load.doc,6
ttc,48
8-30-00.pdf,6
200,12
francin,6
winston,6
assistant/schedul,6
351-4457,6
jill,5
horsewel,2
06/08/2000,9
controversi,6
06/14/2000,3
03:48,3
05:52,3
01:10,3
17:46,3
caliifornia,3
duqu,3
josiah,3
neeper,3
reliev,3
earth,3
shatter,3
patch,3
platform,21
likw,3
mercantil,3
85,3
huffman,3
socal,3
three-to-two,3
disagre,3
cent,9
react,3
sladoj,3
split,3
well-reason,3
323,3
658-3874,3
pge,5
20th,3
mold,2
listen,20
whine,5
agenda-060500.rtf,6
iso-rqmts3.rtf,6
discussion.rtf,6
thanx,3
06/12/2000,3
03:09,3
06/02/2000,3
12:41:02,3
cdeis,3
apsc.com,3
tom_delaney,3
marcie_miln,3
jdavi,3
jim_kritikson,3
dmberri,3
brian.kunz,3
4742,3
N.,3
suit,4
165,3
addresse,6
milner,3
602-840-3800,3
walton,2
northwest,23
sellwood,2
travel,12
calgari,9
503-701-5181,3
night,21
ahead/day,2
.......,8
oregon,4
......,7
cts/bfm,2
777ne,2
mlk,2
blvd,2
non-spin,9
400,9
relax,9
telemetri,6
timefram,3
exact,6
forth,9
//www.caiso.com/clientserv/load/,3
navig,6
feb,3
entitl,3
markets.,3
dozier,3
916-608-5708,3
978,9
powel,6
den,3
colin,3
cheer,3
mercat,3
partner,18
89,6
thoreau,3
concord,3
MA,3
01742,3
318-9696,3
318-9797,3
394-2110,3
jones.vcf,3
leadership.pp,3
alic,27
leonard,27
mm2.doc,6
22nd,3
aleonard,12
110,6
anthoni,3
agustin,3
608-7052,3
608-7053,3
608-7051,3
608-7071,3
jessica,3
cole,3
608-7058,3
dobson,3
608-7068,3
608-7055,3
goodin,3
608-7056,3
missi,3
hough,3
608-7054,3
darlen,3
lecureux,3
608-7060,3
ali,3
miremadi,3
608-7061,3
saundra,3
morri,3
608-7070,3
judi,3
nickel,6
608-7062,3
608-7063,3
608-7064,3
timson,3
608-7065,3
608-7067,3
pwc,21
audit,15
trent,9
pricewaterhousecoop,3
martin,3
351-2118,3
cmartin,3
reaffirm,3
strictest,3
351-4467,6
pmi,3
7/19/00,3
4-24,3
republish,3
//www.caiso.com/docs/2000/08/28/2000082808281323598.csv,3
Y.,3
351-4420,3
2002-2004,9
jun12.pdf,6
iso-control,3
multi-year,3
formul,3
//www.caiso.com/docs/2000/04/28/2000042807462411493.html,3
pto,3
6/1/00,3
6/7/00,3
//www.caiso.com/docs/2000/02/28/2000022816395812019.html,3
kick-off,6
101a-room,3
1b,3
hargrav,3
351-4470,3
khargrav,3
roster,9
e-507,3
2.1,3
5-25-2000,3
leadership,12
coverag,12
24-hour,3
eic,3
pic,3
oes/cuea,3
pto/udc,3
core-group,3
MG,18
plc,15
world=01,12
proven,6
plc=01,6
mg=,6
london-bas,6
446,3
been=20,6
that=,3
confident=,3
undergo,3
unanim,12
third=,3
sharehold,6
customari,3
regulatory=20,3
non-ferr,3
tradin=,3
london,25
frankfurt,3
pl=,3
330,3
copper=20,3
copper,3
recycl,3
aluminum,3
tin,3
zinc,3
brass,3
stainless,3
enables=20,3
cross-market,3
power=20,3
outsourc,27
risks=20,3
inher,3
raw,4
improve=,3
market-mak,3
knowledg,4
provid=,6
overlay,3
offer=,3
e-commerce-en,3
commodity-bas,3
our=,3
enron=,18
sherriff,3
gr=,3
eg=20,3
lockhart,6
AT,12
launch,18
investor,15
ibm,3
eugen,3
mastercard,3
high-level,3
badum,3
henderson,3
eiching,3
kathleen,3
magrud,3
lou,6
pai,6
non-execut,3
government/,3
leverag,3
extraordinari,6
depth,3
pennsylvania,3
jersey,3
greenwich,3
connecticut,3
onto,6
//www.newpowercompany.com,3
apollo,12
eb,18
intranet,12
HR,12
payrol,18
broadband,72
renew,9
b2b,3
web-bas,3
requisit,3
contractor,3
exclud,3
azurix,21
construct,27
//sap.enron.com,3
melissa,3
becker,3
rank,9
talent,11
feb.,18
row,3
magazin,3
omnicom,3
goldman,3
sach,3
cisco,3
pair,3
brightest,3
newsstand,3
recognit,3
excit,7
intellig,42
cast,18
video,18
road-show.com,15
q4i.com,15
speed,21
epow,12
=018,9
media,10
on-demand,9
financi=,9
wholli,6
high-bandwidth,6
ein,6
tv-qualiti,6
co-ceo,6
vide=,6
company=01,6
audienc,9
profession,6
clip,6
q4i.com=01,6
bandwidth,15
E=,3
nron=20,3
online=20,3
er=20,3
brokeriq,3
financial=20,3
epowered=01v,3
enr=,6
network=01v,3
content=,3
strea=,3
ming=20,3
industry=01,3
better=20,3
hirko,3
visionary=20,3
desktop,3
unparallel,3
clariti,3
quality.=018,3
xvenue=01v,3
turn-key,3
for=20,3
webcast,3
broad=,3
ly=20,3
prior=,3
allow=20,3
fastest,3
richest=,3
full=,3
trey,3
fecteau,3
road-show.com.=20,3
one-stop=018,3
flagship,3
brokeriq=,3
=01v,3
syst=,3
em=20,3
fingertip,3
brokercity=01v,3
resor=,3
ts,3
estat,6
user=,3
golftv=01v,3
deskto=,3
ps=20,3
freder,3
storaska,3
enjoy,6
they=01,3
advantage=,3
exclus,3
broker-dealers.=018,3
investor=,3
from=,3
intranet=,3
feed,6
bit-rat,3
kilobit,3
kbp,3
architectur,3
pure,5
tha=,3
apart,3
ein=01,3
du=,3
hop=018,3
user=20,3
closest,3
edg,9
viewing=20,3
contrast,3
internet=01,3
hamper,3
packet=,3
interfer,6
speed=,3
user=01,3
leading=,3
net=,3
intermediation=,3
broadban=,3
provision=,3
bandwidth=,3
ene,3
www.enron.net,3
34,6
billio=,6
delivers=20,6
customer=,6
www.enron.com,6
ticker,6
symbol,6
ene.=018,6
vest,12
talking=20,6
success=,6
high-perform,6
price=,6
surpass,6
elig,6
part-tim,6
employe=,6
es=20,15
wholly-own,6
dec.,6
wi=,9
ll=20,9
nd=20,9
jan.,9
is=20,3
55.50,6
seven-year,6
these=,3
each=20,3
options=,3
28.,3
weeks.=20,6
vari,6
recognition=,6
communicate=,6
home.enron.com,9
li=,6
st=20,6
have=,6
ip-tv,6
ken=01,6
transcript,9
encount,6
plea=,6
se=20,6
PC,6
work.=20,6
50-cent,6
is=,6
these=20,3
subsequen=,3
as=,9
celebr,3
occas,6
plaza,3
java,3
coffe,3
krispi,3
kreme,3
donut,3
enrononlin,30
700,6
with=20,6
intermedi,6
business=,3
decade=,3
break-out,3
skill,12
wa=,3
recur,3
theme,3
prospect,6
services=,3
largest,6
driven,3
large=20,3
broaden,3
acro=,3
ss=20,3
contin,3
presenc,3
electricity=,3
re=20,3
internet-bas,3
over=,3
450,3
10,000=20,3
november=20,3
notion,3
than=,3
method,9
underway,3
16,500,3
plac=,3
momentum=20,3
pois,3
services=01,3
contracts=20,3
service=,3
broadband=20,3
deploy,6
network=20,3
point-to-point,3
fiber,6
carrier,3
skil=,3
ls=20,3
provide=20,3
capacity-hold,3
vast,3
array,3
such=,3
high-qual,3
video-stream,3
differenti,3
usage-bas,3
su=,3
microsystem,3
interne=,3
27a,3
1933,3
21e,3
securities=,3
1934,3
bas=,3
ed=20,3
be=,4
differ=20,3
herein,3
include=20,3
penetr,3
new=,3
market=,3
timin=,3
enron=01=,3
periods=20,3
3:30pdt,6
670-4111,6
877-381-6004,3
96489,3
button,6
hungri,3
916-608-7059,6
=0f,216
=0f=07,81
don=0f't,21
it=0f,21
ferc=0f,12
loan,12
drink,12
can=0f't,15
finish,13
people=0f,21
republ,21
contest,9
gow-j,9
social,9
imperson,9
morro,27
pronounc,9
lane,9
prematur,6
inventori,6
hydro,6
assert,33
frustrat,6
mailbag,12
wherebi,6
merit,6
satisfi,6
furthermor,6
rout,6
firm-energi,6
we=0f,6
mrs.,6
restraint,6
squeez,6
allud,6
arizona,12
haven=0f't,6
carl=0f,6
chamber,6
westheim,6
6:30,6
nativ,6
warn,42
soft,6
arriv,18
honk,6
hint,3
autumn,3
pale,3
gloriou,3
fallen,3
school,6
shadow,3
i=0f,9
jump,3
din,3
ring,3
bare,3
hiccup,3
montana,18
blown,3
diminish,3
n-ox,3
deplet,3
voluntari,3
canadian,6
bpa,9
willi,3
politician,3
anywher,9
cleveland,3
prez=0f',3
you=0f,3
hip,3
damnabl,3
screw,3
isn=0f't,6
let=0f,6
stellar,3
A+,3
customers=0f,3
born,3
loin,3
natural-ga,3
nuclear-pow,3
two-block,3
mob,6
mouth,3
hide,3
asham,3
benefici,3
everyone=0f,3
pat,6
shovel,3
dirt,3
expedi,3
lace,3
sheer,3
terror,3
bland,3
homili,3
dilig,3
easier,8
pride,3
week=0f,6
garden,6
fixed-incom,3
medicin,3
del,3
monica,4
lectur,3
prez,3
e=0f,9
slam,3
fpa,3
juici,3
bylaw,3
prevail,3
hour-to-hour,3
errat,3
arbitrari,3
instanc,4
unjust,3
overhaul,3
judgment,3
ineffect,3
contend,3
instrument,9
uneconom,3
spot-market,3
must-buy,3
authority.=0f,3
occurr,3
wherea,3
didn=0f't,12
chaotic,3
ensu,3
product/servic,3
manpow,3
allevi,3
sometim,18
gow,3
jing,3
a.k.a,3
deuteronomi,3
melodrama,3
simpler,3
wrath,3
undoubtedli,3
absenc,6
loaf,3
pleasant,3
ordinarili,3
modern,3
jeez,3
invis,3
can't,3
refriger,3
dimli,3
capitalist,3
ME,3
pink,3
deut=0f,3
personal=0f,3
embrac,3
efficiencies=0f,3
conveni,5
social-mind,3
counterpart,3
leap,3
beneficiari,3
mindedli,3
etc.,3
forgiven,3
nameless,3
faceless,3
moni,3
iso=0f,15
wal-mart,3
faith,3
vengeanc,3
suddenli,3
competitor,3
corollari,3
succeed,3
16,000,3
nevada,3
hurri,3
energ,3
soften,3
cherri,3
today=0f,3
reap,3
allianc,3
ta,3
shine,3
hardship,3
lend,6
borrow,12
chariti,3
amort,3
monopoli,3
utility=0f,3
wouldn=0f't,3
wor=,3
ry,3
prudenc,3
pun,3
everyman,3
itai,3
chines,3
hurt=,3
conceal,3
axe,3
rampag,3
realist,3
drown,3
happili,3
gilgamesh,3
epic,3
noah,3
flood,3
dream,3
where=0f,3
bird,3
5th,28
asid,3
bed,12
wed.,3
thur,3
152.00,3
89.00,3
800-321-9566,6
saturday,12
shawn,3
28.00,3
10.00,3
cart,3
baenni,3
ix.netcom.com,3
dinner,8
45,6
luncheon,6
headcount,3
arter,3
hadden,3
unoffici,3
love,19
hate,10
visitor,3
cope,9
yews-tun,3
nd,6
ow=,3
downtown,6
compos,3
dalla,3
Go,11
wind,9
u,3
scenic,3
8am,3
9:30am,3
3:30,18
houston=,3
kuykendahl,3
phonet,3
pronunci,3
tilt,3
stare,3
gulf,6
perman,4
bizarr,3
sight,6
utter,3
phrase=,3
montros,3
crew,3
lef=,3
factori,3
men,12
silver,3
obey,3
ny,3
cadillac,3
lincoln,3
mention,12
endang,3
speci,3
specimen,3
ma'am,3
there's=,3
remot,3
sugar,3
honey,3
offens,3
grown,3
coca-cola,3
dr.,18
pepper,6
rumor,6
intercontinent,3
gate,3
32,3
mile,3
concours,3
boot,3
shoe,3
horn,3
bumper,3
sticker,3
reload,3
=3d=3d=3d=3d=3d=3d=3d=3d=3d=3d=3d=3d=3d,3
y=0f'all,6
kees,18
shuttl,12
guess,9
px=0f,9
unlead,9
storm,9
805,9
tour,9
yesterday=0f,6
senate/assembl,6
kahn,6
fold,6
jig,6
hose,6
fpl,15
depress,6
humor,6
regardless,6
AC,6
puc/eob,6
instabl,6
fuhrer,6
hike,6
non-competit,6
152,6
lui,6
obispo,6
golfer,6
rope,6
woman,6
crack,3
outrag,3
ol=0f',3
I.,3
dave=0f,3
embarrass,3
perpetr,3
properti,9
sip,3
dixi,3
longneck,3
beer,4
chomp,3
jalapeno,3
yeah,3
expound,3
peaker,3
board.=0f,3
recip,3
puc=0f,3
oven,3
750/mwh,3
retort,3
tra=,3
ded,3
xxxxx,3
wonder,3
chide,3
150/mwh,3
I=,3
=0f'd,3
fifti,3
600,3
lament,3
that=0f,3
it.=0f,3
communist,3
reward,6
plant.=0f,3
shoot,3
l=,3
l,6
wager,3
dysfunctional=0f,3
spik=,3
es,3
upheld,3
awhil,3
feedbag,3
munch,3
energy=0f,3
gary=,3
aarp,3
son,3
hockey,3
cigar,3
moron,3
entergi,3
dozen,3
fentergi,3
hopp,3
knock,6
sprinkl,3
ironi,3
tragedi,3
neutral,3
unduli,3
market.=0f,3
convict,3
groundless,3
eager,3
sherwood,3
owe,3
bowl,3
bet,3
stanford,3
cool,3
curiou,3
shield,3
tank,3
groceri,3
extra,6
gallon,3
paus,3
demand-sid,3
expensive=0f',3
expensive.=0f'=0f,3
broke,3
ugh,3
usa,3
censor,3
til,3
consent,3
much.=0f,3
iso=0f',3
voltag,3
insuffici,6
tried=0f,3
consume=,3
rs,3
purchasers=0f,3
1.2,3
mistaken,3
lock-in=0f,3
vein,3
well=,3
state=0f,3
competitive=0f,3
impli,3
primarili,3
incid,3
self-interest,3
addressed.=0f,3
scari,3
twelv,3
gather,3
twilight,3
feet,3
reckless,3
glimps,3
term-limit,3
heap,3
glori,3
single-mom,3
lady-bird,3
precoci,3
pre-teen,3
stevi,3
wonderboy,3
dessert,3
grace,3
ship,3
liber,3
rage,3
palpabl,3
penni,3
sick,6
yike,3
sunk,3
-2,6
correctli,6
davis=0f,3
uncertain,6
hmmmmmm,3
panel,3
tpc,3
nicer,3
cure,6
escrow,3
Ms,3
enact,3
ferc-ees,3
three-part,3
it=0f',3
domin,3
reconsid,3
remand,3
appeal,6
slowli,3
stump,3
scream,3
couldn=0f't,3
wheez,3
accordion,3
familiar,6
strain,3
music,6
solo,3
musician,3
company=0f,3
pre-hear,3
curre=,3
nt,4
irregular,3
state/feder,3
anticompeititv,3
mechan,3
Hi,3
sixti,3
93442,3
772-5651,3
pool,3
tub,3
fog,3
thick,3
fli,5
ride-on,3
541-8747,3
22.00,3
2.00,3
afterward,3
airlin,7
tee,3
8.07am,3
8.15am,3
8.22am,3
8.30,3
11.30am,3
471-4360,3
hearst,3
castl,3
distanc,3
museum,3
marina,3
kayak,3
cano,3
rental,5
dine,3
embarcadero,3
wineri,3
tast,3
40,3
3-hour,3
jose,3
eagl,3
skywest,3
woman=0f,3
duke=0f,3
sooner,3
famili,15
5:30,3
member=0f,3
7:00,3
recept,9
confess,3
dr.frank,3
=3d=3d=3d=3d=3d=3d=3d=3d=3d=3d=3d=3d=3d=3d=3d=3d=3d=3d=3d=3d=3d=3d=3d,3
wife,3
laughter,3
brillianc,3
hang,3
helicopt,3
die,3
speech,3
husband,3
children,3
clap,3
=3d=3d=3d=3d=3d=3d=3d=3d=3d=3d=3d=3d=3d=3d=3d,3
applaus,3
subect,3
viru,12
funni,3
apb,3
//www.apbenergy.com/beachparty.htm,3
male,3
femal,3
bye,3
regret,3
krueger,3
tune,3
farewel,3
luck,9
curv,6
lisa,3
mattingli,3
clerk,3
anxiou,3
embark,3
career,3
ees=01,6
mid-market,6
explos,3
energy=20,3
new=20,3
ever-increas,3
servic=,3
customer=20,3
sund,3
has=,3
harold,3
buchanan,3
jeremi,3
blachman,3
co-chief,3
directo,3
heavy=,3
etol,3
matthew,3
scrimshaw,3
lead=,3
capabiliti=,3
relationship,3
value.=,3
leff,3
being=20,3
accoun=,3
enron=20,3
ef,3
earl,3
operational=,3
oec,3
dobler,3
benefi=,3
develop=,3
muller,3
hugh,3
vicki,3
sharp,3
counse=,3
beth,3
tilney,3
satisfacti=,3
gilad,15
ben,9
visibl,3
archiv,3
oberg,3
powertel,12
voicestream,9
wireless,6
deutsch,6
telekom,6
acquisit,6
0.02,9
1.00,6
blowin,3
compess,3
storag,3
optic,3
telecom,3
+montana,3
475million,3
nonregul,3
pancanadian,3
petroleum,3
proce,3
mpc',3
fiber-opt,3
d-j,3
denver-julesburg,3
denver,3
anadarko,3
oklahoma,3
wyom,3
fraction,3
MT,3
ft.,3
lupton,3
CO,3
alberta,3
saskatchewan,3
+deutsch,3
5.89bn,3
southeast,3
5.89,3
DT,3
all-shar,3
dt',3
takeov,3
scana,3
14.6,3
dilut,3
249,3
//////////////,3
11,192.63,3
9.9,3
355.95,3
2.6,9
4,042.68,3
10.6,3
0.3,6
1,506.45,3
1.9,3
42,153,3
8,220.0,3
19.5,3
1,286,420,3
261,588.0,3
676,769,3
148,377.0,3
21.9,3
32.03,3
0.40,6
1.25,3
0.9694,3
1.66,3
4.628,3
0.09,3
1.90,3
176,3
0.57,3
192.5,3
1.50,3
0.78,3
35.75,3
2.75,3
7.69,3
1.740,3
0.28,3
1.485,3
0.15,3
2.167,3
0.05,3
0.9016,3
107.03,3
0.21,6
9.229,3
0.6799,3
0.74,3
475.24,3
4.73,3
3,326.30,3
4.10,3
0.12,3
17,642.67,3
331.71,3
1.88,3
11,246.04,3
67.06,3
0.60,3
7,307.17,3
76.91,3
1.05,3
17,236.74,3
202.96,3
1.18,3
16,911.33,3
240.51,3
1.42,3
6,181.15,3
112.40,3
1.82,3
6.67,3
08/28/2000,3
02:21,3
200000212,3
19:00,6
sat,6
15:00:00,6
200000207,6
19:10,3
200000211,3
18:00,6
200000208,6
17:37,3
minimum,16
16:00,3
immin,6
15:18,3
defici,9
15:02,3
15:06,3
hello,10
camp,6
horno,3
1/1,3
someoth,3
admin,3
nifgt,3
asshol,3
doctor,3
chew,3
ass,3
neighborhood,3
nerd,3
troop,3
chit,3
hill,3
brutal,3
unforgiv,3
two-thre,3
bigger,4
deflect,3
artilleri,3
shell,3
rat,6
lob,3
__________________________________________________,6
//mail.yahoo.com/,6
creativ,6
hail,3
pre-submit,3
fervor,3
8/29,3
catch,3
CI,3
guru,3
re-launch,3
dialogu,3
volunt,15
ballet,9
classic,9
11:30,9
diabet,6
UH,6
cougar,6
5K,6
vip,6
//home.enron.com/cr,3
//home.enron.com/,3
eb49c1,3
premier,6
full-even,3
jessica.nunez,3
radio,3
comedi,3
theatr,3
8:30,9
713-522-7722,3
juvenil,3
walker,3
city-wid,3
hyatt,3
1:00,6
713-853-6898,3
feldt,3
713-345-7629,3
1K,3
club,15
cindi,3
713-853-4770,3
//home.enron.com:84/erc/index.html,3
heart-healthi,3
diseas,3
stroke,3
barrero,3
713-610-5093,3
non-profit,3
19,383,3
227,3
13,200,3
donat,3
//home.enron.com,3
853,27
sept.,9
eb568,15
tammi,15
schopp,15
4220,15
samuel,6
6931,6
1861,6
8-27-00.pdf,6
8-28-00.pdf,6
8-29-00.pdf,6
28th,12
29th,9
myrna,6
neeley,6
916-351-2171,6
916-351-2367,6
mneeley,6
consol,24
626,24
1-4,24
alhambra,9
secondari,9
inbound,6
outbound,6
24:00,3
18:30,3
02:30,3
299-4428,3
4431,3
spare,3
299-4424,3
4427,3
299-4404,3
4407,3
299-4412,3
4415,3
299-4464,3
4467,3
299-4460,3
4463,3
299-4416,3
4419,3
b.e.e.p,3
299-4474,3
4477,3
351-5512,3
5514,3
351-5542,3
5543,3
351-5520,3
5523,3
351-5536,3
5539,3
351-5508,3
5511,3
351-5546,3
5547,3
351-5550,3
5551,3
coi,3
351-5534,3
5535,3
DC,6
351-5530,3
5531,3
351-5517,3
5519,3
200000206,3
14:01,3
14:05,6
ameren,18
asc,6
agent,6
d/b/a,3
UE,3
debra,6
training/present,3
Mt,3
hood,3
ebiz,12
hit,3
parad,3
brand,3
rebecca,15
pug,6
P.,3
L.,3
garrison,3
herbert,3
S.,6
winokur,3
world-class,3
lodg,9
9_20_00_timelines3_.doc,6
9_21_00_timelines3_.doc,6
directions.pdf,6
contractu,3
aggreg,3
verif,6
system/approach,3
interfac,6
3-4,3
gateway,3
multipl,6
200000205,3
07:44,3
2500,3
07:48,3
518,6
florida,6
possess,3
fewer,3
thousand,3
constitut,3
editor,3
business-to-busi,3
nuclear,3
equat,3
rebound,3
uranium-fuel,3
+high,3
recoveri,3
paperwork,3
permiss,3
75,3
fpsc,3
kilowatt-hour,9
1990,3
44,3
barrel,3
risen,3
unab,3
onset,3
/////////////////////,3
11,182.74,3
38.1,3
358.51,3
5.7,3
4,053.28,3
42.3,3
1,508.31,3
0.2,3
50,373,3
7,710.0,3
15.3,3
1,548,008,3
85,370.0,3
5.5,3
825,146,3
41,307.0,3
5.0,3
31.63,3
0.39,3
1.23,3
0.9533,3
0.29,3
4.54,3
1.43,3
177,3
191,3
8.00,3
4.19,3
0.50,3
1.52,3
1.745,3
1.487,3
2.166,3
0.46,3
0.9017,3
106.83,3
9.205,3
0.18,3
0.6749,3
0.25,3
470.51,3
2.87,3
3,330.40,3
7.70,3
17,310.96,3
139.48,3
0.81,3
11,178.98,3
71.17,3
0.64,3
7,230.26,3
2.52,3
17,439.70,3
12.30,3
16,670.82,3
234.17,3
1.40,3
6,293.55,3
73.45,3
1.17,3
6,557.04,3
9.20,3
0.14,3
CP,10
queri,9
darren,6
lamb,6
pars,6
invoic,6
8/23/00,3
cdwr,3
riversid,3
midway,3
ncpa,3
ledesma,3
Ng,3
disput,3
sd,3
dictionari,3
8/23,3
decim,3
integ,3
worth,3
pdt/pst,3
api,3
ex-post,3
beep_gen_ful,3
ct,3
401/407,3
lap,3
residu,3
satisfactorili,3
mid-decemb,3
allot,3
overlap,3
dual,3
8/24,3
eastern,3
var,6
nw-lt,3
exot,3
08/24/2000,39
200000204,3
11:00:00,3
200000203,3
18:51,3
12:30,3
teleconfer,6
781871,3
lobbi,6
methodolog,3
3.1411,3
3.4888,3
6.7757,3
etv,3
poster,3
allen,3
//itcentral.enron.com,6
11:00,3
eb22c1,27
e-request,9
eb0560,9
directori,6
2:00,14
printer,3
cleaner,3
lerro,3
3-4224,3
31st,3
8-26-00.pdf,6
docket,3
el00-95-000,3
el00-98-000,3
refundnotice.doc,3
rid,3
eb30c1,6
6:00,6
4:30,3
boardroom,3
singapor,3
oslo,3
hands-on,3
forster,3
inter-,6
inter,8
adj,6
jpower,3
2:00-,3
722248,3
adjac,3
jcole,3
8-25-00,6
east-of-river/southern,6
pdci,6
2-unit,6
e-514,3
8-9-00,3
bypass,3
t-103,3
wor,3
t-116,3
ac-dc,3
coi/nw-sierra,3
north-to-south,3
ac/dc,3
conform,3
morc,3
disturb,3
bipolar,3
moss,3
mountain,3
post-transi,3
hydroelectr,9
3Q,6
Up,6
175-,6
02:07,3
02:05,3
21:03,3
dam,3
reservoir,3
rain,3
colstrip,3
columbia,3
suck,4
mud,3
preschedul,6
prompt,3
flat,3
california-oregon,6
border,6
197-,3
181-,3
190/mwh,3
139-,3
145/mwh,3
126-,3
129/mwh,3
178/mwh,3
third-quart,3
182-,3
200/mwh,3
177/mwh,3
03:36,3
piwetz,3
03:33,3
shari-,3
fyi-,4
SP,3
rate-freez,9
unveil,9
maviglio,12
cents/kwh,9
congression,6
6.5,6
hub,6
1954gmt,6
01:18,3
01:14,3
4:02,3
stipul,3
state-run,3
norm,3
translat,3
68,6
non-summ,3
132,3
13.2,3
95/mwh,3
9.5,3
69/mwh,3
6.5-cent,3
9.5-cent,3
three-year,3
persist,3
claus,3
much-deb,3
refus,3
idli,3
nitrogen-oxid,3
50/mwh,3
mid-siz,3
24-08-00,3
ap-dj-08-24-00,3
000825,6
v3,6
clean_.doc,6
acrobat,9
adob,6
rtc,3
12:50,3
anna,3
santucci/na/enron,3
guerrero/corp/enron,3
11:29,3
platts.com,3
mhenergi,3
prod-229a.tco3.web.wcom.net,3
08/23/2000,15
06:07:49,3
janel.guerrero,3
//www.adobe.com/prodindex/acrobat/readstep.html,3
//www.platts.com,3
platt,3
current.pdf,3
one-year,6
rfb.doc,6
//www1.caiso.com/clientserv/stakeholders/,3
07:50,3
07:13,3
u.,3
dian,3
d-calif.,3
regionwid,3
dramat,3
incom,6
household,3
covert,3
201-938-2061,3
james.covert,3
valiant,3
tonight,3
rebuild,3
purg,3
lotu,3
blah,9
ireland,3
wimp,3
bunch,3
culmin,3
westpac,3
bck,3
NY,10
HS,3
med,3
girlfriend,3
vega,3
bride,3
yanke,3
knick,5
unload,3
miami,3
industrial=,6
indust=,3
rial=20,3
origination=,3
establis=,3
standalon,3
industrial=20,3
steel=20,3
contributor=01,3
wo=,3
rking=20,3
chie=,3
repor=,3
burnett,3
crane,3
herman,3
rodney,3
malcolm,3
temporarili,3
mcmahon=01,3
ssume=20,3
roll-back,6
passag,6
rollback,6
02:02,3
12:26,3
18:43,3
elec,3
pre-deregul,3
d-san,3
utility',3
2290,3
54,3
80-member,3
47,3
55,3
conserv,3
pasadena,12
misalloc,6
intra-ti,6
realloc,6
masterfil,3
intra-tie/load,3
14.5,3
endata,15
add-in,9
databas,6
leisur,3
tools-,3
uncheck,3
\fundamentals\production\endata\endata.xla,3
'endata.xla,3
microsoft,3
mysteri,3
disappear,3
351-2499,6
op,3
CT,8
30th,3
seventh,3
21st,3
111,112,114,115,116,402,403,3
406,3
1010,1011,3
1030,1210,3
gmc,3
351,3
reconcil,3
submiss,3
govt,6
low-incom,6
07:42,3
14:22,3
sba,3
fashion,3
keto,3
202,3
862,3
9256,3
alex.keto,3
8-31-00.pdf,6
xerox,6
copier,3
CD,3
manual,3
withdrawn,3
2.5.22.4.1,3
label,3
non-,3
carri,3
916-608-5883,3
p.e,3
608-5883,3
814-0614,3
//www.caiso.com/meetings/,3
000822a,6
ten-min,6
.doc,6
markets/settl,3
eb560,3
visual,3
overhead,3
question-and-answ,3
instructor,3
self-improv,3
first-hand,3
one-on-on,3
impromptu,3
sit-down,3
erni,3
3-0357,3
//www.caiso.com/meetings/docs/000825noticeofbogspecialmtg.pdf,3
membership,18
reimburs,13
riverplac,12
athlet,6
joani,3
schlecter,3
couple/famili,3
73/month,3
116/month,3
deduct,3
teri,3
whitcomb,3
nov,6
suzann,8
interview,7
campu,4
wharton,4
recruit,6
glad,6
farrow/hou/e,2
'97,4
graduat,4
attenfd,4
outlook,2
hrgi,1
90010251,1
pin,1
9257,1
monaco,20
ubswenergy.com,15
07,37
EM,14
loser,6
enron.mailsweeper.admin,8
wet,3
dri,3
taco,3
bell,3
specul,5
titan,4
mono,3
11:57,3
superbowl,4
ram,4
ub,13
stink,6
john.monaco,6
citi.com,6
6:40,4
9:36,4
rbadeer,6
exchange.enron.com,4
firstname.lastnam,4
firstname.initial.lastnam,4
//www.ubswarburg.com,3
error-fre,3
intercept,3
virus,3
liabil,3
omiss,3
hard-copi,3
constru,3
mar,7
02,9
badeer/robert,7
geo,6
unl,6
05,5
rangel,16
e-ticket,3
hertz,4
LV,4
eqp,4
04hr,4
AR,4
non-stop,4
u2h4xk,2
seat-,4
mi/km,4
flight,4
bradi,2
robert.bradi,2
worldtravel.com,2
5:15,1
ina,25
17mar,1
86,3
itinerari,3
nbr,3
c04785,3
dkteer,1
01,2
attn-ina,3
713-853-7257,4
1500,3
louisiana,3
77002,3
dlvr-06mar,1
etkt,3
t.a.f,1
flt:1423,2
140p,2
737,2
09min,2
749p,2
2B,2
4dr,2
a/c,2
up-1949,2
return-22mar/1721,1
0,2
hr,2
usd,2
EX,2
45.75,2
xtra,2
hour-,2
23.00,2
88.10,2
approx,2
316.85,2
b7525115008,1
rate-subject,2
call-281,2
443-0800,2
cd-12295,2
flt:1122,2
521p,2
737-800,2
31min,2
752p,2
3B,2
wtp/bti,2
800a-700p,2
monday-friday,2
in/out,2
888-827-8785,2
800-819-0950,2
IF,2
oversea,2
816-880-3344,2
8vf5,2
f.a.a,2
passeng,2
checkin,2
fare,2
2081.09,2
tagg/erm,4
tagg,21
NW,4
grigsbi,33
PL,8
ubsw,19
erm,7
leah,8
id,5
1:06,3
1:04,3
1:01,3
12:54,3
rbadeer_pc,3
machin,1
3-7376,1
1:28,1
djnbjx,2
dlvr-5mar,2
taf,2
u2h1gk,2
5:19,1
10mar,1
multi,1
meal,1
return-15mar/1721,1
b7528924362,1
worldtravel,1
bti,1
anthony.jarrett,6
wire,6
paycheck,3
2/28,2
stamford,2
jarrett,2
paydat,2
postal,1
ubswenergy.com=,1
transfer=,1
3/4,1
3/5=,1
ec,3
05852,1
wire=,1
shoul=,1
void,1
ch=,1
eck,1
overn=,1
ight,1
calger,1
announcements=20,1
10:50,1
not=,1
w=,3
ork,1
need=,1
appea=,1
s-z,1
alp=,1
habet,1
orn,1
ubswenergy.co=,1
payme=,1
c=,1
ase,1
3/15,1
exe,1
853-7829,1
ubswenergy.c=,1
texan,3
astro,1
footbal,1
trailblaz,1
08,8
11:59,1
9:25,2
badg,27
11:08,2
grig,3
6:46,3
tower,4
mon,4
retriev,4
D.,4
warburg,4
713-853-7031,4
713-408-6256,4
curless,6
amanda,6
mandi,4
form.doc,4
-ina,2
2:50,2
2:39,2
pleae,2
05848,2
credibl,1
//home.enron.com/updates/articles/lawsuits.html,1
AP,1
rebirth,1
//home.enron.com/updates/articles/notimpossible.html,1
salvag,1
collaps,1
hurdl,1
//home.enron.com/updates/articles/salvaged.html,1
crash,1
turnaround,1
//home.enron.com/updates/articles/crashcourse.html,1
reuter,1
exec,1
Ch,1
11-ceo,1
//home.enron.com/updates/articles/execsstay.html,1
auditor,1
//home.enron.com/updates/articles/auditors.html,1
//home.enron.com/updates/articles/utilitysale.html,1
cbsmarketwatch,1
//home.enron.com/updates/articles/roots.hth,1
heizenrad,1
11:24,1
sheppard,1
kathryn,1
song,1
realplay,1
sitara,4
russ,3
severson,2
PW,2
changem,1
4:37,1
4:26,1
1:15,1
marcinkowski,1
kobra,1
/fundy_op,1
/ect-trad,1
/webcont,1
203-205-3934,4
justin.arcadipan,4
cendantmobility.com,4
reloc,2
repay,2
earliest,2
transfer.doc,2
justin,2
arcadipan,2
203-205-4911,2
unix,1
12:56,1
9:08,1
8:11,1
kristian,2
=09i,1
oth=,1
formid,1
memori,1
freak,1
incred,1
headi=,1
ng,1
dr=,1
aw,1
crazi,1
ill,1
erica,1
trooper,1
babi,1
oman,1
young=,1
sar=,1
ah.=20,1
ps,1
