thi,462
inform,157
depart,46
ha,163
particip,18
gem,2
rollout,2
As,82
probabl,23
awar,7
select,43
project,15
global,16
enron,600
migrat,99
window,11
2000,29
In,57
prepar,34
imper,1
gather,8
workstat,1
applic,21
use,72
To,390
begin,23
data,39
collect,8
autom,1
process,40
system,60
inventori,1
onc,19
receiv,120
work,69
co-ordin,1
sheri,1
cromwel,1
consolid,1
ensur,8
transit,9
smooth,3
possibl,32
team,30
would,151
like,62
thank,400
If,166
ani,194
question,65
pleas,417
call,92
lee,3
steel,11
713-345-8259,1
outlook,79
owa,25
access,47
note,93
mailbox,36
client,12
web,15
configur,10
abl,33
avail,63
user,46
via,13
contact,132
send,99
mail,50
internet,22
explor,11
5.0,4
entri,23
person,21
address,47
book,44
journal,13
remot,4
time,150
type,39
name,74
click,42
function,4
list,201
task,13
messag,421
concern,33
current,58
reason,8
1,144
comput,8
reciev,2
start,23
morn,24
dure,18
period,12
browser,3
read,8
calendar,20
to-do,2
import,35
desktop,12
2,122
At,13
onli,67
connect,9
network,11
lan,5
futur,25
plan,51
make,48
home,16
travel,11
abroad,2
TO,25
launch,2
http,109
//nahou-msowa01p/exchange/john.do,2
substitut,2
john.do,2
first,50
last,38
enter,31
prompt,4
sign,13
box,10
shown,6
corp/your,2
id,3
NT,6
password,16
logon,6
ok.,9
view,16
subtl,2
differ,23
mani,65
thing,32
brief,4
featur,7
spell,2
checker,2
offlin,2
print,14
templat,8
remind,18
deliveri,13
expir,35
rule,3
vote,4
flag,2
recal,5
share,15
deleg,2
direct,41
resourc,13
distribut,28
OR,10
answer,15
outlook.2000,2
enron.com,232
otherwis,10
may,145
resolut,17
center,67
713-853-1411,4
email,294
date,119
=20,36
item,22
BE,5
e-mail,109
clean,13
l=20,4
100mb,6
lotu,6
microsoft,5
IS,8
factor,4
integr,7
convert,5
year,46
notif,11
tuesday,102
june,34
12th,8
unabl,9
unless,6
take,43
follow,112
action,8
go,57
old/un-need,2
emai=,2
befor,45
migration.,2
to=,2
alloc,3
total,15
space.,2
more=,2
amount,82
sen=,2
d=20,2
limit.,2
now=,2
prevent,5
happen,9
enron=01,4
platform,6
ou=,2
tlook=20,2
worldwid,7
email=20,2
functions.=20,2
whi,13
contribut,8
decis,18
to=20,2
exchange/outlook,2
promin,2
signific,5
advantag,5
move,23
product,155
wit=,2
h=20,2
app,3
offic,68
effici,15
PC,3
roam,2
improv,3
support,40
palm/c,2
devic,2
instant,2
capabl,2
schedul,94
30,65
thirti,2
day,88
folder,11
store,2
Do,37
one,79
past,10
10,50
ten,47
i=,2
n=20,2
creat,14
wil=,2
need,152
re-creat,2
ye,34
anyon,26
survey,4
',59
permiss,6
email/calendar,4
respons,45
updat,47
els,9
mm/dd/yy,4
experi,8
success,7
necessari,12
individu,12
prior,31
minut,13
complet,38
fill,10
doubl,4
document,62
put,25
edit,2
mode,2
finish,2
simpli,3
'repli,2
histori,3
button,13
hit,3
'send,2
automat,14
sent,424
full,31
login,6
ID,17
extens,7
locat,33
laptop,2
pda,2
none,14
ipaq,2
palm,3
pilot,2
jornada,2
doe,24
Is,11
group,71
maintain,5
mass,3
databas,14
effort,9
exact,3
date/tim,2
also,71
know,189
normal,6
hour,10
near,6
vacat,8
leav,14
etc,21
even,21
press,6
trust,6
signer,4
critic,5
OF,6
save,28
My,36
us,66
pre-migr,2
3,73
must,59
4,42
pop-up,2
appear,19
abort,2
cancel,9
5,49
add,16
manual,4
re-ad,2
6,47
failur,6
mean,7
get,73
todo,2
could,54
result,12
week,46
delay,7
restor,22
encount,5
error,8
monday,119
11th,3
2001,162
urgent,3
assist,46
tracey,2
belbin,2
020,2
7783,2
34028,2
committe,17
corp.,246
member,38
attach,167
procedur,6
employe,59
certif,5
offici,9
unsecur,2
creditor,12
appoint,7
pacif,12
ga,158
electr,27
compani,214
bankruptci,38
case,7
michael,30
tribolet,2
risk,25
assess,2
control,9
design,9
repres,11
lisa,13
mellencamp,5
north,148
america,168
legal,112
advis,47
restrict,8
disclos,28
certain,10
ethic,2
wall,2
regard,85
confidenti,76
It,59
promptli,2
return,15
complianc,3
xm,18
expens,17
new,128
concur,8
18th,9
juli,10
isc,8
load,7
upgrad,18
On,16
solut,10
version,39
6.0.2,4
deadlin,6
transact,70
2nd,4
27th,4
report,34
corpor,79
manag,78
unde=,2
rgo=20,2
develop,22
plan=20,2
contain,44
sever,18
affecting=20,2
american,11
express,9
longer,6
X=,2
ms=20,2
amex,2
will=,2
sole,9
ad,7
new=,2
sap,17
hr=,2
wednesday,66
mark,63
current=,3
open,10
submit,6
approved=,2
lock,3
ver,2
goe,6
live,53
frequent,3
ask,44
faq,2
followi=,2
ng=20,2
link,20
//isc.enron.com/site/xmsfaqs.htm,2
abov,26
t=,2
he=20,2
713-345-4727,4
credit,157
annex,8
paragraph,6
13,26
continu,26
worksheet,14
letter,178
guaranti,36
equiti,18
structur,48
issu,40
higher,2
counterparti,285
earli,17
termin,206
master,208
net,92
canadian,2
origin,24
lesli,14
campbel,4
copi,153
file,172
anthoni,5
campo,5
713,362
paraleg,2
state,21
incom,5
eb2866,2
outgo,2
hand,10
intern,40
courier,2
extern,6
cordial,88
mari,66
cook,12
1400,174
smith,174
38th,4
floor,19
houston,218
texa,131
77002-7361,4
345-7732,2
phone,198
646-3490,160
fax,209
mary.cook,2
hello,12
spreadsheet,15
confirm,197
financi,100
trade,265
ena,202
entiti,29
ever,5
let,131
think,38
brant,2
temp,14
limit,32
delet,21
train,11
size,14
old,23
12,25
MB,6
elizabeth,14
11,23
four,18
100,10
warn,4
includ,105
archiv,4
peopl,24
daniel,9
elbertson,4
janett,4
flore,11
noni,17
georg,12
robert,32
H.,6
linda,4
ann,22
samantha,34
cheryl,12
two,40
second,16
instruct,10
assign,47
recommend,14
everyon,4
attend,29
class,4
maggi,2
cruz,2
3-1816,2
coordin,15
backup,15
specialist,38
provid,92
polici,4
detail,15
75,6
administr,10
explain,7
prohibit,27
yet,11
still,34
reduc,8
local,3
drive,15
inbound/outbound,2
inbound,2
outbound,2
10mb,2
retent,9
recov,4
8,25
meet,75
notic,39
due,30
space,6
unneed,2
inbox,2
back,37
except,14
repeat,4
adam,27
suzann,5
bushman,5
teresa,7
cash,51
michel,8
clark,9
bart,3
corbet,2
nanci,7
eddi,2
davi,11
angela,2
dickson,6
staci,7
edison,2
andi,2
fitzgerald,6
genia,7
good,20
dian,97
guinn,2
haedick,2
hansen,5
hearn,3
Ed,32
heinitz,5
hodg,3
jeff,8
mann,15
kay,32
maxwel,2
matt,2
mccullough,2
travi,2
meraz,2
claudia,4
milligan,2
taffi,2
moor,6
janet,2
nemec,4
gerald,13
nettelton,2
marcu,2
ogden,4
perlingier,2
debra,3
portz,6
david,28
sager,3
sander,2
richard,10
simmon,2
sol,2
carlo,4
st.,9
clair,4
carol,9
sweet,3
twanda,2
tweed,29
sheila,29
van,2
hooser,2
steve,32
white,2
zucha,5
theresa,7
aronowitz,25
alan,35
bailey,426
susan,635
boyd,28
braddi,5
martha,8
bruce,16
bruck,5
sarah,6
carolan,4
domin,4
castillo,2
conni,4
collin,2
harri,5
cradi,2
ned,2
del,2
vecchio,2
peter,11
doucett,2
margaret,5
farrel,9
keegan,15
ferguson,2
garcia,5
nita,2
carolyn,2
gray,17
barbara,21
greenberg,11
gresham,2
wayn,4
haa,2
merril,2
heard,26
hendri,15
brent,21
jone,25
tana,19
keiser,13
holli,17
koehler,7
korkma,7
deb,13
lauterbach,2
7,23
lindeman,2
loveladi,2
steven,2
lyon,5
dan,17
martinez,2
helen,2
mayer,2
lauri,13
murray,2
julia,2
heintz,2
nachawati,2
maje,2
nelson,6
panu,57
stephani,75
pinto,10
leit,10
francisco,13
rivera,4
coralina,2
robison,4
roger,4
sayr,7
frank,10
shackleton,133
sara,157
shank,2
reginald,2
spencer,6
becki,7
stoler,2
lou,3
taylor,16
viverito,2
john,29
young,5
randi,8
help,107
sean,5
crandal,2
diana,2
scholt,2
richter,2
chri,14
mallori,2
fischer,2
tom,42
alonso,2
servic,161
power,104
energi,253
market,77
-origin,356
thursday,128
januari,203
2002,373
AM,216
Cc,124
gilbert,7
subject,395
request,111
term,20
settlement,24
calpin,6
l.p.,40
inc.,175
mirant,17
see,110
comment,24
10:13,2
FW,57
availavbl,2
wholesal,81
c/p,2
n't,67
e.g.,2
great,23
bay,2
clearest,2
recent,11
'restor,2
run,25
eyebal,2
1-9-01,2
.doc,46
10:03,2
grace,2
rebecca,2
M.,10
durham,2
kim,11
allen,12
thresa,2
find,39
actual,11
12/10/2001,1
dynag,2
dynegi,10
12/20/2001,1
greatbay,2
LP,29
11/30/2001,1
northeast,2
util,14
co.,32
sith,2
12/04/2001,1
HQ,2
01/01/2001,1
tri,30
dec.,2
PM,315
sat,70
2/2/2002,12
thru,82
2/1/2002,9
impact,58
CT,49
PT,49
london,65
fri,28
5:00:00,13
corp,57
outag,105
mainten,21
environ,28
purpos,38
backout,28
envis,4
filenet,4
panagon,4
idm,4
server,29
3:00:00,13
9:00:00,11
thur,20
1/31/2002,9
_________________________________________________________________,6
12:00:00,22
5:30:00,3
11:00:00,9
1:00:00,6
sql,2
7:00:00,10
disk,20
corporate-wid,2
queri,13
R3,2
captur,5
profession,2
ibuyit,2
ipayit,2
invoic,72
vollmer,2
713-853-3381,2
rye,3
gregori,3
713-345-3022,2
weekend,29
2/4/2002,1
7:30:00,2
3:30:00,1
11:30:00,2
sun,45
2/3/2002,1
1:30:00,2
nahou-squfy04,1
05,18
estat,8
unifi,7
cluster,2
skinner,1
toni,1
713-345-9334,1
jordan,4
713-286-5308,1
warner,1
713-345-1756,1
ee,9
eeshou-dbrg,1
40,3
w2k,1
standard,30
tape,2
nguyen,1
jame,15
713-345-6137,1
replac,5
repair,1
bad,6
6:00:00,17
4:00:00,13
reindex,1
correct,4
perform,17
forego,5
street,173
eb3801a,28
TX,49
77002,170
Ph,29
853-5620,28
kelley,21
scott,20
W.,10
periwinkl,12
foundat,9
look,77
fine,8
harrel,7
mailto,42
kharrel,5
periwinklefoundation.org,10
29,6
4:57,1
carl,8
G.,9
dahlberg,4
steed,4
cindi,7
petrello,4
jacquelin,4
B.,4
vogel,6
jayn,5
finkowski-rivera,5
joe,4
birkof,4
bullington,6
judi,15
simon,18
larri,4
tharp,4
laura,4
wheless,4
dent,4
marilyn,4
moga,4
dodson,4
fritsch,4
E.,18
kline,4
phd,4
RN,4
C,5
naomi,4
jarriel,4
silverman,4
smiley,4
pool,6
zoann,4
dreyer,4
check,42
want,78
materi,10
chang,60
soon,24
We,110
order,17
letterhead,2
ladi,5
30th,1
reach,11
667-6186,1
S.,146
suit,132
3803a,127
853-4737,126
susan.bailey,139
russel,4
best,12
wish,13
much,13
endeavor,1
wa,209
pleasur,1
diamond,1
friday,84
25,7
12:24,1
info,6
folk,5
accept,20
posit,45
rwe,3
enrq,2
next,33
jan,7
31,38
enjoy,9
hope,46
path,5
cross,14
way,30
excit,6
ventur,6
ridiamond,2
yahoo.com,4
713-665-3345,2
'll,31
februari,107
capit,64
mutual,63
texaco,26
txu,14
BP,48
fund,51
nobl,16
puget,12
sound,16
virginia,21
T.,16
boon,17
picken,15
neumin,11
sodra,53
skogsagarna,42
Ek,41
ectric,42
natur,30
incorrectli,12
ace,11
Re,19
oversea,11
ltd.,34
nevada,19
9,18
3:10,10
evalu,12
top,53
melissa,22
deal,165
anderson,56
RE,114
novemb,128
separ,6
mulvani,26
patrick,41
wallumrod,15
ellen,29
delahoussay,8
bob,36
log,98
paper,68
weather,10
physic,49
non-termin,29
in-the-money,24
coal,10
furnish,37
sinc,45
OK,8
01,7
8:12,2
howev,46
fyi,15
spoken,5
5:07,3
'todd,3
murphi,13
bowen,6
theriot,3
Y,18
latest,14
....,23
swung,7
merg,9
whatev,10
crude,10
4:58,4
'todd',5
set,36
forth,24
determin,43
respect,21
world,17
whether,32
appropri,19
affili,32
pulp,17
lumber,9
ii,13
commod,15
ie,5
relationship,33
evid,18
handl,35
expedit,12
asap,11
basi,21
4th,12
4:17,10
sevitz,13
moran,26
base,36
upon,24
fmtm,16
11/30/01,17
9:47,4
addit,32
forward,58
shortli,8
todd,4
intercompani,14
contract,87
09,6
definit,7
sourc,13
agreement,266
conduct,7
search,15
2:56,2
12:08,3
hill,10
robin,5
barton,5
've,13
come,39
discov,1
emiss,1
done,24
CP,23
b/c,2
flow,22
instead,3
writer,2
manipul,2
anoth,19
4:35,2
denton,8
rhonda,12
L.,11
4:34,2
discuss,41
sheet,6
O,4
dcaf,2
tagg,10
show,20
part,17
5-9989,2
_dropbox,1
sub-fold,1
end,14
1tagg,1
120101-123142,1
protect,1
nobodi,1
dropbox,1
seven,2
compil,4
red,12
black,4
along,28
blue,4
green,1
obtain,1
specif,16
sitara,8
match,7
cover,16
assumpt,5
told,24
month,31
long,8
overwith,1
leg,5
12/01/01,1
pick,11
ca,7
identifi,11
'm,26
figur,3
suggest,8
appreci,15
give,32
elledg,1
forest,81
provis,72
jennif,63
third,41
parti,63
ecc,35
exist,41
packag,48
newbrough,23
public,34
media,41
review,79
either,28
establish,21
canada,45
and/or,47
disclosur,21
wast,22
gypsum,20
nation,28
gener,40
believ,16
requir,22
lawyer,28
attent,6
24,18
9:53,6
descript,12
ton,7
rate,30
given,11
mention,19
18,37
4:53,8
15th,9
focus,10
b,31
conclus,9
languag,15
employ,10
relat,42
therefor,35
desir,9
and/ecc,8
secur,30
consent,8
made,30
conveni,20
form,36
confidentiality-mast,8
non-standard,8
without,16
non,8
15,35
11:35,9
sorri,26
previou,14
attempt,17
volum,11
associ,22
clarif,17
georgia,10
casella,10
inc,37
US,40
inland,10
rand,10
whitney,10
counterboard,10
norampac,10
atlant,10
mill,12
papier,10
mason,10
mirror,12
macro,10
knight,10
ridder,10
york,15
tembec,10
industri,15
pacifica,13
rock,10
conagra,13
svc,10
frito,11
lay,15
lin,14
dial,12
banc,10
hardi,12
NV,10
appleton,11
merita,10
bank,55
repap,10
brunswick,10
bois,12
cascad,12
caima,12
irv,10
upm,10
kymmen,10
proctor,10
gambl,10
tele,11
713/853-3919,11
713/646-4043,11
afternoon,17
voic,20
anytim,5
3:30pm,4
1:50,3
might,19
later,14
bring,11
speed,4
9:59,4
eim,6
lot,32
understand,17
door,7
raz,5
counterparties1.xl,4
2:43,3
hard,31
caption,22
28,50
thought,26
11:16,10
ectintl,8
10:35,8
......,19
rmt,42
matter,25
1:18,6
forget,10
decid,10
12/1/01,6
sometim,7
12:14,6
midland,3
cogener,7
deliv,31
1:55,1
partnership,9
pass,22
bu,9
taxabl,2
exampl,4
park,21
transport,6
build,30
ecn,4
306,2
offer,25
monthli,4
charg,8
becaus,21
buse,1
fulli,21
subsid,4
treat,3
exclud,2
65,1
remain,16
valu,19
taxat,1
refer,13
imput,1
tax,14
chosen,2
subsidi,1
100.00,1
exclus,3
65.00,1
35.00,1
paul,33
morgan,18
stanley,16
imagin,4
disgust,3
circu,3
guess,14
tell,17
circus,3
bigger,3
better,7
involv,9
busi,29
care,12
04,12
8:34,3
crilli,5
high,14
sudden,4
fame,3
notorieti,3
got,17
say,11
place,28
effect,59
15:22,1
16,22
1992,2
amend,24
isda,51
august,10
1997,2
inquiri,4
nett,2
arrang,14
aforment,2
today,64
______________________________________________________________________________________________________________________________________________________________________________________________________________________________________________________________________________________________,2
8:41,2
ken,5
resign,4
board,47
announc,9
director,12
hi,58
immedi,27
releas,6
said,36
surviv,3
emerg,9
reorgan,2
multipl,4
investig,10
becom,8
distract,1
achiev,4
goal,3
He,37
former,4
stakehold,2
feel,13
interest,43
step,22
loop,5
idea,10
welcom,9
blackberri,1
wireless,1
handheld,1
www.blackberry.net,1
reliant,17
prepay,12
eric,13
boyt,5
gisb,5
activ,20
pete,4
someth,12
eric.boyt,2
gerald.nemec,2
kay.mann,2
stacy.dickson,2
mon,4
feb,2
15:03:50,2
w,3
germani,5
11:20,2
dhont,3
baxter,7
bryce,5
barb,2
garza,17
maria,22
oling,2
kimberli,2
agre,24
sell,9
florida,23
jim,11
713-207-1482,2
wire,15
torr,2
713-207-1471,2
alreadi,22
calcul,7
reliant_prepay.doc,2
rmt/intercompani,3
4:26,4
1:57,4
dtd,2
6/1/2000,2
familar,1
3:17,1
No,73
pager,21
1/11/2002,5
facil,12
oper,18
on-cal,10
p.m.,10
p.m,4
exercis,3
lord,2
713.345.7707,2
edi,6
853-9797,6
1/13/2002,1
ardmor,3
7:00,1
9:00,3
back-up,1
chiller,1
routin,1
AC,1
equip,1
6:00,5
10:45,1
crac,1
shut,1
air,5
handler,1
belt,1
filter,1
drain,1
azurix,4
eb34,3
south,6
field,6
os/2,3
sun/oss,3
telephoni,3
853-1411,3
853-5536,3
sap/isc,3
345-4727,3
284-3757,3
288-0101,3
rus/gops/geotools/apr,3
639-9726,3
oss/ua4/tarp,3
285-3165,3
cpr,10
284-4175,3
327-3893,3
desk,16
888,4
td,36
-trader,3
327-6032,3
brick,22
0,58
rgd,5
x54099,4
9:36,5
evidenc,7
wuld,5
receipt,17
6th,7
rememb,10
almost,2
9,000,1
4:42,2
tier,5
retriev,3
medianew,3
macromedia,2
incorpor,2
british,2
airway,2
plc,4
14,26
merc,4
irrig,2
district,4
eugen,2
water,6
manvil,9
17,14
colorado,6
australia,2
financ,5
pti,2
ltd,9
19,23
knight-ridd,2
20,31
airtran,3
hold,20
analysi,2
4:33,2
gonzalez,19
veronica,17
tiffani,5
3:29,1
found,8
l.p,6
So,6
10:05,5
per,48
sara'a,1
domest,2
binder,47
E,39
1:58,2
baumfield,1
swap,22
v48090.1,2
v48242.1,2
referenc,7
well,69
22,30
dog,11
roll,12
eat,10
cat,9
garbag,6
steal,6
toy,7
behind,9
sofa,6
hous,24
bathroom,6
chew,6
car,7
underwear,6
play,10
toilet,6
2:26,3
jdv,3
collector,3
stuff,4
suddenli,3
stand,7
straight,4
lie,4
coffe,4
tabl,19
fridg,3
they'r,3
gone,7
shake,4
rainwat,3
fur,3
food,7
throw,3
piec,3
carpet,3
sick,4
wastebasket,3
cooki,3
jar,3
human,4
toothbrush,3
crayon,3
pen,3
especi,5
hemorrhag,3
insist,3
rain,3
outsid,10
doorbel,3
bark,3
hear,15
TV,4
mom,6
danc,3
backyard,3
face,12
towel,3
head,14
belong,6
refriger,3
bite,3
mom',3
driver,3
licens,3
registr,3
tug-of-war,3
dad,5
mint-flavor,3
dental,3
floss,3
worm,3
string,3
hang,3
butt,3
oblig,21
around,10
dirt,3
bath,3
bowl,3
never-end,3
suppli,12
stick,3
nose,3
someon,10
crotch,3
21,19
squeaki,3
nois,5
turd,3
candi,3
guy,6
9:33,1
esmeralda,9
keep,15
cle,1
juri,1
duti,2
prefer,39
advanc,10
regular,3
joann,4
rozycki,4
senior,40
eb3880d,3
853-5968,3
joanne.rozycki,3
royal,4
22:14,1
execut,103
essenti,4
An,6
electron,11
'S,2
number,43
kasi,3
IN,12
011-49-221-71-58-195,1
mobil,2
011-49-17-27-25-4058,1
pre-petit,28
2:59,6
post-petit,7
excel,7
misc,6
directori,11
terminations1.xl,3
circuit,4
evacu,3
febuari,1
experienc,4
yesterday,10
turn,14
nearbi,1
construct,1
light,26
rail,1
primari,3
fail,1
typic,1
switch,3
perceiv,1
smoke,3
fire,4
within,18
quickli,8
stairwel,1
heighten,1
inde,1
calmli,2
courteous,1
properti,17
post,8
08,19
10:02,2
organ,15
left,21
voice-mail,3
07,20
5:38,2
right,20
regul,2
ir,1
qualif,1
qualifi,1
postal,1
stock,22
ownership,1
balanc,4
patricia,6
approv,21
5:04,1
weatherspoon,2
author,14
grant,3
sbaile2,2
bai10ley,2
're,6
night,28
6pm,1
4141,4
oberlin,4
chanc,10
kill,1
bird,2
stone,20
annual,11
wo,3
trip,5
stay,17
wine,1
hor,1
d'ouvr,1
livelink,50
url,9
rob,7
difficulti,4
persist,1
.30965,1
01:49,1
iii,1
B,35
three,11
instanc,12
elu,6
//www.generalquarters.com/livelink/livelink.ex,3
//nahou-kmcprm01p/livelink/livelink.ex,3
//edms.livelink.enron.com/ena/livelink.ex,3
goto,1
'chang,1
option,10
'goto,1
pulldown,1
menu,1
'enterpris,1
screen,2
maneuv,3
basic,4
kerri,11
psco,2
room,17
thompson,5
06,7
10:44,2
mercedconfirms.xl,2
eugeneconfirms.xl,2
pscoconfirms.xl,2
11/1/01,3
nbsp,50
BR,40
font,52
face=,31
helvetica,35
sans-serif,35
size=,39
color=,36
/td,45
TD,15
colleg,14
verdana,25
000000,14
br,48
starwood,38
href=,34
/a,27
upromis,8
/B,10
/tr,28
TR,7
width=,34
img,25
src=,25
guest,31
border=,28
free,12
html,8
bgcolor=,7
height=,25
join,14
50,8
spend,10
/tabl,11
0033cc,2
cellpadding=,9
600,3
valign=,15
class=,7
text,2
ariel,2
starpoint,13
reg,8
money,17
college.,2
/font,28
everi,10
//spg.0mm.com/sta143009,2
//image.0mm.com/37194/2002/0206-1/yellow_button.gif,2
hundr,2
child,3
ffff79,2
330066,2
800,2
averag,12
//spg.0mm.com/sta143010,2
promot,15
doctyp,2
-//w3c//dtd,2
4.0,2
transitional//en,2
titl,5
/titl,3
/head,3
bodi,3
ffffff,5
link=,1
vlink=,1
topmargin=,2
marginheight=,2
marginwidth=,2
leftmargin=,2
cellspacing=,8
tr,21
144,1
//image.0mm.com/37194/2002/0206-1/logos.gif,1
440,1
//image.0mm.com/37194/2002/0206-1/header.gif,1
//image.0mm.com/37194/2002/0206-3/we_264_acc.jpg,1
990000,1
sup,3
/sup,3
sleep,1
hotel,22
resort,12
earn,9
famili,11
5,000,1
1,000,5
point,16
thousand,1
lead,3
exxonmobil,1
R,22
Us,1
AT,3
T,5
mcdonald,3
motor,1
border,4
music,1
portion,3
account,33
grandchild,1
love.,1
//image.0mm.com/37194/2002/0206-1/upromise.gif,1
card,16
2,000,1
buy,5
dine,1
1,600,1
roughli,1
distanc,2
325,1
shop,1
onlin,7
membership,9
catch,3
hassl,1
upromise.,1
learn,2
/center,1
year.,1
HR,4
text-onli,3
format,20
//spg.0mm.com/sta143006+susan.bailey,1
subscrib,5
//spg.0mm.com/sta143004+susan.bailey,1
//www.starwood.com/preferredguest/privacy_policy.html,4
privaci,5
policy.,1
//www.starwood.com/preferredguest/terms_conditions.html,4
program,13
conditions.,2
//spg.0mm.com/sta143005+susan.bailey,1
remov,11
slight,6
time.,1
/bodi,3
/html,3
triparti,1
toward,5
star,9
thu,1
approach,3
ew,2
sure,12
humor,1
manner,1
partner,14
.......,2
bng,6
aon,6
reimburs,5
flexibl,6
deduct,4
inquir,3
consult,4
record,6
benefit,4
IT,6
resolv,6
unpreced,2
flood,1
year-end,1
claim,15
assur,4
up-to-d,1
began,2
georgia.fogo,1
Hi,3
littl,10
cnr,5
walker,3
agent,3
shipper,11
sbr,2
x30569,3
stacey,3
purchas,19
96029743,1
pertain,2
meter,1
821443,1
830165,1
830517,1
8350890,1
richardson,1
3:39,1
inlin,7
/o=enron/ou=na/cn=recipients/cn=sbaile2,7
/o=enron/ou=na/cn=recipients/cn=kfarrel,1
2:18:55,1
gmt,7
2:07,1
mous,2
sexi,1
mouse_final.mpeg,1
union,9
area,14
feder,5
expand,3
downtown,3
proud,2
wonder,3
slate,1
sake,1
reflect,10
everyth,2
trustworthi,1
outstand,13
innov,1
expect,10
singl,3
sponsor,4
serv,6
invit,6
worship,1
surround,1
focu,6
full-servic,1
close,16
proxim,1
easi,2
cost,30
AS,3
above-referenc,1
105654,1
quit,2
devx,26
fred,9
ext,21
lagrasta,6
12/2003,6
fixed-pric,6
commerci,8
thk,3
william,88
jason,11
N.,20
earlier,14
convers,5
relev,9
behalf,7
beneficiari,3
ek9320.1,3
bought,3
ek9338.1,3
sold,6
exposur,20
present,12
approxim,7
1,000,000,3
36529,3
33017,3
30511,3
LC,8
jay,9
c,6
tab,4
nell,6
ted,6
efet/eeftl,3
limited/enron,3
2-11-02,2
variou,15
entitl,2
1-3,2
5-8,2
14-16b,2
27,10
31-40,2
41,2
nordea,2
finland,2
42,2
44,2
47-50,2
52-54,2
72,2
79-84,2
88-90,2
99,4
106,2
109,2
116,2
u.k.,2
update/maintain,2
accordingli,4
brown,6
/o=enron/ou=na/cn=recipients/cn=eu/cn=recipients/cn=mbrownin,2
/o=enron/ou=na/cn=recipients/cn=eu/cn=recipients/cn=tmurph1,2
CC,6
/o=enron/ou=na/cn=recipients/cn=sshackl,3
8:55:10,1
formula,2
subpart,2
.....,4
independ,2
unusu,2
seem,4
verifi,12
1:10,2
9:14:06,1
intergr,1
8:49,1
ect.enron.com,2
ei.enron.com,2
ees.enron.com,2
firstname.lastnam,2
domain,1
decommiss,4
notifi,6
enron.messaging.administr,6
cooper,15
Co,3
cason,1
sharen,1
pugetsoundenergy.xl,1
nevadapower.xl,1
txuenergytrading.xl,1
electric.xl,1
energy.xl,1
creation,1
bold,4
beleiv,1
above-ment,2
-tier,1
9:29,1
NO,2
1-15,1
gift,9
christma,4
wrong,4
jerk,1
orthodox,1
late,3
-dan,1
1/14/02,1
efet,1
craft,1
propos,18
revis,2
clay,13
yield,9
shot,9
javelina,6
stomp,6
amherst,6
custom,25
strategi,9
prepay-,6
ment,6
mcleroy,6
feet,5
front,9
veri,21
snort,5
mountain,5
smoki,5
male,4
larg,11
paus,4
consid,19
shit,4
smtp,4
dmcleroy,3
asglp.com,3
directli,12
realli,11
shoulder,3
insid,6
'd,5
race,3
eye,4
fast,3
mouth,3
shotgun,3
OH,3
boot,3
babi,3
solicit,3
commun,12
adopt,5
engag,5
transac-,3
tion,3
fit,4
portfolio,3
advisor,3
consist,7
spread,5
met,4
significantli,3
affect,3
life,7
cmo,3
react,3
condit,9
crosswel,2
donni,3
crawford,2
true,3
ago,5
smountain,3
triactive.com,3
fwd,2
stare,2
sow,2
predat,2
scent,2
squar,2
small,7
trail,5
block,4
escap,2
mayb,11
min,2
ground,4
never,9
damn,2
wide,2
inch,2
somehow,2
aim,2
level,9
knock,2
knee,2
breath,2
came,3
blood,4
kid,3
Mc,2
fun,4
town,8
jogger,2
10:22,1
Al,1
nanc,1
bobbi,1
mulvey,1
bradi,1
martin,6
duke,13
zarr,1
gillespi,2
duncan,1
lamm,1
covert,2
gib,1
surl,1
greg,5
cochran,1
holcomb,2
franklin,2
hamilton,2
mathew,1
zander,1
finucan,1
pratt,3
rick,5
mcconn,1
obrien,1
rori,1
aaronson,1
sammi,1
loerch,1
marix,1
stori,2
smokey,1
10:10,1
wildlif,1
11:24,1
'wcraven,1
flash.net',1
test,15
went,5
ya'll,1
ranch,1
truli,4
wild,1
saturday,17
ran,1
piglet,1
w/out,3
cammo',1
creatur,1
caught,1
middl,3
game,3
neither,1
fraction,1
importantli,1
thick,1
prickli,1
pear,1
cactu,1
outgrowth,1
incred,4
cool,4
moment,2
hightail,1
wet,1
snout,1
occasion,1
flare,1
blotch,1
pink,2
nostril,1
took,5
pronounc,3
bent,1
mid,2
deliber,1
thump,1
inhal,1
deep,1
audibl,1
dude,1
weigh,2
lb,1
exactli,2
scare,3
adrenalin,1
heart,1
slightli,4
honestli,1
troubl,7
doubt,1
gotten,2
lost,5
nerv,1
3-5,1
slowli,1
side,3
plug,1
motion,2
appar,1
target,10
surreal,1
qualiti,2
slow-mot,1
freakishli,1
incisor,1
teeth,1
bottom,5
jaw,1
jut,1
simultan,1
sens,1
instantan,1
hip,1
thumb,1
safeti,1
oncom,1
cours,8
hair,5
gaug,1
slug,1
blew,1
fairli,3
hole,1
momentum,1
carri,7
shin,1
splay,1
stomach,1
flat,1
clutch,1
fall,1
wind,1
gun,1
pig,1
movement,1
whatsoev,1
eerili,1
quiet,1
felt,3
strang,3
breez,1
crash,2
brush,4
explod,1
thicket,1
holi,1
kneel,1
chest,1
fifteen,1
blast,1
lift,1
horror,1
previous,4
seen,3
twice,1
grizzl,1
tusk,1
liter,1
gleam,1
'hi,3
ammo,1
frankli,1
noth,7
mind,3
yell/holler/demand,1
loudli,1
DO,3
bammmmm,1
glu,1
boar,1
nail,1
spot,3
kick,1
giant,1
invis,1
stop,1
mesquit,1
tree,3
dead,1
stink,1
everywher,1
yell,1
rest,4
leaf,1
laugh,6
javalena,1
dust,1
pant,1
rip,1
cleanli,1
sheer,1
ankl,1
calf,1
skin,1
nick,1
mannnn,1
big,5
gon,1
na,1
witht,1
touch,5
dave,6
parent,5
evans',1
rent,3
evan,2
arriv,2
midday,1
raincheck,1
bit,2
9:55,1
mcleriz,1
clare,1
readi,2
waco,1
grey,1
bar,3
cousin,1
roomi,1
3-2,1
mile,1
1st,10
presid,7
5k,1
w/,17
g.w,1
15.00,1
t-shirt,1
approx,1
500-750,1
runners/walk,1
aprob,1
taliban,1
stroller,1
mine,1
4pm,4
destin,5
setup,3
admin,6
6:04,1
harlan,5
A.,6
palmer,2
lizzett,2
carnahan,3
kathleen,3
R.,39
pai,2
J.,7
erwin,2
kenton,2
karen,3
rasmussen,2
dale,3
rigbi,2
dypiangco,2
thorn,1
D.,2
synchron,2
allow,8
7:01,1
strongli,2
shortcut,2
favorit,4
reserv,43
acquisit,34
oil,31
refin,22
partial,13
anadarko,10
-execut,9
11/20/01,9
payment,70
amoco,8
coastal,6
genesi,6
navajo,14
statoil,7
unoc,6
octob,14
l.l.c,7
tomorrow,13
1:47,3
liquid,4
possess,11
fully-execut,3
track,16
erac,3
mid-novemb,3
march-april,3
11/27/01,3
12:02,2
ellenberg,1
Q.,1
EB,9
3820,1
dicarlo,82
loui,102
research,4
2:28,2
matrix,5
miss,7
least,3
deutsch,4
AG,2
branch,2
hallwood,3
igi,2
njr,2
repli,25
PS,3
713-345-4666,33
louis.dicarlo,33
3:53,2
refresh,1
defin,5
suggi,3
love,29
sbailey,2
crusescott.com,2
10:39,2
epmi,14
beth,11
terminait,5
nui,8
properli,2
transat,1
11:15,5
apollo,9
8:48,3
wherebi,5
wherein,5
paid,24
confim,4
541,000,4
21,521,740,4
constel,6
42,000,000,4
724,333.25,4
12,163,283,4
broker,4
42,900,000,4
7,063,860,4
6,000,000,4
sempra,6
19,750,000,4
25,000,000,4
2,500,000,4
PG,5
trading-pow,4
5,000,000,4
spragu,4
14,000,4
thermo,4
274,396,4
ugi,4
1,460,000,4
fargo,4
n.a,5
43,638,4
32,280,4
itm,5
multi-pag,1
printout,3
cob,1
2/1/02,1
broken,1
gas-phys,1
fuel,1
llc,6
ormet,4
aluminum,1
san,7
diego,6
shift,4
10:21,2
mcmichael,8
jr.,8
thiel,3
kaolin,3
cp,25
17.4,2
12.1,2
2:49,1
hall,7
couch,1
mirob,16
angelo,27
chilkina,1
elena,1
rostant,1
justin,1
tian,1
yuan,1
million,8
358.3,1
coral,1
133.4,1
pmi,1
80.6,1
75.8,1
pseg,1
55.3,1
aig,9
50.6,1
38.4,1
36.8,1
conectiv,1
35.2,1
wp,1
32.4,1
imperi,4
commerc,1
30.4,1
fpl,8
28.6,1
jpmorgan,1
chase,6
25.8,1
arizona,1
21.9,1
firstenergi,1
20.6,1
bnp,1
pariba,1
20.4,1
19.7,1
midamerican,1
vitol,1
17.1,1
occident,1
15.0,1
petroleum,1
14.3,1
pc,37
nitrogen,7
fertil,2
14.2,1
enbridg,1
u.s.,4
13.7,1
cm,1
13.1,1
12.5,1
tudor,1
proprietari,4
e,4
prime,3
agenc,3
12.0,1
garden,1
11.6,1
a/r,5
a/p,1
obr,12
ladies-,2
questionnaire/evalu,2
notebook,2
input,2
eval.,2
tel,5
281-277-6292,2
tami,10
grubb,7
comm,2
aff,2
coor,2
jlh,4
jlh-obr,2
inspir,4
questionnair,4
word,8
wordperfect,2
unicod,2
underway,2
togeth,14
milbank,2
tweed/,2
one-way,2
claus,3
recipi,29
rosman,1
stewart,1
decemb,19
26,26
11:37,1
align=,17
3333cc,10
arial,19
div,7
/div,7
/b,9
35,6
p,6
/p,4
colspan=,5
alt=,22
551,2
550,8
113,2
//spg.0mm.com/sta133012,2
108,2
215,4
hr,4
meta,1
http-equiv=,1
content-typ,1
content=,1
text/html,1
charset=iso-8859-1,1
text=,1
70,3
54,1
//image.0mm.com/37194/2002/0109-1/logobar_blue.gif,1
55,1
spg,1
brand,1
339,1
//image.0mm.com/37194/2002/0109-1/header_save_35_003.gif,1
336,1
//image.0mm.com/37194/2002/0109-1/header_save_35_004b.gif,1
amp,1
rowspan=,1
//spg.0mm.com/sta133013,1
hawaii,1
mexico.,1
special,10
reward,7
membership.,1
anywher,1
SM,2
//image.0mm.com/37194/2002/0109-1/balharbour.jpg,1
346,1
205,1
hspace=,5
vspace=,4
//spg.0mm.com/sta133014,1
//image.0mm.com/37194/2002/0109-1/escapetoday.gif,1
114,2
//spg.0mm.com/sta133015,1
//image.0mm.com/37194/2002/0109-1/jointoday.gif,1
91,1
//spg.0mm.com/sta133016+susan.bailey,1
friend,4
getaway,2
1-877-starwood,1
code,3
r35,1
0000ff,1
//spg.0mm.com/sta133017+susan.bailey,1
//spg.0mm.com/sta133018+susan.bailey,1
//spg.0mm.com/sta133019+susan.bailey,1
//spg.0mm.com/sta133039,1
19th,2
birthday,2
holiday,12
extra,3
21st,2
happi,13
7:18,1
respond,7
12:54,1
auditor,2
doc,2
list.doc,1
aol.com,25
swbell.net,8
houston.rr.com,6
jg77063,5
msn.com,4
leagu,2
in-box,1
quarterli,2
7:19,1
cptemp,2
ksgoodman,2
ecarlyl,2
dmabl,2
duke-energy.com,2
mhnewton,2
padavis1,2
mkarenkelli,2
kw4025,2
hilaryhayni,2
email.msn.com,2
htripodo,2
grindingsource.com,2
wpmtlm,2
afrankfort,2
khreid1,2
jeanni,2
millenniumdesignsinc.com,2
bblooser,2
tlathrop,2
mward23,2
sllawhon,2
sbs005,2
non-terminated/in-the-money,1
thiele-kaolin,1
accord,12
gtc,4
mysteri,1
half,1
noon,8
mail.enron.com,2
//mail.enron.com,1
unavail,6
11:00,2
a.m.,6
12:00,4
although,1
intermitt,1
problem,4
throughout,4
short,2
apolog,2
inconveni,2
lose,3
cutiest,1
absenc,5
extrem,1
alway,12
though,3
drop,6
line,5
fair,1
news,1
boss,1
taken,1
sister,1
sciullo,7
glad,10
march,137
1998,4
aron,3
suffer,2
migrain,1
3:21,1
smud,1
weezi,1
gatekeep,1
dorothi,5
WE,2
ON,5
sunday,8
MY,2
law,19
2/21/02,1
10:19:38,1
eastern,4
write,6
pleasant,3
flew,1
phil,1
flight,1
conn.,1
spent,1
hospit,2
father,4
ant,2
8:00,3
11:30,2
statu,10
mother,2
UP,1
SO,7
leonard,13
2/25/02,1
14:38:12,1
equiserve.com,1
indic,11
lunch,15
plant,18
komp,6
horticultur,3
sale,32
sticker,3
leas,6
plaza,2
plu,3
49,4
rather,6
16th,3
2:00,2
escal,1
guidelin,1
price,14
desk-top,1
pot,1
plastic,1
chrome,1
bronz,1
themselv,3
pick-up,2
inspect,1
premis,1
hensch,1
35522,1
meyer,11
held,6
bldg,4
by-law,4
advisori,7
encourag,5
1919,4
braeswood,4
corner,4
greenbriar,4
garag,9
guard,4
tpf,5
kien,19
luu,13
kien.luu,4
713-345-3281,4
pin,4
8803f8c7,4
chick,3
phillip,3
aker,5
phoenix,3
tower,3
12:35,2
follow-up,3
tech,3
11:57,3
kien.vcf,3
wpa,5
apprais,3
fee,2
pirro,1
west,6
penn,1
moni,6
burger,1
king,4
willow,3
farm,3
constitut,1
kathryn,4
bod,2
conflict,1
12:06,1
jones-smith,1
talamini,2
herron,3
christoph,4
baldez,3
hannon,2
bernick,2
bradford,5
glenn,2
johnson,2
graci,4
mcclure,4
jeani,2
jessica,2
tomford,2
joy,2
griggsbi,2
berg,2
heller,2
mcelligot,2
strother,2
salazar,2
hereford,3
glist,2
louis,2
bayless,2
parsley,2
linbeck,2
rachael,3
reed,2
royer,2
pressler,3
1:12,1
dona.carmoni,14
ourclub.com,14
dona,10
firm,24
brock,1
VE,1
facial,2
9th,3
10:52,1
hernandez,6
witciti,7
yuk,6
nancey,4
elfwork,4
//207.36.66.38/enron/index.htm,4
nhernandez,2
adolphus.com,2
2:35,2
e-mail\,2
mac.com,2
10:37,2
lind,2
wise2,2
balzer,2
carlock,2
bruton,2
merriel,2
jane,4
everitt,2
mallett,2
RW,2
dr.,2
dwight,2
jackson,3
newcomb,2
shanna,2
herbert,2
stephen,6
horn,2
jack,2
maggio,2
joel,5
mccoll,2
mclendon,2
thad,2
rosenfeld,2
shana,2
2002.url,2
mar,1
download,1
wendy.burk,1
sbcglobal.net,1
9:56:58,1
demand,132
spoke,6
4:13,1
bridg,13
baughman,1
advers,1
court,4
formul,2
subcommitte,2
intend,27
prioriti,10
negoti,6
formal,1
career,1
sincer,2
regret,4
debtor,1
accustom,1
outlin,1
confid,1
implement,4
align,1
object,6
preserv,2
maxim,2
essenc,1
regularli,1
hand-in-hand,1
grasp,1
tediou,1
unfortun,3
lack,1
led,2
unrealist,1
massiv,4
rational,2
compel,1
time-intens,1
explan,1
excus,1
commit,2
anticip,1
non-debtor,1
meantim,1
final,15
merit,2
increas,13
across,2
entir,5
reorient,1
session,6
5th,4
7th,3
conferenc,11
worldcom,7
confer,6
strateg,2
audio,2
derryl,1
cleaveland,1
sr.,7
substanti,5
compar,3
favor,1
reduct,1
benefici,1
enclos,6
profil,1
torri,1
rhode,1
713-651-3278,1
sandra,1
audrain-gorri,1
713-888-1369,1
goebel,4
director-it/telephoni,1
713-345-3325,1
golf,1
toledo,1
bend,1
sat/sun,1
4:36:16,1
rand-whitney,2
n/k/a,1
norsk,4
skog,4
pac,2
n.b,2
companhia,2
de,2
celulos,2
cst,7
pr2,2
implic,3
commenc,2
4,2002,1
31,2003,1
pay,21
non-pay,1
begun,2
suspect,1
intent,8
not-pay,1
baltimor,2
brian,6
russo,4
410-783-3623,2
default,22
BG,4
843-871-3200,1
203,3
maynot,1
arbitrag,6
9:35,3
obvious,4
therein,5
clinton,3
rochest,10
coast,3
divis,5
cornerston,3
kern,3
u.,4
municip,3
Of,4
trc,6
lauscha,3
fiber,3
whirlpool,9
central,5
illinoi,3
eott,6
tri-stat,9
transmiss,11
scana,3
totalfinaelf,3
thx,2
3:49,1
debbi,4
716-771-4739,1
metal,2
citizen,1
tennesse,1
counti,4
3/1/02,1
missi,1
anci,1
423-569-4457,1
0202112,1
incorrect,1
2/5/02,1
362,476.97,1
ref,1
2511,1
14,645.03,1
owe,7
commiss,1
appli,9
discretionari,1
29th,4
13th,2
17th,3
southern,9
2:17,3
eei,4
96096123.pdf,3
channel,4
whicb,1
10:59,1
footer,1
stamp,1
confus,5
wrt,3
daili,15
jacobi,2
pjacob,2
wexford.com,2
9:57,1
burner,1
yd2437.1,1
o/,1
862-7074,1
862-7374,1
m.d,1
coach,1
andrew,5
accommod,1
donor,1
health,2
3-6100,1
health.cent,1
visit,8
//hrweb.enron.com/wellness/healthservice/blooddrive.asp,1
ehronlin,4
categori,2
payrol,4
paycheck,3
particularli,1
deposit,10
w-4,1
P,3
non-payrol,1
re-ent,1
rais,2
8:45,1
written,3
tommorrow,2
3:00,3
simon',3
832.824.2858,2
bill,10
o'brien,3
860-665-2376,2
pull,4
talk,12
cite,2
46,564,2
ev3943.1,2
offset,3
upstream,3
myra,1
gari,1
870-725-3611,1
3/5/02,24
02,3
eticket,1
2733a,1
leticia,2
pickup,2
8:30,4
4:30,4
pm,4
realiz,1
johnni,3
ross,2
713-345-3640,2
burlington,1
CG,1
plaeger,1
713-624-9161,1
austin.w,2
lilli,17
fli,2
3/15/02,4
1pm,2
usual,4
somewher,5
margarita,3
mexican,3
q,3
disput,4
attorney,2
contend,1
holdback,1
clearli,1
page,3
rescind,2
reopen,1
3/8/02,4
5:31,1
inflow,8
combin,4
exce,3
shielah,16
gave,5
1:48,3
fact,5
12:59,5
030602daili,5
flow.xl,5
valid,9
3/6/02,5
consider,5
larger,10
0.75m,5
vs.,5
0.64,5
castro,13
743,044.00,2
364,3
020168809,6
96,200.00,2
0202142,6
118,160.00,2
020169166,6
150,427.00,2
01121094,6
105,760.00,2
01121761,6
169,616.50,2
0203094,13
102,880.00,2
7,686.87,6
4:03,2
shoup,16
cynthia,21
713.853.4315,2
713.646.2496,2
F,4
shielah.castro,2
3:24,2
observ,4
luther,2
thanksgiv,16
memori,1
labor,1
septemb,3
column,6
4:23,2
unknown,1
pappasito,1
1:00pm,2
Oh,1
4:00pm,1
plenti,1
leisur,1
2:05,1
girl,4
basil,1
dinner,2
dawn,1
rendev,1
hunt,1
drink,5
sat./sun,1
3-6-02,2
716,1
771-4739,1
10:53,1
telephon,1
typo,1
9:25,1
.xl,1
belco,2
dte,2
texland,2
mike,4
log.xl,4
math,9
logger,6
teach,5
truckload,4
profit,5
kroll,2
heather,3
charli,2
vetter,2
bhabi,2
4/5,2
80,2
cut,3
11:36,1
11:32,1
swan,1
jafri,1
rahil,1
11:27,1
rorschach,1
reagan,4
pagan,1
ozzi,1
bagwel,1
marshal,1
mccaleb,1
heuertz,1
kelli,3
1950,1
1960,1
1980,1
underlin,2
1990,1
By,10
beauti,1
topic,1
anim,1
120,1
arthur,1
andersen,1
margin,3
60,3
nyse,5
common,3
criteria,2
quotat,2
over-the-count,1
otc,4
symbol,1
enrnq,1
exchang,12
delist,1
suspend,4
appeal,1
websit,2
www.nyse.com,1
fell,1
less,1
1.00,1
consecut,1
trading-day,1
bureau,2
12:29,1
obviou,2
12:26,2
12:20,3
mtm,13
int,4
l,4
8.6,3
kerr-mcge,3
En,3
3.6,3
9.3,3
0.2,3
21.7,3
verbal,9
ceo,10
interim,7
interview,3
credibl,1
advoc,1
restructur,6
chief,9
//home.enron.com/updates/articles/lawsuits.html,1
AP,4
rebirth,1
//home.enron.com/updates/articles/notimpossible.html,1
salvag,1
collaps,1
hurdl,1
//home.enron.com/updates/articles/salvaged.html,1
washington,4
turnaround,1
expert,1
biggest,2
challeng,2
//home.enron.com/updates/articles/crashcourse.html,1
reuter,1
exec,1
Ch,1
11-ceo,1
//home.enron.com/updates/articles/execsstay.html,1
dow,1
//home.enron.com/updates/articles/auditors.html,1
chronicl,4
//home.enron.com/updates/articles/utilitysale.html,1
cbsmarketwatch,1
root,1
//home.enron.com/updates/articles/roots.hth,1
3/4/02,2
batch,2
1:16,2
miller,3
asset,3
mktg,3
-draft-,3
eventu,1
11:31,1
ext.33278,1
35014,1
ub,11
speak,7
opportun,11
job,3
labb,1
5-7809,1
fallon,3
delainey,1
executori,4
safe,2
harbor,2
armogida,2
borgman,2
lain,2
freeland,2
clint,3
9:54,1
reread,1
misspok,1
-pleas,1
ignor,1
9:38,1
somebodi,1
-mayb,1
joke,1
3:07,3
calm,2
wait,9
bear,7
walk,9
11,2002,1
14,2002,1
37328,1
Be,1
lookout,1
startrust,1
teller,1
quicklink,1
loan,1
portal,1
24x7,1
formerli,1
YB,2
5708.1,2
5833.1,2
2/27/02,2
ray,5
enforc,6
dick,1
lydeck,1
carson,1
donna,1
lowri,1
opinion,2
feb02,4
agg,2
summari,2
3:09,1
tract,5
gain,5
emmerich,4
real,3
event,6
assum,6
loss,5
11:28,1
'clint,1
bateman',1
dear,1
packet,1
round,2
await,3
lincoln,1
insur,2
character,1
particular,7
adjoin,1
coupl,7
facilit,2
acreag,1
correspond,1
subsequ,1
subtract,1
proce,1
rough,2
26,000,1
19,000,1
salari,1
somewhat,1
interest/,1
mid-2000,1
comfort,2
estim,4
p.,1
extraordinari,1
waysid,1
srb,1
camp,5
kick-off,2
venu,1
tonight,2
77005,1
U,1
academi,1
713-669-9467,1
handwritten,3
832-824-2858,1
party/meet,1
4807,1
fern,1
77401,1
bellair,1
blvd,2
evergreen,1
713-667-6852,1
beverag,1
casual,1
cap,2
pat,13
40m,2
caus,2
39m,1
settl,1
ultim,2
wear,1
3/11/02,1
nice,2
grate,1
patient,1
kind,6
social,2
certainli,1
12:19,1
ginter,1
act,3
empir,1
210.00,1
210,1
mar02,5
275,466,2
jan02,3
132,370,1
143,096,1
3/12/02,1
charl,4
april,2
iren,2
funk,1
brenda,2
essig,1
mcnamara,1
wyndel,1
almoina,1
denis,1
mckeever,1
darlen,1
sharon,1
scrudder,1
baumgardn,1
trevino,1
maricela,1
muchmor,1
karathano,1
gina,1
delahay,1
pinder,1
lori,1
whomev,1
secretari,1
3-5255,1
caller,1
303-978-4965,2
hep,1
pure,1
12/3/01,1
blake,4
est,3
softwar,22
sector,7
siebel,8
bea,5
strong,4
growth,4
technic,4
2003,4
ubspainewebb,4
econom,3
recoveri,4
quarter,3
overweight,3
SB,3
crm,3
driven,3
discount,3
enterpris,4
ubsw,3
ep,3
msft,2
technolog,2
manufactur,2
43,2
core,2
fastest,2
grow,3
billion,2
=bc,2
=bd,2
resist,2
17,500,2
cycl,2
competitor,2
p/e,2
transmit,2
tip,1
pohl,1
pain,1
webber,1
412-288-5202,1
brophi,1
12:47,1
gearti,1
C.,7
sunshin,1
jeremi,1
invest,3
weight,2
bullish,1
105.00,1
stimulu,1
bush,1
increment,2
acceler,1
jump,1
1/1/05,1
gdp,1
lower,9
unemploy,1
deploy,2
budget,1
sebl,1
leadership,3
20-25,1
retail,3
govern,10
strongest,1
standpoint,1
leader,1
pack,1
forc,1
1.6,1
cash.=20,1
2004,1
1.06,1
1.5,1
PE,1
peg,1
ratio,1
.=20,1
37,2
56,1
infrastructur,1
revenu,1
gartner,1
12,500,1
2100,1
weblog,1
simplifi,1
decreas,2
agil,1
impress,1
bea',1
beat,1
1.4x,1
cy03,1
.52,1
sbuy,1
european,1
tough,1
fortun,1
500,4
erp,1
scm,1
chain,1
productivity.=20,1
14bn,1
sap',1
r/3,1
mysap.com,1
coincid,1
forecast,4
cycle.=20,1
weak,1
comp,1
closest,1
70x,1
43x,1
33x,1
40x,1
cup,1
31-32,1
37-38,1
break,1
break-out,1
initi,4
low,2
secondari,1
40's=20,1
4.50,1
monitor,1
content,4
gray-shad,1
annuiti,2
classif,1
4:54,2
busineau,2
beeen,1
shade,3
easier,1
3/13/02,2
3/14/02,1
1:28,1
SS,1
pictur,1
69,000,1
vh6425,1
jun02,1
nymex,6
abc,5
susan/samantha,2
12:05,2
it/them,2
assert,1
2:44,1
categor,1
12:07,1
17,2002,2
pr1,1
spr5db00,1
bbp,1
2.0,1
abstract,1
kenni,1
shih,1
800-307-9118,1
26th,3
rohauer,3
tanya,4
max,6
FP,2
L,7
duplic,2
1:23,1
jeffrey,1
one-off,1
largest,4
perspect,2
10:00,1
brackett,1
doner,1
9:51,1
cashin,1
janin,1
valderrama,1
jacob,1
borgmey,1
unwind,1
21,064,010.57,1
6,965,765.30,1
22,077.24,1
shari,4
mao,3
kevin,3
shiver,3
lynn,3
sweeney,2
holzer,2
mausser,1
AR,2
vernon,2
lillian,2
541,925,1
newsmedia,1
243,500,1
3-3859,1
9:19,2
10-15,1
overal,1
collater,4
overlap,1
pscc,1
promis,3
reclassifi,1
rerun,1
apr02-forward,1
supposedli,1
mediagen,1
newyortim,1
randomh,1
dispatchpricom,1
georpa,1
kimballmilcom,1
smurfitpaccor,1
tzacqcor,1
zakiyyah,4
otter,3
9:28,1
2:53,1
munoz,1
victor,1
anyway,1
OT,1
cell,11
Ok,2
airport,1
2pm,1
sak',1
double-discount,1
mall,1
slower,1
713-540-0447,1
bye,1
Am,2
lilly-today,1
sugarbear,3
6:30pm,1
edward,15
electonic/pdf,6
raj,13
electronic/pdf,11
supplement,6
appt,2
4:30pm,1
10:51,1
broad,1
vepco,2
close-out,2
remaind,1
trainer,1
skip,1
10:06,3
pappasitto,1
ourselv,3
leo,1
radkowski,1
303-978-3563,1
radkowsk,1
jm.com,1
prospect,1
inclin,1
road,3
slip,7
airfar,1
ecn2733a,1
interoffic,2
earliest,3
2/15/02,2
npc,2
delinqu,1
payer,1
dll,3
7:41,1
1400001303,1
0202437,1
1,473,836.00,1
rich,1
dimichel,1
elect,2
leff,1
sempl,1
zolfo,2
capac,1
fallout,1
non-paid,1
pursu,1
plot,1
eneri,1
acct,1
clear,4
disregard,3
redlist,1
season,8
ticket,4
astro,2
seat,2
potenti,7
buyer,2
linnel,2
basebal,1
rang,1
2,490,1
3,237,1
club,2
lotteri,1
x33896,1
rachel,1
tobor,1
x31481,1
traci,6
europ,2
mccormack,1
7:02,1
gmbh1.pdf,1
uk.pdf,1
bv.pdf,1
limited.pdf,1
3/20/02,3
713-646-4818,1
505-748-6742,1
ddl,2
watch,2
admit,1
ball,1
kona,7
houkona,4
281,4
thax,1
9:44,2
hereto,7
trader,5
hedg,2
proceed,11
ryan,4
youngblood,2
363,2
sam,9
pkwi,2
1100,2
77060,2
820-7889,2
f,2
820-7815,2
RG,3
dec-01,2
anyth,4
analyz,1
7:38,1
4:00,4
3:57,1
afraid,3
okay,1
3:46,1
136,566.60,1
163,766.50,1
258,413.20,1
0201416,1
jan-02,1
275,900.00,1
dec,2
294,190.00,1
3:13,1
801,303.20,1
786,815.26,1
overdu,1
feeler,1
5:27,1
0201414,1
258,403.20,1
nov01,1
01121913,1
252,450.03,1
dec01,1
01122168,1
275,962.03,1
lockbox,1
difficult,4
uncov,1
shipment,15
_______________________________________________________________,9
21-march-2002,3
ship,3
randal,1
theall,1
NY,2
105801450,1
1z7261100192688747,1
105465,3
//wwwapps.ups.com/ietracking/tracking.cgi,3
tracknum=1z7261100192688747,1
iata=u,3
lang=eng,3
Or,3
//www.ups.com/tracking/tracking.html,3
herebi,3
dissemin,3
strictli,8
discontinu,5
___ddbddbublmlm___,1
ldngc,1
seri,1
14000,1
quail,1
spring,1
parkway,2
oklahoma,1
citi,7
731342600,1
1z7261100190720955,1
tracknum=1z7261100190720955,1
___ddbddb2dhaha___,1
molli,1
sampl,7
briar,1
lake,1
400,4
77042,1
1z7261100194491366,1
tracknum=1z7261100194491366,1
___ddbddbeiujuj___,1
super,1
IF,3
prob,1
ME,1
bjorn,1
bullet,1
volunt,6
comparison,1
forgot,2
major,2
undertak,1
hold-up,2
salli,5
strawni,5
henderson,4
icu,3
billi,3
shepherd,2
calli,2
moodi,2
cara,2
beckcom,2
standiford,2
sherbert,2
mctaggart,2
elmor,2
derrick,2
dinora,2
glenda,2
hitt,2
janic,2
F.,2
mangum,2
joyc,2
chamber,2
poe,2
kate,2
carlin,2
nettl,2
matthew,4
prewett,2
merritt,2
marinelli,2
monica,2
andru,2
pegi,2
regina,2
cruse,2
ashley,2
vivian,2
clawat,2
surgeri,2
flower,3
12:18,1
allison,1
heavili,1
sedat,1
arm,1
3:18,1
nurs,1
station,1
balloon,1
presbyterian,1
luke,1
medic,1
1719,1
ave.,2
denver,2
CO,1
80218,1
pod,1
D,6
303/839-6891,1
20th,4
11:39,1
'best,1
cwt.com',1
11/17/2001,40
11/18/2001,20
11/16/2001,8
layout,17
malcolm,4
713-345-3716,4
erm,4
enpow,9
S,7
efm,3
N,3
tim,2
hudson,2
713-853-9289,2
nahou-msdev01p,2
nahou-msmbx01v,2
10:00:00,8
8:00:00,3
skywalk,2
patch,2
standbi,2
3ac-17,2
vm,2
nahou-ordb07p,2
W,4
K,2
M,3
V,2
5:00pm,3
12:00am,2
seee,1
nahou,1
node,1
defragment,1
storag,7
reclaim,1
un-us,1
nahou-sqefm01p,1
nahou-sqlac01p,1
mssql,1
6.5,1
mallari,1
mccrori,1
853-5749,1
kogotkov,1
345-1677,1
hardwar,1
713-284-4175,1
test/dev,2
ferrari,2
modena,1
trout,1
cypress,1
bravo,1
enw,2
resync,1
chewbacca,1
config,1
reboot,1
2:00:00,1
foxtrot,1
acta,1
pwrprod1,2
tantra,2
invedi,2
853,1
4304,1
EI,1
El,2
instal,5
35th,1
3ac,1
713-345-8111,1
jon,1
713-345-7570,1
engin,1
charlen,1
fricker,1
713-345-3487,1
dbase,1
DB,1
devol,1
713-345-8970,1
regist,6
senat,10
oliv,8
sir,8
osama,6
bin,7
laden,7
terrorist,6
threaten,4
olli,4
video,4
'no,4
'becaus,4
it',2
pretti,2
hindsight,2
listen,4
univers,2
lectur,2
iran-contra,2
god,2
countri,3
degre,2
stun,2
grill,2
'did,2
60,000,2
'ye,2
audienc,2
'isn't,2
excess,2
'threaten,2
'bi,2
'terrorist,2
'whi,2
man,2
evil,2
aliv,2
'and,2
'if,2
assassin,2
elimin,2
men,2
earth,2
disagre,2
clip,2
scari,2
threat,2
tyrant,2
untend,2
viru,2
713-345-3317,5
yk1853.1,2
pend,6
nidia,1
mendoza,1
2808,1
713/853-4868,1
713/853-9476,1
nidia.mendoza,1
darren,12
ya8712.1,4
10/18,2
older,2
aug,2
vanek,7
9:49,2
deme,2
ya8014.1,2
YA,2
8045.1,2
ya7919.1/.2,2
ya7769.1/.2,2
larson,1
omnibu,11
guarante,14
c/p',1
georgia-pacif,1
subsidiari,1
harmon,1
maribel,1
monterrey,1
853-9048,1
853-9476,1
maribel.monterrey,1
785-6152,1
bonu,11
1K,6
elig,6
sheraton,9
________________________________________________________________,2
bonus,2
award,4
//spg.0mm.com/sta119001,1
continent,1
westin,6
regi,2
luxuri,2
//spg.0mm.com/sta119002,1
//spg.0mm.com/sta119003,1
//spg.0mm.com/sta119004,1
sunday-thursday,1
2-3,1
void,1
typograph,2
non-particip,1
//spg.0mm.com/sta119005,1
//spg.0mm.com/sta119006+susan.bailey,1
//spg.0mm.com/sta119007+susan.bailey,1
statement,3
//spg.0mm.com/sta119009+susan.bailey,1
J,1
8:46,1
arli,1
schult,1
betti,1
ladish,1
kuen,1
cliff,8
cullen,1
brack,1
deborah,1
bolin,1
barn,1
lorm,1
rauch,1
ralph,1
birdman00,1
gill,1
westbrook,1
sharron,1
hick,1
dorsey,1
fleme,1
rosale,1
set-off,4
gentlemen,3
redlin,7
legal\credit,1
gasolin,4
mr.,3
usag,2
oppos,1
practic,1
hey,1
dsciullo,1
bw-legal.com,1
4:40,1
nickel,1
dime,1
scheme,1
reiburs,1
12/31/01,1
deuction,1
11/16/01,1
09:23,1
ledger,1
donato,1
cars/vehicl,1
privileg,5
sender,5
bind,5
reli,5
estoppel,5
vladimir,2
gorni,1
ernst/young,1
valuat,1
12:04,1
wendi,13
derek,12
altaga,8
mac,3
threshold,6
pinto-leit,3
3888,2
713-345-7942,2
fax:713-646-3490,2
fleit,2
conwel,4
kortney,3
ngo,3
radou,3
ranc,3
sack,3
CW,4
calgari,4
draft,9
cw.xl,3
1:11,1
celebr,2
recogn,3
honest,1
feedback,1
mix,1
uniqu,1
spirit,3
improp,1
circumst,1
all-enron,1
transpir,1
imprud,1
incur,1
usd,6
site,2
//cr.enron.com/eia.html,1
win,1
cirqi,1
du,1
solei,1
saint,1
nichola,1
nutcrack,1
noah,1
daycamp,1
children,3
disast,1
fashion,1
luncheon,1
watcher,1
my.home.enron.com,1
set-up,1
eia,1
cyndi,1
balfour-flanagan,1
sheeren,1
staff,13
cowork,1
panaco,1
yj4705.1,4
yj4707.1,4
yj7870.1,4
yj7870.2,4
correctli,5
rebook,1
internationl,1
10:41,1
cisnero,1
celest,1
petrificu,1
totalu,1
10:57,1
bell,2
jean,1
ornela,2
bianca,6
confirmation.xl,1
depend,3
larsen,1
accomod,1
afford,1
reconcil,1
jrw,1
suffic,1
junior,2
rep,1
permit,1
10:28,1
specifi,5
manhattan,3
foreign,5
currenc,1
multibranch,2
scope,1
shall,1
constru,1
thereto,1
contrari,1
japan,1
initialed-off,1
luck,1
woodrow,1
collett,1
x58826,1
voicemail,3
713-345-7893,6
713-646-3490,6
3887,6
holly.keis,6
4:12,2
griffin,3
vanessa,3
jacobson,4
kimberley,4
invited.doc,2
oefc,2
onto,4
wilson,3
713-853-0699,2
wendy\,2
fourth,1
mater,1
2:48,1
index,1
describ,1
narr,1
agreements.doc,1
appendix,1
progress,3
441-294-3007,3
vip,3
clickathom,2
honor,3
dollar,4
adapt,1
suspens,1
incent,1
indefinit,1
charit,1
donat,5
non-profit,1
submiss,1
clement,14
2:38,3
abram,5
boldfac,4
246a,3
multi,3
section,1
b-1,3
b-2,1
yj4529.1,1
ye2249.1,1
ye2140.1,1
multicurrency-cross,3
encor,1
alberta,3
colleagu,1
donut,1
lobbi,1
f/n/a,2
fletcher,1
1/8/2001,1
2/2/2001,1
11/25/2001,18
11/22/2001,14
11/24/2001,11
11/23/2001,6
enhanc,6
disklayout,6
dolan,6
michael713-345-3251,6
malcolm713-345-3716,6
/,5
dev,5
wed,5
11/21/2001,4
infin,3
pop,3
06:00,3
04:00,3
00:00,3
4:30:00,2
backed-up,2
cei,2
estrem,2
reloc,2
affair,2
om,2
yantra,2
rm,2
ecm,2
10:30:00,1
6:30:00,1
8:30:00,1
12:30:00,1
eeshou-fs2,1
713-562-4247,1
roder,1
H,1
gerlach,1
713-345-3077,1
hugh,1
713-345-8809,1
novark,1
713-345-4962,1
nahou-msmbx01p,1
02p,1
nahou-msdog01v,1
hotfix,1
exifs.si,1
713-345-1619,1
11/26/2001,1
revert,1
re-org,1
berger,1
713-345-3190,1
281-960-5571,1
oracl,1
dba,1
n/a,1
888-993-3793,1
brewer,1
713-345-4868,1
281-960-7066,1
713-853-4304,1
281-960-7184,1
croaker,1
erp/trv,1
etalk,1
itop,1
izzi,1
webmod,1
remedi,1
salmon,1
dcaf-2,1
mkm,1
pep,1
charon,1
opm,1
enlighten,1
ram,1
power-exot,1
astral,1
dcaf3,1
oltp,1
titania,1
26-28,1
portland,2
nov,2
oesc,1
devri,1
gaffney,1
3rd,5
ontario,2
unlimit,2
gti,1
6:18,1
truss,1
5-3861,1
keesler,1
5-2423,1
gordon,1
elementari,1
school,1
espinoza,1
2:15,1
sonnonstin,1
merger,5
Q,1
//home.enron.com/updates/mergerqa.html,1
immigr,1
tune,1
cameron,2
host,2
crazi,2
orient,12
issuanc,1
tour,8
cancer,4
altern,6
10:26,3
psorrel,3
11/21/01,1
11:45am,1
cake,1
11/24,1
cubicl,1
nava,1
-becki,1
poor,1
punctual,1
y/n,1
3:34,1
breslau,13
craig,27
nitorgen,1
amerada,1
hess,1
five,2
timesheet,3
16-30,2
transcanada,15
pipelin,5
hesit,2
cred=,2
marketin=,2
g,3
resoluti=,1
assis=,1
tanc,1
53317,1
this=,1
eb3803,1
853-9188,1
=09otto,1
=09thursday,1
1:03,1
=09boyd,1
=09espinoza,1
johnston,1
=09mirant,1
busine=,1
ss,1
resu=,1
lt,1
fin=,1
ancial,1
transactions/contract,1
gas=,1
termina=,1
ting,1
produ=,1
ct,1
ca=,1
nada,1
assign=,1
ed,1
cur=,1
rentli,1
provide=,1
transcan=,1
ada,1
whatever=,1
res=,1
ult,1
tra=,1
nsaction,1
pro=,1
duct,1
tcpl,1
business=,1
suffici,1
the=,1
brought,2
transcana=,1
da,1
transcanad=,1
co=,1
rp,1
1993,1
outdat,1
canada=,1
mir=,1
d=,1
ivis,1
transcanada=,1
pipeline=,1
transa=,1
ction,1
guar=,1
anti,1
market=,1
ing,1
coverag,1
mill=,1
ion,1
north=,1
guaran=,1
ty,1
b=,1
ideal,1
outcom,1
ne=,1
please=,1
otto,1
analyst,1
3500,1
canterra,1
avenu,1
s.w,1
t2p,1
4h2,1
403-974-6716,1
ph,1
403-974-6706,1
change/merg,1
-30,1
9:30,1
9:13,2
chiricahua,2
note1.doc,1
note10.doc,1
note11.doc,1
note12.doc,1
note13.doc,1
note14.doc,1
note15.doc,1
note16.doc,1
note17.doc,1
note2.doc,1
note3.doc,1
note4.doc,1
note5.doc,1
note6.doc,1
note7.doc,1
note8.doc,1
note9.doc,1
3,978.00,1
premium,1
style,2
ashil,18
potashcorp.com,12
assignment-sampl,12
doc.doc,12
audrea,12
pleae,2
2:27,4
n,6
4:06,6
situat,7
847-849-4222,6
847-849-4694,6
worldnet.att.net,6
sorrel,2
executive_director,2
10:55,2
similar,2
scenario,2
abit,2
assignor,2
245,6
rumor,6
sizabl,3
limbo,3
fate,4
amid,3
layoff,3
howard,4
ayer,3
kurth,3
240,3
spokesman,3
vanc,3
145,3
privat,5
sixth-largest,3
grown,3
huge,3
smaller,3
stronger,3
plummet,3
deni,3
specul,3
gamut,3
dozen,3
laid,3
tightli,3
talent,3
steadi,3
swanson,3
baker,3
bott,3
265,3
in-hous,3
hire,3
energyusa,2
among,1
columbia,1
energyusa-tcp,1
4:46,1
puchot,1
thapar,3
cc,1
memorandum,1
accompani,1
memo.doc,1
1:00,3
22nd,3
consequ,2
orchard,3
lorchard,2
commrisk.bm,2
7:13,2
fidel,2
bayard,2
signatur,2
patienc,2
redeem,3
zero,2
transfer,12
reinstat,2
enron/american,1
accru,1
1-800-the-card,1
843-2273,1
cardmemb,1
redempt,1
1-800-297-3276,1
consum,1
ramsey,1
853-6457,1
fourstar,2
cptdougi,6
preprint,1
3:43,1
schwab,3
3:41,3
11:03,1
HE,4
1/18/02,2
4:47:10,2
fellow,3
loaner,1
touchi,1
GO,1
BY,1
self,1
MW,3
11:10,1
setoff,3
bridgett,1
cross-product,1
c.,1
d.,1
koch-entergi,1
a.,1
ews-cct,9
/o=enron/ou=na/cn=recipients/cn=mbx_ewscct,1
9:49:09,1
hlopak,15
Sr,5
/o=enron/ou=na/cn=recipients/cn=notesaddr/cn=86256608-65acba-6256472-77e003,1
/o=enron/ou=na/cn=recipients/cn=raj_thapar,1
/o=enron/ou=na/cn=recipients/cn=aaronow,1
9:40:50,1
janauri,1
6:00pm,1
2:25,1
philip,2
steuber,1
koenig,1
4:10,3
EE,3
away,4
713-345-9363,6
713-417-4412,6
4:48,2
overlook,1
23,1
9:24,1
dedic,4
chairman,2
percent,1
rebuild,3
concentr,1
ongo,3
wit,2
tremend,1
rigor,1
safest,1
becam,1
passion,1
smart,1
creativ,1
enrononlin,1
tirelessli,1
regardless,1
accomplish,1
copier,4
bankrupt,2
non-bankrupt,2
713-853-5417,2
harry.grubb,2
unit,1
paula,1
corey,1
713-853-9948,1
paula.corey,1
esop,3
401,2
k,2
resum,2
chair,1
counter,1
urg,1
tire,1
fundrais,1
PR,1
tool,1
craven,2
//www.essbasetools.com/instest.htm,2
randl,1
wk,1
driscol,1
woodman,1
pito,1
shanley,1
rosser,1
greer,1
blount,1
kirk,1
tommi,1
fatjo,1
speaker,1
fbi,3
6f56a7,10
==========================================================================,8
target=,8
_blank,8
shape=,7
rect,7
coords=,7
Go,6
//image.0mm.com/38669/2002/0118-1/spacer.gif,5
color,4
font-famili,4
font-siz,4
//image.0mm.com/38669/2002/0118-1/square.gif,3
12px,2
199,2
74,2
whitetext,2
-1,2
occup,2
freddi,2
brand_bar_map,2
.blue,1
.red,1
e12522,1
10px,1
.whitetext,1
font-styl,1
hover,1
11px,1
text-decor,1
/style,1
bottommargin=,1
rightmargin=,1
//image.0mm.com/38669/2002/0122-1/go_email_012302.gif,1
76,1
unveil,1
147,1
190,1
403,1
//image.0mm.com/38669/2002/0118-1/square2.gif,1
choos,1
31st,3
fea834,1
//spg.0mm.com/sta137008,1
mission,1
conquistador,1
orlean,1
essex,1
219-,1
249,1
1-877-782-0114,1
gogogo,1
thursday-sunday,1
1/24/02-3/31/02,1
1/22/02-2/15/02,1
blackout,1
quot,1
gratuiti,1
bed,1
check-in,1
checkout,1
omiss,1
ff0000,1
cast,1
oscar,1
usa,1
flyer,1
magazin,1
14th,1
award-win,1
//spg.0mm.com/sta137014,1
//image.0mm.com/38669/2002/0122-1/clip_image001.gif,1
92,1
32,1
//spg.0mm.com/sta137009+susan.bailey,1
//spg.0mm.com/sta137010+susan.bailey,1
//spg.0mm.com/sta137011+susan.bailey,1
//image.0mm.com/38669/2002/0118-1/go_brand_bar.gif,1
usemap=,1
map,2
name=,1
488,0,550,37,1
//www.starwood.com/whotels/index.html,1
376,0,483,37,1
//www.starwood.com/luxury/index.html,1
321,0,372,37,1
//www.starwood.com/stregis/index.html,1
216,0,318,37,1
//www.starwood.com/fourpoints/index.html,1
160,0,212,37,1
//www.starwood.com/sheraton/index.html,1
107,0,151,37,1
//www.starwood.com/westin/index.html,1
0,0,101,37,1
//www.starwood.com/preferredguest/index.html,1
/map,1
tragedi,1
occur,1
prayer,1
wife,1
j.c,1
lauren,1
unreserv,3
94,2
225,2
165,2
175,2
37060,1
36399,1
katz,1
59322,1
101,3
educ,1
nut,1
bolt,1
28th,1
5c2,2
rsvp,1
1/25/2002,7
1/24/2002,3
1/27/2002,3
1/28/2002,1
palo,1
cabl,1
nilson,1
busto,1
55-11-5503-1347,1
1:45:00,1
2:45:00,1
11:45:00,1
12:45:00,1
7:45:00,1
8:45:00,1
NA,1
brennan,1
713-853-4545,1
7138536744,1
brook,1
713-345-8077,1
3/31/97,4
ect,1
.........,1
nk8323.1,1
no0229.1,1
no4652.2,1
np3877.1,1
qa9203.1,1
6/1/00,1
2:13,1
ciama,1
accur,1
netco,3
ahead,2
warburg,2
undoubtedli,1
regroup,1
retain,1
greater,1
viabl,1
crisi,1
comprehens,1
whalley,1
coo,1
vice,1
role,1
everyday,1
uncertainti,1
constant,1
scrutini,1
devis,1
//www.enron.com/corp/pressroom/releases/2002/ene/012902release.html,1
tent,1
713-807-7242,1
elizabeth/carol,1
pre-bankruptci,1
counreparti,1
memo/list,1
knew,2
lieu,1
societi,1
6301,1
richmond,1
77057,1
1-800-227-2345,1
2115,1
east,1
governor,1
circl,1
77092,1
682-4500,1
hometown,1
pressur,4
1/30/02,2
cherri,2
revalu,2
background,1
entertain,1
joint,1
1/17/02,1
realiti,1
satisfactori,1
percept,1
undesir,1
henc,1
consensu,1
reiter,1
extent,1
unsold,1
tie,1
mortgag,1
worth,1
expend,1
resent,1
reject,1
reput,1
understood,1
middleman,1
goof,1
postpon,1
reschedul,1
//www.corporate-ir.net/ireye/ir_site.zhtml,2
ticker=en,2
script=2400,2
item_,1
mcmahon,1
11:00am,1
et,3
888-877-7757,1
toll,1
1-800-973-6766,1
1-800-97-enron,1
31411,1
helpdesk,1
toll-fre,1
omaha,1
modem,1
646,1
prefix,1
machin,1
aviat,1
3-1411,1
center-houston,1
713-345-4745,1
888-465-4745,1
center-omaha,1
402-398-7454,1
zone,8
metro,3
woodland,1
30-day,1
divid,1
ride,1
fare,1
buser,1
higher-cost,1
3-7060,1
houstonian,2
ronald,2
retreat,1
6:30,1
111,1
oak,1
lane,1
77024,1
3:30,1
1907,1
77030,1
lebrocq,1
cavel,1
provinc,1
incumb,1
corpoart,1
crrc,10
iv,2
closer,1
prevail,1
h,1
j,1
conserv,1
bermuda,1
lc,1
weather-rel,1
tawney,1
eager,1
nol,1
vehicl,1
FS,1
360,1
manga,1
tularosa,1
chiricahau,1
xiv,1
dougla,1
gareth,2
fed,1
EX,1
krauss,1
ena-leg,1
