mark,1669
fisher/ewc/enron,296
distribut,117
use,729
thi,2770
intend,85
forward,762
05/01/2001,4
10:09,7
AM,836
holli,952
kimbrough,93
04/10/2001,4
01:31,4
PM,1039
To,1353
enron,3330
cc,997
subject,1231
disclaim,4
sinc,167
heard,37
back,107
legal,22
let,392
phrase,26
data,1665
disk,9
exclus,11
nrel,12
HK,33
thank,783
avail,1206
provid,485
becki,39
know,591
pleas,1215
As,223
graph,133
usual,28
machin,117
request,413
ask,161
email,196
discuss,289
yest.,6
attach,557
copi,214
origin,80
file,1006
contain,97
europ,59
US,51
bayn,6
also,447
includ,407
reflect,37
1,359
n't,359
info,70
form,102
locat,122
coordin,63
germani,100
recent,95
number,626
monday,155
altern,16
procedur,85
obtain,41
2,455
definit,181
b,26
current,314
standard,114
contractu,86
ani,726
question,549
advanc,57
ilan,195
213,7
452-5109,6
send,231
need,726
We,610
european,63
notic,83
walker,122
wa,944
memo,30
hand,21
offic,190
wednesday,100
If,652
electron,51
document,263
respect,50
make,248
us,227
respons,106
leverag,12
counterpart,9
compel,9
day,259
want,232
avoid,25
set,274
expect,106
clearli,44
beyond,21
control,154
howev,98
give,139
shot,21
stop,99
sep,9
01,16
6,110
month,441
fill,51
gap,46
ha,517
unabl,29
caplan,37
04/12/2002,12
11:16,6
V,258
walker/ewc/enron,199
kimbrough/ewc/enron,484
alan,42
nueman/ewc/enron,31
1.5,174
fleet,47
appreci,57
recogn,14
input,36
move,97
issu,351
concern,109
sometim,23
doe,177
import,106
said,28
quit,17
posit,61
updat,158
sep01,3
access,99
sourc,35
sure,144
store,120
inform,589
thu,41
presum,9
latest,27
sent,386
could,228
would,676
Bo,173
georg,71
date,120
park,72
pc,29
instal,112
clear,167
ski,274
veri,176
much,96
spreadsheet,113
expedit,23
onlyl,6
show,125
april,214
late,38
march,224
ad,130
futur,105
releas,76
load,209
addit,280
next,193
week,277
project,178
prioriti,37
system,283
perform,225
group,274
mon,54
site,494
indic,78
backlog,3
minana,71
statdat,30
trent,273
order,93
close,121
custom,156
conduct,24
analysi,118
near,17
fisher,343
say,45
gave,7
highlight,28
star,73
10,212
min,43
Is,142
adequ,12
3,169
04/15/2002,56
07:46,7
patricia,164
hunter/ewc/enron,64
rabi,46
sahoo/ewc/enron,21
john,294
M,82
ruiz/ewc/enron,25
visupro,333
upload,94
statu,151
meter,114
read,147
test,227
turbin,1535
russel,15
kurt,472
kwh,86
valu,211
problem,221
calibr,6
differ,141
alreadi,79
bachmann,28
oper,389
help,271
natur,10
must,103
determin,90
kevin,220
cousineau/ewc/enron,150
anderson/ewc/enron,223
ron,123
val,51
jeff,570
He,97
watt/watthour,3
note,253
onli,278
well,119
within,117
accuraci,47
coeffici,3
confirm,76
suspect,9
record,359
correct,193
report,947
program,179
get,356
mix,5
total,150
reset,39
determ,3
place,103
loop,10
download,211
raw,33
actual,111
product,230
compar,64
substat,75
servic,290
scada,396
feedback,44
sub-stat,3
point-of-sal,3
especi,16
mesa,244
hat,3
put,126
togeth,83
regard,563
klc,39
04/14/2002,3
11:29,3
anderson,93
11:03,6
fyi,110
11:13,3
leach,6
10:50,3
thisted/ewc/enron,118
89,6
It,250
still,153
look,303
like,268
ok.,5
russ,7
soft-copi,12
new,421
caplan/ewc/enron,55
gentlemen,40
good,145
afternoon,25
hope,142
find,195
see,360
stood,6
follow,335
4,185
2002,285
02:42,6
11:49,6
Re,288
atp,99
24hour,33
collect,91
repair,139
hour,415
worth,34
ronald,171
brzezinski/ewc/enron,138
alaadin,76
dure,212
night,35
morn,143
miss,86
fine,39
rest,29
transfer,108
folder,95
04:04,14
realti,11
advisor,11
suliman,20
11:33,11
fischer/enron,12
enronxg,120
stanley,14
tehee/ewc/enron,14
Hi,125
13th,11
11:40am,11
CT,14
4:40pm,11
utc,28
last,197
databas,105
observ,43
47,23
48,39
major,59
98,51
24,25,19
27,34
applic,64
lost,97
suggest,123
shift,11
start,256
time,1074
31,62
done,83
manag,134
captur,19
four,45
seper,11
two,208
minana.db,39
minana_2.db,11
minut,175
averag,86
statdat.db,13
stadat_2.db,11
believ,80
90,49
kept,12
reboot,25
go,237
restart,25
PC,69
work,516
right,69
server,95
name,106
overnight,13
deliveri,22
CD,68
feel,76
free,81
call,289
661-332-6348,11
indian,80
saturday,23
summari,128
mechan,11
weekli,58
receiv,173
asset,84
mgmt,4
barri,17
riff,6
seem,71
mani,134
case,79
lower,53
In,314
tri,78
state,209
monthli,294
domest,10
categori,24
e.g,7
ramp-up,5
warrant,32
etc,53
availabilti,6
difficult,9
predict,52
without,34
individu,51
take,198
recalc,3
chart,45
accur,53
doc,12
commiss,33
nov-feb.,3
Do,107
prior,32
nov,9
better,76
method,97
logg,24
10-min,32
network,193
OK,71
node,21
except,58
trbavg,12
dmp,9
plc,40
Ok,15
sl1,6
1file,6
210,10
211,6
227-259,6
02/28/2002,6
sl2,12
log,164
49-63,6
67-75,6
80-107,6
02/27/2002,12
17:00,9
5:00,16
pm,8
cabazon,15
wec,12
,67,6
28,41
LB,15
lb2,12
tomorrow,86
-john,33
anyth,49
respond,34
paper,36
wrote,10
identifi,48
04:34,3
02:38,3
2001,341
refer,83
revis,85
jan.,14
point,82
summar,36
EA,70
accord,59
curtail,661
jay,50
godfrey,9
aep,72
awar,47
forthcom,3
clarif,38
specif,200
whi,74
produc,106
energi,309
phenomena,3
base,109
estim,110
duress,3
By,27
11:00,13
tuesday,80
wind,491
speed,217
firm,12
understand,158
abil,34
affect,48
decis,37
part,68
assist,43
greatli,12
KA,35
support,111
04:59,5
jan,83
yet,65
readi,21
list,289
password,65
storm,38
lake,28
window,27
joe,356
manual,156
11,45
final,109
onwer,3
fulli,18
integr,61
appli,63
screen,26
Or,17
interfac,12
wtg,358
24,69
period,183
e-mail,234
've,69
complet,257
process,158
referenc,14
25,37
hi,100
known,16
undergo,5
mainten,187
correspond,36
end,114
emphas,4
v4,2
juli,153
hirschmann,6
switch,42
retrofit,10
upgrad,14
minim,12
exist,82
04/16/2002,47
10:08,11
suliman/ewc/enron,26
taken,56
quick,45
previou,59
though,55
valid,37
context,11
otherwis,29
loss,146
drop,76
recoveri,81
92,11
chang,363
fast,16
remain,65
brzezinski,35
03:51:45,8
per,177
phone,111
convers,118
earlier,55
today,178
exhibit,37
mtd,6
ruiz,15
post,44
web,41
pool,25
view,44
incorrectli,7
row,12
yaw,54
nemila/ewc/enron,103
march/2002,6
hello,27
check,139
appear,82
67,6
ident,9
12:49,5
04:39,3
melinda,5
hood,3
doug,12
crockett/ewc/enron,6
marion,26
horna/ewc/enron,14
riffe/ewc/enron,6
harvey,24
kaura/ewc/enron,24
dan,127
lindquist/ewc/enron,65
benjamin,89
bell/ewc/enron,53
maurer/ewc/enron,109
dave,93
schulgen/ewc/enron,44
WR,16
329,3
GP,3
activ,131
10-minut,84
februari,69
begin,112
2/4/2002,3
due,282
comput,162
03/07/2002,62
07:54,3
03/06/2002,9
04:33,5
duff/ewc/enron,173
feb,74
told,28
O,16
incorrect,24
type,53
term,103
discov,24
moop,12
mislabel,3
owner,115
fix,22
error,82
apolog,31
confus,37
vs.,10
recov,14
97,36
106,6
616,6
85,10
42,12
74,6
rebuilt,15
04:13,9
red,44
04:26,3
hunter,11
04:16,12
marecic/ewc/enron,35
1200,3
first,123
No,37
counter,209
fault,459
erik,29
downtim,93
alloc,21
paramet,74
ellis/ewc/enron,14
kim,168
result,234
increment,100
skim,3
trigger,11
elli,15
mark.walk,3
enron.com,203
04:27,12
garth,80
ripton,27
12:33,6
nguyen/ewc/enron,63
littl,26
modem,8
connect,29
hotel,10
green,67
fact,63
fault/statu,18
messag,525
enabl,16
mode,107
exampl,177
unfortun,10
simul,12
nguyen,42
person,88
fischer,143
way,135
given,86
condit,87
softwar,136
occur,76
best,231
-garth,27
73,8
wrong,14
coupl,51
onc,42
silli,2
mistak,16
144,12
glatmos.com,18
excel,67
meyer,73
search,15
degre,43
deg,12
12:00,17
noon,54
local,75
7,143
central,40
william,50
brook,12
wbrook,12
sheryl,12
mccrari,12
vaisala-gai,18
format,134
inc.,64
websit,21
greet,77
run,303
strike,6
sheet,69
intersect,6
shown,28
matt,207
area,56
center,73
latitud,6
32.4209,6
32,9
25.254,6
longitud,6
100.2266,6
-100,6
13.597,6
radiu,6
15,109
mile,7
zone,7
label,34
49,27
matthew,71
meyers/ewc/enron,39
04/17/2002,48
08:53,9
12:57:10,6
matthew.mey,6
smccrari,6
104835,9
finder,9
mr.,27
pdf,38
map,23
lightn,34
detail,127
span,6
daylight,35
save,65
switch-ov,6
2am,15
gener,201
express,38
contact,226
analyst,41
formerli,7
global,45
atmospher,12
2705,6
E.,10
medina,6
road,9
tucson,9
AZ,6
85706,6
usa,33
tel,9
520.806.7371,6
fax,130
520.741.2848,6
divis,25
www.lightningstorm.com,6
corpor,61
www.vaisala.com,6
104835_map.pdf,6
104835_stroke_data.xl,6
588,3
09:25,6
08:31,3
propos,76
clipper,39
review,213
calcul,234
prefer,41
09:26,9
eiler,33
09:02,9
thought,101
year,147
thing,61
jump,13
36,21
limit,90
MT,91
may,476
aggress,6
09:14,10
comment,132
E,17
tpa,2
speak,10
probabl,39
gearbox,114
defect,24
eickoff,21
ben,51
item,105
friday,122
8,109
1:30,21
pst,9
address,171
3:30cst,9
79,76
ewc,84
ship,18
replac,78
flender,9
tehachapi,65
plan,148
return,79
soon,99
possibl,167
grid,157
survey,50
sot,38
weather,60
power,351
malfunct,18
DT,48
preced,18
recommend,44
offlin,17
ca,42
spec,35
penal,18
sever,71
think,160
okay,21
true,42
someth,37
event,105
whether,36
relat,100
variat,21
equat,23
mtexcess,6
task,60
checklist,6
ST,26
mtprorat,13
abov,100
ambigu,3
easili,11
misunderstood,6
i.e,31
mean,118
curv,84
everi,70
second,104
paus,63
untwist,12
cabl,44
shutdown,3
low,65
nois,32
spin,15
clock,38
even,65
descript,48
fail,51
either,61
count,100
train,88
hard,29
explain,81
therefor,54
delet,41
word,33
sentanc,3
majeur,9
lot,57
caus,130
outsid,57
alway,50
induc,3
distinguish,3
ten,3
driven,3
line,279
forc,26
implement,62
assum,78
portion,21
excess,18
numer,424
instead,45
exceed,5
come,136
contract,59
defin,53
schedul,121
wot,27
unsaf,3
track,35
procudur,3
costli,3
eot,9
ice,42
sensor,40
shut,38
rare,5
equal,6
measur,79
commun,70
outag,17
remov,72
OR,24
alter,15
RT,42
/,92
maximum,16
percent,8
keep,77
solut,68
submit,44
interest,122
awea,46
conf,12
ildc,35
1st,28
deadlin,19
ignor,18
http,104
//www.lightningstorm.com/ls2/about/events/ildc/index.jsp,5
ahead,7
uncomfort,4
pass,35
failur,106
omnitron,4
extrem,15
synchron,19
spirt,2
reliabl,19
wish,35
add,69
futher,2
backbon,2
spend,11
effort,60
particular,56
wait,28
intern,53
detect,30
concur,9
11:55,2
11:41,6
piec,8
11:54,2
443663,2
473184,2
93.8,2
nacel,46
suppli,17
approxim,51
9,961,285,2
account,233
might,81
set/methodolog,2
turbine/tim,2
made,125
suit,40
incorpor,25
commerci,17
light,20
spoke,36
favor,12
PS,9
schulgen,11
outlin,39
cost,76
72,9
rather,33
36/48,9
increas,40
later,35
display,51
one,358
basi,129
realli,47
answer,132
ye,27
daili,11
section,37
eventu,3
becom,44
routin,16
consult,20
personnel,68
Of,23
cours,47
written,56
earli,33
vs,3
04:22,6
edit,12
100,82
handl,30
moot,3
trivial,3
93,9
execut,18
clearskypavout0302,3
0.3,10
januari,100
17,42
44,3
59,7
69,3
70,3
71,4
77,3
82,6
96,3
102,9
103,3
104-109,3
113-122,3
improp,24
rose,13
disappoint,3
frequent,28
becaus,128
cross,10
requir,269
661,38
823-6753,3
An,66
calculation.eng.doc,9
klau,179
timer,54
07.03.2002,6
11:36,4
chapman,34
10:57,16
initi,49
column,70
09:36,7
holtel,27
twtde,175
09:29,5
describ,30
weitergeleitet,31
von,46
holtel/develop/twt/d,41
18:25,3
18:18:31,3
rec-scada,15
kopi,44
thema,44
extern,32
older,4
version,164
vibrat,12
although,40
verifi,42
04/18/2002,15
10:45,3
10:28,3
th,10
epurpos,3
confer,86
02:58,6
02:01,3
sky/trent,10
comparison,27
reconcilli,3
w/o,3
linear,11
assumpt,15
jfg,9
attempt,53
My,55
higher,41
extra,37
gwh,14
match,29
convert,101
interv,54
scale,14
sum,22
unavail,15
net,57
feb.,37
methodolog,81
04/19/2002,7
09:07,8
godfrey/ewc/enron,11
wide,5
found,45
non-produc,5
5,143
multipli,11
directli,41
varianc,39
amount,82
billabl,8
m/,26
guy,37
update/reconcili,3
20,33
14,16
7.69,3
8.8,3
skew,3
figur,47
11.29,3
preliminari,15
7.9,3
09:24,3
17th,12
10:30am,3
614,96
ward,84
aep.com,170
columbu,48
OH,72
gross,7
1,862,709kwh,2
5,706,054kwh,2
wcmarshal,49
10:50:51,2
jay.godfrey,2
bo.thist,8
hollis.kimbrough,2
kurt.anderson,51
mark.fish,7
tklight,2
sens,17
C.,38
marshal,40
director,51
busi,209
develop,142
583-6607,19
583-1627,19
cell,78
736-6022,19
mail,69
PO,25
box,99
16036,19
43216-0036,19
physic,21
155,19
W.,25
nationwid,22
blvd,22
500,24
43215,22
directori,43
dec,28
fenner,26
loaded.tot,7
29739,3
larg,47
full,44
data.for,3
10th,10
12th,21
22th,3
dec.pleas,3
field,246
draft,47
ensur,53
rotari,6
availdocu,3
deliver,7
sale,73
tabl,122
eric,10
availdocumentcolor,3
retain,7
code,82
yellow,8
color,4
paul,35
lander,14
gather,16
crew,47
compat,4
op,3
panel,3
religi,3
maint,3
befor,166
emphasi,3
hallo,25
duplic,14
small,20
jitter,2
big,31
clemen,87
W,63
ste,38
04/22/2002,5
07:39,5
wr594,2
594,2
virtual,42
'll,81
admir,2
bin,20
regress,5
R2,3
'm,68
0.5,9
previous,16
correl,11
free-stream,9
philippe_g/for_markfish,3
4pm,5
great,72
sorri,26
philipp,26
command,54
=20,114
behavior,17
fan,6
disconnect,9
165,6
04/22/2002=,3
05:16,3
07:09,3
landers/ewc/enron,8
enron=20,3
repair/mainten,3
didn=01,3
went,19
t=,7
he=20,3
weekend,40
wi=,4
th=20,3
gert,15
reason,72
physic=,3
al=20,3
hydraul,15
rotor,17
lock,15
engag,24
108,3
148,3
axl,3
on-,3
batteri,3
pitch=20,3
motor,10
164,3
hub,21
brake,9
button,25
top-box,3
171,3
pitch,57
185,3
186,3
9,77
torqu,12
187,3
188,3
189,3
12,66
191,3
s=,6
et=20,3
increment=,3
mark=,3
maintenance/repair,3
take=20,3
was=20,3
publish,9
variou,30
conditions=,3
.=20,3
apr15,9
apr12,6
apr17,6
zoom,21
apr19,3
monfort,26
klondik,50
apr3,3
statserv,22
04/23/2002,30
08:15,2
administr,17
analyt,77
300,7
seconds/5,2
page,52
effect,41
ii,2
script,6
timeout,8
rotat,37
unwind,48
reach,21
rel,15
clockwis,6
neg,26
left,48
p11.5,6
p11.6,6
automat,75
0,53
10:01,3
09:11,3
configur,34
zero,28
parameters-,3
11.5,3
11.6,6
1.8,3
absolut,12
revolut,3
rhein,18
1.7.2,3
azimuth,3
head,19
signal,5
di11.1,3
di11.2,3
often,19
around,32
tower,49
axi,3
0o,3
twist,3
standstil,3
block,8
carri,15
whole,22
1.7.1,3
thereaft,3
reactiv,3
Ed,53
attend,68
session,19
30,75
marc,17
agner,11
south,43
main,77
room,48
attende,14
present,89
encourag,14
fyou,3
class,104
held,18
01:08,9
09:43:42,3
orion,3
sanders/ewc/enron,3
stan,21
ballard/ewc/enron,10
norm,3
phillips/ewc/enron,3
mike,125
messier/ewc/enron,15
chapman/ewc/enron,55
agner/ewc/enron,18
compil,34
thorough,14
adler,3
trial,6
bldg,3
8am,5
2pm,5
pdt,6
refin,11
benefit,13
09:37,3
adler/ewc/enron,3
carter/ewc/enron,3
practic,31
build,47
8:00,17
2:00,14
invit,20
anyon,49
construct,27
critic,28
//,98
varchar,42
david,120
datetim,28
miller/ewc/enron,28
suppos,26
visu_minanamain,16
site_id,16
ID,54
dttm,19
plant_ndx,16
certain,27
02:21,6
06:58,7
robert,96
grant/ewc/enron,16
antwort,34
sql,55
visu_errdev,7
visu_statdata,7
visu_minanaext,9
sql-server,7
assign,78
structur,48
subset,11
visu_statdat,7
timeoffset,7
kw_hr,7
prod,7
con,7
ott,7
sott,7
dtt,7
lott,7
wott,7
estt,7
mtt,7
rtt,7
produlm,7
conulm,7
otulm,7
sotulm,7
dtulm,7
lotulm,7
wotulm,7
estulm,7
mtulm,7
rtulm,7
trbn_row_otm,9
KW,18
cos_phi,7
volt_phase_a,7
volt_phase_b,7
volt_phase_c,7
current_phase_a,7
current_phase_b,7
current_phase_c,7
gen_rpm,7
rotor_rpm,7
actual_angle_blade_1,7
wind_spe,7
nacelle_posit,7
tran_oil_prss,7
actual_angle_blade_2,7
actual_angle_blade_3,7
set_angle_blade_1,7
set_angle_cos_ph,7
operating_st,7
wind_devi,7
gen_1_temp,7
gen_2_temp,7
bearing_a_temp,7
bearing_b_temp,7
tran_temp,7
ambient_temp,7
tran_bearing_a_temp,7
tran_bearing_b_temp,7
tran_return_temp,7
wind_deviation_one_sec,7
apparent_kw,7
error_numb,7
cre_userid,7
cre_dat,7
mdfd_userid,7
mdfd_date,7
del_flag,7
specifi,3
eichoff,3
10:18,3
bmgiven,17
abbott/ewc/enron,26
daniel,32
lewis/ewc/enron,30
acquisition/flend,6
analyz,16
phillip_g/for_markfish,3
output,52
ratio,9
11am,5
plea,8
helpful,2
mention,76
singl,28
elimin,11
key,8
plant,72
index,99
agre,61
immedi,51
join,26
letter,71
allow,67
multipl,12
hous,20
three,40
creat,112
repeat,8
potenti,30
violat,2
id,3
poor,23
design,64
abl,139
clearer,8
miller,38
're,8
yesterday,21
ii\2002\apr\clear,3
cardin,2
backup,17
ftp,5
hans-mich,2
capabl,57
blade,118
compon,69
prepar,108
kW,18
MW,52
engin,69
750,35
transduc,42
AC,15
prevent,28
deviat,16
temperatur,35
quarter,45
cycl,19
equip,30
diagnost,9
glass,10
phase,103
optim,23
purpos,52
graphic,11
solid,6
dash,6
inspect,15
quarterli,10
2.5,6
mount,32
spc,40
intent,27
rpm,22
oil,49
pressur,46
non-routin,6
illustr,15
statist,70
came,37
organ,30
1999,11
2000,51
bear,19
life,17
knowledg,11
model,57
character,3
slight,6
glanc,3
experienc,76
neighbor,9
quickli,16
troubleshoot,5
paid,50
pull,18
facilit,12
Q4,4
pad,41
imposs,5
high,72
precis,21
parallel,3
arriv,24
whichev,3
ambient,9
voltag,115
B,66
C,62
frequenc,49
Op,6
epc,5
seen,28
cleric,3
staff,23
proof,3
concept,3
basic,22
complex,5
mathemat,5
formula,19
suitabl,3
ride,7
kit,3
demonstr,19
employ,14
behalf,23
depart,78
asymmetri,3
fulfil,4
oblig,8
turn,31
attent,41
degrad,3
Q1,3
Q2,3
densiti,3
humid,3
isol,8
long,100
remedi,15
action,33
far,63
level,52
situat,46
strategi,8
modifi,32
evalu,15
development/construction/oper,3
incomplet,7
bring,33
crack,6
prematur,3
presumpt,3
thermal,3
highest,13
risk,16
arm,8
direct,79
straight,3
pertin,4
commenc,3
monitor,15
acceleromet,3
consequenti,3
damag,66
pick,28
conveni,26
versu,15
maintain,18
calendar,24
modif,18
function,25
compani,262
role,21
exhaust,3
lapham,2
user,87
privileg,12
meantim,6
desk,43
04/25/2002,6
01:44,5
explor,9
asp,2
oracl,26
open,58
anyway,7
idea,24
decim,17
+/-,16
bit,22
storag,18
digit,8
variabl,13
perhap,30
byte,6
reduct,9
04/26/2002,8
magnitud,6
N,4
magatitud,4
useless,4
analog,4
a/d,4
perfect,12
overal,18
anemomet,16
approach,12
explan,75
argument,2
reduc,23
space,12
starlit,8
mimic,2
data-typ,2
09:28,2
simpler,5
5,2,2
five,6
hold,34
1000,8
.01,2
recal,15
round,5
nibbl,2
less,29
standar,2
doubl,47
ieee,2
float,2
conscienti,2
manner,5
peopl,77
satisfi,20
serious,4
temp,25
cousineau,19
07:47,2
pretti,20
depend,17
upon,35
weight,8
ascii,4
grow,4
magnatitu,2
size,12
extens,10
comfort,8
consider,7
etc.,4
lead,30
meaningless,2
consid,43
16,40
.0015,2
volt,2
tailer,2
happen,40
throughout,17
.000006,2
usabl,2
ditig,2
useful,2
simpli,2
waist,2
terri,41
04:10,4
lapham/ewc/enron,9
smith/ewc/enron,12
desert,138
sky/indian,10
smith,18
enorm,4
almost,8
107,13
loaded.for,3
jan2002,3
22nd,3
27th,3
feb2002,3
turbine15,3
7th,11
4th,9
feb.that,3
51484.pleas,3
mark/terri,2
MB,2
slow,9
occurr,5
persist,2
bandwidth,5
enough,8
04:00,2
So,56
continu,97
03:05,2
tell,49
'd,29
jeri,9
oct,22
04/29/2002,6
04:02,6
01/18/2002,3
11:17,4
element,15
ramp,18
attain,3
errat,9
trip,99
associ,36
dvar,3
entir,52
novemb,34
prove,15
contrast,3
94,3
01/30/2002,3
03:03,3
unclear,3
greater,23
clariti,9
tom,124
64,4
65,5
rebuild,6
errdev,57
characterist,13
anoth,57
across,12
pareto,21
cover,40
top,43
26,30
ulrich,21
denomin,20
schomakers/service/twt/d,15
eilermann/service/twt/d,15
andrea,15
uwe,9
adam,22
sot+dt+mt+rt,9
uli,9
impact,22
quantifi,6
typic,23
meiners/service/twt/d,6
geisink/service/twt/d,6
sot+,6
sot+lot+wot+est,8
sot+dt+lot+wot+est+mt+rt,6
eilermann,12
06.03.2002,6
schomak,6
05.03.2002,6
02:00,3
placement,5
deduct,23
treat,17
slightli,7
overvoltag,5
undervoltag,5
underfrequ,5
overfrequ,5
gear,53
larger,10
therebi,3
regardless,3
stay,11
exce,6
signific,34
accumul,8
hear,23
03:09,3
02:09,6
montfort,37
old,51
remot,17
montli,3
umanoff,3
sot+dt+mt+rt+lot+wot+eot,3
kind,34
09:44,10
wie,8
besprochen,8
06.03.02,3
09:27,3
05.03.02,3
21:23,3
correctli,6
everybodi,11
09:21,6
07:53,6
At,46
bottom,34
02/22/2002,3
06:35,3
21.02.2002,3
07:49,3
ule,3
senior,18
similar,37
hours/,3
channel,65
tom/kevin,6
tool,140
alia,6
meaning,6
wherev,9
blank,15
grey,6
shade,18
inclus,12
simplifi,17
insert,10
traingl,6
corner,16
pictur,23
draw,10
exact,15
insight,36
repres,59
identif,9
05/02/2002,3
02:33,6
05/03/2002,6
amend,3
10:16,8
09:40,3
overview,27
moment,8
parkdata,2
zmet,25
05/06/2002,15
psia,6
-jd,18
04:38,3
01:39,5
air,4
mbar,3
0-4095,3
rang,18
1-6v,3
3,4,3
instrument,10
stat,6
dat,6
aka,6
guess,11
dessert,3
pipe,3
04:47,3
02:55,3
griese/ewc/enron,48
fernando,3
sala,3
along,29
met,64
investig,25
appar,21
paradox,25
milibar,3
pend,4
someon,34
sign,76
p.o,3
mill,201
somerset,103
jan_feb,4
directory.how,4
ever,5
data.th,4
2770,4
558,4
station,19
turn-around,2
05/10/2002,2
01:24,2
chose,2
flaki,2
got,22
exactli,39
finish,39
team,97
onlin,11
viewabl,3
EU,3
link,29
intranet,9
home,34
GE,303
corp.,90
gewe_emails_usa_eu.xl,3
05/13/2002,23
ripton/ewc/enron,21
09:23,3
07:35,5
giguere/ewc/enron,6
folk,16
07:48,3
sweet,3
05/11/2002,3
11:25,6
8th,8
everyth,15
bad,13
tranduc,3
demand,27
charg,52
consumpt,51
ge1.5,24
40kw,12
parasit,9
TX,24
eilers/ewc/enron,19
05:24,7
03:07,12
peder,5
hansen/ewc/enron,5
non,23
cold,23
non-cwl,5
cwe,7
eickhoff,41
GB,8
35kw,5
luberc,5
fpl,10
outcom,6
mexico,7
200,8
mW,5
6/kw/mth,5
136,6
unit,29
32,640/mth,5
391,680/yr,5
dail,3
915-862-0045,3
belong,6
notifi,27
path,9
six,54
sigma,90
belt,36
lesson,8
learn,27
matrix,6
meet,335
face,11
everyon,48
particip,36
vote,3
combin,17
sub-issu,3
1.1,3
root,5
1.1.1,3
lindquist,32
outstand,17
job,15
normal,41
hire,4
third,42
parti,55
constraint,6
util,43
improv,65
mutual,12
seri,24
gep,38
black,11
atlanta,3
kelli,46
sub,59
z-met,24
uniform,9
05/14/2002,33
overwrit,6
3.4,6
stack,6
02:11,6
01:56,6
chambers/ewc/enron,9
quantil,4
random,10
\item,4
\rm,4
sen,4
p.k,4
\em,4
ann,17
math,4
\bf,4
christmann,4
=======================================,4
dortmund,4
049,4
s-new,28
lists.biostat.wustl.edu,28
unsubscrib,24
articl,5
deal,14
independ,11
1968,2
asymptot,2
sampl,47
-depend,2
39,2
1724-1730,2
1970,2
heterogen,2
41,5
2137-2139,2
PD,2
dr.,13
universitaet,2
hochschulrechenzentrum,2
wissenschaftlich,2
anwendungen,2
d-44221,2
a.christmann,2
hrz.uni-dortmund.d,2
-231-755-2763,2
-231-755-2731,2
s-news-request,12
bodi,15
jerri,52
teh,18
holt/ewc/enron,21
03/08/2002,35
08:03,6
holt,10
04:53,8
05:03,6
lewi,31
02:30,9
kathi,24
nobles/ewc/enron,6
loretta,9
haynes/ewc/enron,9
Be,36
safe,23
mjl,9
ratekin,12
consum,57
possess,2
iec,2
cunsum,2
cut,26
separ,21
hourli,23
clarifi,17
easier,7
neither,23
5.5,12
03:25,7
352-c,3
chain,3
overwritten,3
HD,3
day/month,3
rollov,3
where/how,3
sub-directori,3
01:58,3
prototyp,11
scan,22
vesta,105
bell,46
F,18
05:41,3
05:10,9
goal,40
05:21,9
05:04,3
bayne/ewc/enron,3
',112
X,10
apples-to-appl,3
formul,6
multi-month,6
arrang,31
04:24,6
statement,29
boil,6
sot+wot+est+rt+mt,6
st-lot,6
est,20
sot+est+wot+lot+dt+rt+mt,6
peak,4
glad,9
gotten,7
scratch,2
F.,24
overstat,2
cwl,2
cumul,3
~40kw,2
pre,2
squar,2
static,2
furthermor,14
mitig,5
non-cw,2
empir,4
comsumpt,2
05/15/2002,30
07:25,10
ratekin/ewc/enron,7
purchas,63
requisit,12
discontinu,11
constructor,6
advis,52
T,79
c=01,6
wind=20,3
zond=20,3
zond,3
of=,4
llp,3
datawork,3
syst=,3
em=20,3
used.=20,3
energy=,3
and/or,17
entiti,173
ordering=,3
vivian,3
steve,20
pre-print,3
and=20,6
in=20,3
completely=20,3
unaccept,17
a=,6
supplier,3
bypass,3
procur,6
accompani,12
th=,9
e=20,9
counsel,11
them=,3
unless,21
necessari,44
revis=,3
ed=20,3
cooper,21
not=20,3
hesit,6
661-823-6781,3
3-5,6
accept,61
talk,69
multi-,3
industri,19
simpl,16
credit,72
metric,3
objection,3
accordingli,14
99.5,3
07:40,3
rate,42
retail,27
infinit,4
consumption/product,2
leav,50
standbi,2
financi,42
liabil,39
ascertain,2
coincid,2
wholesal,5
arbitrari,2
never,30
owe,2
On,103
instanc,8
sold,5
permut,2
certainli,6
aggreg,6
dampen,2
maxim,3
2nd,29
production/consumpt,2
thru,25
02/25/2002,3
JR,3
resolv,33
01:52,4
09:38,3
gverkleeren,24
zilkha.com,115
thorpe/ewc/enron,68
gari,357
acquisit,31
subsequ,5
departur,5
horna,6
advoc,3
run/somerset,13
rick,112
winsor,66
appropri,30
earliest,11
confid,25
advocaci,3
823-6886,12
whitewat,15
facil,53
mayura,12
secur,51
grant,21
boteju,6
bop,6
contractor,8
news,15
01:54,3
11:10,6
11:24,3
05/07/2002,3
ghilardi/ewc/enron,8
erich,3
ossowski/ewc/enron,3
warranti,10
palm,10
spring,5
compris,3
perman,6
burglari,3
seven,20
T1,3
trailer,9
rent,3
walk,86
rough,4
grade,3
stake,3
familiar,11
aris,10
exclud,27
factor,9
lean,26
complic,9
wo,13
remaind,9
emul,3
soft,4
.5,11
04:25,16
03:32,3
VA,17
va.,2
desir,14
pay,12
payment,34
introduc,7
chiefli,3
whatev,3
opposit,3
-25,3
scenario,3
05/16/2002,8
typo,19
hot,4
press,40
suffici,6
03:23,8
02:57,3
rerun,3
10,737,017,3
10,737,107,3
production.tak,3
sort,32
vari,4
lastli,3
unlik,4
jimmi,19
chandler,3
hard-copi,3
via,37
fedex,3
german,18
interim,5
extend,16
summat,2
unreason,2
assimil,2
pose,5
optimist,2
goe,20
116,2
117,2
05/17/2002,27
nonetheless,4
06:56,2
nice,10
iian,2
05/14,2
gew,131
ruth,19
consolid,30
thank-you,6
flag,13
wim,6
imput,10
care,17
3-4,3
outlier,7
rush,5
out-of-rang,3
unusu,3
shear,6
stick,21
step,23
scrutin,3
member,21
fals,4
histor,6
archiv,9
fit,19
recipi,40
affili,20
03/07/02,3
12:18,3
jeff.maur,3
mike.abbott,3
danielle.lewi,3
properti,12
relev,22
confidenti,32
materi,33
sole,20
disclosur,13
strictli,11
prohibit,10
author,27
sender,14
repli,46
enron.messaging.administr,12
hereto,10
offer,25
evid,25
bind,10
enforc,12
reli,12
estoppel,10
02:15,2
non-lean,2
04:44,5
past,56
3000,5
1.10,5
paragraph,14
qualifi,9
05/20/2002,35
entri,85
allsup/ewc/enron,69
blue,10
side,26
10:21,6
thist,12
06:01,6
08:14,9
02:36,6
02:49,6
01:26,6
enter,39
backward,6
durat,23
90.9,6
45929604,6
21780739,6
20704770,6
ran,9
allsup,21
08:41,8
object,30
discount,51
.1,3
dataset,3
token,3
negoti,3
09:12,6
nagwa,37
logic,28
select,75
proceed,19
shall,12
els,23
11:12,5
elkachouty/ewc/enron,6
gen/temp,8
001,7
50,24
1490,4
amb,4
temp/high,4
marker,4
=1,4
adjust,59
gen,5
were:7,2
78,2
elkachouti,9
04:14,12
deriv,24
lkm,3
transform,29
crystal,5
phi,35
averrag,30
co,34
martin,25
22.05.2002,20
34,23
56,29
spannungswert,15
essing/develop/twt/d,10
twtde=20,10
am=20,13
ess,10
10sec,10
10min,10
pha=,10
se=20,10
anlagen,10
s=20,10
sound,13
thursday,84
661-823-6545,5
011-49-5971-980-1122,5
011-49-171,5
635,5
7034,5
mobil,37
05/22/2002,11
09:58,5
kevin.cousineau,8
hilli,5
hospit,11
18:55,5
15:33,5
spain,11
to=20,5
sites.=20,5
bug,8
the=20,8
lifetim,8
24h,5
124h,5
phase=,5
holtel=20,5
gmbh,22
holsterfeld,16
48499,16
salzbergen,16
15:21,5
15:00,5
usa=20,5
tach,5
den,5
und,5
sowi,5
einigen,5
beliebigen=20,5
trend,10
h,10
tte,5
ich,5
gern,5
die,5
netzspannungswert,5
leistung,5
/co=,5
al,5
minutenmittelwert,5
tagesmittelwert,5
sekundenwert,5
minana=01,5
dayana=,5
=01,5
secana=01,5
blitz,5
09:08,5
08:51,8
meyer/service/twt/d,12
enclos,11
excel-fil,6
22.05.02,6
absolutvalu,6
05:05,3
07:31,3
16:30,3
16:23,3
dec.1999,3
countervalu,3
21.05.2002,3
14:31,3
17.05.2002,3
20:06,3
timestamp,10
i'am,5
xls-file,5
23.05.2002,11
17:26,5
reqest,11
texa,26
zip,7
18:23,3
17:51,3
stamp,3
reformat,3
05/23/2002,17
08:54,6
spread,23
1-,11
JD,100
differenti,15
serv,14
var,6
mirror,4
db,17
asap,28
05/24/2002,5
03:24,2
chandler/ewc/enron,2
trent_graphs.pdf,2
_graphs_production.pdf,2
261-262,2
15th,8
16th,3
worst,2
rememb,20
trent011502.pdf,2
need/want,2
michael,112
ps.ge.com,124
igbt,64
zilkha,147
PA,46
rwinsor,35
724,63
follow-up,29
23,34
Cc,120
skelli,16
overst,16
availability.zip,16
renew,30
content-class,16
verkleeren,78
farm,19
7.25,16
rack,16
dear,17
enjoy,24
opportun,40
candid,11
661-823-6827,8
11:40:05,8
steven.zwolinski,14
colleen.reppli,14
benjamin.bel,8
mskelli,14
FW,66
excit,11
trench,8
ago,21
frustrat,8
fruit,8
relationship,14
-origin,204
1:15,8
formal,10
unrespons,8
share,49
frankli,12
shrug,11
inquiri,18
reiter,16
1001,8
mckinney,8
1740,12
houston,62
77002,9
www.zilkha.com,8
telephon,17
713-571-6640,8
713-265-0244,8
713-571-6659,8
e-fax,8
253-541-8837,8
cellular,24
713-870-5504,8
content-transfer-encod,8
quoted-print,8
x-mimeol,8
microsoft,16
exchang,17
v6.0.5762.3,8
urn,8
mime-vers,8
1.0,10
content-typ,9
text/plain,8
charset=,8
iso-8859-1,8
11:03:58,8
-0500,8
message-id,8
c4f6659e22d8194b925933cc808802540fc15d,8
server4.zilkha.com,8
x-ms-has-attach,8
x-ms-tnef-correl,8
thread-top,8
thread-index,8
acicc2zvltjbdznqrmkwdw4r6bkdng==,8
haller,16
mhaller,11
joseph.thorp,11
5th,9
circuit,29
breaker,158
torn,8
apart,9
marvin,8
blanco,8
tech.,8
nowher,8
4-17-02,8
10:00,19
a.m.,35
4-24-02,8
4:00,13
p.m.,24
hr,30
realiz,26
7.25/30,8
x,8
75.8,8
78.6,8
4-25-02,8
worn,8
HV,8
rub,8
ladder,8
rung,11
deck,8
bundl,9
sway,8
wear,9
protect,35
coating/insul,8
4-28-02,8
heavi,8
roll,28
4-30-02,8
blown,8
minimum,13
failures/replac,8
choos,14
4-22-02,8
among,21
histori,13
elsewher,8
nevertheless,8
lack,25
68,21
braddock,21
drive,50
ohiopyl,21
15470,21
434-1542,21
554-0924,21
434-1543,21
05/27/2002,15
loi,9
tue,11
wed,12
cc'ed,9
toward,21
thx,6
05:35,6
05:17,12
-jr,12
05/28/2002,54
bob,47
regular,16
involv,31
eve,6
brief,10
M.,11
10:27,3
cathi,17
mcgavin,6
09:41,6
gates/ewc/enron,6
jeff-,6
valuabl,21
bid,9
1.5mw,6
fleetwid,6
percentag,30
nueman,6
10:33,3
push,19
10:59,3
11:02,10
attached,3
05/08/2002,3
peter,28
columnar,10
shut-down,7
simpson,16
annual,14
-rt,2
-mt,5
nearest,2
repairtim,2
rule,14
Mr,2
w.c.,2
windspe,8
nrg,2
40,11
0.765,2
Hz,2
+0.35,2
tie,13
06:49:26,2
rmalbarano,2
rbotel,8
peter.simpson,5
garradhassan.co.uk,14
rene,2
.............,2
down-tim,5
undertaken,2
0402,2
.pdf,2
01:14,3
12:20,3
12:32,3
curtail.db,15
02:50,5
01:36,3
840006003,3
\visupro\840006003\,3
840006020,3
\visupro\840006020\,3
curtailyyyymm.db,12
mesa/clear,12
IP,12
192.168.0.253,12
sore,8
\visupro\trbcurtail\,12
duff,106
spell,8
zilk,3
RE,89
3200,9
18,37
typescript,9
content,10
dump,6
19,34
03:49:25,3
obel/ewc/enron,12
03:42,14
03:56,3
01:25:47,3
stanley.ballard,3
alaadin.suliman,3
lunch,57
deviant,3
wit,3
'met-mast,3
latter,3
1.6,3
7.0,3
erron,9
text,18
write,36
V.,16
prompt,17
timelin,3
zilka,15
5/2/02,3
scrub,3
inflat,3
dilig,8
discrep,17
payn,3
nemila,17
5/15/02,3
thorp,69
receipt,5
5/16/02,3
length,8
5/21/02,3
calc,16
recalcul,34
5/23/02,3
zwolinski,3
colleen,6
repplier,6
woodland/ewc/enron,3
memo0529aep,21
44.7,9
80,9
pausingcaus,9
6753,9
writeup,9
consist,28
05/29/2002,44
5/17/02,9
upcom,11
saw,9
mayb,18
05:22,3
05:01,3
information.servic,3
-tom-,9
CA,23
reprot,2
08:30,2
ea,2
/st,2
ca=,2
survey-dt-rt-mt,2
survey-4/,2
sot=,2
dt=,2
lot=,2
wot=,2
est=,2
mt=,2
rt=,2
st=sot+dt+lot+wot+est+mt+rt,2
survey=,2
4/,2
prorat,5
05/30/2002,6
05:40,3
04/09/2002,46
02:25,3
craig,12
christenson/ewc/enron,9
IV,20
prevel,4
offsit,3
guidanc,22
short,44
improperli,10
manipul,2
argu,2
thrown,4
assess,5
05/31/2002,5
06:09,2
employe,131
preform,4
instruct,48
turnin,2
repercuss,2
domino,21
outlook,98
mailbox,18
lotu,51
username/password,3
sametim,15
chat,7
quickplac,9
popul,3
HR,9
cutov,6
randomli,3
delay,14
D,43
filter,17
analys,8
rapid,3
turnaround,3
spreasheet,3
plot,16
afteral,3
acronym,13
await,8
infrom,3
splu,32
datafram,3
11:26,7
simplic,3
price,30
06/03/2002,29
09:42,2
monlthli,2
listen,15
voicemail,8
touch,17
76,6
dial-in,3
dial,12
823-6799,3
hang,4
x6862,6
u.,7
avg,13
96.3,6
96.9,6
93.7,6
94.6,6
verbal,6
prospect,7
client,13
u.s.,14
market,47
v-27,3
stronger,4
influenc,12
smaller,8
none,13
penalti,4
incent,6
mar,32
apr,27
92.3,3
94.7,3
83.1,3
89.3,3
95.4,3
95.2,3
99.0,3
98.4,3
98.8,3
95.9,3
96.7,3
95.1,3
97.9,3
97.4,3
96.8,3
97.1,3
92.4,3
91.5,3
88.2,3
89.8,3
97.2,3
93.4,3
89.5,3
91.8,3
93.0,3
94.5,3
94.8,3
95.6,3
meant,6
25'th,6
01:11,6
impli,12
25th,10
07:04,6
neccessari,3
01:50,6
11:11,3
mon.db,42
06/04/2002,21
09:32,3
07:36,9
04:03,16
tsia,24
assur,23
howller,9
convey,18
gray,14
errordev.db,9
unawar,9
contribut,13
research,31
warn,9
poorli,9
mislead,9
misstat,9
09:47,6
09:17,3
09:34,3
flight,14
reserv,25
catherin,3
travel,29
car,4
cheryl.turn,9
vaisala.com,9
oral,6
cheryl,10
turner,7
august,30
bege,3
12:15,3
11:45:24,3
june,103
abstract,3
arizona,3
16-18,3
octob,223
vaisala,3
acquir,8
sponsor,4
commit,19
co-author,3
mailto,25
presenter_registration.pdf,3
equipment_form.pdf,3
release_form.pdf,3
template.doc,3
paper_template_read,3
only.pdf,3
presenter_tips.pdf,3
intercept,2
option,27
stuff,4
heads-up,3
06/05/2002,3
12:16,6
12:17,3
artman/ewc/enron,26
misrepres,3
shape,23
micro-sit,3
alon,19
height,9
51,35
undocu,12
101,10
06/07/2002,12
andr,22
riesberg/develop/twt/d,9
detlef,6
menke/develop/twt/d,6
till,16
hoffmann/develop/twt/d,9
solv,19
52,6
11:09,3
torbohm,3
ced,3
ste/develop/twt/d,24
'fault,3
1x629,3
real,13
v1x629,3
06.06.02,3
22:07,3
torbohm/develop/twt/d,6
zusammen,3
em247,3
em242,3
em238,3
em237,3
em235,3
em312,3
em280,3
em248,3
em304,3
em272,3
em311,3
em306,3
em302,3
em301,3
em299,3
em279,3
em274,3
em270,3
em240,3
em269,3
em267,3
220,3
v1.27.0.0,3
13527,3
brought,30
gru,3
longer,29
nearli,7
front,23
memori,9
267,6
american,32
fund,17
retir,6
packet,7
tonight,11
sticker,6
269,9
2hr,26
06/10/2002,9
misc,6
6-5-02,6
22,19
shaft,9
11:35,4
11:18,3
02:32,6
01:19:32,3
surround,9
2115,3
2330,3
4hr,3
46,3
5hr,3
02,14
6-2-02,3
6-6-02,3
Am,3
-J,15
mon0205,11
mon0206,6
millrun,6
scadadata,18
\\mill,3
run\2002\june\mon0205_0206\,3
04:58,3
johnson/ewc/enron,3
zoom_srv\\mil,3
run\2002\mar\6mar02\,3
zoom_srv\\somerset\2002\mar\6mar02\,3
06/11/2002,6
03:51,7
10:04,3
circumst,7
obviou,5
2.2,3
ew1.5,6
bachmann-m1,3
interpret,30
master,34
DO,13
customer-,3
661-332-4018,3
//science.nasa.gov/headlines/y2002/11jun_spaceship.htm,3
shuttl,3
progress,6
watch,11
//spaceflight.nasa.gov/realdata/sightings/,3
click,73
qualiti,22
desktop,18
mous,12
neighborhood,10
ewtest,6
mgt,6
drag,6
cursor,6
hyperlink,6
easiest,3
shortcut,3
setup,5
100003,3
100002,3
mitch,3
thoma,27
661.823.6752,3
06/14/02,3
661.823.6428,3
shirley,3
A.,11
661.823.6818,3
technic,57
aros,15
took,29
decemb,25
GG,15
loh,15
forth,15
pmt,60
cb1,75
instantan,24
8000a,24
blow,24
catastroph,24
tim,70
forget,21
ms3,12
relay,12
seg,12
crow,12
bar,22
QA,12
redund,12
decreas,24
3000a,12
06/13/2002,12
04:48,15
mohammed/ewc/enron,21
03/11/2002,21
jane,10
07:44,3
alden,3
zeitz,3
05:46,3
perryman/ewc/enron,11
gibbs/ewc/enron,3
gayl,3
moore/ewc/enron,3
lisa,5
pitt/ewc/enron,3
08,15
09,17
violent,3
welcom,6
Al,3
chase,10
....,9
easi,56
experi,19
offllin,13
moham,12
06/14/2002,33
07:52,11
undervolatg,6
lose,11
08:29,6
incept,3
briefli,6
4:00pm,3
icon,6
workspac,6
brows,6
mailfil,12
right-click,6
down-arrow,3
insid,5
double-click,15
cp,39
rich,37
simon,24
maurer,13
foundat,24
rout,6
03:30,6
01:42:19,6
tnmccastlain,22
rkblackshear,21
rlsimon,20
windots.net,20
awsmith1,18
jfgodfrey,12
24th,14
san,13
antonio,9
calcualt,6
bill,24
onward,6
11th,12
transit,79
5/16,2
5/21,2
success,17
06/12/2002,2
09:59,2
6/12/02,2
concis,2
region,12
pia,39
agreement,41
nondisclosur,9
transact,53
vendor,10
mind,15
tour,7
bank,11
anxiou,9
proprietari,3
properli,13
signatur,4
manufactur,9
xyz,3
'S,5
visual,9
privi,3
whenev,3
OF,3
pias/,3
seek,5
llc,63
vice-presid,3
signatori,3
gate,5
rugh,3
christenson,3
westbeld,5
TO,30
maya,3
arthur,3
onto,13
acess,3
fell,3
threw,4
overlook,9
sequenc,21
hundr,7
verklereen,3
6/13/02,3
6/14/02,3
reassur,3
sperat,3
felt,4
began,6
winter,7
truli,4
conclud,3
complaint,3
break,3
absenc,4
decid,21
appoint,7
surpris,5
03:33,3
olivia,7
martinez/ewc/enron,5
debrief,6
forest,14
_______________________________________________________________________,16
r3,6
2-paramet,6
weibul,10
vector,6
fire-fre,6
bootstrap,10
ci,6
imagin,8
lame,6
mckenzi,12
ecologist,8
colleg,8
resourc,26
352100,8
univers,13
washington,17
seattl,8
WA,8
98195,8
206.616.4095,8
dmck,12
u.washington.edu,12
sunitha,4
02:54,6
kongara/ewc/enron,2
coverag,2
kongara,2
06:11,2
slide,17
06/17/2002,13
powerpoint,3
expert,4
blackbelt,3
unexplain,3
10:42,3
lourin,12
saxton,9
09:31,3
pat,12
weaver/ewc/enron,3
phil,37
waddell/ewc/enron,20
bowers/ewc/enron,3
larri,6
stene/ewc/enron,3
denis,24
williams/ewc/enron,3
schlies/ewc/enron,3
mitchel,7
thomas/ewc/enron,3
hatti,3
carrington/ewc/enron,3
toni,5
schoen/ewc/enron,3
rafael,3
alcalde-navarro/ewc/enron,3
chri,21
kalbaugh/ewc/enron,3
walli,3
landis/ewc/enron,3
ralph,6
blakemore/ewc/enron,6
clyde,3
moter/ewc/enron,3
angi,24
lentz/ewc/enron,3
mari,322
mccann/ewc/enron,3
botejue/ewc/enron,3
randi,3
guire/ewc/enron,3
keith,17
warner/ewc/enron,11
rain,7
byars/ewc/enron,6
rast/ewc/enron,9
bordwell/ewc/enron,3
skousen/ewc/enron,9
denni,10
maupin/ewc/enron,3
christoph,3
wyly/ewc/enron,3
naomi,3
brown/ewc/enron,3
jason,4
baldwin/ewc/enron,3
clair,9
soares/ewc/enron,6
nemlia,3
timeslic,6
rigor,3
wrap,3
were/ar,3
1/2,4
strang,4
09:18,4
questions/observ,6
feeder,3
cumsumpt,3
08:17,3
06/18/2002,5
06:34,3
brent,16
expand,3
time-stamp,4
offset,5
half,9
daylight-sav,2
synch,17
concurr,2
07:38,2
comprehens,3
spanish,8
requirements/wish,8
fall,50
charact,36
delin,21
extran,18
remind,38
salari,24
ext,16
6874,6
6/21/02,3
06/19/2002,48
11:43,6
11:15,19
jim,76
mikel/ewc/enron,3
lb1,3
11:45,6
11:19,3
11:23,5
leonard,12
mason/ewc/enron,5
coreload,9
licens,13
IT,39
workstat,3
underlin,3
specialti,3
italic,3
interoffic,3
tape,3
shortli,6
eras,3
12:12,3
elliott,5
fong/ewc/enron,3
VG,3
studi,9
cd-rom,6
shorter,6
ladi,7
supervisor,14
fish,6
extent,11
nicoa,3
dunn,7
announc,25
accomplish,7
leadership,17
proud,3
achiev,11
rais,5
challeng,6
qualif,6
cdrom,3
3-day,3
6-sigma,3
friendli,10
vercleeren,5
03/12/2002,43
07:55,5
04:01,5
02:54:53,5
emil,10
moroz/ewc/enron,10
cont'd,9
ercot,14
matson,26
dfmatson,30
attbi.com,30
tab,12
least,24
06/20/2002,27
07:29,3
05:28,3
05:43,3
12:49:04,3
keir.harman,3
marshall/aepin,6
03:45,3
02:46,3
15-minut,3
roughli,4
15-min,5
innaccuraci,3
techniqu,3
meteorologist,15
1650,17
saint,15
lawrenc,15
pleasant,17
hill,27
94523,15
925-933-7505,15
voic,24
curtail-feb2002-temp.xl,3
consecut,15
auto,14
sequenti,4
siggi,15
exempt,13
mandatori,12
pursu,9
certif,9
ON,9
ball,3
pen,3
AN,4
imprint,3
BE,7
destroy,7
gent,3
sky,3
garrad,8
hassan,8
AT,68
wireless,43
electr,26
rep,21
26961,18
north,43
nation,20
buy,18
airtim,12
faculti,3
enrol,11
stair,6
7:30,10
5:30,12
flyer,7
subsidiari,8
elig,6
sponsorship,9
accessori,8
advertis,6
flexibl,6
ordering-,6
1-800-388-3235,6
famili,18
800,6
store-,6
//www.attws.com/general/storelocator/,6
//www.attws.com,6
21,14
parkpc,4
06/20/02,2
06:21,2
agenda,19
jeffrey.duff,22
rpwalker,12
jackson,12
jame,43
mccastlain,6
06/21/2002,41
worksheet,9
jejackson,8
cps-satx.com,8
themselv,7
......,3
resubmit,2
08:34,8
jeff.duff,2
06/24/2002,27
05:07:17,4
06:53,8
'tnmccastlain,4
citi,30
public,17
416-3635,4
4:24,5
214-777-2010,4
214-7771700,4
214-236-4127,4
19103,39
Fw,33
wallace/ewc/enron,27
jodi,21
eickhoff-bochum.d,18
wallac,19
bello/ewc/enron,12
k.d,12
kdmeyer,12
jodi.bello,12
huub.gierveld,12
werner.porsch,12
pl,13
photo,15
visibl,21
+49,12
234,12
975,12
08:33,3
08:12,6
661-823-6507,6
661-333-2254,6
04:09,6
07:10,6
djl,6
bello,6
06:30,6
06:44,8
09:39:29,6
bellatlantic.net,6
_ickhoff,6
07,6
5:58,6
ref,6
01459,6
c/w,6
nomin,12
partial,15
teeth,6
gearwheel,6
segment,7
pinion,6
deform,6
stage,12
surfac,6
resolut,18
diagnosi,6
particularli,13
metal,6
particl,6
undersign,6
absent,6
frank,11
krull,6
fkrull,6
maschinenfabrik,6
bochum,6
klaus-d,6
ph,11
2362,6
2579,6
re-run,4
conserv,2
marku,35
autodownload,45
altenschulte/develop/twt/d,21
011,21
rec,14
altenschult,14
5971,14
980,14
files-download,7
deploy,16
auto-download,10
10:06,7
06:22,7
ground,7
sooner,9
real-tim,7
accommod,9
360,7
04:43,7
rec-,7
begun,7
leader,15
04:36,7
11:01:44,7
overlap,7
woest,7
173,7
255,7
8152,7
1161,7
1132,7
06:52,7
screenshot,7
nichol,6
henry/ewc/enron,3
10:41,5
henri,3
02:07,3
ge_benefit,10
metmast,8
metid,4
monyymm.db,4
10:02,7
brzeniski,6
featur,22
.db,3
print,16
cd,3
mon0207.db,3
93561,3
823,6
-6508,6
840008001,2
008,2
03:21,2
readm,3
scott,15
larwood,3
661-333-9416,3
08:40,2
errstat,6
errstat_old,2
29,30,31,2
78,79,80,2
forecast,8
06/27/2002,33
07:07,2
06/26/2002,2
schoen,2
lambert,2
turn-a-round,2
angl,54
29,50
setpoint,25
textual,6
ex,6
feather,9
diagram,6
criteria,13
string,6
0-6,6
13,22
plu,11
minu,9
common,18
10:51,3
10:51:28,3
fairli,5
smoothli,3
file0001.xl,3
verif,13
+lot,6
calm,6
uncommon,3
01:15,3
spare,18
overid,12
figure-1,6
figure-2,6
idl,6
09:56,3
08:45,7
04:52:33,4
marka.fish,4
653,4
troubl,11
05:33,3
05:31:33,3
hair,4
mine,4
handi,3
march-may,3
pro-rat,3
postmast,3
deliv,22
cheer,11
act,9
03:22,3
823-6545,9
09:03,3
bo/mik,3
capac,6
08:56,4
sim-lab,2
minor,8
jun282002,2
8_00_00,2
8_00_0,2
tech,9
behaviour,6
timed,6
timeseri,6
supposedli,6
6.1,9
encount,12
aggrav,6
partli,6
away,14
manpow,6
core,15
draper,3
re-instal,3
s-plu,12
06/28/2002,6
04:11,11
doomat,3
03:48,6
dell,3
laptop,6
wire,15
infrastructur,6
cubicl,6
disrupt,6
7:00am,3
7:30pm,3
ceil,3
tile,3
outlet,3
campu,3
x6850,3
7/8,12
7/9,9
7/1,6
7/3,6
karol,3
kid,5
7/2,3
vacat,35
7/5,3
7/10,3
7/11,3
7/12,3
holiday,12
7/4,3
219-767-2594,3
763-497-5080,3
7/14,3
712-477-2984,3
wonder,11
priorit,9
qfd,3
brainstorm,3
unnecessari,9
13:00,9
header,3
scribbl,3
mis-interpret,4
boxplot,16
01461,3
1459,3
primari,11
plant_index,2
6486,8
07/03/2002,29
03:47,2
fifo,2
overflow,2
erro,2
anerro,2
sqlserver,2
endvalu,2
printer,12
bu,6
windsystem,3
10-averag,3
bus-group,3
topic,27
bus-1,3
bus-2,3
queri,12
r.,3
dees/ewc/enron,3
curtail200206.db,31
01:22,9
02:02,12
curtail200205.db,9
grab,9
plane,9
temporari,16
wed.,9
26th,11
desertskycurtail,4
dirtectori,4
kwh.lost,4
acrobat,4
dank,2
reprocess,4
6/25,2
10.4,2
flem,8
Me,3
07/02/2002,3
04:42,3
agress,3
dig,3
service2,3
tsa_and_aggr,3
eh,33
safeti,24
lubert,6
dramat,7
a=20,6
polici,29
manage=,3
r,8
ehs/secur,3
great=20,3
employe=,3
that=,4
medical=,3
varieti,9
focu,8
quantum,3
leap,3
progra=,3
m=20,3
n=,3
ot=20,3
update=,3
employee=,3
long=,3
everyone=01,3
be=20,3
days.=,3
role/progr=,3
eas,4
implementation=20,3
be=,3
broken,6
as=,3
poster,3
video,9
begi=,3
n=20,3
judg,3
creativ,4
pizza,3
par=,3
ty=20,3
bbq,3
win,5
refresh,4
handout,3
han=,3
dy=20,3
emerg,18
kick,3
jim=20,3
heenan,3
kickoff,3
is=,3
ge's=,3
company-wid,6
alignment=,3
20.3,3
corporat=,3
objective.=20,3
it=01,3
time=20,3
osha,3
north=,3
northwest,3
lunchroom,3
meetings=,3
trailer=,3
8:00am,35
9:00am,3
10:00am,3
11:00am,5
1:00pm,33
2:00pm,3
benton,10
strom,3
vgr,3
750kw,3
balanc,55
sick,10
stub,7
human,11
paycheck,3
inaccur,9
mid,8
grandfath,4
hri,3
receptionist,3
guid,17
player,7
spinner,7
winamp,7
game,16
bonzi,7
buddi,8
napster,7
morpheu,7
limewir,7
strict,7
kw,9
hypersynchron,7
.abov,7
synchoronu,7
07/05/2002,7
07/04/2002,8
12:34,8
352_c,12
loos,6
pedersen/ewc/enron,5
sweet/ewc/enron,5
ronda,3
foster/ewc/enron,3
suscept,7
09:43,2
07:57,2
leland,2
meth/ewc/enron,2
tex,16
miktex,8
typeset,4
autom,11
freewar,4
//www.tug.org/,4
pctex,4
non-fre,4
sync,4
pda,4
10:17,4
ourselv,3
105,8
1640,4
366,4
grc,12
technolog,15
spent,13
play,10
visit,21
card,21
collabor,6
world,21
ceo,8
rice,25
d.c.,3
niskayuna,3
NY,11
growth,9
senat,3
legisl,3
secretari,7
whose,3
govern,10
swirl,3
worldcom,4
martha,3
stewart,32
gratifi,3
reput,3
jon,4
ebach,3
vic,4
abat,3
donnelli,15
exemplifi,3
boundaryless,3
love,7
enthusiasm,3
newest,6
bentli,3
nevada,3
pii,3
bigger,10
beat,3
mildli,3
bluntli,3
centric,3
P,8
L,7
barrier,3
uncertain,3
today',3
decision-mak,3
ultim,6
deepli,3
cornerston,3
competit,5
advantag,3
newslett,18
bi-weekli,3
greatest,7
america,26
bulletin,3
board,9
mccann,3
relations-america,3
//192.168.131.29/communications/gewenewsletter2.pdf,3
midwest,3
7/16,3
7/17,3
6462,3
661-823-6462,3
expens,40
doubt,6
07/08/2002,14
07:18:07,2
20th,7
nonexist,6
rhonda,15
IF,13
freeana1.db,6
415,6
information/analysi,3
GA,3
01:03,6
09:54,3
GH,3
07/07/2002,3
10:07:38,3
sustain,4
partner,4
ltd.,3
st.,6
franci,3
3907,3
francisco,3
94107,3
348,3
1559,3
238,5
8437,3
before/aft,4
it/spohn,3
rewir,3
alo,3
07/09/2002,22
11:14,7
01:32,3
01:12,3
offici,13
com,36
establish,38
uncurtail,22
840006029,25
19th,11
10843,18
10855,18
11134,11
overspe,8
decent,4
defici,4
aug,10
censor,2
thoman,2
bain,2
antl,2
1969,2
infer,2
technometr,2
vol,2
D.,8
08/15/2001,7
05:05:08,2
s-news-own,2
wubios.wustl.edu,2
S,8
03/13/2002,5
6feb02,2
feb1,2
drastic,2
ballot,18
disabl,13
california,8
york,11
elect,4
unsur,3
chanc,8
retent,18
volum,12
proper,11
litig,10
law,11
substanti,7
tremend,5
burdensom,3
inde,3
stress,4
importantli,4
court,7
intens,3
scrutini,3
iron,3
sarcast,3
amus,3
embarrass,3
unintent,3
harm,3
consequ,3
burden,3
discard,5
unneed,3
septemb,68
institut,3
inbox,4
outbox,3
365,3
hard-driv,3
essenti,10
auto-delet,3
destruct,4
threaten,3
suspend,8
tax,288
business-by-busi,3
brackett,3
denniston,3
etu,3
adversari,3
compos,3
sensibl,3
tip,6
intellig,3
health,3
medic,4
800-688-0327,3
eng_serv,3
\\,3
friday_report,3
inund,3
pilot,3
corrupt,6
null,3
void,3
middl,6
farewel,6
christi,6
wire/ewc/enron,6
cordial,3
luncheon,14
honor,5
07/10/2002,36
08:42,3
01:16,3
herder/ewc/enron,3
lemieux/ewc/enron,3
kirk,6
pierce/ewc/enron,3
west/ewc/enron,3
foat/ewc/enron,3
cook/ewc/enron,3
kinzel/ewc/enron,3
jacobsen/ewc/enron,3
brian,13
1/enron,3
saxton/ewc/enron,3
joel,5
toone/ewc/enron,3
pauls/ewc/enron,3
domingo,6
july,11,3
time-,3
man,4
10:47,24
6/19/02,21
trbcurtail,14
startup,7
date/tim,9
msg,7
10:36,7
10847,7
840006250,7
bdev,3
expprojectdoc,3
faciltrk,3
mi,3
projmanag,3
servicerpt,3
sitereport,3
cabfla06psg,3
inconveni,10
hit,12
63,3
gigabyt,3
firstname.lastnam,8
alphabet,3
exit,3
illeg,3
invalid,3
modul,3
unknown,3
0000:015clac9,3
reinstal,3
defend,19
.6,7
convinc,8
mistaken,7
02:04,8
0.4,7
0.1,7
becasu,7
underway,7
re-calcul,9
anticip,18
661-823-6486,9
p.,9
07/11/2002,4
07:42,4
05:54,4
req,4
prece,3
breakout,6
gverklern,3
pain,4
wend,4
gone,15
hole,7
bus.id,4
usernam,9
notif,11
xxxxxxxxx,6
sso,6
print/sav,3
ge_directory_upd,3
generalelectr,3
ge.com,3
11:14:25,3
denise.william,3
//globalapp01.ge.com,3
logo,3
auto-gener,3
dataflo,3
abra,12
internet,39
strongli,3
retriev,5
urgent,14
sunday,9
14th,5
may2002paretos_faults.pdf,4
readabl,4
may2002mean_faults.pdf,4
grpah,4
MR,43
07/12/2002,8
10:49,3
10:48:27,5
1:27,5
'kurt.anderson,5
ps.ge.com',5
joan,9
spot,10
reject,11
primarili,8
frown,5
revisit,5
uncorrect,5
distinct,5
matter,16
12:00pm,30
5:00pm,31
07/17/02,6
07/15,3
book,123
1-877-helpdsk,3
william.agn,3
823.6523,3
07/18/02,3
07/19/02,3
07/22/02,3
07/23/02,3
07/24/02,3
07/25/02,3
07/26/02,3
07/29/02,3
07/30/02,3
823-6824,3
B.,5
lentz,3
vital,3
domain,5
promis,8
visualpro,10
03/14/2002,7
07:50,3
pro,6
config,3
chanxxx.db,3
wherea,4
x=,3
/max,3
n-set,3
600a,3
9:30,5
11:46,2
interdepartment,2
theoret,6
rpm/rotor,3
yield,3
constant,4
interestingli,3
fluctuat,9
inconsist,18
03/19/2002,23
3-17-02,12
3-1-02,12
3-18-02.xl,12
sel,9
philo,16
export,7
0930,6
3-18-02.txt,6
hhk,3
03/20/2002,13
08:35,6
warner,3
05:14,3
waddel,14
03/17,3
inclement,3
1,3,5,6,7,3
0900,3
e'mail,3
3/18,3
01:06,3
11:48:15,3
phil.waddel,3
pleasur,4
1930,3
3-18-02,3
restor,5
2345,3
VB,3
VC,3
somewhat,5
mysteri,3
visupro/scada,3
safety/protect,3
replic,2
zoom_srv,3
\\indian,3
ii\2002\mar\mar5freeana\,3
zoom_srv\\trent\2002\mar\mar20\,3
-j,3
03/21/2002,35
2/1/02,9
2/2,6
574,9
0652,9
0653,9
01:34,5
11:47,4
packag,7
11:58,3
spoken,3
2/28/02,3
programm,3
timefram,4
12:47,4
b-1,2
08:47,2
re-sent,2
95,2
08:07,2
unfamiliar,2
rom,2
08:18,2
07:45,2
background,4
04:49,2
05:00,2
obel,2
07:47:14,2
klaus.obel,2
652,2
stand,6
653.,2
riversid,10
plaza,12
43215-2373,10
324-6957,10
324-6994,10
314-5538,10
02:17,3
01:27,3
pursuant,3
03/25/2002,12
11:53,6
giguer,3
11:30,9
visu,3
worthwil,3
behav,3
bin-averag,3
29,334,6
profil,12
log-likelihood,8
profilel,6
alpha,6
dweibul,4
xmp04.30,4
mle3,4
nlm,4
hessian,4
likelihood,4
mle,2
closed-form,2
explicitli,2
joint,2
teach,2
titl,34
languag,6
//www.stat.wisc.edu/~bates/jsm2001.pdf,2
-sum,2
lifetimealpha,2
1/alpha,2
2.15,2
77.0951,2
c,4
unlist,2
-3,2
iter,2
77.095088,2
2.152001,2
3.378437,2
1.000000,2
7.000000,2
R,4
ms,2
twice,3
chi-squar,2
df,2
03/28/2002,20
02:26,3
02:08:22,8
wr574,18
01/02/02,12
03/01/02,6
12/02/01,6
14:00,3
08:00,3
09:00,3
16:00,3
off-lin,14
minnesota,4
fli,2
330,2
3451,2
04:08,2
freeana,5
03:50,3
reload,12
38,6
43,6
55,3
37,3
61,5
75,5
91,3
118,3
clearski,3
clean,10
11:08,8
03/29/2002,9
03/27/2002,3
11:20,3
gries,3
10:55,3
04/02/2002,6
01:49,3
charlton/ewc/enron,3
shadden/spain/twt/d,3
inigo,3
urrutia,3
berasain/spain/twt/d,3
agustin,3
fernandez,7
espinosa,3
ect,3
hans-hennig,3
l_tze/develop/twt/d,3
madrin,3
comprenhens,3
completli,3
satisf,3
concentr,3
nwp,9
compliat,3
former,4
fashion,8
lowest,4
responsible/lead,3
labor,3
mileston,3
brad,8
biggerstaff,2
bate,6
alert,3
built-in,2
watermark,3
ooh,21
EW,9
uah,9
windshear,9
claus,9
lloyd,26
i.e.,3
categor,3
throrough,3
germainish,3
germanisch,3
compens,3
ie,3
03/05/2002,6
04/04/2002,9
abbott,3
01:01,3
eskota,3
41,954,410,3
44,697,000,3
36,690,740,3
resend,3
luck,5
12:03,4
02:31,3
06:41,3
08:52,5
02/26/2002,3
03:59,3
ghilardi,4
footnot,4
08:39,2
wr583,2
proced,2
verify/configur,6
re-boot,6
windfarm,3
374,3
greenwhich,3
time-synch,3
boot,3
1/22/2002,3
1/31/2002,3
0648,3
0651,0652,0659,3
extrapol,3
.97,3
.98,3
ppa,3
1,770,692,3
patienc,7
cool,3
04/05/2002,4
07:11,2
05:37,2
6.0,12
02/11/2002,6
insightful.com,6
fee,11
invoic,5
crisi,3
1,740,3
dollar,8
03/01/2002,3
05:39,3
jmartin,3
05:05:30,3
undisclosed-recipi,3
launch,4
high-end,3
reveal,3
pattern,4
faster,3
browser,6
//www.insightful.com/company/release.asp,3
rid=105,3
cutom,4
wr238,4
wr257,4
SL,4
04/08/2002,22
07:37,2
biernat,2
257,2
errstat.db,2
satisfact,3
12:51,3
wr527,2
denot,2
99,3
199,2
tackl,2
derat,3
mr/ss,14
03:44,3
02:23,3
J.,5
02:06,3
02:10,3
01:55,3
overdu,3
avial,3
curtailments.xl,9
915,6
march.curtailment.xl,6
08:20,3
05:40:23,3
fhsala,3
862-0032,3
338-8180,3
cell.ward,3
marshalldirector,3
developmentaep,3
inc.offic,3
583-6607fax,3
583-1627cell,3
736-6022mail,3
16036columbu,3
43216-0036physic,3
address:155,3
blvd.columbu,3
04/09/02,3
04/08/02,3
06:16,3
george.gries,3
willhav,3
soon.pleas,3
assistance.regardskurt,3
jan.curtailments.xl,3
re-set,6
03:00,6
02:03,6
wr585,9
pleae,3
04:54,3
artman,5
fare,5
01502,5
2-3,5
freeana1,5
inspector,2
tent,11
undesir,2
hey,15
drove,9
behoov,9
04/10/2002,18
30mw,6
constantli,6
onsit,6
01:57,6
bryan,6
gregory/ewc/enron,6
supplement,3
02:48,3
10e6,2
04/11/2002,5
08:05,3
05:13,3
146,3
2.1,3
.14,3
40.8,3
3.5,3
parameters/set,3
unoffici,3
3.8,16
febuari,4
maa,6
obvious,5
breakag,4
cup,4
mason,12
09:04,4
impress,4
behind,3
11:34,3
\\monfort\2002\apr\apr10\,3
ee,190
michel,51
obe,8
De,8
La,8
joey,13
dara,32
jennif,26
harri,16
glenn,10
robyn,12
robbi,20
ling,15
essi,88
dub,11
carolin,23
greek,20
dixi,10
salli,20
glen,21
danni,23
lee/hou/e,25
jone,25
pgn.com,4
smtp,4
J=,4
murray,11
=09re,4
=09leblanc,4
=09monday,4
=09atkinson,4
elizabeth,6
blizard,6
burgess,12
cruz,6
eggebrecht,9
esper,6
flinn,18
ginti,8
james=,4
guthri,15
herrold,20
hollman,6
kennedi,8
kent,14
kobe,8
larson,10
karen,18
lee,55
Li,13
locklear,49
morri,9
nugent,23
rainbow,10
riddl,8
seelig,14
sontag,7
swafford,58
jr.,11
wilcott,21
patti,36
08/09/2001,11
07=,1
:39,1
=09michel,2
leblanc/enron,2
07/31/2001,16
=09elizabeth,2
atkinson/enron,2
blizard/enron,2
euenronxgate=,2
burgess/enron,2
cruz/hou/e,2
eggebrech=,2
t/enron,2
esperance/enron,2
fischer/hou/e,44
E=,6
ES,3
flinn/hou/e,6
ginty/enron,2
guthrie/=,2
herrold/enron,2
hollman/enron,2
enronx=,2
michael_c_jon,2
oseph/enron,2
kennedy/enron,2
kent/enron=,2
kobes/enron,2
larson/enron,2
K=,2
laumand/enron,2
lewis/enr=,2
li/enron,2
locklear/enron,2
ame,2
maccallon/enron,2
morris/enron,2
jim_murray,2
nugent/enron,2
to=,2
rainbow/enron,2
rice/enron,2
riddle/enron=,2
seelig/hou/e,7
sontag/enron,2
S=,3
wafford/enron,2
walloch/enron,2
ward/enron,2
wilcott/enron,2
williams/enron,2
enronxg=,2
ate,2
wilson/enron,2
=09=20,2
3rd,14
your=,2
recei=,2
7:45,3
'jone,3
jose=,2
L=,2
aumand,2
mac=,2
callon,2
'murray,3
wa=,2
lloch,2
W=,2
ilson,2
07_27.xl,3
7:16,3
joseph=,2
lau=,2
mand,2
macca=,2
llon,2
rice=,2
walloc=,2
wilso=,2
n,5
=092nd,2
plannin=,2
g.,2
the=,2
egf,3
opp=,2
ortun,2
thoroughli,3
u=,2
nit,2
examin,4
ther=,2
efor,2
e,10
day=,2
please=,2
3-0931,5
leblanc,2
atkinson,2
joseph,5
laumand,3
maccallon,6
walloch,15
wilson,24
suzann,5
eecc,1
01:4=,1
depict,1
rob,2
08/02/2001,1
12:29,1
retail4,6
whsees4,4
think-,2
CE,12
08/01/2001,1
06:55,1
kimberley,4
nelson/hou/e,4
kim-,2
nibt,2
million,35
x3-0338,2
outsourc,3
headcount,2
ja,2
graham,1
ceii,1
71.2,1
vers,1
cei,1
64.2,1
7.0m,1
ebit,2
margin,1
13.3m,1
12.5m,1
sainsburi,2
mtm,30
1.0m,1
ednl,1
0.2m,1
6.3m,1
goodwil,7
amortis,1
erpag,1
accrual,23
0.6m,1
ED,1
6.4m,1
etol,1
centr,1
debt,9
0.7m,1
-mainli,1
london,10
01:02,1
somrah,1
jas-,2
ebt,2
questions-,2
713-853-0338,2
templat,2
\corporate\tax\lotus\2001,1
estimate\2nd,1
ce\1st,1
deferr,1
leesa,58
heart,46
white,37
S.,30
sue,19
donat,20
t-shirt,10
shirt,8
deborah,20
race,4
cure,7
cancel,24
boy,2
11:21,3
doyl,5
debbi,10
eldridg,3
gardner,10
wayn,3
gartner,3
glod,3
annett,7
shelli,16
kimbal,3
pamela,6
landri,3
wadsworth,10
9:20,4
felecia,34
ayer,8
lesley,8
chapa,8
barbara,13
crook,8
cruver,8
darrah,7
jacqui,7
denton,8
L.,12
dhruv,8
tushar,8
fraylon,8
damon,8
fuller,8
phylli,11
hall,17
lyla,8
hamlin,8
herron,8
ibrahim,8
amr,8
king,10
susan,22
lodi,7
fahd,7
macpherson,8
sigrid,8
mendez,8
angela,15
napier,4
dale,8
nash,8
patel,8
sheetal,8
poranski,8
priddi,10
janic,12
reynold,11
roman,8
sloan,8
sugarek,8
velvet,8
trevino,16
linda,11
charm,8
wilbeck,8
willard,8
wood,8
yao,8
oct.,23
money,7
volunt,9
captain,6
fridg,6
713,26
refriger,4
meal,5
ill,2
bui,3
EB,14
1752a,1
853-7097,1
416-4720,1
646-3230,1
angie.bui,1
beliveaux,3
9:12,1
1pm,3
kitchen,2
lysol,2
healthi,2
eat,2
odor,2
unbear,2
contamin,2
dirti,2
//tax.enron.com/default.asp,1
eb17,1
JS,1
d=discretionari,1
r=recruit,1
vac=vac,1
o=out,1
s=seminar/train,1
m=matern,1
cpa=cpa,1
exam,6
selma,27
x31765,1
invest,12
cst,10
long-term,3
restrict,1
3:00pm,6
hewitt,1
northern,1
trust,13
jeopard,1
reconcili,8
vehicl,1
weigh,2
earn,2
choic,1
align,3
toler,1
trade,27
3:00,10
prize,8
envelop,10
anymor,1
nov.,8
afterward,1
10/26,3
fabul,1
p.m,8
eb1756,2
friend,12
eb1750,1
3-6030,2
bobbi,23
melissa,20
moodi,9
hermann,8
causey,9
becker,7
9:38,3
richard,72
westbrook,3
sharron,3
floor,21
knew,6
flow,4
forum,14
30th,6
eb1701,12
sizeabl,4
happi,12
VP,4
capit,18
eb1747,4
eb1769,4
eb5023,4
fair,4
frost,3
sullivan,3
telecom,3
speaker,5
telecom/broadband,2
dialogu,1
esourc,5
host,4
summit,1
telecom/bandwidth,1
harper-slaboszewicz,1
rod,3
woodward,1
trading/brokering/onlin,1
//esource.enron.com/hot_topics.asp,1
3:30,3
5c2,4
35,4
Q,1
3:30-4:30,1
4:30-5:30,1
utilicom,1
/energi,1
perspect,2
rsvp,10
stephani,9
taylor,4
5-7928,3
exxonmobil,116
fmc,72
UT,69
hsc,69
methodist,56
JL,52
wortham,52
kvaerner,44
hay,32
garder,19
hudson,24
garcia,12
natco,12
hatzi,8
jimmy.hatzi,8
heart.org,8
moor,20
brenda,10
exxon,8
mhh,8
dietrich,6
erin,7
greg,14
nobl,8
carter,7
cobb,8
fendley,8
rethna,6
sandra,19
mcdonald,9
yvonn,9
aha,2
4:37,1
sack,4
adrien,4
stone,4
allison,4
novak,4
alma,4
leal,4
amanda,5
byford,4
ami,9
martinez,5
castanon,4
ana,4
eaglin,3
angelia,4
angelica,4
quiroz,4
anna,2
hulsland,2
cotton,4
aurora,5
seminara,4
segura,4
bart,4
canon,4
belinda,4
callow,4
furr,4
bud,4
laru,4
cal,4
daetwyl,4
carol,12
carolina,4
asirifi,4
celest,17
leimer,2
villanueva,4
chantel,4
cheri,4
mcneil,4
domingu,4
christina,12
hertz,4
chuck,4
butler,4
conni,4
weiher,4
johnson,11
d'armond,4
bmc,4
zale,4
darren,7
mayo,4
madrig,4
debram,4
hayn,4
desire,4
ross,4
dinorah,4
hernandez,4
donna,5
kanon,2
earnestin,4
collin,4
eleas,4
jenkin,4
emili,7
cedillo,4
feighl,4
asprec,3
schreiber,4
ethelyn,2
eunic,4
ihaza,4
evelyn,3
gutierrez,3
faldyn,4
patton,4
heidi,4
petri,4
hona,4
netherland,4
hugh,4
benzig,4
jaim,4
jami,4
cole,16
cunningham,6
janet,4
fagan,4
jean,4
moral,4
bird,4
jessica,4
jill,4
radou,4
joani,4
norlund,4
bennett,5
josi,4
del,5
toro,4
moran,4
julio,4
garrison,4
merril,4
lynch,2
widaski,4
katrina,4
kati,5
robinson,4
kerri,4
salina,4
lady,4
freitag,4
lashon,4
laura,9
monro,4
leba,4
shallenberg,4
lester,4
byrd,4
lori,9
lou,4
gilster,4
maggi,4
mami,4
marco,4
coronado,4
maria,4
gordon,4
stain,6
symmon,4
marilyn,4
devereaux,4
ruffin,4
cheney,5
melani,12
lemel,4
minda,4
larussa,4
myra,4
burk,4
tg,4
nadia,4
noyola,4
nanci,4
jink,4
nelson,4
nikol,4
munguia,4
nina,4
nashif,4
noah,4
pam,4
rowel,4
thibadeoux,4
patric,4
paula,3
paulett,4
peggi,19
messer,4
PJ,4
garza,3
morvant,3
ledden,3
betz,3
roan,4
crockett,4
robin,4
phillip,5
roderick,4
riley,4
rosemari,4
vanworm,4
sal,4
colello,4
sande,4
howel,4
marroquin,4
sarah,4
tucker,4
bayer,4
sherril,4
shane,4
pavla,4
sharon,9
reuther,4
sid,4
chaka,4
silvia,4
guebara,4
driskel,4
stuart,9
buchanan,4
tobleman,4
tandi,4
mellard,4
tch,4
theresa,4
gomez,4
grebe,4
tish,4
tjodi,4
penn,4
todd,54
pisciotta,4
toma,4
colorado,4
traci,6
trina,4
hillman,4
victor,7
cavazo,4
victoria,4
herrera,5
wendi,4
helm,4
yasmin,4
kazzaz,4
deffenbaugh,4
foot,1
FN,2
misc.doc,1
2626,4
west,7
510,4
Tx,4
77054,4
713-610-5021,4
713-610-5200,4
regist,18
mimosa,1
drink,2
decommiss,2
non-standard,2
cut-off,2
firstnam,2
lastnam,2
non-support,2
environ,1
firstname.middleinitial.lastnam,1
announcements/corp/enron,2
10/15/2001,1
9:15,1
worldwid,1
ect.enron.com,1
ei.enron.com,1
abbrevi,1
new/exist,1
append,1
robert.alan.smith,1
meanwhil,1
imper,1
husser,22
shanna,40
tnpc,12
stock,23
dewar,20
donett,23
bow,5
unwound,6
raptor,80
write-off,4
gain,11
8:20,1
1701,4
3:55,2
identitf,2
swafford/danni,2
bowes/shanna,2
fa,7
125,2
husser/patti,2
sab,2
equiti,2
defer,37
reorgan,1
marc_asset,1
marc_c,1
commod,13
marc_dissolv,1
dissolv,8
marc_europ,1
marc_iao,1
india,4
asia,4
marc_inact,1
inact,6
marc_intern,1
marc_la,1
latin,5
marc_london,1
marc_m,1
marc_n,1
marc_na,1
marc_omaha,1
omaha,5
marc_pshp,1
partnership,6
marc_sa,1
marc_struc,1
marc_unassign,1
unassign,1
vicsandra,32
853,4
4798,2
1733,2
//tax.enron.com/,7
topsid,15
tst,5
hyperion,26
incom,71
ecc,7
ti,50
10/17/01,1
18th,2
2:30,2
10/12,1
10/17,1
dar,4
969,5
allen,10
isc,13
sap,38
workshop,2
3pm,2
9am,2
10am,2
forev,1
reinvent,1
wheel,1
condens,1
29th,1
trick,1
effici,7
signup,1
5pm,4
12am,1
gift,4
//isc.enron.com/site/fico-close.htm,1
favorit,1
duan,3
fritz,3
i.s.c,1
//isc.enron.com/sit,1
713-345-4727,1
educ,3
//iscedcenter.enron.com,1
3:58,1
dl-isc,1
org,1
g/l,7
713-345-5737,1
10:26,1
apk,6
beth,7
coat,2
edward,2
dougla,2
stephen,4
H.,2
duke,4
cullen,2
maxey,2
sandt,2
sayer,2
brandli,2
chavez,2
norma,2
dupre,2
dianna,2
galloway,2
shelia,2
hutton,2
marsh,2
mccain,3
rees,3
reyna,9
rodriguez,2
Y.,2
russo,3
gavin,3
schick,2
warren,2
shea,2
fiona,2
yarbrough,2
all-employe,4
postpon,6
reschedul,3
tune,2
regret,3
fieldcentrix,5
ef,11
scalabl,3
platform,2
ipt,2
investor,2
technician,1
ebsi,1
linc,1
hvac,1
interact,7
workforc,1
internet-bas,1
1994,2
125-employe,1
frontlin,1
cingular,1
award,2
superior,1
presid,6
re-organ,1
led,3
wurzel,1
limbach,5
architectur,1
whaley,1
financ,15
earl,1
re-align,1
creation,6
billion,1
tran,3
regul,3
partnerships-,3
//tax.enron.com,6
9:00,9
kick-out,1
workplan,20
rank,17
trujillo,16
10:13,2
Ng,29
barthel,3
morrow,6
tian,4
laird,12
burton,3
balboa,2
sonia,2
thompson,10
yan,2
fei,2
ramirez,10
chad,24
saenz,3
kate,13
filtering/sort,2
7am-9am,2
5-4297,3
corptax,5
8:51,2
8:38,1
commodities/trad,1
713-345-3522,10
3:10,2
allwardt,3
griffin,2
khristina,2
713-853-0914,2
accru,2
facundo,41
harrier,31
grizzli,21
pronghorn,31
roadrunn,26
1,465,400,3
franchis,12
sit,3
30051000,2
1,500,200,2
553,1
inc,8
59002000,1
34,600,1
attribut,6
attrebut,1
pennsylvania,1
debit,28
5002000,1
1,465,200,1
x-54771,1
camino,28
so2,19
33r,16
inventori,15
reclass,12
elois,16
33q,14
104.8,5
sead,5
proce,5
138,475,829,4
revenu,13
murphi,4
carla,4
19999995,4
138,475,829.50,13
10:54,1
ordinari,2
9:39,4
mark-to-market,2
workbook,2
33.7,2
inv1.xl,2
8:41,2
cash,7
45000000,2
8:27,2
20011000,2
713-345-1667,2
8hr,2
cpe,2
kathleen,9
ashton,9
taxat,2
crown,2
nexu,2
2201,1
JW,3
marriott,3
registr,22
x3-1765,7
6pm,3
thur,3
sheraton,2
brookhollow,2
5:30-6,2
dinner,9
co.,20
awscpa,1
meetings/seminar,1
sept,3
7pm-9pm,1
-fall,1
mini,1
seminar,1
ecomon,1
stern,1
2801,1
oak,3
annex,1
supper,1
apprais,1
district,1
ce,1
5:30-6pm,1
7-9pm,1
rta,11
YE,1
96.52,7
approv,10
//expensexms.enron.com,2
america-,1
1780,2
fri,3
10/19/2001,2
5:52,2
wanrrant,2
125/140,2
writedown,2
diabet,6
art,7
children,4
//cr.enron.com/eia.html,2
reclaim,3
juvenil,3
coalit,1
museum,1
membership,6
assembl,1
firefight,1
sunshin,3
astroworld,1
justic,2
psi,1
homesav,1
MD,1
cancer,3
flu,3
immun,2
massag,2
downtown,2
club,5
young,2
alumni,2
halloween,5
monster,2
bash,2
par,2
fore,2
pet,2
golf,3
tournament,2
my.home.enron.com,2
set-up,2
eia,2
leff,2
chief,6
1:00,6
avali,2
teleconfer,4
bridg,2
1-800-713-8700,2
x5-7250,2
LA,1
364,4
967,2
00,3
unrank,3
\corporate\tax\mast,3
preparers/review,1
empti,1
fasb,15
sec,12
//www.arm.arthurandersen.com/rschmgr.nsf/,12
foreign,15
intang,7
issuer,5
141,3
142,5
headlin,5
ledger,11
impair,3
edgar,2
privat,6
permit,2
english,2
iasb,8
sac,2
2001.,2
nichole.m.szafranski,2
us.andersen.com,6
knowledge_solut,2
arthurandersen.com,2
12-18,1
TM,2
subscrib,2
fully-format,2
m=vwuid/eb2dac14,2
combinations/goodwill/revenu,1
goodwill/oth,1
recognit,1
reclassifi,1
adopt,1
entireti,1
evidenc,2
amort,12
m=vwuid/c8d759a8,2
m=vwuid/0a25acaa,1
props,1
sec',1
1933,1
1934,1
translat,1
literatur,1
m=vwuid/41306d67,1
m=vwuid/a82d9f02,1
long-liv,1
dispos,1
m=vwuid/686c7d42,1
advisori,1
council,1
16-20,4
m=vwuid/06c483bd,1
16-17,1
m=vwuid/63e3fbeb,1
312.507.0092,2
financialreport,2
andersen.com,3
footer,4
privileged/confidenti,4
addresse,4
kindli,5
consent,4
opinion,4
conclus,5
understood,5
endors,4
109,3
instructor,4
ginni,2
cate,2
deloitt,2
a.m,4
10/29,3
corp,7
8:30,1
e-tax,2
tax.enron.com,2
sean,7
br,46
li,7
nbsp,40
vpn,5
td,15
type=3d'radio,3
tr,9
/td,14
width=3d'100,2
/tr,9
/tabl,4
year-end,9
name=3d'answer1,2
html,3
with=,1
/titl,1
/head,2
style,2
TD,1
font-siz,1
10pt,1
ba=,1
ckground-color,1
/style,1
width=3d100,1
border=3d0,1
cellspac=,1
ing=3d0,1
cellpadding=3d0,1
height=3d96,1
width=3d'22,1
img,4
src=3d'http,1
//isc.dev.corp.enron.com/surveyvpn/images/index_r1_c1_r1_c1.gif,1
width=3d,1
5=,1
height=3d'117,1
height=3d'96,1
background=3d'http=,1
//isc.dev.corp.enron.com/surveyvpn/images/index_r1_c1_r1_c2.gif,1
/t=,1
border=3d,1
cellspacing=3d,1
cellpad=,1
ding=3d,1
height=3d'343,1
name=3d'surveyvpnform,1
method=3d'po=,1
st,1
action=3d'http,1
//isc.enron.com/surveyvpn/surveyvpnprocess.asp,1
access=,1
ul,1
type=3d'disc,1
b=,1
pep,1
xm,1
oon,1
ehronlin,2
lectron,1
/ul,1
clickath=,1
ome,1
portal,8
na=,1
me=3d'answer1,1
value=3d1,1
va=,1
lue=3d0,1
NO,2
value=3d-1,1
not=,1
vi=,1
access.,1
/i,4
/b,10
type=3d'submit,1
name=3d'btnsubm=,1
value=3d'submit,1
/form,1
/bodi,2
/html,3
jdrf,7
auction,5
ticket,13
cyber,4
fun,8
5.00,3
entertain,4
raffl,3
caf,2
roundtrip,2
enron/jdrf,2
sneaker,2
28th,3
greenspoint,1
mall,1
//ecpdxapps01.enron.net/apps/auction.nsf,1
eg,2
andrew,1
street,4
fajita,1
trim,1
taquera,1
sol,1
live,12
mango,1
punch,2
continent,1
airlin,1
british,3
airway,1
10.00,1
drawn,1
bake,1
cake,2
cooki,1
thousand,1
houstonian,1
blast,1
food,2
fundrais,2
gulf,1
coast,1
southern,1
riedel,1
x-37507,1
x-36898,1
generos,1
mcconnel,1
payrol,9
vanguard,1
lifestrategi,1
fidel,1
freedom,1
chosen,2
re-open,1
3-7979,1
pace,1
lifestyl,1
cdt,3
hyatt,5
regenc,3
imperi,2
ballroom,4
calgari,2
toronto,2
portland,2
ena,2
//home.enron.com/employeemeet,1
celebr,3
boss,5
smart,1
badg,5
entranc,2
enhanc,3
stream,1
audio/video,1
houston-bas,1
//home.enron/employeemeet,1
teleconferenc,1
sao,1
paulo,1
bueno,1
dubai,1
rio,1
de,1
janeiro,1
bothel,1
wash.,1
denver,1
ramon,1
calif.,1
chicago,1
francoi,1
345-8725,1
media,2
ljm,18
vasconcello,8
font,40
face=,27
arial,27
helvetica,27
geneva,27
swiss,27
sunsans-regular,27
/font,37
size=,22
href=,11
/a,12
width=,10
bgcolor=,10
//www.backroads.com/s/p,10
p=111,10
s=x012,10
url=http,8
colspan=,5
valign=,5
height=,5
fffadd,4
backroad,4
wine,4
border=,3
align=,3
src=,3
countri,11
color=,3
cellpadding=,2
cellspacing=,2
ccffff,2
66ccff,2
0099ff,2
getaway,2
farther,2
tropic,2
island,10
hawaii,2
luxuri,2
003399,2
/center,2
bike,2
costa,8
rica,9
pacif,2
ocean,2
stun,2
quot,2
snorkel,2
plenti,3
beliz,2
//www.backroads.com/cgi-bin/addressremover.pi,2
action=434752,2
meta,1
http-equiv=,1
content=,1
text/html,1
charset=iso-8859-1,1
600,20
596,1
//www.backroads.com/new/images/naw.jpg,1
175,1
//www.backroads.com/new/images/worlds3in.gif,1
escap,1
antidot,1
boost,1
weari,1
spirit,2
joy,1
sun-splash,1
destin,2
decad,1
number-on,1
dream,1
about.,1
sunni,1
pre-,1
post-trip,1
solo,1
guest,8
waiv,1
800-go-act,1
462-2848,1
on-lin,4
www.backroads.com,1
H,1
l,15
k,1
u,2
w,1
s.,1
160,1
//www.backroads.com/trips/bwci.html,1
multisport,1
excurs,1
legendari,1
harvest,1
valley,1
slip,1
season,1
world-class,1
cuisin,1
palates.,1
//www.backroads.com/trips/bhwi.html,1
fascin,1
beauti,2
intim,1
beach,3
water,1
pair,2
gracious,1
hawaiian,1
getaway.,1
180,1
251,1
//www.backroads.com/new/images/docknoboat.jpg,1
//www.backroads.com/new/wtvig.html,1
escapes.,1
//www.backroads.com/why/why.html,1
//www.backroads.com/s/formwrapper.pi,1
script=catreq,1
catalog,1
190,1
//www.backroads.com/trips/mcri.html,1
rainforest,1
volcano,1
land,1
pura,1
vida,1
yourself.,1
//www.backroads.com/trips/mbji.html,1
baja,1
landscap,1
off-road,1
hike,1
soak,1
151,1
margarita,2
two.,1
//www.backroads.com/trips/mbei.html,1
dive,1
lush,1
jungl,1
intrigu,1
mayan,1
ruin,1
laid-back,1
ambianc,1
paradis,1
travelers.,1
66cccc,1
div,23
occasion,1
/div,23
sortabl,1
-filtersort,1
ding,2
helen,2
gao,3
song,3
heather,2
mathew-joy,7
noveena,7
jacquelyn,2
merritt,7
ramsey,3
zhang,3
judi,4
krispi,1
kreme,1
doughnut,1
yourselv,1
fyi-,1
1227,1
82j,1
88b,1
flow-thru,1
5-7060,2
0.00,1
dfitdsit2,8
9-31-01.xl,5
18,503,872,1
53,535,100,1
revers,35
tommorrow,1
return-to-accru,1
Sr,1
specialist,2
8-31-01.xl,3
marian,1
fed,1
934,1
southwest,1
ongo,1
age,3
heal,1
blueprint,1
adapt,2
6:15,3
6:50,1
7:00,1
galleria,3
westheim,1
admiss,1
713-303-3966,1
www.enronoperationhope.com,1
cafe,3
aero,1
carwash,1
bazaar,1
workday,7
eb49c2,2
9:30am,1
videoconferenc,1
lanett,3
19:11,1
dl-tax,1
on-go,2
warehous,5
tk,2
pre-tax,2
promptli,2
12:30,3
1090,1
door,1
.....,4
800-337-7827,1
x59390,1
maker,1
rolodex,1
it',1
buck,2
//home.ees.enron.com/vision/comm/demo/leads/,1
gaap,3
2:26,1
19-25,1
goodwill/intang,1
discret,2
142.,1
reporitng,1
comparis,1
updated/issu,1
andersen,1
ia,1
m=vwuid/60e48101,1
m=vwuid/a72ba5d4,1
share-bas,1
threat,6
9:18,1
nonspecif,2
unsubstanti,2
merit,2
presenc,3
suspici,2
3-6200,2
mertin,2
1:46,1
J,4
iowa,1
state-,1
thk,1
game-1pm,1
345-8682,1
1764c,1
caller,2
recruit,1
suarez,3
porch,3
217,2
571-9571,2
eb,12
enron-sponsor,2
feder,6
preserv,2
lawsuit,2
reform,1
handwritten,1
agent,5
liabl,1
civil,1
crimin,1
vigor,1
derrick,3
713-853-5550,1
drawer,1
cabinet,1
divid,6
ecn1739a,1
mammogram,3
cpr,2
aid,2
ed,2
mammographi,2
shop,13
studio,1
van,2
12-16,1
spous,1
retire,1
payabl,7
713-745-4000,1
//www.mdanderson.org/departments/mobilemamm/dindex.cfm,1
pn=29c87a2e-b66a-11d4-80fb00508b603a14,1
non-profit,1
women,4
insur,1
//www.the-rose.org/,1
enw,2
gss,2
canada,6
800-97-enron,2
worldphon,2
pin,2
1-800-97-enron,2
strateg,4
two-year,1
wherebi,1
mci,1
telecommun,1
becam,7
c.s.t,1
wallet,1
//home.enron.com:84/messaging/mciannouncement.doc,1
1-800-973-6766,3
0-800-97-enron,1
800-973-6766,1
U.,1
aspect,3
713-345-5552,1
hasan,1
imam,1
713-345-8525,1
faq,2
//www.enron.com/corp/investors/,1
unansw,1
venu,1
day-to-day,1
281-347-1879,1
281-748-7591,1
reloc,1
migrat,1
x39797,1
eastern,4
focus,4
mid-market,3
ga,8
fred,2
redmond,2
producer/wellhead,1
wellhead,1
lagrasta,1
western,3
unchang,1
whitt,1
luce,1
vicker,1
tycholiz,1
congratul,1
louis,1
prm/partnership,1
toll-fre,3
helpdesk,2
1-800-97,1
39797,1
646,1
prefix,1
aviat,1
chairman,3
x3-9797,1
mcmahon,1
unparallel,1
deep,2
andi,1
fastow,1
vice,1
treasur,1
declin,1
cfo,1
fundament,1
strong,4
dealer,4
organiz,3
nd,3
co=,3
urop,2
ees=,2
c=,2
UK,2
rexrod,2
dsm,2
deb,2
sell,3
o=,1
f,2
result=,1
expande=,1
rapidli,1
penetr,1
consume=,1
significantli,1
restructur,1
r=,1
e-tool,1
can=,1
reation,1
=09ee,1
holm,1
broad,1
busi=,1
ness,1
managem=,1
ent,1
charli,1
crossley-cook,1
wil=,1
ontinu,1
contin,1
signific=,1
ant,1
nsumer,1
w=,1
ho,1
pe=,1
netrat,1
grown,1
guiness,1
kraft,1
pirelli,1
ese,1
l=,1
ike,1
group=,1
roy,1
poyntz,1
ame=,1
viabl,1
innov,2
ntinual,1
pipelin,3
uropean,1
divers,1
betw=,1
een,1
committed=,1
competitor,1
mmoditi,1
C=,1
harli,1
roy.=20,1
skill,7
=09enron,1
in=,1
sophisticated=,1
numero=,1
know=,1
ledgeabl,1
entrepreneur,1
market=,1
expertis,1
relationshi=,1
ps,1
an=,1
provis,2
veloc,1
mass,1
sophist,1
pow=,1
er,1
anzalon,1
devel=,1
opment,1
deserv,1
identifica=,1
tion,1
everyday,2
shoul=,1
2=,1
target,4
million=,1
Q3,1
247,1
120,1
recur,1
earning=,1
closer,1
all-employe=,1
yo=,1
ethic,2
forrest,2
4/2,1
combo,1
cpa,3
prc,1
clean-up,1
sch,1
valari,5
barn,3
super,2
interview,4
coleman,2
5-3533,1
3:19,1
jacki,2
jacquelin,1
3:02,1
jc,1
x54070,1
eb3520a,1
afraid,1
good-,1
me-,2
b/c,1
fitzgerald,6
10:52,2
10/25,2
birthday,3
rubi,8
mary.fisch,4
5:48,2
kinsfath,3
hell,3
mom,8
illinoi,2
fixed-pric,2
commonwealth,1
edison,1
up-front,1
societi,2
vicki,3
leon,36
1691,21
83n,15
1307,15
09/17/2001,10
warpspe,10
17h,10
epi-eb,10
merchant,10
broke,10
1179,10
cheroke,10
vof,10
9:09,2
12:06,4
xfer,5
9:03,5
x35172,5
eb1774,5
3:43,5
branom/enron,5
02:56,5
trujillo/enron,5
laird/hou/e,9
18t,5
EI,5
indonesia,5
86m,5
despit,5
3M,5
8K,5
noth,10
reorg,5
80i,5
broadband,5
acquist,5
merger,9
i/,5
1579,5
holding/administr,5
ebic-apach,5
cfc,5
1689,5
ventur,5
branom,6
345-8702,5
leon.branom,5
auditor,1
premis,1
11/1/01,1
eb1790,1
roam,1
audit,1
713/345-4820,1
eb1784,1
eb1702,2
hands-on,3
voucher,1
hoc,7
roll-up,1
more-experienc,1
newer,1
certifi,3
john-,1
11:57,1
49c4,2
refund,9
10q,5
payments/refund,2
ytd,2
closest,1
reemphas,1
subledg,1
special,11
earnest,2
713-853-7251,1
1722,1
timberlin,6
1473,5
15a,10
bentley,4
10/1/01,2
eesna,2
11:01,7
sonya,10
07/30/2001,9
fitzgerald/efs/e,9
2Q,18
e-schedul,22
husser/hou/e,9
ramirez/hou/e,4
gaar/hou/e,4
gardner/hou/e,12
myers/hou/e,8
262.00,4
54k,4
157k,2
1/3,2
TB,2
1581,2
shank,2
tonit,1
veteran,1
926,1
i/c,1
eye,1
peel,1
rachel,1
davi,3
marri,3
honeymoon,1
pocket,1
resign,3
08/14/2001,2
04:23,1
ballesteros/western,2
region/th,2
Co,9
1580,2
embed,11
stdolelink,6
we/tax,1
1,493.74,1
747,1
262,1
interco,7
receivable/pay,1
05:15,3
20q,11
08/27/2001,1
08/22/2001,1
03:36,1
pittenger/hou/e,3
prm,10
5-7330,1
nutcrack,7
brunch,7
nutcrackermarket,2
wonderland,2
21st,2
foley,2
reliant,2
astrohal,2
10:15,3
seat,7
10:30,4
noon-6:00,2
hostess,3
musch,2
mingl,2
co-work,2
first-com,2
first-serv,2
r.s.v.p,2
shelly.jon,2
metafil,2
4:46,1
4:43,1
ole,2
Ad,3
wizard,3
enchilada,2
twe,2
Go,3
multicolumn,1
fantast,1
scroll,3
heath,1
4719,2
clickathom,11
norton,4
blackic,4
antiviru,2
anti-viru,1
viru,1
infect,1
diskett,1
outgo,1
industrial-strength,1
anti-hack,1
dsl,1
dial-up,1
hacker,1
intrus,1
traffic,1
intrud,1
__________________________________,1
www.clickathome.net,1
logon,4
menu,1
birth,1
tier,37
mil,20
porcupin,13
2:54,5
co-ordin,5
talon,8
bobcat,8
timberwlf,5
1,000,8
disregard,5
repurchas,5
mere,5
conting,5
exampli,5
baker,8
dmd,6
callahan,4
teresa,5
Hu,4
sylvia,5
maricela,4
03,4
9:14,4
roger,2
rex,2
essig,2
holsworth,2
barrow,2
cynthia,5
bouillion,2
cheek,2
charl,4
hardi,2
funk,2
hawley,2
regina,2
hrna,4
karathano,2
gina,2
labaum,2
wanda,3
lackey,2
leo,3
mintz,2
jordan,2
perkin,2
pham,10
lynda,17
pinder,4
pardu,2
ephross,2
delawar,2
82j-harl,2
82l-taln,2
1201-rdri,2
1200-bobc,2
88b-grzl,2
timberwolf,3
88c-twlf,2
48th,2
vault,2
-interoffic,2
cancellations-interoffic,2
supervisor-corpor,2
eb4801,2
713-345-8444,2
713-646-8007,2
710,3
mill.,3
5:01,3
710,594,336,9
406,326,409,3
II,3
15,531,889,3
iii,3
309,508,781,3
20,772,742,3
5:59,4
upper,5
grizzley,5
2:27,4
garag,2
04,1
11:27,1
ethelynn,2
sanford,2
hanov,2
sam,1
metropolitan,1
directions.doc,1
parking.doc,1
layout,2
cap,2
7:50,1
beverag,1
survivor,1
layout.doc,1
9:16,1
6:23,2
20r,25
depreci,5
20r-,1
chaffin,2
acct,11
62000000,3
and-,1
celeste-,1
close-,1
whoever,1
because-,1
also-,3
item-,1
m-1,1
so-,1
thanks-,6
bailey,9
lillian,10
transport,7
535,4
1755,3
1n9,3
fka,2
R.,4
eb4863,2
33577,2
713/853-3577,2
713/646-8007,3
lillian.bailey,2
LP,1
s.husser,1
9:06,1
gutheri,1
1:35,1
10:53,1
9:51,1
05,6
9:19,1
descripit,1
4:14,1
porter,1
gregori,1
et,1
agenc,1
applianc,1
lil,1
1572,10
4200-0000,6
15,886,556,6
890,11
unreal,3
b/,3
daigl,14
hydrocarbon,2
9:32,1
ssn',1
oklahoma,9
clinton,1
marguerit,1
cush,1
liquid,3
fuel,1
tidd,1
louisiana,1
1400,2
4804c,1
713/853-1632,1
peggy.mil,1
985,6
986,6
ray,5
sara,11
6:08,2
yearend,2
15mm,2
151,404,038.50,17
s02,12
nicol,8
450160000,6
settlement,7
intercompani,6
20023000,6
rec/pay,6
1999995,3
4500000,3
30r,3
1:19,1
loukani,3
K.,5
olga,2
prejean,2
schultz,2
9:35,1
5:16,1
4:13,1
'wait,1
'enrol,1
risk100-111501,1
5:04,1
sensit,1
booklet,16
ps.-,3
pack,3
3ac,3
12:24,3
acknowledg,3
reinstat,3
explanatori,3
nrai,3
405,3
521-3161,3
owen,6
corn,4
6/30/01,4
loan,3
quebecor,3
promot,3
chaffin/hou/e,6
income-,2
reimburs,2
51009000,2
giant,2
breakdown,2
45019000,3
eschedul,2
mary-,1
file-,1
08/20/2001,3
07/25/2001,1
07/12/2001,1
05:23,1
carrie-,1
know-,1
g/l-,1
loans/not,1
at-,1
sale-leaseback,1
trw,1
excelsior,1
or-,1
-i,1
cos.,1
wade,1
brown,1
promo,1
5-,1
2000-,1
caught,1
7/31/01,1
discuss-,1
25145100,1
msa,1
25149100,1
33603000,1
revenue/gain,1
remedial/replac,1
tyco,1
33605000,1
credits-,1
pilkington,1
1.5mm,1
30700000,1
liabilities-,1
revenues-,1
form-,1
MM,4
5:41,1
30113000,1
PX,1
bonu,1
4.5,1
-other,1
lee/enron,1
10/10/2001,1
06:49,1
ray/hou/e,6
hunter/hou/e,1
richards/enron,1
husser/enron,1
non-curr,8
Cr,4
36,001,000,4
674,593,336,4
princip,4
NC,6
dfit,6
236,107,668,6
ivest2c,3
ivest4c,3
enron1c,3
cpoth4c,3
ivest,3
1825,3
exp,3
0750,4
liab,3
sharp,3
x57357,7
4:36,3
4:48,3
oop,1
w/,2
5.4mm,1
unk,1
domestic/foreign,1
cfit,2
sunris,3
classroom,2
3-9047,2
businessobject,2
BO,2
anytim,2
sunrise.corp.enron.com,1
id/password,1
BY,1
AS,1
IS,1
profit,2
drill,1
elm.enron.com,1
202,1
250,1
classroom/hands-on,1
elm,1
cagney,1
easymatch.com,2
gi,2
_____________________,1
DN,1
12174,1
10/23/2001,1
4:05:00,1
websitemessag,1
termin,3
tahiti,3
post-septemb,2
isda,2
6:46,1
patty/john,1
dissolut,2
12:28,1
08/10/2001,9
kimberli,4
nelson/enron,3
givc,1
08/17/2001,2
03:57,1
pitteng,3
G,1
01:46,1
5,577,900,5
20q-,2
12:13,2
entit,2
20,000,000,2
it-,2
explanation/research,2
5,577,900-,2
analysis-,2
35736,2
jurisdict,2
expense/allow,1
52501000,1
20017000,1
5700-0000,1
2,959,1
39,462,1
apportion,2
40001000,1
381,203,1
40002000,1
308,658,611,1
40005000,1
363,428,746,1
36,245,170,1
69000000,1
7,498,1
53522,1
713.345.3522,1
roster,1
carpool,1
'til,1
angel,5
tag,3
erma,2
bombeck,2
worri,4
dirt,2
breast,1
suffer,2
hint,1
hardli,1
friendship,1
fight,1
MY,1
carpet,1
sofa,1
fade,1
eaten,1
popcorn,1
fire,2
fireplac,1
rambl,1
youth,1
insist,1
summer,2
teas,1
spray,1
burn,1
pink,1
candl,1
sculpt,1
melt,1
sat,1
lawn,1
grass,1
cri,1
laugh,1
televis,1
bed,1
pretend,1
earth,1
bought,2
guarante,2
nine,1
pregnanc,1
cherish,1
god,1
miracl,1
kiss,1
impetu,1
wash,1
mostli,1
seiz,1
_,1
_/,1
\_,1
/___\,1
randal,3
anderton,4
galleri,3
1892,3
ms-59,3
77251-1892,3
713.348.5740,3
713.348.5980,3
scoop,1
leesa.whit,1
y'all,1
8:35,1
baiba,1
gillard,1
final.doc,1
eftr,2
LR,1
10/30,1
comp,2
9-8-1,1
12/18,10
11/26,4
12/13,4
eight,2
CB,4
cube,2
551,2
11/14,2
11/19,2
47e,2
11/20,2
11/29,2
1095,2
12/5,2
003,2
367,2
1700,2
1573,2
890.,2
1407,2
11/28,2
1688,2
1690,2
1699,2
thoughts/avail,2
8,562,517,2
13,717,606,2
5.1,2
withdraw,4
indiana,2
4Q,1
pinder/enron,1
08/16/2001,2
07:03,1
sharp/hou/e,1
hankins/hou/e,1
apke/hou/e,1
knepshield/enron,1
bouillion/enron,1
derrick/enron,1
cheek/enron,1
stephens/enron,1
priddy/enron,1
barrow/enron,1
perkins/enron,1
hrna/enron,1
cole/enron,1
callahan/enron,1
pardue/enron,1
hu/enron,1
labaume/enron,1
leo/enron,1
reese/hou/e,1
whiting/enron,1
pham/enron,1
moore/enron,1
keller/hou/e,1
bailey/enron,1
87c-enem,1
4802,1
713.853.7291,1
713.646.8007,1
school,3
12pm,1
302-8236,1
pm-6:00,1
gmt-06:00,1
1724,1
lexis-nexi,11
clinic,5
dow,5
clip,3
eb560,3
novic,2
nexis.com,2
eb572,2
100.00,2
no-show,2
200.00,2
placewar,2
dji,2
strength,2
login,1
anywher,1
713-345-7928,1
stephanie.e.taylor,1
introduct,1
personalizing/custom,1
tailor,1
//esource.enron.com/training.htm,1
10/15/01,3
5e537b59bf2411d5b446,1
25100300,3
recap,1
prudenc,1
11,155,800,1
harris/hou/e,3
08/03/2001,3
trisha,3
hughes/hou/e,3
adzgery/hou/e,3
Le,5
hesten,5
FS,5
.........,3
5-3474,3
by-citi,2
tapia,2
1:58,1
TT,2
1j2,1
ohio,3
kentucki,1
earthlink.net,6
nicaragua,6
resort,6
susanleigh55,4
realtor,4
border,4
breakfast,4
maid,4
x-from_,2
sun,2
rice.edu,5
shelliebronson,2
yahoo.com,9
penni,3
mceinc.com,2
pwllgr,2
aol.com,11
rlewi,2
docucorp.com,2
00:15:40,2
+0800,2
1262b,3
apprehens,2
hook,2
rustic,2
peac,4
granada,2
bay,2
papaguyo,2
hassl,2
www.ranchosantana.com,2
passport,2
acces,2
unbeliev,2
festiv,2
granda,2
firework,2
hors,2
parad,2
2.50,2
1.00,2
cruis,2
astronom,2
hotmail,2
_______________________________________________,2
//webmail.earthlink.net,2
pawilmoth,2
2:47,1
dpcrystal,1
uswest.net,1
mfischer,12
the3fro,1
gateway.net,1
daralaff,1
tcnohoo,1
hilaryv,1
swbell.net,2
jennifer.william,1
gx.novartes.com,1
swing,2
mia,1
bella,1
gddcpa.com,6
621,4
town,5
expos,3
equita,3
'mfischer,3
jeann,2
estat,2
truste,2
aliv,2
breath,2
gainer,2
desroch,2
l.c,2
1177,2
77027,2
8090,2
965,2
5555,2
6907,2
sgainercpa,2
www.gddcpa.com,2
brother,2
08/29/2001,3
05/17/2001,1
08:38:29,1
grandson,1
luca,1
pelizzoli,1
bishop,1
tanzania,1
beneficiari,1
alm/ana,1
honest,1
texan,1
polit,1
fbi,1
fraud,1
scam,1
interven,1
non-exempt,1
pension,1
mortgag,1
homestead,1
5/17/01,1
7:46,1
05/16/2001,1
01:05:18,1
executorships/truste,1
83,1
neck,1
exposur,1
procrastin,1
trash,1
rejoin,1
propaganda,1
su,1
tend,1
settl,1
you/th,1
difficulti,1
oldest,1
arguement,1
quiet,1
you'v,1
catch,2
05/15/2001,1
10:56:31,1
'mari,1
pal,1
advic,1
dermatologist,1
04:55,1
08/19/2001,1
01:36:23,1
davenport,1
kdaven,1
ruf.rice.edu,1
fwd,1
edna,3
m.doc,2
l.doc,1
myer,4
seth,1
exercis,2
ownership,1
//ehronline.enron.com,1
//hrweb.enron.com,1
painewebb,1
hotmail.com,11
reliantenergy.com,6
us.arthurandersen.com,6
stephanie_e_friedman,3
epglobalnetworks.com,2
clearchannel.com,2
alexa_cart,1
aimfunds.com,1
amcge,1
thealexandergroup.com,1
abradford28,1
asorel,1
heidrick.com,1
angelamattoso,1
arthur.starr,1
drkw.com,1
bware,1
rnchq.org,1
bmsmith,1
brenthodg,1
gourleyb,1
silverbudo,1
cmb120,1
cford,1
sterlinggrp.net,1
carrie.a.elli,1
evans_casey,1
cdmitchel,1
reliant.com,1
charles_e_cuppl,1
chasedrey,1
christopher_harrod,1
summithq.com,1
gulfcoastentertainment.com,1
cvlawhon,1
caleder,1
texaschildrenshospital.org,1
cwunz,1
comscore.com,1
cdomercq,1
law.gwu.edu,1
curtis.s.willeford,1
marshmc.com,1
dabney,1
stephendweck.com,1
stephen_friedman,1
dee.anne.alexand,1
dudleytarlton,1
dustin.b.wilkerson,1
exxonmobil.com,1
dylanshrad,1
eliza1009,1
ellie.bullard,1
mail.house.gov,1
emily1009,1
eric.d.geisl,1
erskine_d_payn,1
gemma.moor,1
haley.c.smith,1
hbuch,1
kingadvisors.com,1
jkomiss,1
central.uh.edu,1
jana.m.dupre,1
jared.r.mcdaniel,1
jlanier,1
jennspink,1
jandel,1
johnkbuch,1
ev1.net,1
jwunz,1
ncta.com,1
kafriedman,1
juniorleaguehouston.org,1
lacypric,1
henrysmiller.com,1
lara.wright,1
bakerhughes.com,1
sperryl,1
urbanretail.com,1
lkrueger,1
mindspring.com,1
mbeeri,1
hillandknowlton.com,1
mbowen1025,1
meg_malon,1
me_levi,1
pprice,1
cushwake.com,1
rachel.ryerson,1
regi.thoma,1
rchamber,1
rpainter,1
tosco.com,1
sclark,1
pointecom.net,1
ssempl,1
sicolamartin.com,1
scott.lusk,1
scottlmccart,1
taylorro,1
att.net,1
tgraham,1
voyagen.com,1
walker.oliv,1
wayne.tsai,1
proudli,1
hail,1
friedman,1
207-3084,1
capt,1
dugan,1
pole,1
pic01842.jpg,1
1-866-545-9204,1
e-card,6
hallmark.com,4
privaci,2
//ecardview.hallmark.com/hmk/website/greeting.jsp,1
id=eg5159-904370-2545091,1
homepag,1
//www.hallmark.com,1
eg559043545091,1
besid,1
flower,1
//www.hallmark.com/hmk/website/goto.jsp,1
content_key=footer_privlegl,1
content_type=articl,1
DG,2
xox,2
vera,3
washer,2
plain,2
what',2
bye,2
ken,6
committ,2
immens,1
wealth,1
sharehold,1
eleven,1
rear,1
re-assum,1
fifteen,1
built,1
upsid,1
struggl,1
whalley,1
lavorato,1
frevert,1
fallon,1
horton,1
amongst,1
firmli,2
principl,1
un-wav,1
talent,2
g,1
distract,1
size=3,10
class=msonorm,3
/P,3
rebecca,2
chan,2
vision,2
style='background-color,1
13339,1
arlon,1
trail,1
77082,1
281,1
558-9198,1
ms.,2
profession,2
dedic,1
career,1
enron.,1
academ,1
UH,1
transpak,1
motiv,1
strive,1
sincer,3
clear=al,1
msn,2
href='http,1
//go.msn.com/bql/hmtag_itl_en.asp,1
//explorer.msn.com,1
661-5787,2
shuihung,2
resum,2
shu-i,1
sammi,1
hung,1
6245,1
renwick,1
4337,1
77081,1
molli,1
helton,1
voluntari,1
robust,1
deeper,1
finest,1
broadcast,1
mother,4
rkhansen,4
hansenbaxschiffer.com,4
rkhansenwhat,1
father,2
congest,1
admit,1
crash,1
belmont,1
holcomb,1
bunch,1
88,1
ring,1
debakey,1
lol,1
stranger,1
RK,3
6:02,1
hansen,2
03:48:40,1
girl,1
edna.l.lopez,3
transmit,1
plains.service.desk,1
paalp.com,1
swept,1
virus,1
parapens.pp,3
01:07,2
guthrie/enron,2
spa,4
crowd,1
dress,1
11:50,1
9:00-11:00,1
conflict,1
otp,7
cummul,4
despar,1
lessa,1
sapp,2
topol,2
ryan,3
kenni,2
tbd,1
chair,1
vaction,2
screw,1
slate,1
reseal,1
debroah,1
knight,1
arkansa,3
intial,2
1:08,2
anissa,8
34f,8
clint,6
cockrell/enron,5
ft.,4
hamilton,4
713-345-3479,3
break-out,3
2,535,155.40,3
AG,3
green/hou/e,3
apport,3
massachusett,2
16,263,807.21,2
778,649,2
chad/clint,2
counti,2
MA,1
12,685,769.62,1
RI,1
3,578,037.59,1
08:02,1
annissa,1
16,263,807,1
virginia,1
rhode,1
2,535,155,1
04:19,1
18.798,962.61,1
pertain,1
gsa,1
virginia/rhod,1
island/massachusett,1
04:15,1
01:53,1
18,798,962.61,1
adauto,1
'entir,1
09:33,1
18,798,963,1
devic,5
bitmap,5
sales/us,3
income/franchis,1
-jtm,1
dept,1
x30602,1
10:23,1
carl,9
60,1
tenni,3
pennzoil,1
pledg,6
kosher,5
knee,4
becuas,2
heaven,2
forbid,2
injur,2
marriag,2
influence/i,2
8:47,2
4:53,2
margarit,3
10:46,1
10:38,1
4:02,2
gaar,4
926.xl,1
31z.xl,1
32a.xl,1
32b.xl,1
32c-2001.xl,1
32d-2001.xl,1
32e-2001.xl,1
32g.xl,1
32h.xl,1
32j.xl,1
32l.xl,1
34l.xl,1
37d.xl,1
42d.xl,1
77l.xl,1
77m.xl,1
77n.xl,1
87p.xl,1
31y.xl,1
2:07,2
prothro,2
1572.xl,1
sunset,2
shepherd,1
kirbi,1
buffalo,1
speedway,1
witch,1
3726,1
9:07,1
ok,1
mess,1
daisi,4
dana,1
beleiv,1
wife,1
713-975-0250,1
dad,1
parent,1
list.com,1
35449,1
Ca,1
rubyk,1
networkinterstate.com,1
6:06,1
10:34,1
felicia-,1
anydya,1
bet,1
10/21,1
someplac,1
pbm,5
limbachinc.com,3
11:28,1
nol,1
montgomeri,1
keyser,1
marti,1
rodger,1
diann,1
keefer,1
audrey,2
patricia_a_le,1
ees.enron.com,1
chris_lentz,1
mckibben,1
mike_angel,1
diana_stein,1
merg,1
marlin,1
mep,1
dba,1
unresolv,1
roadblock,1
1/2/02,1
til,1
forgot,1
sleep,1
anybodi,1
3:11,1
michigan,1
4:41,1
rpt,1
4:01,1
4:56,1
guerra,1
ricardo,1
kacal,1
lynna,1
orellana,1
osama,1
10:37,1
flucuat,1
facundo.camino,1
2:42,1
crazi,1
beg,1
eventhough,1
lay,2
speech,1
alot,1
velazquez,1
verav,1
9:21,1
enron.com',1
HI,1
sink,1
rock,1
panic,1
highli,1
5:40,1
wklyrpt,1
ecm,1
treasuri,1
trf,1
slaughter,1
babaz,1
barbarawi,1
moe,1
bissett,2
branan,1
bucalo,1
collett,1
crissi,1
covarrubia,1
alex,1
crop,1
harper,1
katherin,1
hoekema,1
hooker,1
hough,1
jaffri,1
adil,1
sheila,1
lancast,1
lefan,1
roberto,1
mcguin,1
arnett,1
narvaiz,1
pechar,1
crane,1
reid,1
saeed,1
umer,1
chau,1
vela,1
weiss,1
woodi,1
ru,1
1:51,1
orgin,1
recatorg,1
14,000,034,1
huge,1
blunder,1
3:40,1
87c,1
0012,6
plug,4
unlock,2
431,2
3:41,1
morrison,1
romito,1
marcia,1
jana,1
100/105,1
120/125,1
csit,1
plugs.xl,1
shyla,3
1893,3
P.,2
fischer-cheslock,2
22464,1
4:22,1
9/28/2001,1
4:18,1
tampa,1
9-10,1
somewher,1
withhold,5
complianc,1
withheld,1
misplac,1
realis,1
