process,51
daili,75
settlement,54
custom,54
everyon,27
schedul,469
i.,8
/,14
ii,8
iso,112
need,212
epmi,173
understand,33
book,49
retail,6
busi,26
know,274
expect,21
energi,173
forecast,97
wholesal,6
activ,26
deal,138
physic,7
RT,5
iii,9
final,30
varianc,6
manag,111
estim,22
statement,7
alloc,10
We,168
discuss,25
around,21
current,43
california,27
well,53
servic,97
provid,46
would,95
like,104
walk,6
tomorrow,30
make,137
sure,54
role,4
In,61
addit,58
feel,17
person,34
job,9
case,17
thi,557
harder,2
tri,12
someth,28
pick,13
howev,33
work,121
back,75
fill,24
primari,3
area,19
cover,54
1,183
perf,2
onli,53
2,44
procur,2
3,25
DA,7
HA,2
respons,24
basic,4
receiv,125
whole,4
creat,36
submit,33
aggreg,8
SC,17
retriev,5
dis-aggreg,2
check,31
iv,2
adjust,9
cap,5
enpow,58
estat,14
sheet,26
tool,3
use,128
input,11
output,2
4,36
5,22
meter,35
data,80
submitt,2
6,20
preliminari,2
7,13
disput,17
8,5
9,9
monthli,51
pre-pay,7
calcul,8
ess,2
prepay,6
10,12
commod,2
grid,2
market,239
transmiss,80
transact,12
extern,3
hanson,40
pilot,2
power,304
intern,12
ee,17
pge,6
requir,27
ani,282
longer,30
0,613
3.13,187
statu,305
confirm,194
azp,290
25,284
06/26/2002,4
n/a,285
enron.com,386
06/25/2002,8
713,299
reserv,226
ha,272
chang,209
see,174
attach,254
assignment_ref,145
30981,2
seller_cod,145
seller_dun,145
958982563,145
customer_cod,145
customer_dun,145
848921276,145
affiliate_flag,145
path_nam,145
w/azps/azps-azps/fourcorne345,140
pnpkaps230//,135
point_of_receipt,145
fourcorne345,140
point_of_deliveri,145
pnpkaps230,135
sourc,151
fourcorn,115
sink,149
pnpk,134
capac,145
capacity_request,145
service_incr,145
hourli,156
ts_class,145
firm,160
ts_type,145
point_to_point,145
ts_period,145
off_peak,141
ts_window,145
fix,169
ts_subclass,145
wheel,145
nerc_curtailment_prior,145
nerc,152
prioriti,146
other_curtailment_prior,145
default,152
start_tim,145
stop_tim,145
ceiling_pric,145
offer_pric,145
bid_pric,145
price_unit,145
/mw,141
preconfirm,146
ye,161
anc_svc_link,145
anc_svc_req,145
posting_ref,145
sale_ref,145
request_ref,145
deal_ref,145
negotiated_price_flag,145
status_notif,145
lisa.gang,172
status_com,145
time_queu,145
response_time_limit,83
time_of_last_upd,145
primary_provider_com,145
seller_com,145
customer_com,145
info,116
call,261
503,168
464-5070,146
seller_nam,145
seller_phon,145
602.250.1128,145
seller_fax,145
602.250.1155,145
seller_email,145
oasisadm,145
apsc.com,145
customer_nam,145
enron,451
inc.,153
customer_phon,145
853-3801,145
customer_fax,145
646-8272,145
customer_email,145
bill.rust,145
reassigned_ref,145
reassigned_capac,145
reassigned_start_tim,83
reassigned_stop_tim,83
intend,126
recipi,123
'm,65
next,48
week,73
e-mail,200
corp.,85
let,186
messag,556
lisa,636
hey,27
....,43
ya,8
parti,44
affili,56
may,277
contract,100
sorri,21
ca,20
n't,118
'd,16
fun,10
especi,5
kim,5
suzann,2
travel,7
good,28
part,7
shoot,8
follow,78
-origin,477
gang,352
mailto,112
sent,541
friday,104
june,292
21,10
2002,553
8:37,3
AM,281
To,512
elliot,5
subject,505
sweet,6
cheek,3
hell,5
bpa,81
bet,3
becom,7
vp,3
go,148
complet,42
flake,3
get,128
togeth,23
lunch,38
dinner,6
love,20
properti,28
and/or,36
relev,29
contain,46
confidenti,50
privileg,33
materi,28
sole,30
review,34
distribut,57
disclosur,28
strictli,28
prohibit,28
If,162
author,35
pleas,425
contact,145
sender,41
repli,46
enron.messaging.administr,28
delet,33
copi,56
hereto,28
offer,34
accept,54
evid,28
bind,28
enforc,28
reli,28
anyon,41
basi,56
estoppel,28
otherwis,32
thank,332
06/05/2002,8
06/04/2002,8
30710,2
06/03/2002,8
30697,2
question,210
thursday,115
associ,78
text,81
file,119
post,89
sparki,74
michael,97
R.,79
frazier,83
load,101
offic,148
713-345-3200,74
pager,75
877-926-0615,74
p-mail,74
8779260615,74
skytel.com,75
'll,47
vega,3
start,20
......,1
doug,54
sewel,54
My,34
last,61
trip,5
wa,103
portland,100
folk,6
juli,157
DS,2
mid,196
C,127
tuesday,148
PM,236
04,47
RE,230
luong,46
steven,52
help,99
...........,14
purchas,79
air,44
product,73
monday,192
03,68
C.,45
FW,67
It,76
doe,48
montana,35
cost,43
12:16,14
stori,13
dirt,9
2.00,21
rate,23
per,43
buy,31
price,54
cut,57
month,66
posit,52
hope,68
Cc,169
everi,41
day,143
think,62
steve,35
Mo,116
bought,24
length,46
littl,41
noth,5
rag,2
say,20
2:21,2
scoop,3
sad,4
huh,11
clean,5
live,14
later,17
2:11,4
nut,6
honey,5
retard,5
name,52
share,6
exec,5
epm,5
12:02,5
alreadi,28
kind,17
troubl,6
today,53
2:01,6
11:51,7
11:23,8
MW,38
semi,9
word,13
seem,18
rare,9
've,31
yet,39
come,52
summer,10
differ,25
monday-thursday,9
midc,9
wednesday,143
3:05,9
Is,23
vari,10
also,63
term,11
ever,19
problem,63
avail,80
histori,10
curtail,27
extra,10
take,60
rememb,15
wed,11
strang,10
lot,18
4:52,10
4:37,10
snohomish,12
deliv,18
sy,11
mw,50
ad,19
irani,12
eric,12
Hi,39
hedg,17
report,60
E,16
Y,12
weekli,18
heard,19
might,24
right,46
ask,54
first,32
spreadsheet,38
look,75
along,19
NW,16
del,12
us,68
flat,13
system,98
border,12
flow,14
deliveri,69
point,24
Do,59
incur,13
top,12
actual,18
long,29
960,13
mwh,16
b/c,12
uniqu,14
happen,19
easier,12
explain,14
phone,47
give,35
713-853-4748,12
riversid,123
baughman,74
edward,86
sarnowski,62
citi,44
Of,48
refus,68
harlan,41
o'neil,85
murray,93
P.,77
murphi,33
sharp,32
vicki,32
miller,33
asset,33
mktg,33
elafandi,68
cavanaugh,47
darren,54
-juli,22
liquid,51
time,171
want,95
intent,13
LD,18
supplier,13
Ed,19
indic,17
continu,30
attempt,23
31,19
erwin,18
kenton,20
sempl,13
robert,18
grace,79
rebecca,49
30,54
opinion,7
updat,33
inde,6
said,20
letter,16
better,13
MO,15
sens,9
hour,85
spoke,14
still,43
100,19
clear,10
As,38
cal-iso,8
written,15
M.,45
pull,15
payment,24
due,16
plan,29
threat,10
notic,29
onc,25
suspect,2
6-30,1
sempra,14
yield,1
best,13
valu,6
1:36,4
return,14
vacat,3
set,21
new,57
someon,31
els,14
11:01,3
assum,12
scedul,3
6/5,3
11:29,3
fax,87
certifi,3
9:15,3
At,14
NO,5
send,43
imbal,4
cal,3
farther,3
11:08,7
level,18
run,20
either,10
way,18
charg,37
minim,3
size,3
10:58,3
10min,3
dec,41
volum,18
divid,3
multipli,3
min,4
10:52,4
uphold,3
reiter,4
sometim,3
8:42,3
must,23
establish,5
logist,3
certainti,3
real-tim,5
10:24,11
morn,29
begin,21
4th,12
state,27
show,20
2:51,3
keep,21
close,23
eye,4
1:15,3
3rd,16
mayb,9
alert,4
issu,46
yesterday,21
8:53,4
D.,5
cash,11
recommend,7
fail,5
hold,11
consid,12
vagu,6
6:25,6
cor,7
pay,12
date,67
instant,8
sinc,21
entir,11
least,9
demonstr,7
therefor,29
strategi,8
befor,22
sell,11
altern,7
06/23/2002,12
06/21/2002,18
30940,2
fourcorne230//,10
fourcorne230,15
fourcorners3,32
clock,1
speak,1
free,14
360-885-3682,1
gladli,1
20min,1
emerg,3
monitor,4
email,59
regard,25
paul,44
6-7,1
dure,18
reach,3
cell,25
869-5504,1
jenni,24
number,132
203,4
4:04,1
hello,27
tim,11
cannon,2
355-6600,2
355-5190,2
10:50,2
one,76
mid-c,3
50,12
hlh,5
7/1-31,3
30938,2
1-888-820-8952,2
pass,17
code,7
26015,2
05,7
1:00,9
pm-3:00,1
gmt-08:00,2
pacif,6
US,3
canada,3
tijuana,2
menu,1
bring,1
http,60
//typhoonnw.citysearch.com/1.html,1
06/02/2002,12
05/31/2002,22
30670,2
fourcorner2,4
1.95,236
06/24/2002,8
30939,2
drive,10
remind,14
11:45,7
typhoon,2
peopl,21
leav,18
11:20,2
ride,2
virginia,89
30666,2
30668,2
30667,2
reject,4
sunday,15
2-3,3
sue,3
model_5_31_1.xl,1
model_6_2_3.xl,1
model_6_4.xl,1
kearney,23
move,9
brighter,1
opportun,14
join,7
pilsner,1
room,4
happi,21
drink,12
food,9
wish,11
wonder,7
farewel,7
luck,7
pm,13
'til,1
whenev,5
06/01/2002,20
05/30/2002,26
30641,2
30640,2
30638,2
30637,4
preschedul,8
anul,8
request,57
inform,220
studi,16
saturday,25
jodi,21
pdx,18
thai,3
mention,4
interest,7
So,3
far,4
're,8
11:10,4
a.,1
11:30,4
a.m.,6
kathi,58
although,2
forward,47
challeng,1
miss,29
learn,2
experi,5
benefit,1
futur,11
touch,10
home,21
address,46
julie_kearney,1
hotmail.com,7
ciao,3
K,5
05/29/2002,16
30617,2
30616,2
30937,2
30615,2
atc,7
17,45
05/28/2002,8
30596,2
certif,173
trustid,11
digit,54
trust,11
signatur,10
dst,17
welcom,9
kit,3
support,26
dear,6
applic,18
approv,7
internet,2
confid,12
secur,65
onlin,2
mail,17
url,6
//www.trustdst.com/retrieve-cert.html,1
combin,1
previous,2
select,1
passphras,1
helpdesk,3
trustdst.com,3
888-248-4447,2
direct,36
801-326-5972,2
repres,9
assist,20
p.m.,13
mountain,7
choos,14
highest,3
sincer,12
marlen,3
martinez,3
registr,7
co.,4
www.trustdst.com,3
agreement,11
appli,7
order,20
form,10
stand,1
authent,2
allow,12
begun,1
801,1
326-5438,1
employe,28
organ,5
signer,1
simplesign,1
sign,4
www.trustdst.com/simplesign/bus-auth.html,1
Or,3
u.s.,2
attn,1
desk,35
p.o,1
box,4
22930,1
salt,1
lake,3
UT,1
84122-0930,1
normal,6
within,9
three,5
receipt,2
step,3
necessari,6
unabl,2
explan,8
888-882-1104,1
801-326-5971,1
710,5
circl,4
write,11
ladi,2
1/2,5
inch,2
diamet,2
draw,2
behind,2
counter,3
local,1
auto,8
store,1
blond,1
engin,1
mine,1
got,13
lost,5
car,7
old,17
datsun,1
pontiac,1
OK,4
big,3
hand,1
alway,24
gave,9
note,25
pad,2
could,44
pictur,6
center,6
guy,21
upsid,1
fall,3
laugh,1
hard,9
hyster,1
middl,1
turn,12
model_5_26_27.xl,1
model_5_28.xl,1
prel_epmi_salesjlo.xl,1
sale,7
revis,26
29,7
weather,5
warrant,2
total,24
made,31
earli,8
01,36
reconcili,8
hafslund,70
decemb,35
period,13
trade,46
novemb,9
thru,21
march,142
agre,6
place,17
entri,2
dm,32
12596,4
net,4
payabl,2
93,420,2
invoic,13
owe,3
66,000,2
done,22
suppli,12
carp,4
detail,135
mark,55
match,14
thompson,61
V,11
24,28
termin,17
2001,32
savag,11
gordon,13
ranc,19
susan,25
veri,11
anyth,14
8:50,2
unless,5
absolut,1
discrep,10
found,14
enter,6
rmg,1
11:48,1
huge,3
project,5
8:47,3
06,5
6:48,2
grace-,4
propos,8
volunt,4
excel,10
worksheet,4
januari,9
hi-light,4
west,61
tru,5
correct,40
accord,9
05/24/2002,7
30553,2
holiday,7
weekend,25
includ,39
26,23
28,13
peter,8
5/29,3
No,11
gener,12
27,52
memori,9
arellano,3
parellan,3
co.riverside.ca.u,3
23,11
11:47,1
ring,7
richard,5
han,3
kernkamp,3
hunt,5
5/28,1
apolog,14
disregard,7
previou,5
30.,2
ahead,13
via,5
specif,7
instruct,6
prompt,1
greatli,2
appreci,5
05/23/2002,6
30541,2
05/26/2002,2
05/27/2002,2
availab,2
2mw,6
verifi,9
past,16
north,31
america,28
121,16
SW,21
salmon,16
3wtc0407,9
OR,18
97204,16
503-464-5106,9
503-464-7376,9
cellular,9
503-860-8564,9
24-25,1
5/23,1
facilit,2
satisfi,1
afternoon,6
lisa-,4
appoint,1
bit,6
sit,4
thome,55
access,85
path,1
list,113
tie,5
navig,1
find,16
across,8
model_6_23_24.xl,1
model_6_25.xl,1
enjoy,6
pizza,2
floor,19
12:00,2
noon,7
head,5
timesheet,54
serena,41
school,18
bishop,27
fight,7
everyth,22
susi,9
law,8
mo-jo,3
abl,27
smile,19
face,4
everyday,13
awesom,9
team,5
fabul,3
idea,9
certain,18
rel,3
near,4
hi,20
20,35
8:07,3
great,13
except,12
god,8
funni,6
stay,7
appar,6
hire,6
anoth,21
consult,29
nevp,4
spp,4
usual,5
11:00,11
talk,19
crazi,4
figur,9
hang,4
tough,4
thing,12
reason,8
serena.bishop,6
merant.com,6
heck,5
financi,7
analyst,5
merant,5
503.617.2815,5
05/22/2002,8
30538,1
05/25/2002,3
30537,2
enough,12
epmiapr02sales.xl,1
april,171
meet,44
1:00-5:00,1
23-24,1
05/21/2002,8
30523,2
icon,23
payrol,3
iconconsultants.com,45
5/27/02,1
observ,1
smooth,8
easi,2
5/24/02,1
anticip,3
avoid,1
5/31,1
advanc,11
cooper,8
2424,14
W.,30
loop,17
south,19
houston,30
Tx,16
77027,16
713-438-0919,19
713-438-0930,17
22,26
5/13-19,10
t/,1
4:38,1
refax,2
49,2
2:04,2
3:56,6
1:34,4
lgang,10
gang00,7
msn.com,12
import,21
high,12
05/20/2002,6
30514,2
oper,43
particip,37
confer,44
crcommun,25
caiso.com,29
15,17
caiso,30
personnel,10
municip,2
util,8
iou,2
control,16
held,4
pst,11
6:09,1
emmert,17
carolin,19
conf,1
event,1
12:49,1
attent,5
host,3
staff,3
coordin,16
object,2
forum,1
feedback,4
rais,2
viewpoint,1
open,23
real,39
involv,3
unit,9
dispatch,9
11,17
subsequ,1
1:30,1
2:30,1
late,9
evalu,1
determin,11
whether,8
dialogu,2
877-670-4111,1
passcod,2
589314,1
happ,1
shapp,1
916,17
608-7059,1
client,20
relat,34
communications.0920,1
simul,12
constrain,5
minimum,11
compens,5
14,39
commit,5
kickoff,3
test,44
II,2
IT,12
implement,13
tcuc,2
mlcc,2
10:00,3
document,12
script,2
guys-,5
pertain,1
read,16
9:53,1
tswg,1
announc,6
program,4
prior,13
function,1
elicit,1
scope,1
notif,19
resourc,17
oblig,3
strongli,1
urg,3
respond,18
aurad,1
saurad,1
3:00,5
16,7
suggest,4
agenda,1
summari,4
connect,1
server,18
2.doc,1
kickoff.doc,1
configure_alhiapp74.doc,1
commitment/,1
a.m,2
communications.1002,1
jtsin,45
oasi,63
oati,108
compani,67
node,28
administr,33
public,29
webcar,40
interfac,12
dump,11
user,36
csv,10
featur,16
ldap,9
technolog,17
decid,8
ben.porath,9
oatiinc.com,11
soon,31
mani,12
third-parti,5
ben,11
porath,11
whose,5
decis,6
cert,2
nepool,3
softwar,4
link,27
effici,4
known,4
industri,2
intl,6
763,7
553-2725,7
proprietari,7
without,14
consent,7
notifi,14
immedi,14
retain,7
print,8
electron,9
key,7
format,8
publicli,6
click,8
display,6
screen,6
major,8
ecar,2
main,5
w/,1
mapp,2
miso,2
brunswick,2
northwest,2
rocki,2
swpp,2
vacar,2
regist,11
told,10
entiti,1
familiar,1
purpos,5
appropri,4
An,2
method,1
concern,11
neither,2
identifi,2
type,4
commun,10
mean,10
remain,6
initi,6
action,3
inlin,3
10:52:39,1
gmt,3
x.509,4
account,23
infrastructur,10
programmat,3
two,13
affirm,3
polici,3
procedur,36
abil,12
login,14
option,3
non-publ,3
common,5
serial,3
content,9
base,26
64,3
particular,3
end,29
abov,12
design,3
page,6
configur,3
200,7
simultan,3
shortli,6
vendor,4
company',1
implic,10
05/17/2002,5
30463,2
05/19/2002,2
19-20,2
05/16/2002,4
30454,1
05/18/2002,1
17-18,2
laurel,96
bolt,54
1st,9
7th,2
ran,8
sierra,1
nevada,7
remov,4
1:31,1
4:36,1
autoschedul,7
464-8122,2
essenti,4
mtm,5
P,6
L,6
713-853-4873,6
05/15/2002,4
30447,1
IF,6
unsign,1
asap,9
05/14/2002,4
30434,1
believ,20
roll,2
et,6
tag,27
encrypt,2
improv,2
topic,3
newslett,2
exist,9
in-hous,2
third,5
greet,7
becaus,13
properli,2
1.7,11
transfer,3
construct,1
minut,6
enhanc,2
web,14
site,21
accommod,2
i.e,4
export,3
correspond,3
privat,2
class,2
ssl,1
pki,1
troubleshoot,1
attend,1
backup,12
audit,2
5a,1
plain,1
rich,3
html,1
approxim,2
170/ea,1
compliant,2
thu,2
potenti,4
7a,1
integr,2
toolkit,1
play,2
hesit,1
patrick,2
tronnier,2
princip,1
architect,1
patrick.tronni,1
763-553-2725,1
763-442-5045,1
www.oatiinc.com,1
www.oaticerts.com,1
06/20/2002,8
30925,2
06/22/2002,2
____________________,3
_______________________,3
shawna,5
william,33
swilliam,6
liberti,1
introduc,1
perrin,2
worrel,2
effort,1
databas,10
ensur,6
possibl,19
15th,2
number___________________,1
number____________________,1
assign,6
position/,1
titl,1
skill,2
utilized_______________________,1
LP,4
438-0919,4
438-0930,3
rick,1
johnson,1
away,13
knew,3
enrich,1
care,17
spirit,1
sadden,1
loss,4
news,3
timekeep,2
epmi/vm,2
enw,2
etc,6
5/1/02-5/15/02,1
05/13/2002,3
30420,1
convinc,1
08,28
2:59,1
repositori,2
websit,8
www.oaticerts.com/repositori,2
05/10/2002,3
30394,1
05/12/2002,1
timelin,8
day-ahead,6
hour-ahead,4
valid,10
tariff,4
permit,2
balanc,4
perform,9
resolv,9
09,4
6:50,1
adher,1
congest,1
suffici,1
check-out,1
e-tag,10
conduct,1
phase,1
deadlin,1
rather,1
wait,10
prevent,1
unbalanc,1
inter-schedul,1
compli,1
train,2
imbalanc,1
communications.0715,2
12,24
19th,1
-susan,1
susanr,2
yahoo.com,5
469-8778,1
hm,1
913-5830,1
onto,5
anna,5
.dll,1
chanc,5
ectstcal,1
instead,8
eesi,1
S,4
tulli,7
specialist,7
05/09/2002,6
30378,1
05/11/2002,1
10-11,1
21-22,4
all-,8
rock,7
bottom,7
breweri,3
tabl,4
sunni,7
san,3
diego,2
seat,8
sever,9
resign,2
10:31,1
sheppard,27
kathryn,23
10th,3
solut,4
20th,1
pleasur,2
E.,1
05/08/2002,4
30350,1
index,3
dow,1
jone,2
kate,1
syme,1
kysa,1
alport,1
np-15,2
sp-15,2
4-corner,1
cob,24
palo,1
verd,1
mead/marketplac,1
On,13
peak,9
non-firm,3
rang,1
4/7/02,10
5/7/02,1
',131
'bob,6
07,5
paulpdx,5
woodland,6
'brian,4
batcheldor,4
'erin,4
'joe,4
'mike,4
'suzann,4
williams.com,1
11:56,4
10:34,7
'ana,2
gonzalez,2
andrea,4
'ann,2
dunkin,2
'bart,2
'betsi,2
parri,2
macdonald,2
'brad,2
averil,2
'brook,2
gilbert,5
'bryan,2
brock,2
'cathi,2
'chri,2
robson,2
'christi,2
'clanci,2
jemeni,2
'dan,2
hyer,2
'dana,2
vinger,2
'deb,2
buser,2
gate,2
'greg,3
Jo,2
ann,2
'isa,2
mendelow,2
jeanmacd,2
earthlink.com,2
'jenni,2
wild,2
'juli,2
'kimberli,2
nemeth,2
'larri,2
spilberg,2
blossome37,2
lycos.com,2
'leigh,2
bakun,2
'lisa,2
palter,2
'ma,2
'mazana,2
'peggi,2
court,3
'israelit,2
sarah,2
'piekarski-mil,2
ava,2
'rick,2
T.,2
'rocket,2
cat,2
'ryan,2
'shauna,2
djo,2
teleport.com,4
gauen,2
joe,2
wife,6
'valeri,2
'will',2
everybodi,3
zairmail,3
hear,10
360-573-0161,1
5/14,3
toll,2
888-395-1810,1
17786,1
05/07/2002,6
30338,1
30337,1
annul,1
wrong,8
5:48,1
am-12:00,1
khymberli,10
HR,14
booth,10
acquaint,1
arriv,6
5/13,1
all-employe,2
answer,8
call-in,3
town,1
block,8
calendar,4
05/06/2002,3
30331,1
hill,5
garrick,5
money,6
motion,4
master,6
modesto,4
damag,14
fact,4
oppos,3
reconcil,2
bankruptci,4
burkl,2
belief,2
februari,16
stop,7
claim,4
serv,5
gather,2
research,2
1:04,1
declar,1
scott,1
van,1
vuren,1
jim,3
ensu,1
convers,14
mr.,1
result,5
13,23
thereaft,1
verbal,1
ceas,1
excess,8
270,000,1
four,1
exclud,1
taken,4
appear,4
out-of-the-,1
19.30,1
7x24,1
ap/ar,1
entitl,1
defin,1
dismiss,1
RH,1
02,18
3:02,1
log,5
12/2/01,1
front,9
6:53,1
brief,8
even,12
though,4
ration,1
difficult,1
much,15
irr,1
7:50,1
pattern,1
irrig,1
district,2
post-petit,1
9:36,4
ward,6
charl,2
aronowitz,1
alan,3
'marshall.turn,1
weil.com',1
marshal,1
turner,10
weil,1
automat,3
develop,9
legal,2
uphil,1
struggl,1
factual,1
paid,7
awar,9
unresolv,2
etc.,1
seen,5
wo,4
admit,1
amount,11
allegedli,1
setoff,1
treatment,1
feder,4
express,5
677,840,1
gwen,7
enron',1
transmitt,3
exhibit,2
B,1
packag,3
fed,2
Ex,2
2002.doc,2
elec,2
contract.xl,2
true,12
earl,13
permanent,18
cement,21
mid-pacif,6
925.426.4084,6
dial,8
925.426.4060,6
earl.bous,8
hansonamerica.com,10
earlbous,6
aol.com,6
visit,5
//www.epinions.com/hmgd-home_furnishings-mattresses-al,1
club,15
jeffrey,13
athlet,11
song,12
jeff,9
willamett,9
cafe,8
larri,11
birthday,5
Oh,8
john,18
4:15,6
4:30,9
friend,9
fyi,4
ron,2
2nd,4
He,5
4:20,3
bruce,7
jame,5
richter,1
dunton,1
heather,1
'rodriguezgm,1
'nguyenatt,1
'asimmon,1
webershandwick.com,1
meyer,2
'mendiola,1
ohsu.edu',1
low,1
wrap,3
supris,3
4:00,2
elain,2
tell,11
brother,2
park,10
closer,2
whi,7
5ish,2
earlier,2
503-703-7685,2
rsvp,6
com,6
4949,3
land,4
97201,3
225-1068,3
4:45,3
5:00,3
street,10
map,10
complic,3
//maps.yahoo.com/py/pmap.pi,3
pyt=typ,7
addr=4949+sw+landing+dr,3
city=portland,7
state=or,7
slt=45.487000,3
sln=-122.674600,3
name=willamette+athletic+club,3
zip=97201,3
country=u,7
bfcat=,7
bfclient=,7
mag=10,3
desc=,7
+225-1068,3
cs=9,7
newmag=9,3
ds=n,7
05/03/2002,5
30312,1
05/05/2002,1
5-6,2
temporarili,2
mrf,3
11:25,1
5/5,1
5/6,1
imax,2
umbrella,3
borrow,2
track,13
05/02/2002,6
30303,1
1:17,3
06/19/2002,8
30912,2
30304,1
05/04/2002,1
'parti,1
b'day,1
cinco,1
De,1
mayo,1
pack,1
snack,1
cake,1
danc,2
pinnocchio,1
3-4,1
//www.psychogoldfish.com/mini_putt/,1
rodriguez,27
human,12
503.464.8321,9
503.464.7553,9
grace.rodriguez,9
todai,8
steak,3
chophous,2
//maps.yahoo.com/py/maps.pi,4
csz=portland,4
bfkey=,4
newmag=10,4
poititle=,4
poi=,4
'farewel,3
restaur,4
'goodby,1
addr=340+sw+morrison+st+ste+4305,3
+or+97204-2438,3
slt=45.518305,3
sln=-122.676013,3
mlt=45.518191,3
mln=-122.675581,3
name=,3
zip=97204-2438,3
mag=9,3
addr=121+sw+3rd+av,1
+or+97204,1
slt=45.522100,1
sln=-122.673600,1
name=portland+steak+,1
26+chophous,1
zip=97204,1
mag=8,1
+223-6200,1
05/01/2002,6
30294,1
22nd,7
HE,16
accordingli,6
avista,31
4mw,4
began,1
7:00,1
27th,3
5/1/02,1
21892,1
21896,1
22mw,1
23273,1
23274,1
43mw,1
light,3
19,19
21st,3
pat,4
kelley,2
group,15
7-22,2
p.m,3
rob,2
mistak,6
suppos,2
7-20,2
153325,2
,153327,2
,305699,2
305700,2
embed,1
metafil,1
04/30/2002,8
30286,1
30285,1
mccall,3
sushi,4
buffet,4
4-4:30pm,1
chop,1
hous,10
yuuuuummi,1
martini,1
game,2
-grace,4
503.807.7858,1
p.,1
G,1
2:24,1
kane,11
anderson,4
'joh,4
aep.com,6
'taperri,2
aep.com',4
invit,10
pioneer,2
hot,2
chicken,8
beef,2
rib,2
crab,2
leg,2
mini,2
lobster,2
soup,2
dessert,2
12.95,2
world,2
build,9
waterfront,2
warm,3
timefram,3
adjac,2
4:57,1
pdt,4
recent,8
present,6
toward,1
888,2
803-5681,1
4002563,1
comment,8
frame,1
byron,1
woertz,1
bwoertz,1
608-7066,1
ena,10
kaufman,2
treat,3
salad,1
Be,2
pursu,1
employ,1
legaci,1
health,1
contribut,1
environ,4
spite,1
knowledg,1
gain,1
year,14
endeavor,1
rodriguezgm,1
SI,20
1800,21
cach,4
netscap,4
urgent,6
unavail,14
29th,9
15:20,1
16:00,1
folsom,1
1900,2
supplement,2
1700,2
1500,1
fallback,3
disk,2
edit,2
prefer,17
window,4
restart,2
browser,3
//iso_si/iso,1
benik,2
dergevorgian,2
351-2277,2
bdgevorgian,2
glatz,2
608-5727,2
mglatz,2
communications.0921,1
ftp,5
confus,4
1:57,1
CA,9
4/30/02,1
04/29/2002,5
30282,2
model_4_28_29.xl,1
model_4_30.xl,1
04/26/2002,3
30253,1
04/28/2002,1
26-27,2
outag,60
28,2002,2
descript,13
sap,9
mainten,7
commenc,12
12:01:00am,1
3:00:00,1
abstract,3
apollo,7
ibuyit,4
isc,10
713-345-4727,8
kenni,3
shih,3
800-696-9895,1
04/25/2002,4
30239,1
04/27/2002,1
chocol,3
chip,2
cooki,1
paradis,1
bakeri,1
door,7
peanut,1
butter,1
sugar,1
oatmeal,1
raisin,1
macadamia,1
25th,7
TO,27
cme,2
8:31,1
14:20,1
14:50,1
alhambra,1
OF,7
1400,1
//alhibk1b/iso,1
communications.0621,1
04/24/2002,4
30217,1
probabl,8
10:41,1
ryan,1
moor,2
1-510-809-4466,1
envelop,2
todd,17
F.,1
heckel,1
seattl,1
WA,1
slot,1
x8321,6
04/23/2002,4
30194,1
06/18/2002,8
30899,2
4.15.02-4.19.02,1
04/22/2002,3
30171,1
//www.bpa.gov/ebr/personnelservices/employment/jobs_public.htm,1
le,3
va-ca-ti-on,3
geesh,1
slip,1
watch,1
12:13,1
remaind,3
peek,2
off-peak,10
2:07,2
29th-may,2
arizona,2
quit,2
hawaii,2
tan,2
void,2
left,15
worri,2
04/19/2002,5
30146,1
04/21/2002,1
add,25
manni,4
bela,4
mbela,4
epelectric.com,38
section,11
ticket,6
playoff,4
blazer,3
laker,3
503-797-9844,3
corner,3
300,3
john.edward,2
ripcity.com,2
vs.,2
sidelin,2
play-off,1
18,9
2:00,2
vs,1
IN,5
save,36
28th,5
sun,1
2:30pm,1
wed.,1
tbd,2
round,1
grey,1
110,1
zone,1
blue,1
72,1
lower,1
green,9
purpl,1
endzon,1
red,2
brown,1
categori,1
color,1
//www.blazers.com,1
season,1
execut,2
trail,1
04/18/2002,8
30127,1
04/20/2002,1
30126,1
3:01,3
flower,2
mike,10
jacki,1
purcel,4
miscarriag,1
donat,1
expens,4
63.87,1
card,1
mW,4
drop,8
llh,2
nelson,4
wire,9
million,3
4/23,2
steadi,2
instal,7
offset,2
impact,10
averag,3
ees-ca,1
portfolio,1
1250,1
1100,1
900,1
800,16
equival,1
incorpor,1
i.e.,1
driscol,3
10-,1
limit,1
committe,3
model,3
univ.california,1
et.al,2
undoubtedli,1
increment,1
decrement,1
factor,1
uccsu/lausd,1
natur,1
expir,1
slate,1
unschedul,2
small,9
hansen,1
fairli,1
impli,1
500,1
600,3
on-peak,2
400,3
region,2
pretti,4
safe,2
variabl,1
overal,1
reduct,1
went,5
half,3
55-60,1
shown,3
refin,1
x,4
53200,1
pm-6:00,1
gmt-06:00,1
central,3
915,26
checkout,2
greg,3
grill,3
bulk,2
El,26
paso,28
electr,31
depart,3
543-4040,2
521-4763,2
tradewav,12
bill,55
comish,11
wecc.biz,13
10:42,2
ehv.web.site.cli,5
webserv.wscc.com,5
1000,2
mdt,2
0900,2
ehv,11
switch,4
readi,12
obtain,5
success,7
04/15/2002,8
30098,1
04/17/2002,3
30097,2
invalid,1
30096,1
04/16/2002,2
16th,1
17th,1
epe,6
mier,2
12:35,2
gen,1
acordian,1
amend,1
took,7
45,1
4c5,1
night,1
neman,1
copper,1
75,1
ipc,1
throgh,1
drawer,1
rt,1
yellow,2
771-8548,1
830-1221,1
04/12/2002,5
30027,1
04/14/2002,1
2:23,1
coupl,12
25k,1
comparison,2
side,2
120/year,2
nonclient,1
04/11/2002,6
30011,1
04/13/2002,1
30010,1
larg,1
unexpect,1
disloc,1
occur,5
advis,3
refil,1
//www.nerc.net/tsin/registry/pending/,4
//www.nerc.net/tsin/registry/active/,4
isa,3
pend,5
unsubscrib,3
baratelli,2
smtp,2
paul.baratelli,2
nerc.net,2
registri,2
majordomo,2
nerc.com,2
tisworld,2
wscc.com,2
northwestern,1
406-497-4208,1
12:37,1
interchang,1
subcommitte,1
update-etag,1
files-upd,1
re-gener,1
folder,1
source/sink,4
replac,9
etag,1
1:45,1
edt,1
download,5
lastest,1
version,3
609,1
452-8060,1
bodi,2
'unsubscrib,1
exampl,1
'tisworld,1
osc,1
tagven,1
owner,1
cite,1
patienc,3
12-13,2
donna,8
goodby,5
3:13,2
11:30am,3
sheidun,3
password,7
11:59,2
parallel,2
road,4
25-28,2
changeov,2
describ,8
cst,15
affect,3
ipayit,3
6:00,3
05:00:00,3
cara,11
10:21,1
cara-,2
perri,8
freeland,3
9:54,3
housewarm,2
crew,2
ME,8
OH,4
AS,4
'S,5
drager,5
kevin,6
yeah,10
YA,6
craig,2
can't,1
'M,2
goe,4
ON,5
1:48,2
wasssuppp,3
SO,6
life,17
realli,11
bizarrrrr,3
AT,11
DO,13
gig,6
hag,3
kdrager,3
idacorpenergy.com,3
10:45,3
04/10/2002,4
29945,1
heizenrad,5
Ph,3
801-582-0353,3
801-582-3918,3
richey,2
kathryn.sheppard,2
tim.heizenrad,3
ubswenergy.com,15
ub,22
2:32,3
mid-jun,1
200/year,1
put,12
fri,3
13:42:52,1
-0700,1
entail,1
9:47,1
11:40:31,1
-0500,1
murray.p.o'neil,2
usag,5
preserv,1
extent,2
pre-paid,1
cc,5
glad,2
503.464.7462,1
9:28,1
record,17
never,10
//www.ubswenergy.com,2
warburg',1
//www.ubswarburg.com,2
individu,7
addresse,2
dissemin,2
guarante,2
error-fre,2
intercept,2
corrupt,2
destroy,2
incomplet,2
virus,3
liabil,2
error,10
omiss,2
aris,3
verif,2
hard-copi,2
constru,2
solicit,3
instrument,2
ship,1
PG,3
spoken,1
realiz,3
resum,3
kpeterso,18
9th,11
peterson,12
123,11
mill,11
TX,11
79901,11
543-2039,11
521-4751,11
04/09/02,4
shoulder,1
saw,1
la,2
staci,2
09:30,1
whatev,9
luv,2
8:10,2
08:58,3
fee,4
3:22,4
Re,12
maceve1,5
04/09/2002,6
29917,1
w/azps/azps-azps/fourcorne230,5
wednsday,1
dian,24
cutsforth,16
dude,19
msn,15
burgervil,4
white,4
mcdonald,5
river,4
robin,4
view,7
macadam,2
highway,2
43,2
oswego,2
marylhurst,2
colleg,4
buggati,2
starbuck,2
buggatti,2
wall,4
rd.,2
speed,3
bump,2
3680,2
dr.,2
blue/green,2
trim,2
brick,2
line,14
yard,2
11:11,2
okay,4
aobut,3
gone,7
bugatti,4
linn,4
directori,4
wasss,5
UP,7
WE,9
11:03,5
aol,7
ID,9
warburg,11
llc,6
pre-schedul,17
503-464-3831,8
503-702-7273,6
intranet,2
8:30,3
entireti,1
home.enron.com,1
almost,3
04/08/2002,3
29897,1
06/17/2002,8
30857,2
transit,29
daylight,31
short,24
assur,22
prepar,19
he03,14
respect,9
rapidli,7
approach,7
submiss,11
upcom,7
zero,7
SA,7
from/to,7
consequ,7
alek,7
kandybenko,7
351-2213,7
crcommunications.1108,3
thay,1
neal,1
blackberri,2
wireless,2
handheld,2
www.blackberry.net,2
imceaex-_o=caiso_ou=corporate_cn=distribution+20lists_cn=iso+20market+20particip,1
marketstatu,1
marketstatusday-ahead,1
wepex.com,1
hour-ahead/real-tim,2
imceaex-_o=caiso_ou=corporate_cn=distribution+20lists_cn=mktstathourahead,1
apr,3
13:31:55,1
11:32,1
cara.freeland,1
12:10:41,1
dress,2
rehears,1
ugli,1
railroad,1
anyway,5
protocol,2
04/05/2002,8
29847,1
04/07/2002,4
29845,2
4/7/01,12
sqmd,8
mda,8
4/07/02,2
3:44,2
qualiti,4
modif,5
351-4431,4
crcommunications.0621,4
7-8,2
plant,9
untangl,2
puzzl,2
bous,9
reflect,2
brad,6
carson,6
telephon,1
proceed,1
recap,2
kwh,7
apart,1
2,500,850,1
compar,3
2,500,912,1
ascertain,1
routin,1
CY,1
2000,1
imbed,1
annual,1
By,1
interpol,1
buck,1
benefici,1
organiz,1
structur,1
usernam,4
epmiw,3
webtag,3
weboasi,2
ident,1
full,1
//www.oaticerts.com,1
valuabl,1
comput,1
setup,6
manual,1
guid,1
expert,2
temporari,1
tva,2
aeci,2
brec,1
ekpc,1
www.oatioasis.com,1
oati-webcares-so-cert-user-manual.pdf,1
epmiwe.xl,1
model_4_5_6.xl,1
model_4_7_8.xl,1
04/04/2002,4
29832,1
04/03/2002,4
29808,1
04/02/2002,4
29787,1
503-464-5070,5
jennif,64
incid,1
aka,1
lewi,2
task,2
given,5
prefix,1
obvious,1
fraudul,1
refer,1
handl,3
inquir,1
464-7404,4
06/16/2002,12
06/14/2002,19
30823,2
quarantin,2
scenarios/incoming/inbound,2
catcher,2
filenam,2
mask,2
detect,2
releas,2
resolut,3
853,2
outsid,2
mailsweep,1
kustin.fossum,1
gte.net,1
00:51:51,1
-0600,1
exe,1
'example.ex,1
doc,1
'cc.doc,1
business-rel,1
inbox,1
scan,1
viru,1
malici,1
american,1
1411,1
european,1
0044,1
207,1
78,1
36777,1
9797,1
345,1
4745,1
402,1
398,1
7454,1
omaha,1
mailbox,1
clarif,1
IS,4
AN,2
pose,4
playboy,4
women,6
lucr,1
career,2
often,5
smud,1
bore,1
curiou,1
indi,1
race,1
neverend,1
kill,1
guess,3
'D,1
chat,1
boon,1
infam,1
tax,14
thought,3
rhonda,16
oregon,8
commiss,2
effect,6
paycheck,2
clarifi,3
55,3
57,2
tom,4
tom_ward,1
pgn.com,18
04/02/02,1
07:58am,1
space,4
5:32,2
04/01/02,4
01:10pm,3
dan,19
leff,1
4/2/02,1
9:00,2
retent,1
francisco,1
dial-in,1
hrach,1
x7404,4
04/01/2002,4
29763,1
503-,1
stephen,5
voic,9
3/29/02,1
03/29/2002,2
29743,1
model_3_31_1.xl,1
model_4_2.xl,1
dl-enron,6
5:30,3
4:49,1
users1,1
users2,1
users3,1
users4,1
users5,1
london,1
dl-isc,1
org,1
3:45,1
correctli,5
hotlin,1
30822,2
refrain,1
capabl,1
catch,4
insur,4
declin,3
enrol,2
pworrel,2
03/28/02,1
mind,1
octob,1
recruit,1
1-877-374-3216,3
upon,1
4-1-02,1
amehr,2
10:48,13
chatterton,1
jill,1
fernando,1
jilleo,1
fern,1
03/28/2002,5
29730,1
03/30/2002,2
6625,1
burnsid,1
222,1
97210,1
503-464-5070-wk,1
503-464-5070-hm,1
503-704-5237-cell,1
anytim,2
special,5
stuff,4
unfortun,2
exactli,2
29-30,1
pcsna,56
kroum,49
kroumov,35
east,21
x39980,14
1:14,3
26th,9
10:55,4
autoshcedul,4
rerun,4
12:44,4
delay,9
10:23,5
11:28,6
roseliu,7
luarel,7
promiss,7
tel.numb,7
peoplefind,7
10:57,7
3-26-2002,7
strip,7
todat,7
3/24/2002,7
KK,7
10:40,7
pscna,7
9:32,7
paramet,7
03/27/2002,6
29717,1
model_3_27.xl,1
model_3_28.xl,1
ami,3
scotti,2
fitzpatrick,2
revenu,2
PX,2
candid,2
2:40,1
pmi,1
captur,1
sync,1
risk,3
p/l,1
76,1
consolid,1
secondari,1
e.g,1
behalf,1
roughli,1
latest,2
qualif,1
poss,1
analyt,1
solv,2
adapt,1
fast,2
pace,1
intens,1
possess,1
complex,1
multipl,3
precis,1
overtim,1
workload,1
dictat,1
valeri,9
corpor,6
schauer,6
blackburn,16
julie.kearney,6
corporate_secur,3
2:20,3
~valeri,3
1wtcbr08,3
st.,3
503-464-8600,3
1-800-524-7248,3
03/26/02,3
01:26,3
3wtc,5
__________________________,3
12:30,3
24/7,1
spend,1
cours,9
-G,1
30820,2
carolyn,6
foster,4
scheduling/forecast,2
inconveni,3
503-464-3718,2
12:59,2
dave,30
parquet,3
'msmith,3
'jblackman,3
'aschwartz,3
smith,33
stewart,3
wallmann,3
H.,4
esq,3
barbara,3
barkovich,3
ph.d.,3
cupertino,3
undeliv,2
chri,2
503-464-3822,2
lester,4
rawson,4
cancel,2
histor,2
03/26/2002,7
29712,1
29713,2
unrevis,1
he24,1
sce,8
standard,6
afb,7
4783,4
31st,4
increas,2
wapa,8
manner,2
magazin,2
scandal,2
defforg,2
//www.msnbc.com/news/729361.asp,1
seek,1
'women,1
former,1
press,1
entic,1
shirt,1
reveal,1
pictori,1
snapshot,1
themselv,1
bikini,1
midst,1
turmoil,1
spokeswoman,1
elizabeth,1
norri,1
part-tim,1
plenti,1
heart,7
playboy',1
televangelist,1
mistress,1
jessica,1
hahn,1
deborah,1
co-chairwoman,1
coalit,1
depress,1
stress,1
sudden,1
it',1
cute,2
younger,2
perfect,1
kimberley,1
4:34,1
jackson,2
3/27/02,1
mailto:8779260615,1
30821,2
panu,3
stephani,3
elimin,2
braddi,1
martha,1
carnahan,1
kathleen,1
cohagan,1
fred,1
sheri,1
janet,1
racicot,2
rasmussen,1
dale,1
tricoli,1
carl,1
ph,3
713.345.3249,1
713.646.3490,1
jess,8
hydro,6
bryson,4
weaver,5
schedule.xl,4
sampl,2
name/numb,2
lynn,4
garrett,4
poc,2
661-277-4826,2
origin,15
jesse.bryson,2
eafb,2
approx,2
574,2
mid-peak,2
1345,2
perhap,4
contractu,4
parker-davi,4
kW,4
wapa.gov,12
relay,2
18,285,2
8,809,000,2
4782,2
interupt,2
4,571,2
1,389,660,2
602,2
352-2678,2
lgarrett,4
cbristow,2
presch,3
sce.com,3
laura,2
definit,1
grab,1
coffe,4
weekday,1
bella,1
L.,1
director,1
tel,1
503-464-3830,1
503-816-9842,1
503-464-3740,1
laura.went,1
3wtc0306,1
comfort,1
mwhr,1
locat,2
counterparti,10
back-up,3
mike/matt,1
jeopard,1
aep,3
valley,10
6th,3
global,1
theos,1
299,984.80,2
464,1
5065,1
449,1
5463,1
gord,1
chic,2
tonight,3
loner,2
5am,2
transcript,3
55.00,12
03/22/2002,5
29642,1
full_period,4
03/24/2002,2
/mw-d,4
feb.,3
VE,3
180,000,3
trued-up,3
dec.,11
5:51,1
difficulti,2
uncov,1
accur,1
conflict,1
represent,1
3:08,1
3/21/02,1
31.25,1
29,760mw,1
1,015,560,1
258073.3,1
908,920.00,1
21,600,1
669,600,1
jan,14
713-345-7179,6
duti,4
2:27,1
breakdown,2
carri,2
neccessari,2
serenabishop,1
03/21/2002,4
29628,1
22-25,1
1-4,1
steiner,17
dietrich,17
cindi,15
victor,14
wessel,13
bulb,11
david,10
cum,9
ash,8
ruth,8
dziadek,5
keith,5
T,5
hall,4
bob,4
rout,5
877-464-7779,3
bucknel,3
martin,3
alvarado,3
toni,4
3855,3
extens,2
voicemail,2
800-684-1336,2
503-464-3720,2
3850,2
3720,2
A.,4
semperg,4
1-800-684-1336,2
re-direct,2
503-464-3850,2
1-877-464-7779,2
503-464-3855,2
503.464.xxxx,2
503.464.5070,1
busy/no,1
11:34,1
re-rout,1
12:53,1
rerout,1
x3720,1
877,1
10:53,1
expedit,1
6:08,1
failur,4
hundr,1
dollar,1
simpl,1
pre-sch,1
1-800,1
breach,1
patient,1
shut,1
war,1
caus,3
ball,1
sound,2
attorney,1
credit,1
engag,1
sla,1
de-certifi,1
7:13,1
3/7,1
escal,1
1:53,1
684,1
1336,1
877.464.7779,1
x5070,1
2:03,1
503-464-8297,2
3:33,1
464-3850,1
3852,1
3853,1
3854,1
3856,1
3857,1
3818,1
3838,1
3918,1
3938,1
3955,1
8297,1
10:46,1
8:32,1
10:25,1
underway,1
oop,1
8:21,1
acquir,1
corey,1
bentley,1
10:16,1
8:14,3
dni,1
worldcom,1
10:06,1
favor,2
bthomp1,2
bkilgor,2
03/20/2002,4
29617,2
ruston,2
frontier,2
north-american,1
reliabl,1
council,1
typograph,1
pse,1
pure,1
entergi,1
encourag,1
www.tsin.com,1
convent,1
enabl,2
clearli,1
recogn,1
desir,1
assess,1
alexand,1
mitreski,1
870,1
541,1
4535,1
amitr,1
entergy.com,1
friendli,1
aecc,1
amrn,1
augusta,1
brazo,1
entemo,1
etec,1
lagn,1
mdea,1
meam,1
smepa,1
srmpa,1
thayer,1
9mile,1
acadia,1
aeccis,1
aeccwhtbluff,1
airliqui,1
andru,1
ano,1
attala,1
bailey,1
batesville3,1
baxter,1
bcajun1,1
bcajun2,1
blakley,1
borden,1
calca,1
carbon,1
carpdam,1
carvil,1
chevoak,1
citgoc,1
clark,1
couch,1
crown,1
crssroad,1
degray,1
delta,1
dowchem,1
dukehind,1
emogrgulf,1
emois,1
emonelson,1
emoritch,1
emowhtbluff,1
epiises2,1
epirich2,1
epmcnelson6,1
etecises2,1
etecnelson6,1
exnenco,1
exnesso,1
exnexxon,1
exnlasta,1
georgulf,1
goodyear,1
gypsi,1
hartburg,1
hotspringduk,1
huntsman,1
hydro2,1
hydro9,1
jbois,1
jbowhtbluff,1
lamurray,1
lkcath,1
lng,1
lynch,1
mablval,1
mcclelln,1
michoud,1
midstream,1
misschem,1
monro,1
mose,1
natchez,1
nech,1
nlrmurray,1
ouachita,1
panenerg,1
pattrson,1
pbenergi,1
ppg,1
rexbrown,1
ritchie2,1
riverbnd,1
rscogen,1
sabcogen,1
sabin,1
samraybrn,1
smepagrgulf,1
sohavenduk,1
srwcogen,1
strlngtn,1
strlngtnlagn,1
toledo,1
ucb,1
vfwpark,1
vulcan,1
warren,1
watrford,1
willowgl,1
wright,1
yazoo,1
tybetti,2
suecowan,2
rogerwend,2
matthewrichard,2
leahoneycutt,2
undeliver,2
truncat,2
/o=enron/ou=na/cn=recipients/cn=lgang,2
donna_garcia,1
lea,1
matt,1
roger,1
Ty,1
5:49:47,1
mock,1
templat,1
7:39,6
dl-ubsw,9
17,2002,2
pr1,2
pr2,1
spr5db00,1
bbp,1
2.0,1
8:00,1
800-307-9118,2
psco,2
hit,1
messeng,1
303-308-6042,1
smokin240,1
szablya,4
xcel,3
steve.szablya,4
xemkt.com,4
303.308.6105,3
303.809.3836,3
rachael,2
owen,2
admin,2
2425,2
ste,4
525,4
toll-fre,2
bother,1
pdxrt,4
annoy,3
casey,3
realtim,2
8:13:42,2
rule,6
bert,1
15-16,1
yep,2
16-17,1
platter,1
phillip,1
7:19,1
dl-ubswenergyrealportlandrealtim,2
a-lot,2
'almeida,1
keoni',1
keoni-,1
464-8316,1
464-5077,1
970-5896,1
703-7685,1
ibm,2
3/13/02,1
discontinu,1
compat,1
1:44,1
'el,1
'jhadda,1
'kathi,1
'lui,1
zaragoz,1
'powermarket,1
10th-11th,1
pic,3
PS,2
bad,2
icecream.jp,2
dsc00119.jpg,2
dsc00120.jpg,2
dsc00121a.jpg,2
dsc00129.jpg,2
1:19,1
steve_buraczyk,1
PW,1
sburac1,1
303-308-6105,1
nadin,1
PV,1
eddi,1
counti,1
915-204-1203,1
915-204-1201,1
swap,1
quesiton,1
choi,2
9-10:30,1
EL,1
11:50,1
management-portland,1
sup,1
beotch,1
503.464.8637,2
503.807.6106,2
0407,2
503.464.7376,2
todd.perri,2
ap.org,6
oicf.org,4
oregonfilm.org,4
regususa.com,4
rubicon.com,4
young,2
margaret,2
12:56,1
bryan_brumley,2
jvraay,2
wmccall,2
pmerriman,2
apecnetwork.org,2
dthompson,2
ashenkeresq.com,2
ggteleco,2
callatg.com,2
miyokof,2
ctsll.com,2
vflanneri,2
electracu.org,2
ramona_perlich,2
gmaccm.com,2
kellie_lut,2
gsmith.senate.gov,2
dnz,2
hallkinion.com,2
hwanyeon,2
nora.gambe,2
klarquist.com,2
elisabeth.varga,2
mail.doc.gov,2
vivian_dudley-smith,2
manulife.com,2
damonm,2
msa-ep.com,2
danam,2
jimb,2
liza,2
susant,2
anita.wood,2
teresa.sonera,2
rdavi,2
tbroker,2
siaminc.com,2
flossie.hutchin,2
state.or.u,2
pdxop,2
sunriseship.com,2
bapc,2
kwinemil,2
tennyson-winemiller.com,2
debra.davidson,2
theresa.villeggiant,2
koam,2
uswest.net,2
ptjpa,2
www.hmma.com,2
sportey,2
lorilewman,2
ymlusa.com,2
rous,1
consumpt,1
heat,1
vandal,1
canyon,1
substat,1
temperatur,1
90,1
condition,1
downtown,1
orang,5
11:40,6
manderan,2
cove,2
ate,2
stoke,2
havest,2
sandwich,5
sort,3
Up,4
gangstar,4
hungri,4
peac,4
06/13/2002,10
30812,3
06/15/2002,3
cherri_thoma,2
cherri,1
5:55:49,1
untitl,3
comn,2
beer,2
7:59,1
4:12,1
dasovich,1
wolf,1
blair,1
'lesli,1
comnes.net,1
reloc,1
goin,1
houston-bound,1
tast,1
hor,1
d'oeuvr,1
ex-,1
mcmenamin,1
kennedi,1
5736,1
NE,1
33rd,1
avenu,1
97211,1
.....,4
249-3983,1
'em,1
courtyard,1
nice,2
insid,1
offici,1
snag,1
alan.comn,1
andrea.woodland,1
14-15,1
radiat,2
1:00pm,1
06/12/2002,8
30800,2
30970,2
disagre,5
highlight,5
tagg,2
06/11/2002,8
30795,2
06/10/2002,8
30787,2
06/07/2002,18
30772,2
06/09/2002,12
30770,2
30773,2
helpers.jpg,1
30771,2
06/06/2002,8
30746,2
06/08/2002,2
promis,1
thanks-,4
KB,2
incorrectli,1
9-10,1
traffic,2
4:11,1
closur,1
bound,1
naito,1
parkway,1
taylor,1
garag,1
parker,2
unsuccess,1
redirect,1
tenant,1
derat,1
30716,2
12th,1
CP,8
autoshedul,1
equal,1
paper,3
pam,8
laru,8
malley,6
forgot,4
incom,4
deduct,6
withdraw,4
penalti,4
exceed,4
quarter,4
sabrina,22
minni,26
petit,3
molli,4
10:11,1
true-up,3
'02,2
899,464.00,2
12/21/02,2
1:25,2
jake,2
thoma,3
899,464,2
deepli,2
girlfriend,4
ourselv,2
nation,1
sister,4
shop,1
girl,3
celebr,1
sake,1
MY,2
twice,1
woman,1
titan,1
scare,1
male,1
boss,1
mysteri,1
gynecolog,1
disord,1
excus,1
taxi,1
frog,1
blender,1
fashion,1
faux,1
pa,1
rival,1
speedo,1
ga,1
amus,1
forget,4
shave,1
congratul,1
teammat,1
rear,1
opposit,1
sex,1
nake,1
marri,1
idiot,1
regret,1
pierc,1
ear,1
silli,1
men,1
presenc,1
listen,1
bright,4
8:46,1
book2.xl,1
9:17,2
cuts.xl,1
may.xl,1
item,2
12:52,1
12619,1
12578,1
12590,1
settl,2
bold,2
713-345-1545,1
katina,26
1:18,1
1:16,2
3:14,3
8:33,5
today.sabrina,7
ka'tina-,7
10:27,7
6:35,10
hasfslund,9
ka'tina,9
ugh,1
6/18,11
matter,3
virgina,4
modifi,4
9:09,4
3.50/mwhr,5
non-deliveri,5
40,6
305699,6
897712,6
presold,6
33.50,6
27.25,6
break,4
yea,1
8:44,1
hung,2
8:35,2
breakfast,3
jsarnow,3
30th,3
persuad,1
//mapp.oasis.mapp.org/documents/nodeacc.html,1
homepag,1
//oasis.maininc.org/oasis/,1
cheri,2
half.com,1
ebay.com,1
ot,1
redo,1
search,1
//search.ebay.com/search/search.dl,1
mfcisapicommand=getresult,1
ht=1,1
sortproperty=metaendsort,1
ebaytag1code=0,1
query=lsat,1
//half.ebay.com/search/search.jsp,1
nthtime=1,1
product=book,1
keyword=lsat,1
x=17,1
503.464-5078,1
503.464-8178,1
503.803.1885,1
cheri_thoma,1
3wtc-0506,1
nvp,4
12398,4
ecar/allegheni,1
3:55,1
id,3
julie-,1
non-perform,1
580382,1
897695,1
517664,1
591087,1
paulsen,12
g4220,4
western,4
dsw,4
602-352-2557,4
Ok,1
06/06/02,1
09:37am,1
25mw,3
txm,2
530,2
5:15,2
walc,2
spot,14
employees-,2
renegoti,2
leas,2
progress,2
senior,2
elsi,38
lew,21
bpa.xl,24
12593,12
713-853-6757,6
12600,6
11:42,2
ttl,2
6:15,2
perspect,3
subtracted/ad,3
specifi,3
8:05,3
4:08,3
2:02,3
enpwer,3
8150,3
12600mw,3
4450mw,3
quick,3
column,3
4450,3
14600,3
5600,3
3600,3
referrenc,3
Am,3
aboard,3
3:34,3
chg,3
doubl,4
sum,2
henc,2
12/26,2
381345,3
1200,2
380414.1,2
frank,1
6/4/02,1
3:59,1
vol_mgmt,2
pdx2hou,2
incred,1
10:36,1
hardli,2
anymor,2
dead,2
darrin,2
broke,2
oh,2
ass,2
teach,2
8:24,2
12/01,1
formal,1
chuck,2
713-853-6351,2
goligoski,1
509-688-6057,1
flexibl,1
machin,1
50mw,1
29.25/mwh,1
608,400,1
713-646-3059,1
503-552-6181,1
pop,1
hello-,1
outstand,1
additions/correct,1
-did,2
ld,2
10:05,2
pardiwala,9
dream,9
maricar,6
//www.funnygreetings.com/camel5/heart.gif,6
hurt,6
cri,6
_____,6
mjturner,3
9:41,3
schultz,3
janel,3
franci,3
cheryl,3
wolfersberg,3
debbi,3
chamber,3
dee,3
lashawn,3
saleri,3
michel,3
copland,3
khatri,3
meghna,3
'nileshk73,3
hotmail.com',3
karuna,3
gupta,3
ketan,3
kusum,3
nimita,3
chachra,3
suresh,3
grate,3
gift,3
//www.funnygreetings.com/camel5/door_carpet_md_wht.gif,3
//www2.flowgo.com/images/bt/trans.gif,3
page_id=10005,3
porch,3
swing,3
we'v,3
lose,3
grow,3
grew,3
crush,3
lifetim,3
deceiv,3
wealth,3
fade,3
Go,3
dark,3
moment,4
hug,3
//www.funnygreetings.com/camel5/hug.gif,3
shoe,3
happiest,3
necessarili,3
brightest,3
forgotten,3
heartach,3
born,3
die,3
//www.funnygreetings.com/camel5/woman_rocking_baby_md_wht.gif,3
excit,3
logo,3
//in.mobile.yahoo.com/106/,3
//in.mobile.yahoo.com/108/,3
rington,3
//in.mobile.yahoo.com/tune/christmas0.html,3
mobil,3
//in.yimg.com/i/in/new2.gif,3
1:20,2
'gang,2
lisa',2
7:51,1
5th,2
4th-8th,2
84.,1
5:55,1
bonu,1
suject,1
7:24,3
8:48,1
harvest,1
orag,1
p,1
settlement:12593,1
44,1
12:45,1
payroll-ne,1
hours/timesheet,1
6/3-9,1
380414,1
400mw,1
pwx,1
600mw,1
2:05,1
dispute.xl,1
kath,1
8:25,1
eriksson,2
fredrik,2
hammond,1
wayn,1
slaughter,2
G.,2
wtc,1
3:10,1
metropolitan,1
water,1
796168,2
22.00,2
531786,2
113.00,2
mead,2
230,2
39123,2
39042,2
60,2
39362,2
39376,2
40mw,2
39746,2
39747,2
39741,2
39745,2
39767,2
39768,2
39758,2
39759,2
39769,2
39770,2
39790,2
39785,2
39784,2
39783,2
39851,2
39852,2
mwd,2
seriou,1
sooooooooo,1
lame,1
parent,1
boat,1
southern,1
famili,1
relax,1
lg,1
august,1
mom,1
12:23,1
julie.sarnowski,2
darren.cavanaugh,1
9:07,1
6/6,1
ill,1
mainzer,1
ptp-5,1
eemainz,1
bpa.gov,1
kourtney,1
'tngo,1
'jwilhit,1
BY,1
filter,1
12:47,1
tsoto/epec,2
favorit,1
2:57,1
mbela/epec,2
lvidal1,1
16th-18th,2
ggrill1/epec,2
2:43,1
O,1
\portland\westdesk\middlemarket\administrative_info\coverage\chri,1
foster\fix,1
business\2001\sep01,1
1:41,1
li,1
urbanik,2
dean,2
dean.urbanik,2
2:41,2
russo,2
model_4_10.xl,1
11:24,1
4:01,1
4:02,1
9:46,2
'stephen.thom,2
ubswenergy.com',2
8:57,1
ncpa,3
5mw,3
3/31,2
oakland,1
3/30,1
sold,1
np15,1
2:25,1
11:27,1
leuschen,1
sam,1
'bous,1
6:13,1
bristow,1
thanx,1
civ,1
95,1
ceg/ceoe,1
leo.weav,1
edwards.af.mil,1
2:37,1
'lgarrett,1
wapa.gov',1
2:14,1
forc,1
davi,1
resourcefor,1
scheduling:2002,1
12:36,1
billi,1
9:10,1
plaru,1
3:18,1
'lgang,1
enron.com',1
