thi,898
congest,65
solut,36
zone,88
local,52
instruct,36
decrement,19
resourc,65
attach,213
recommend,37
energi,240
qse,154
market,322
situat,32
deliveri,21
doe,58
mcpe,11
time,204
see,112
file,137
concern,67
reliev,12
current,91
draft,38
veri,43
order,72
profit,16
languag,30
exist,19
neg,11
could,120
also,123
csc,59
dec.,7
meet,282
6,42
adib103100,6
stoft-game.pdf,6
stoft-intra-zonal.pdf,6
In,114
memo,5
parvi,3
adib,12
date,90
oct.,8
31,34
copi,83
puc,35
describ,11
seriou,5
part,52
commiss,55
regard,94
abus,9
protocol,53
john,47
meyer,5
ha,201
ask,55
suggest,28
follow,179
believ,33
easi,14
implement,22
problem,37
game,15
wherebi,4
entiti,42
deliber,4
chronic,3
place,42
creat,30
state,125
pay,33
minimum,14
0,35
troubl,9
approach,14
reward,11
caus,11
If,273
persist,4
encourag,24
ineffici,3
gener,103
built,9
area,76
output,8
reduc,9
even,33
turn,12
note,81
would,261
onli,114
happen,13
locat,41
within,39
suscept,5
well,45
lead,18
high,50
incid,4
appear,25
like,126
occur,11
rel,8
small,19
i.e.,6
domin,5
number,101
consist,15
overschedul,4
across,11
anticip,10
alway,23
real,24
Do,26
compens,13
charg,28
ercot,537
howev,32
must,52
obey,3
maintain,22
system,140
reliabl,20
pleas,486
give,43
comment,77
concept,9
befor,54
1,230
add,13
item,43
vote,16
rug,8
schedul,168
chang,235
minor,4
section,47
7,42
distribut,51
prior,34
manni,5
piwg,7
DC,5
approv,51
reconcili,6
form,76
109,2
tie,4
exempt,2
brought,4
decemb,50
6th,9
intend,78
concept/polici,1
octob,18
23rd,23
document,86
pip,10
novemb,29
2,95
3rd,5
revis,37
shown,7
reflect,11
receiv,165
improv,11
discuss,113
....,10
gig'em,1
aggi,1
C.,5
richard,7
ross,2
american,21
electr,130
power,257
918.594.4262,1
tie.doc,1
enron,391
propos,38
tabor,8
get,201
forward,99
busi,131
doug,334
We,198
need,233
hybrid,5
',167
It,111
model,34
sign,52
issu,109
trade,180
confid,10
kevin,91
M,15
presto/hou/ect,4
02/08/2001,2
PM,226
review,138
rto,15
feel,44
ani,275
simpli,15
hi,82
understand,47
effort,25
furthermor,6
flaw,4
design,36
interest,50
fail,14
present,50
trust,7
us,86
concur,1
100,17
stop,15
danc,1
around,44
satisfi,3
organ,18
effici,12
suppli,20
demand,18
curv,17
deliv,12
credibl,1
messag,348
12:46,2
gilbert-smith,174
12:39,1
To,351
jame,64
D,3
steffes/na/enron,1
shapiro/na/enron,1
cc,68
jean,2
ryall/na/enron,1
ron,9
mcnamara/na/enron,2
bruce,9
sukaly/corp/enron,1
ect,52
subject,317
visit,20
jim,60
point,60
desk,38
good,41
whatsoev,2
continu,31
alreadi,23
seen,6
counterpart,3
Dr,5
oren,5
expect,45
feasibl,2
impress,5
latest,10
purpos,20
15th,14
real-tim,11
manag,143
mechan,5
two,92
associ,42
say,60
thing,26
achiev,13
goal,18
mean,22
end,45
sure,59
anyon,16
best,53
commerci,23
polit,3
implic,7
california,33
becaus,45
initi,27
foolish,2
equal,4
quick,11
forg,2
ahead,11
gameplan,2
accept,28
bastardis,2
version,41
allow,45
either,20
ee,22
ena,4
oper,113
product,101
ultim,9
hesit,7
use,158
expert,6
case,49
know,159
great,30
fit,3
led,3
jeff,32
brown,8
side,20
tuesday,83
abl,56
accommod,4
request,107
hammer,2
opportun,36
far,19
outweigh,2
'issu,2
ditch,2
hogan,11
undoubtedli,3
variou,11
much,29
effect,24
manner,5
cach,2
util,113
crowd,4
import,44
consider,8
transact,84
look,83
hear,26
resolv,16
today,102
back,48
thank,311
new,229
process,108
appar,8
mark,51
asap,9
send,108
drew,10
texa,259
plant,94
one,142
cost,79
iso,36
data,119
rule,27
may,190
kreb,5
bill,52
n't,127
percent,6
control,117
bojorquez,7
retail,74
softwar,20
develop,67
emiss,11
georg,15
competit,20
rate,47
last,71
studi,13
wa,168
signific,25
law,17
choic,11
custom,106
jan.,9
fuel,14
load,133
servic,159
lodestar,3
supplier,14
DG,3
02/13/2001,3
dsgeorg,2
firstworld.net,2
spotlight,14
differ,38
mayb,7
natur,20
releas,24
accord,16
clip,2
region,27
help,104
compani,143
show,28
set,170
right,52
provid,145
said,49
presid,33
senat,11
price,128
revenu,4
cut,14
2007,4
yet,11
stand,20
immedi,35
talk,27
merchant,3
peak,37
central,39
wo,11
2001,204
2003,8
period,34
prove,5
anoth,37
featur,50
As,80
aggreg,10
requir,98
transfer,22
coordin,20
doroff,2
function,25
estim,40
becom,32
take,60
word,15
told,11
ga,48
site,47
write,7
2000,58
forc,21
unit,36
plan,186
potenti,18
reduct,3
in-area,2
confidenti,43
fyi,16
lloyd,29
will/hou/ect,4
06:02,1
dick,1
S,13
11:07:59,1
AM,177
DS,1
Tx,2
dereg,1
cal,12
CC,1
list,135
suppress,1
compassion,1
tenant,1
white,33
hous,15
Or,8
rivalri,1
republican,1
pork,1
rind,1
democrat,1
brie,1
chabli,1
At,21
mid-januari,4
found,16
email,127
box,18
stuf,1
push,9
press,11
tout,2
restructur,14
lone,4
star,10
actual,26
work-and,1
consult,42
check,40
mistak,2
made,44
purport,1
analysi,25
cours,8
road,3
versu,1
done,28
fainter,1
aect,1
compel,1
evid,9
track,6
benefit,28
act,20
1999,7
then-gov,1
W.,9
bush,6
contain,50
basic,17
assembl,6
1890,1
law-it,1
tariff,4
structur,12
run,30
aground,1
behav,1
freez,1
key,20
level,14
old,26
regul,18
regim,1
mandat,1
guarante,16
top,40
residenti,6
instead,12
10,80
adjust,12
increas,18
So,14
spike,1
warrant,5
mess,2
california-util,1
buy,16
sell,37
low,40
lack,7
drawback,1
ferc,16
enjoy,14
privat,10
grid,45
iso-form,1
council,14
texas-which,1
entir,9
thu,35
larg,9
feder,23
regulatori,11
advantage-a,1
state-regul,1
dedic,9
WE,1
DO,4
perceiv,2
threat,1
OF,16
shortag,3
heard,8
director,36
settlement,12
12,15
friendli,1
OK,7
'd,19
standard,58
interconnect,12
climat,1
construct,14
call,239
nation,16
largest,6
term,40
summer,23
57,600,1
MW,35
tell,9
instanc,2
exchang,11
auction,34
wholesal,59
ancillari,13
settl,5
reli,16
social,4
uplift,2
recov,9
begin,47
june,9
pilot,9
program,34
start,71
least,19
scheme,5
tradabl,1
transmiss,65
tcr,45
unless,14
exceed,4
20,36
million,35
12-month,1
conced,1
transit,16
singl,10
build,38
facil,11
wheeler,2
backup,6
offic,81
austin,82
budget,3
buster,1
offer,52
uniqu,5
learn,6
technolog,12
deal,40
perform,31
forecast,94
profil,33
known,4
delight,1
acronym,1
qse-pronounc,1
quesi,1
-which,1
qualifi,10
steve,24
senior,23
vice,26
jason,4
iacobucci,1
bar,6
pass,29
along,27
ratepay,3
incur,4
enough,22
convinc,2
deleg,2
ordinari,1
includ,107
format,25
commun,40
enrol,6
electron,30
interchang,13
edi,8
xml,4
godsend,1
myriad,1
player-with,1
network-instead,1
fragment,1
job,13
among,5
player,1
meter,9
agent,12
spare,1
alloc,9
dollar,5
sale,27
unregul,1
task,5
minefield,1
digest,1
p,2
8,25
nevertheless,3
free,43
interact,4
smart,5
'll,26
calcul,34
scenario,4
BE,7
problemat,3
outspoken,1
attorney,2
lacled,1
eventu,5
face,15
saw,5
year,94
nov.,3
30,80
behalf,10
cool,1
center,77
linvil,1
conserv,6
govern,18
air,32
small-scal,1
taken,4
feb.,12
5,57
might,24
spell,3
www.tnree.state.tx.u,1
critic,13
polici,50
statewid,2
compli,8
houston/galveston,1
ozon,1
nonattain,1
mani,34
cogener,1
impact,30
ban,1
upon,19
illusori,1
except,16
renew,31
cell,59
ostens,1
ground,1
'increas,1
undermin,1
recent,24
permit,7
combined-cycl,1
50,29
nox,1
25,36
so2,3
grandfath,2
acknowledg,7
januari,254
dallas/ft,1
worth,12
produc,13
dalla,29
report,96
constraint,22
dfw,1
experi,9
adequaci,1
voltag,1
stabil,1
amount,21
unavail,4
north,60
outsid,20
metro,2
greenfield,1
limit,48
encount,3
public,42
opposit,7
sound,7
familiar,13
e-mail,137
privileg,24
name,42
recipi,43
notifi,30
sender,34
disclos,13
content,11
person,87
store,10
inform,253
medium,1
gilbert,14
TX,164
reserv,74
confirm,53
lisa,6
houston,137
smith/doug,2
continent,7
airlin,24
15feb,2
CO,10
Q,11
g.bush,7
interco,7
bergstrom,9
intl,9
termin,25
C,17
non,12
durat,15
aircraft,24
mcdonnel,5
dougla,17
md-80,5
seri,11
seat,14
NO,14
smoke,8
smith/d,2
total,65
usd,14
188.50,2
yahoo,20
question,265
let,99
x39194,1
shoemake/hou/ect,1
02/14/2001,1
02:39,1
vikki,3
anaya,2
vanaya_vitoltvl,2
yahoo.com,8
01:00:02,1
lisa.shoemak,1
enron.com,74
smith==travel,1
tickt,1
agt,1
va/zcg98,1
1400,10
smith,101
77002,10
attn,4
shoemak,2
X,7
3-9194,1
feb,5
13,4
TO,16
depart,28
arriv,20
740a,2
832a,1
1716,2
0:52,1
08c,1
653p,1
753p,1
1711,1
1:00,6
07c,2
fare,10
167.44,1
tax,16
21.06,1
invoic,9
payment,22
ccax378520840791009/0302/a000028,1
co/okj8et,1
ticket,9
co/etkt,4
005,4
7024770435,1
IS,10
ticketless,9
pictur,8
ID,22
avail,96
AT,9
airport,7
vitol,7
travel,30
__________________________________________________,10
address,94
mail,28
35,10
http,111
//personal.mail.yahoo.com/,2
50mw,7
onpk,6
april-01,4
bought,16
cinergi,5
45.00,1
51.50,2
spot,11
puc.state.tx.u,17
sent,254
workshop,24
make,113
februari,69
16,23
yesterday,19
william,28
success,17
matter,32
argument,3
role,18
assumpt,8
F.,6
kennedi,3
-origin,219
mailto,53
friday,105
austinenergy.com,4
texas.net,4
lockeliddell.com,4
worldnet.att.net,4
highvoltagelaw.com,4
bbraustin.com,4
Cc,114
roga,3
keith,6
hand,26
william_hogan,2
harvard.edu,2
commission,7
puct,59
detail,75
ignor,4
hope,47
incent,4
seem,11
elsewher,4
less,14
difficulti,3
pursu,3
balanc,16
summari,16
appli,13
adopt,5
79,3
street,24
cambridg,12
MA,3
02138,2
particip,113
cooper,25
tammi,4
tammy.coop,2
5:13,1
'mwalker,2
ercot.com,212
'tanson,2
smklaw.com,2
'ltownsend,2
lglawfirm.com,2
'john.tempesta,2
'bob.kahn,2
'deena.jordan,2
neg.pge.com,2
'skroger,2
mdck.com,2
'rchapman,2
tlsc.org,3
'akennerli,2
worsham.net,2
'mcarrol,2
'barry.huddleston,2
dynegy.com,2
'dgross,2
'jay.golub,2
bakerbotts.com,2
'aholman,2
'jcheckley,2
'dljone,2
cps-satx.com,4
'brsmith1,2
aep.com,73
'pratt,2
csw.com,2
'pzei,2
tnpe.com,3
'read.comstock,2
'msmith,2
'ktrostl,2
'cmcginni,2
mcginnislaw.com,2
'nneas,2
'ga,2
bbrlaw.com,2
'jocampbel,2
stec.org,3
'psegrest,2
'sburger,2
lcra.org,3
'jboyl,2
jimboylelaw.com,2
'mdavi,2
'dpederson,2
bbraustin.com',2
parviz,11
FW,42
professor,2
shortli,6
addit,102
final,53
find,57
No,60
9,12
afternoon,27
10:17,1
pat.wood,1
judy.walsh,1
brett.perlman,1
keith.roga,1
ouc.state.tx.u,1
via,16
onc,22
courtesi,3
open,33
full,20
pursuit,1
essenti,1
unfortun,5
complex,4
possibl,49
everi,14
obviou,2
easili,2
adapt,1
strategi,14
On,27
emerg,19
explain,13
away,4
type,25
identifi,21
shmuel,2
administr,16
discretionari,3
counteract,1
pervers,1
correct,21
substanti,4
burden,2
undo,1
condit,20
intrus,1
becam,8
unhappi,1
practic,6
offici,22
especi,9
respons,61
without,27
tool,13
avoid,9
wood,5
elimin,4
page,27
chandley,1
colleagu,3
mine,2
focu,13
indic,32
common,7
treatment,2
kind,7
ad,35
hoc,6
reform,1
remain,15
accomplish,4
worri,3
fundament,23
recreat,1
My,24
pjm,26
solv,1
go,82
long,35
way,49
whatev,5
harder,2
fix,7
later,42
robust,4
simplifi,1
true,3
doubt,6
zonal,29
bilater,1
wrong,3
neither,2
complic,3
expens,13
altern,11
sooner,2
commit,11
better,18
remark,5
succeed,1
happi,13
decid,24
p.,3
assum,17
school,20
harvard,7
univers,4
617-495-1317,1
617-495-1635,1
f,4
//ksgwww.harvard.edu/people/whogan,1
puct0216.doc,1
infocast,1
sandiego,1
crisi,10
2-13-01.ppt,1
puct0215.pdf,1
23220,16
dpl,4
OM,2
020222,2
memo.doc,4
010219.doc,2
4:25,1
staff,40
david,111
mckeon.doc,1
renshi,1
zhang.doc,1
allegheni,6
coal,8
g.e.m,3
month,59
acquisit,4
g.e.m.,2
portfolio,3
join,27
global,19
trading.,1
announc,44
merril,1
lynch,2
divis,15
490,1
plu,10
equiti,5
main,13
combin,4
establish,11
risk,32
close,43
quarter.,1
optim,2
positions.,1
headquart,2
manhattan.,1
approx,7
18,14
ton,5
consumpt,4
per,45
dynam,11
five-year,1
growth,19
18,000,1
2005,1
extrem,4
excit,2
'coal,1
work,116
deep,1
pool,3
talent,2
posit,34
soon,47
oblig,31
sith,1
fulfilled.,1
meantim,3
reach,14
phone,74
917,1
913,1
8873,1
home,50
manhattan,1
646,1
840,1
1300,1
fax,101
1515,1
btubaron,1
aol.com,5
realli,18
appreci,26
assist,47
past,17
sever,26
choos,27
position.,1
involv,20
doyl,1
lmp,3
rick,5
think,50
unbalanc,2
favor,3
dispatch,5
03/02/2001,4
mcnamara,2
shapiro,2
spp,3
withdrawn,2
everybodi,3
onsid,1
logic,2
won't/ca,1
admit,2
minim,3
dure,46
balanced/unbalanc,2
anyway,11
signal,14
clear,13
07:50,1
07:45,1
next,94
committe,30
lunch,7
brad,7
jone,17
txu,33
shock,2
surpris,2
fairli,5
strong,7
rumor,2
retrench,1
complet,81
margin,4
robin,6
kittel,2
resign,13
revers,2
assur,3
morn,41
prone,1
overreact,1
statement,9
florida,10
whi,9
aspect,5
He,23
ftr,4
scale/scop,1
allianc,1
els,24
panel,2
aei,1
confer,78
support,41
event,14
reliantenergy.com,23
properli,8
manuel-munoz,5
read,40
correctli,12
rather,20
redispatch,10
counter,3
handl,12
multipl,10
select,43
shift,19
factor,21
submit,30
dec,4
bid,19
flip,2
coin,2
uninstruct,3
deviat,7
direct,55
similar,16
methodolog,3
increment,5
curb,2
manipul,4
day,280
smtp,5
sunday,12
26,7
7:45,2
isonp,5
kevin-gresham,5
brenda_b_harri,3
abil,10
proper,5
determin,26
prefer,8
serv,35
icap,3
tamara,17
jae,17
black/hou/ect,8
east,43
group,80
exampl,33
base,40
financi,34
nodal,2
physic,38
flowgat,2
11:33,1
christi,40
L,8
nicolay,16
09:49,1
idea,11
tj-pleas,1
_____________,1
prioriti,14
post,52
decis,16
hedg,16
basi,44
advanc,12
NY,18
citi,33
proxi,1
buse,10
option,62
collect,12
method,5
secondari,1
peopl,33
judgment,1
option-typ,1
obligation-typ,1
transmission/congest,1
overlay,1
upfront,1
ideal,2
network,10
hub,15
node,1
blown,1
incumb,7
utilti,1
premium,17
ca,10
cap,5
nepool,9
contract,69
urg,5
monitor,4
penal,1
purchas,35
certain,11
demonstr,8
complianc,9
bottom,5
line,51
perfect,3
enemi,2
perfectli,2
preclud,2
hourli,27
greater,8
grow,11
toward,7
rememb,12
absenc,2
non-discriminatori,1
respect,10
nativ,4
park,22
lend,1
flexibl,3
etc,29
netscap,3
dear,10
user,37
cde34rfv,1
registr,57
//home.netscape.com/,1
typic,8
mwh,14
result,38
half,6
insert,2
weather,111
march,10
first,78
quarter,5
q12000,1
Q1,1
3.56,1
59,426,845,1
61,543,268,1
weather-norm,1
4.28,1
59,114,067,1
61,646,157,1
exactli,7
match,4
figur,5
rang,6
3.5,6
4,95
7/1/97,1
12/31/99,1
7/1/98,1
12/31/00,1
compar,16
summar,3
abov,24
previou,9
quarterli,3
overview,8
incorrect,1
2002,260
2003-15,1
column,4
raintre,3
ene,7
capit,5
somewhat,2
regret,1
wednesday,137
april,22
thoroughli,2
nearli,12
three,22
directli,18
profession,6
futur,34
contact,129
webb,1
jen,2
10000,1
memori,5
drive,17
ste,4
480,1
77024,1
713,58
613-2800,1
mike,52
spreadsheet,12
info,28
heat,6
2x1,3
1x1,3
140,4
280,3
3,73
seek,6
tp,5
duct,2
fire,3
frank,21
ramp,2
probabl,18
n/a,12
due,38
vs.,5
cold,6
Is,41
230mw,3
stay,22
460mw,2
frontera,11
ditto,1
engin,6
environment,5
tab,13
progress,17
'oper,1
refer,23
shelf,1
curri,13
mike.curri,1
04/11/01,1
01:54pm,1
team,55
zero,11
139,1
230,1
231,1
281,7
460,1
temp,9
/,8
humid,1
mmbtu,1
defin,14
i.e,13
x,12
hour,68
warm,4
hot,8
maximum,3
annual,30
violat,4
min,2
curry.xl,1
chart,8
fb.xl,1
lcra,26
damag,8
exercis,9
epmi,36
approxim,9
averag,19
piec,12
5.00,6
fulfil,4
paid,17
sold,22
remaind,5
6.2,3
perhap,4
variabl,6
loss,6
primarili,4
oxychem,2
1.2,2
capac,19
ld,6
attempt,6
1.5,15
recoveri,5
august,23
15.41,2
89,2
mw,19
recap,1
calpin,20
kilowatt,1
revisit,1
Ed,15
supplement,5
liquid,12
recal,3
occas,1
55,821.50,1
5/12/2000,1
extra,5
discount,3
pull,1
resel,2
labor,5
intens,1
underway,3
scaler,1
250,000.00,1
relat,66
clarifi,2
whether,6
recoup,1
certainti,2
daili,25
chosen,3
gone,2
record,23
515,084,1
1/1/2001,1
4/18/2001,1
eric,13
saibi,6
129,408,1
1st,4
week,120
juli,25
41.29,1
56.70,1
weekday,1
blend,1
645,788,1
block,1
178,000,1
occasion,1
weekend,21
272,000,1
34,2
often,12
septemb,5
750,000,1
3.75,2
expenditur,1
2.45,1
imprecis,1
2.5,1
cover,29
although,13
littl,14
lower,9
clarif,13
bonni,1
J,12
litig,2
suit,15
4824,1
Ph,16
713-853-7244,1
713-853-6576,1
bonnie.whit,1
step,24
andrea,12
dahlk,9
x54080,1
rec,33
green,13
mountain,8
75,5
wind,79
wies,1
want,96
mwhr,17
come,44
11/1/2001,1
still,48
contractu,1
quantiti,8
nov-01,1
29,160,1
dec-01,1
27,396,1
56,556,1
remov,31
475,000,1
credit,45
therefor,9
definit,19
short,19
360,000,1
3.50,5
E,17
tom,18
hold,18
martin,21
schwieger,2
carthag,2
trader,29
lavorato,7
hpl,2
guy,12
move,57
environ,17
asset,10
flat,5
gee,5
wonder,5
given,34
vol,4
chuckl,2
insid,8
welcom,33
world,18
boss,3
consid,16
slight,3
bear,4
resent,2
stymi,2
movement,3
noth,8
class,10
inde,3
st-ercot,2
book,18
fact,11
someon,10
wherev,2
life,8
short-term,5
hardship,2
agre,25
earli,23
self-evid,2
frame,2
runderstand,2
larri,16
bul,8
pg,4
noie,3
redlin,16
noi,3
account,52
512,67
pursuant,10
assign,13
idr-met,1
Up,5
floyd,1
trefni,1
owg,8
11/14/01,1
four,15
28,15
78,3
recogn,2
esi,1
Id,1
identif,7
86,1
sce,1
dan,11
san,72
antonio,9
401,7
800,7
78701,7
tel,6
477-7601,3
477-5329,3
monday,76
27,8
4:39,1
supplment,2
rug120600meyerproposal.doc,3
bul.zip,1
abb,14
project,72
letter,19
attend,50
a.,8
epc,4
exhibit,4
ntp,4
gcd,4
tingleaf,5
scott,9
laidlaw,2
carlo,2
sole,11
dave,59
duran,2
louis,17
kitchen,8
spent,3
emphas,2
conclus,3
svant,2
svenson,2
hvdc,2
lar,2
carlson,3
sandridg,2
rep,30
parti,22
action,22
amend,5
reinstat,4
10/27/00,2
b.,6
cancel,19
replac,8
a-2,2
notic,54
proceed,7
correspond,11
verbal,5
overal,5
15.5,2
b,3
a-1,2
Y,7
execut,48
bring,25
everyon,19
speed,6
x36649,2
dtt,4
've,19
pitchbook,4
recruit,6
came,8
priorit,9
forgotten,3
rough,2
lot,19
finish,10
2.,4
coverag,10
target,7
industri,26
opinion,29
materi,23
enron/risk,2
conduct,17
seminar,11
fruit,2
invite,2
agenda,45
c.,2
speak,11
accur,11
horizon,2
analyst,18
assoc,2
mid-market,2
liaz,2
folk,6
websit,62
link,80
05/03/2001,2
07:26,2
symms/enron,2
enronxg,12
05/02/2001,2
05:17,2
TJ,5
//eastpower.dev.corp.enron.com/port,2
symm,2
Sr,25
specialist,6
713-853-3105,2
west,68
mr.,46
south,61
connect,43
light,22
megawatt,13
big,22
border,12
By,19
inc.,58
flow,37
york,14
research,28
1976,8
former,25
corp.,41
duke,9
rest,14
island,9
keep,29
deregul,22
15,66
major,17
invest,22
near,40
lignit,6
interst,7
wire,20
gooch,6
independ,15
tenaska,6
glut,4
pride,4
magnet,5
struggl,5
excess,10
fear,6
overbuild,4
u.s.,19
third,10
countri,15
makovich,4
firm,32
schaeffer,4
reliant,40
money,22
america,27
simmon,4
co.,9
began,15
ensur,25
went,6
ship,8
switch,28
texas-oklahoma,3
prevent,8
oklahoma,4
broken,5
crew,4
vernon,3
freeli,5
son,4
tri,24
chairman,12
lawyer,4
tini,4
disconnect,4
repres,43
die,5
northeast,10
compromis,4
almost,6
unlik,4
anywher,4
six,6
rural,3
11,26
billion,8
mile,5
houston-bas,4
surplu,3
cushion,4
upper,8
midwest,10
deficit,4
export,6
sink,4
hayslip,4
older,4
counti,6
Wo,2
u.,3
unto,1
alexei,2
barrionuevoand,2
russel,5
gold,2
wall,7
journal,5
brace,2
wide-open,2
space,9
weak,3
power-gener,2
prepar,62
electricity-product,1
11,000,2
closer,8
15,000,2
tailspin,2
apart,3
news,13
electricity-starv,2
coast,4
divid,4
coupl,22
footpath,2
mass.,2
argu,3
statu,22
princip,2
accid,2
geographi,2
disput,5
deep-seat,2
skeptic,2
play,12
shape,2
renegad,2
desper,2
save,26
corpor,36
breakup,2
four-year,2
legal,39
battl,2
dub,2
war,7
isol,3
anytim,18
fulli,14
blackout,2
standpoint,7
degrad,2
Co,3
compet,6
moreov,1
600,4
eas,4
view,16
temporari,4
imbal,9
advantag,3
persuad,3
shi,2
greatest,3
induc,2
matthew,2
bank,20
haphazard,2
1960,2
larger,5
more-effici,2
nuclear,2
neighbor,3
readi,42
'no,2
money',1
old-lin,2
plenti,3
reluct,3
wave,4
mid-to-l,1
1970,2
costli,2
surround,3
huge,6
fast-grow,2
energy-thirsti,2
petrochem,2
confin,2
oversight,19
dallas-bas,2
predecessor,2
length,4
hydroelectr,2
relay,4
instal,8
unauthor,8
setup,5
ran,4
unconnect,2
separ,17
decad,3
strictli,12
enforc,7
eight,6
secur,35
took,5
extraordinari,2
5:30,2
a.m.,22
secretli,2
rewir,2
substat,2
minuscul,2
thread,1
engag,4
commerc,6
react,2
angrili,2
bitch,2
steal,2
loui,2
bellow,2
cowden,2
men,15
noon,8
half-dozen,2
chief,24
6-foot-6,2
college-footbal,1
j.a,2
altu,1
okla.,2
imposs,5
gordon,2
elder,2
1986,2
patron,2
saint,1
express,24
disgust,1
prospect,2
burn,2
yanke,2
transcript,5
1997,3
reput,2
brief,14
encas,2
lucit,2
paperweight,2
worsham,2
forsyth,2
woolridg,2
alan,2
erwin,2
souvenir,1
episod,4
fodder,2
1979,2
novel,2
winter,18
storm,16
crippl,3
refus,5
drain,3
cheap,2
left,17
scapegoat,4
seced,2
union,4
real-lif,2
realiti,2
outcom,3
dramat,1
conflict,9
wound,2
courtroom,2
acquir,4
columbu,2
ohio,3
lost,5
round,2
hash,1
alternating-curr,2
cabl,4
direct-curr,2
bridg,2
carri,8
mere,4
820,13
jurisdict,3
washington,8
pat,4
iii,5
nomine,2
destini,2
attitud,4
extend,5
business-friendli,1
stringent,3
hook,2
upgrad,6
allevi,2
bottleneck,2
put,24
low-cost,2
flurri,2
power-pl,2
1998,5
sinc,26
draw,3
board,25
contrast,2
onlin,42
seguin,2
constel,7
baltimor,2
800-megawatt,2
gas-pow,1
cornfield,2
fifteen,4
LP,12
1,000-megawatt,2
distanc,4
britain,2
intern,25
plc,2
1,100-megawatt,2
feet,2
adequ,8
southeast,2
razor-thin,1
400,5
northwest,2
72,5
74,2
jose,17
calif.,2
boldest,2
wager,3
overcapac,1
five,19
altogeth,2
spend,9
2.8,2
thought,24
crazi,3
darrel,4
absolut,6
bet,12
newer,2
gas-fir,3
40,19
edg,2
rival,6
retir,6
sag,2
overbuilt,2
charlott,2
n.c.,2
80,8
stake,2
size,20
realiz,7
donnel,2
ceo,10
grim,2
pressur,3
stauffach,2
affair,12
dynegi,8
1,000,3
mind,5
share,46
love,16
wheel,2
budg,2
omaha,2
neb.,2
eastern,2
though,11
grime,2
90,5
carelli,2
boast,2
830-megawatt,1
slate,2
rusk,2
louisiana,3
feedback,47
pep,38
employe,140
mid,5
access,63
//pep.enron.com,8
menu,13
2001.,4
1.713.853.4777,6
perfmgmt,9
london,22
44.207.783.4040,8
pep.enquiri,8
cumul,2
declin,2
longer,28
AS,3
cline,4
santucci,2
anna,2
thompson,2
kerri,2
rich,12
brother,12
pastor,6
gentlemen,4
jump,2
matrimoni,2
hand-grenad,2
25.,1
sage-lik,2
advic,7
double-vis,2
quest,2
reckon,2
pre-wed,2
retreat,2
likelihood,2
27-29,2
3-5,3
date.,1
lake,15
travi,3
www.bartoncreek.com,2
golf,2
swim,2
entertain,3
activ,27
certainli,5
forth,3
someth,20
me.,1
860-435-1389.,1
tom_pastor,2
indianmountain.org,2
discovernet.net,2
sampl,9
award,8
confirm.pdf,4
38,4
39th,2
michel,17
agreement,88
paul,11
jeffrey,16
thresa,4
newpow,6
lse,43
agr,4
5-15-01,4
.doc,9
object,7
portz,52
5:11,3
miller,18
presto,61
radou,2
allen,16
bradford,12
S.,24
sager,26
elizabeth,28
agreement-,2
onward,3
anoush,2
farhangi,2
attent,8
7.2,2
particular,10
personnel,10
fill,10
contact/pay,2
referenc,8
annex,5
lengthi,3
calendar,35
kept,7
mi,2
'attach,2
rl,2
exe,2
______________________________________________________________________________,1
___________________,2
parks/enron,2
05/15/2001,2
03:39,2
tingleaf/enron,2
gilbert-smith/corp/enron,9
curry/enron,2
may/corp/enron,2
miller/na/enron,2
day/hou/ect,2
allen/hou/ect,2
portz/hou/ect,2
radous/enron,2
bradford/enron,2
eveyon,2
input,20
quickli,12
supervisor,14
'suggest,2
prc,6
log,33
clayton,2
interpret,4
disagre,3
greer,1
cgreer,1
29,15
9:42,1
RE,70
cong,1
estion,1
promptli,5
'supervisor,2
713.853.4777,2
chip,4
schneider,2
713-853-1789,1
3ac,1
1418,1
17,25
thursday,93
preced,8
5/17/2001,4
higher,8
5/18/2000,4
year-over-year,4
16-18,2
14-18,2
slightli,5
warmer,2
44,923,2
2.78,2
43,709,2
similarli,2
obvious,11
fall,13
earlier,16
somewher,3
6.doc,2
modif,3
specif,27
oom,13
appropri,14
paper,10
alex,8
sect6reliant1201.doc,2
member,39
sum,18
gain,9
offset,2
net,13
6.8.2.2,2
pip112,2
-balanc,2
load.zip,2
homco/hou/ect,2
12/07/2000,3
jay,2
11:17,1
blain,1
08:46,2
ecantu,1
stewart.com,1
knoblauh/hou/ect,1
williams/hou/ect,1
crawford/corp/enron,1
tim,6
carter/hou/e,1
thomas.f.ressel,1
wgp.twc.com,1
john.blain,1
metrokc.gov,1
election_whazzup.ex,1
evolut,3
cop,2
negoti,9
cop6specialreport12.7.pdf,2
special,15
ema,1
session,19
wish,28
greenhous,1
ann,9
egelston,1
65,19
broadway,1
5th,12
floor,27
10006,1
212,2
430-6475,1
ercot-iso.com,6
steven,11
attende,9
updat,80
mute,4
hailu,19
ted,19
thailu,6
grendel,3
sgrendel,2
sam,5
lowson,2
jlowson,2
ac.com,2
12/13/2000,2
p.m.,19
code,28
day/stev,1
olind,3
room,39
curry/hou/ect,6
12/08/2000,1
01:46,1
12:33:30,1
'qsemp,1
qsemp,1
salh,1
baljit,1
bsalh,1
northcutt,1
robert,8
rnorthcu,1
sjone,1
bill\,1
bbojorquez,1
mickey,2
joel,2
jmickey,1
'robert,1
linka,1
robert.m.linka,1
crosbi,1
phil,1
AC,2
phil.j.crosbi,1
myer,3
smyer,2
adam,10
jadam,5
brattini,1
sbrattin,1
saathoff,4
kent,5
ksaathoff,4
cohea,1
jcohea,1
galvin,2
jgalvin,1
'dcantrel,1
dcantrel,1
gate,9
SC,1
vikki.g,1
scgo.com,1
coon,1
patrick,8
pcoon,1
patterson,3
mpatterson,1
moast,1
pmoast,1
rjone,1
invit,18
held,29
bi-weekli,1
forum,7
kick-off,4
frequenc,3
qualif,6
test,53
rtu,1
iccp,1
api/xml,1
mock,16
answer,32
3:00,9
1-800-291-0540,1
186878,1
speaker,2
simultan,2
convers,7
button,8
mode,1
un-mut,1
comput,20
clientrel,7
unabl,8
voic,6
traffic,1
print,14
housekeep,1
dial,9
minut,23
listen,6
care,58
entri,3
prompt,7
introduc,18
company',1
wait,12
music,2
roll,2
client,32
telephon,17
248-3873,6
25mw,4
04-06,1
37.25,1
tva,4
05-08,1
48.25,1
andr,3
jmnhouston,2
origin,26
doug.gilbert-smith,27
gilsmith,10
houston.rr.com,11
9:50,3
CV,1
plse,1
repli,23
tx,1
resume.doc,2
issues.ppt,2
illustr,2
14,21
circualt,1
counterparti,27
rm,64
30c1,12
4pm,14
4th,6
30c2,2
conf,4
monthli,12
measur,6
scorecard,1
713/853-0302,1
713/646-8670,1
10th,3
aug.,4
7th,10
sept.,3
2nd,1
-4,1
pm,19
x33383,1
tjae,9
click,49
clint,9
dean/corp/enron,2
12/19/2000,4
01:37,1
01:27,1
gen,3
gen.,1
beyond,2
juan,2
folder,7
bob,17
arnold,2
editor,6
seiz,2
regist,28
gilbertsmith,3
wealth,1
technic,27
career,11
regular,3
//www.businessweek.com,1
bwcustsv,1
mcgraw-hill.com,1
1-888-878-5151,1
businessweek,17
subscript,8
businessweek.com,5
magazin,5
archiv,5
exclus,19
break,6
tech,1
insight,4
partnership,1
leader,8
e-cruit,1
heidrick,1
unmatch,1
financ,7
subscrib,9
topic,18
BW,11
newslett,19
challeng,6
lay,5
sincer,2
kupper,1
publish,9
error,27
//www.businessweek.com/newsletters.htm,1
12/20/2000,10
kim,15
dental,8
labbe/na/enron,4
melodick/hou/ect,4
killian,24
mari,11
met,16
advis,9
02:22,1
melodick,5
11:08,2
irma,2
11:03,2
08:06,2
palti,2
42,9
head,22
07:38,2
killian.gilbert-smith,5
sci-us.com,5
03:05:04,2
'doug.gilbert-smith,2
i/you,2
complain,4
insur,6
serena,2
dr.,18
crow,2
occlus,2
9952,2
never,9
metlif,2
reject,14
claim,10
corp,10
follow-up,2
town,3
tomorrow,68
02:27,1
anyth,21
're,16
chemic,1
necessari,30
1:58,1
stephen_l._madden,2
oxy.com,2
spring,2
j/f,1
m/a,1
4.00,2
alittl,1
UD,1
intraday,1
chanc,29
internet,19
ftp,9
//ftp.ercot.com/planned/plserreq.html,1
Be,4
refresh,3
reload,1
web,53
rulemak,1
23157,1
affect,14
applic,33
//www.puc.state.tx.us/rules/rulemake/23157/23,1
157.cfm,1
safe,2
christma,3
kenneth,15
A.,16
donohoo,16
PE,6
2705,12
taylor,24
76574-2136,8
248-3003,6
248-3082,8
enronopt,6
stock,33
=20,56
=01,2
O=,3
ption=20,1
highlight,7
program=,1
frequent,7
faq,2
on=,1
//hrweb.enron.com,1
browser,8
the=20,2
h.r.=,1
presentation=,1
s=20,1
throughout,12
tune,2
for=20,1
guid,15
subcommitte,15
text,10
hidden,3
tac,15
v0_2.zip,2
WG,5
brodi,2
kema,1
conform,1
pend,9
zip,8
'new,1
intent,6
newli,15
es/rss/tmo,1
overlap,1
membership,7
meeting/workshop,1
9:30,8
4:00,8
Of,8
enabl,24
and/or,34
screen,13
beth,2
garza,5
fpl,21
512-320-9171,2
gem,4
rollout,4
awar,13
migrat,24
window,6
imper,4
gather,17
workstat,3
autom,3
inventori,2
consolid,5
smooth,3
favela,1
345-5878,1
ewc,9
garrard,3
hassan,6
indian,12
mesa,13
econom,9
ppa,9
michael,16
drag,1
re-address,1
deadlin,8
reason,13
consumm,1
volatil,4
kill,3
lastli,2
intermitt,2
valu,28
decay,1
delay,19
rfp,4
faith,2
earliest,1
conveni,8
card,30
return,29
-free,1
-special,1
palm,3
accessori,1
add-on,1
-sneak,1
preview,2
enhanc,3
proof,6
-discount,1
-warranti,1
guaranti,7
II,9
blk,3
blk.doc,3
6191664,2
6191688,2
6191858,2
seller,11
project.doc,2
clement,5
clean,16
blacklin,1
project.,1
threshold,1
50m,1
100m,1
bracket,1
oregon,1
incorpor,12
lee,4
6191664-enron,1
6191688-enron,1
6191858-enron,1
herebi,4
dissemin,8
prohibit,15
delet,30
la1-6191664-enron,1
ii.doc,1
la1-6191688-enron,1
la1-6191858-enron,1
CA,4
leigh,1
searci,1
gregori,3
partner,16
345,15
3613,1
249,2
3745,1
chri,23
ahn,1
D.,72
1701,8
N.,5
congress,9
avenu,7
p.o,10
13326,5
78711-3326,5
512-936-7365,5
512-936-7361,7
parviz.adib,6
technicalconference-nc-010501.doc,1
lastest,5
plead,5
shari,7
heino,5
counsel,16
sheino,5
343-7215,5
343-8134,6
set.doc,1
protocols1to10.zip,1
protocols11to20.zip,1
protocols21to22.zip,1
protocols.a.zip,1
protocols.b.zip,1
protocols.doc,1
semest,2
famili,15
hello,8
snowi,1
boston,5
unscath,1
strang,1
student,3
ridicul,1
ingest,1
fun,5
arrog,1
nice,3
banker,1
prof,1
fantast,1
ever,5
turbin,2
clair,1
cbroido,1
mba2002.hbs.edu,1
617,1
493,1
8581,1
interview,8
packet,3
above-referenc,1
candid,3
hardcopi,2
resum,11
runner,1
shawn,1
gradi,1
58701,1
kace,1
downey,2
345-5641,1
voluntari,3
certif,18
p.m,5
mix,5
label,1
accompani,4
w/,1
unnecessari,1
educ,8
stacey,10
3-9916,1
01/10/2001,2
decreas,7
blow,8
shout,1
02:40,1
payn,3
enron_develop,2
02:18,1
edith,8
cross,9
lamb,1
im2,1
delainey,3
gpsa,1
garrad,4
GH,1
focus,4
accuraci,4
imagin,3
scienc,3
art,2
lie,2
on-peak,2
off-peak,3
ratio,13
ident,5
downward,1
reachabl,1
661-823-6855,1
11:00am,2
pst,1
661-823-6730,1
onpeak,8
cal-02,1
44.50,1
cal-03,1
57.25,1
bom,1
1/12-1/31,1
27.50,1
offpeak,3
cal04,1
43.50,1
cal03,1
jerri,25
workgroup,7
examples.doc,3
ward,12
19,16
chair,29
16th,6
17th,10
monoton,3
submiss,4
pair,4
stack,26
fashion,2
necessarili,11
linear,1
straight-lin,1
relationship,12
bjones5,2
txu.com,17
5:00,3
train,8
ercotcan,1
upcom,6
individu,15
//www.texaschoiceprogram.com/training.htm,1
CR,38
tdsp,57
acquisition/aggreg,1
dot,1
categori,5
arrang,18
hotel,20
L.,54
ten,11
written,10
pre-hear,2
docket,7
got,16
sham,3
siddiqi,3
facilit,17
technicalconference-main-011901.doc,3
parent,4
suspend,6
child,3
inact,3
australia,2
spread,7
enrononlin,6
7783,2
inactiv,2
children,2
right-click,2
display,11
singapor,2
constant,2
front,18
background,4
slow,8
non-act,1
853,1
4357,1
asia,2
+61,1
9229,1
2300,1
europ,6
+44,3
ogr,4
henri,4
beth_garza,3
fpl.com,6
01/11/2001,2
mhenri,2
rbrodi,2
kemaconsulting.com,2
kurt,2
jan,33
presentation.ppt,4
bullet,1
kittel/na/enron,2
01/12/2001,1
08:18,1
09:23:10,1
jcollin,1
tielp.com,1
dadarnel,1
jakarn,1
rick-keetch,1
lwestbrook,2
hwood,1
ereec,1
rayburnelectric.com,1
rss,4
tmo,4
esc,5
dthoma,1
aboeck,1
smeyer,1
re-writ,1
sign-in,1
2-day,1
24-25,1
holiday,4
inn,1
8:30,1
interfac,7
appendic,1
pick,6
introduct,2
inclus,1
vacula,1
kvacula,1
09:20:50,1
barrett,1
bui,1
charl,39
calhoun,1
curti,1
darnel,6
davi,14
escamilla,1
galloway,1
le,1
sergio,1
gurley,1
huddleston,1
barri,3
keetch,1
mccartney,1
jack,1
peterson,1
reid,1
walter,1
wayman,1
stanfield,1
leonard,1
villanueva,1
elia,1
westbrook,1
willm,1
zamora,1
mm,36
npv,8
veloc,4
2.50/mwhr,4
1.50/mwhr,4
mtm,6
2.30,3
cross/hou/ect,3
berney,3
aucoin/hou/ect,3
dash,3
10.30,2
11/20/2000,2
11-17-2000,2
11/16/2000,2
11-15-2000,2
7.41,2
2.64,2
4.94,2
uno,1
11-27-2000,1
39.00,1
12.50,1
7.50,1
5.20,1
2.70,1
11/28/2000,5
08:41,2
10:36,1
37.80,1
10.09,1
12.41,1
7.46,1
4.35,2
2.32,1
2.65,1
4.97,2
sorri,19
10:16,1
01:00,1
39.30,1
12.30,1
5.79,1
12:40,1
11/14/2000,1
07:12,1
11-14-2000,1
37.62,1
8.84,1
12.35,1
5.52,1
angela,3
hard,17
2,3,4,1
extent,2
stakehold,14
criteria,5
steadi,9
sstf,3
evalu,18
stakeholder/market,1
3:30,4
red,18
lion,4
i35,3
290,3
conting,38
element,14
csccomment,5
entergi,18
cal-05,2
46.00,1
cal-04,1
43.00,1
27.75,1
72.00,1
june-01,2
86.00,1
nq-01,1
questions2,4
through5,4
jan19question3.doc,4
ward/texa,4
01/16/2001,6
03:37,2
gward1,6
03:21:46,2
bcc,4
convey,12
walker,4
214-926-8637,2
214-875-9254,2
04:02,1
03:35:27,1
'save,3
eel,2
directori,4
02,13
IN,20
human,23
BY,4
obtain,12
download,13
//pep.corp.enron.com,1
repeat,1
HR,8
1-713-853-4777,1
44-207-783-4040,1
padron,1
P,20
technicalconference-main-add-011901.doc,1
map,60
vacat,18
carryov,3
accrual,3
lump,4
ehronlin,5
drop-down,2
radio,3
vacation-,2
entitl,6
verifi,9
22,11
elig,4
navig,2
//ehronline.enron.com,2
disclaim,12
enter,22
password,33
logon,7
exit,1
default,4
payrol,9
hotlin,2
713.345.5555,1
amanda,10
huble/na/enron,3
hubl,2
dronet,2
10:18,6
09:32,2
melinda,1
joyc,1
lynn/hou/ect,1
helen,1
taylor/hou/ect,1
theriot/hou/ect,1
chuck,1
ames/na/enron,1
nate,1
blackburn/na/enron,1
sachin,1
gandhi/na/enron,1
gaskill/corp/enron,1
massimo,1
marolo/na/enron,1
tara,1
piazze/na/enron,1
vladi,1
pimenov/na/enron,1
shim/corp/enron,1
sabina,1
rank/na/enron,1
mog,1
heu/na/enron,1
colin,3
tonks/hou/ect,1
hyde/corp/enron,1
yan,1
wang/corp/enron,1
hylton/corp/enron,1
junellen,1
pearsall/na/enron,1
rebecca,1
mata/na/enron,1
marc,1
bir/corp/enron,1
dronet/na/enron,1
demetrion,1
ware/corp/enron,1
gloria,1
solis/hou/ect,1
perla,1
montemayor/na/enron,1
rochel,1
dent/na/enron,1
humaira,1
badat/na/enron,1
09:11,1
//gasfundy.corp.enron.com,1
login,5
domain,2
PC,2
pop,1
xt,1
53482,1
compress,6
agenda.doc,5
csc2001analysis.zip,5
01sum1sav.zip,3
pti,4
psse,4
26.2,4
sav,4
01sum1raw.zip,3
excel,23
workbook,2
matrix,3
expiri,1
formula,2
ami,13
ae,18
newenergi,4
gasca,3
713-545-0084,3
281-360-3207,2
agasca,2
newenergy.com,2
forgot,3
700,2
lousiana,1
2250,1
713-222-6080,1
713-222-6082,1
touch,5
urgent,2
rac,3
sign-off,39
01/23/2001,2
karen,18
10:26,1
10:25,1
barbour,1
phillip,4
polski,1
maurer,1
andrew,2
EW,1
resolut,7
debt,4
6-9690,1
realign,7
ken,27
unplan,2
uncertainti,3
Ad,3
archive/retain,1
//ftp.ercot.com/unplannd/redispth/uredispt.htm,1
l,7
//ftp.ercot.com/planned/redispth/redispth.html,1
owner,4
receive/collect,1
//ftp.ercot.com/unplannd/mtmorept/mtmorept.htm,1
denot,1
tradit,5
displac,1
simul,32
23,6
1:23,1
'donohoo,1
daniel,7
jaussaud,5
schubert,1
greff,1
sid,1
guermouch,1
elec,2
histor,8
kdonohoo,7
12:14,1
hopley/hou/ect,3
jennif,14
fuel-switch,2
01/24/2001,1
04:28,1
fraser,3
01/22/2001,1
01:54,1
gomez/hou/ect,1
mcleish/eu/enron,1
21/12/2000,1
14:43,1
fraser/hou/ect,1
massey/hou/ect,1
mcgowan/corp/enron,1
012401.doc,2
tc.doc,2
jessica,5
M.,48
posey,1
jposey,1
343-7289,1
227,2
cera.com,4
pemex,4
mexico,11
=09=09,5
cera,3
mexican,2
shoot,3
rapid,2
eb2852,1
x3-1789,1
schneider/na/enron,1
01/25/2001,1
=09webmast,1
=0901/24/2001,1
10:28,1
=09=09=20,1
savior,1
monopol=,1
istic=20,1
insight=01,1
mitig,4
impact=20,1
three-year,1
take-or-pay=,1
per=20,1
mmbtu.=20,1
relief,3
increase=,1
instrument,4
price-hedg,1
significant=,1
ramif,2
rais,9
intervent,3
ceraweek2001,1
12-16,1
visit=20,1
//www20.cera.com/ceraweek/,1
knowledg,7
//www20.cera.com/client/updateaccount,1
usernam,2
Go,4
//www20.cera.com/client/forgot,1
information=20,1
is=20,1
disclosur,7
whole,5
//www20.cera.com/to,1
questions/com,1
webmast,1
copyright,25
brief.doc,5
denton,2
garland,2
rock,3
pld010125,2
pldx010125,1
cp,1
1-26-01,1
_.doc,1
deferr,4
elect,13
2:00,9
EB,9
5c2,6
bonu,5
phantom,5
bonus=,1
opportuni=,1
ty=20,1
lieu,2
portion,9
t=,17
he=20,1
cash,7
progr=,1
am=20,1
deferral=,1
at=,2
isc,1
713-345-4727,1
you=,2
1.,1
descript,10
y=,17
ou=20,1
defer,2
before=,1
cst,13
the=,12
you=01,1
these=,1
9:00,12
10:00,19
a.m,3
12t=,1
h=20,1
Fl,1
rsvp,23
leav,21
diana,9
gutierrez=,1
713-345-7077,1
wish=,1
pss/e,9
dataset,6
B,8
transform,4
protect,23
bu,10
valid,22
perspect,4
outag,38
overload,2
breaker,2
station,5
expans,3
meaning,1
easiest,2
parallel,1
automat,7
massiv,2
relev,8
simpl,5
autotransform,1
compon,1
doubl,9
circuit,9
0.5,1
atc,3
compat,2
graphic,1
one-lin,1
represent,3
in-servic,1
scope,7
//www.caiso.com/thegrid/planning/transassessments/,1
reconfigur,1
degre,3
shannon,4
caraway,3
p.e,2
214,2
875,2
9397,2
finalbrief,2
issues012601.doc,2
inquir,1
//ftp.ercot.com/cscdata/csc.htm,3
blake,4
townsley,1
csc2001analysis.xl,2
sort,4
databas,27
csc_firstpass_map.ppt,2
powerpoint,4
limitingelementsranking.xl,2
count,6
occurr,2
limitingelementswithconting.xl,2
conting_,2
with_limiting_elements.xl,2
jo,2
conto,8
248-3141,2
microsoft,3
6.0,1
duplic,8
w-2,1
20th,2
author,26
signatur,1
specifi,5
1528,1
O,8
1188,1
713-646-3755,1
receipt,7
W2,1
713-345-5555,1
anaysi,1
stackhold,1
calcualt,3
miscommun,1
1/26/01,1
5:37,2
infrastructur,10
paula,10
deacero,1
gutierrez,1
creativ,2
pleasur,1
max,2
mariann,1
heuss,1
carrol,1
gross,4
llp,1
701,1
brazo,3
310,2
512-320-5951,1
512-320-5920,1
offpk,3
ptf,6
G,8
cal2002,2
cal2005,1
37.50,1
42.50,1
cal2003,1
37.00,1
62.50,1
53.00,1
60.00,1
52.00,1
intrazon,2
judg,5
23220-7.doc,1
ercot-cong1.doc,1
HB,1
918,32
legisl,8
ryall,1
.....,3
bucket,2
cl2,1
owe,2
beer,2
9:59,1
chlorin,1
kV,4
MS,2
examin,4
paris-anna,1
anna-nw,1
carrollton,1
venus-liggett,1
miguel-laredo-bates-edinburgh,1
transmissionconstraintprojstatus01_2001.xl,1
integr,4
harris/hou/ect,2
02/06/2001,2
52502000,2
downtim,4
architectur,2
04:59,1
vandor,1
03:44,1
leschber/hou/ect,1
lindsay,1
long/hou/ect,1
jacki,1
nelson/hou/ect,1
sarah,1
brown/hou/ect,1
1-800-97-enron,1
bloomberg,1
reuter,1
wan,6
wide-area,1
remot,2
turret,1
driven,2
deriv,2
analyz,4
whenev,4
web-bas,1
employ,10
failur,2
mainten,10
primari,2
server,14
scalabl,1
gu,9
giron,10
templat,7
mauricio,8
marquez,14
gulay,5
soykok,5
01,9
am-11:30,4
gmt-06:00,15
US,20
canada,23
ecs5990,2
-api,2
oil,3
-short,2
-aga,2
-weekli,2
-congest,2
lin,9
-price,2
sheet,7
-long,2
-commun,2
fundamentals.doc,1
pm-4:00,2
eb1966,1
pira,6
outlook,22
An,8
rika,4
24,18
1966,1
20-30,1
4:30,3
pm-5:00,2
3143b,2
09,5
pm-2:00,1
3127,1
03,8
am-9:30,1
3805,1
grab,1
08,15
pm-3:00,1
eb3143c,1
pm-5:30,1
eb-3143b,1
5990,4
benchluch,4
rust,12
baughman,2
eklund,1
713-439-0924,1
greenway,1
plaza,7
1708,1
black,131
glass,10
compass,1
corner,3
weslyan,1
59,9
xom,3
txi,2
txi-chaparr,1
steel,1
greg,13
interv,4
everyth,22
mother,2
unbeliev,1
swing,1
here-hop,1
inlin,3
=0e,2
afterward,3
netcoonlin,8
launch,19
PA,16
valuat,7
properti,8
49,7
ea,1
h2nf32-4,1
rfitzmey,1
713-858-5476,4
pm-2:30,1
6102,1
07,11
am-10:00,1
oct,2
10:30,4
tbd,2
color,168
font-famili,154
arial,160
helvetica,160
imag,243
font-siz,140
font-weight,140
F,141
sans-serif,126
verdana,118
ski,112
10pt,98
cloudi,90
bold,84
normal,76
=09,99
mostli,31
serif,56
weather.com,37
pain,44
A=,20
9pt,28
8pt,28
hel=,16
unsubscrib,30
scatter,10
40f,3
N,21
mph,40
sky,22
resort,28
health,28
ach,25
channel,29
TD,14
font-weight=,14
.mywxtitl,14
helvet=,14
ica,14
.myw=,14
xtitle1,14
9pt=,14
.mywxtitle2,14
rial,14
0033=,14
99,17
.drkwxtitl,14
fo=,17
nt-size,14
11pt,14
.redwxtitl,14
font-famil=,14
col=,14
.bluewxtitl,14
font=,14
-size,14
blue,15
.smallwxtitl,14
font-f=,14
amili,14
.smalldrkwxtitl,14
vetica,14
.categorytitl,14
font-=,14
.bodytext,14
ar=,16
ial,14
.captiontext,14
.=,15
sectiontitl,14
1/31/2002,12
|,17
lo=,7
Hi,17
Lo,14
t-storm,6
fri,28
53,3
sat,27
55,1
sun,19
61,2
mon=,1
shower,15
63,5
47,10
F=,2
orecast,1
tonight,23
sprinkl,7
53f,2
mph.=,3
night,34
nne,6
satur=,1
55f,1
NE,8
W=,4
eather,5
headlin,12
accumul,1
s=,5
ice,4
valley,2
gulf,3
doppler,13
radar,14
ustin,2
corpu,18
fea=,2
ture,3
powder,12
pile,14
favorit,15
slope,13
surfac=,2
e,27
snow,15
powderi,10
pack,16
revamp,12
fore=,2
cast,2
worldwid,15
trail,15
cam,14
comprehens,15
comfort,18
index,16
ps,2
weather.=,3
com/ski,2
baromet,13
have=,3
joint,14
headach,13
concerns.=,2
I=,5
mage,3
qualiti,15
allergi,13
pro=,2
enlarg,14
additi=,2
onal,3
garden,13
day=,2
enron.co=,14
m.,14
ou,15
informati=,14
privaci,20
mem=,14
ber,14
c,18
1995-2001=,14
enterpris,15
txset,11
14th,5
aep,18
12-12,1
cari,30
reed,26
594,23
4026,23
audinet,26
700-4026,23
susan_j_neel,6
01/30/02,1
10:39,1
shawnee.claiborn-pinto,1
pus.state.tx.u,1
devot,2
muni/co-op,5
cr,22
territori,8
9am,5
conclud,4
539,3
carancahua,3
78401,3
omni,3
bayfront,2
900,2
shorelin,2
blvd,2
1-361-887-1600,2
listserv,3
komp,6
horticultur,3
sticker,4
leas,7
11:00,5
tabl,13
escal,1
guidelin,2
desk-top,1
pot,1
plastic,2
chrome,1
bronz,1
clay,1
themselv,5
pick-up,2
inspect,2
premis,24
hensch,1
ext,7
35522,1
pamela,19
sweet,1
pedernal,1
inc,3
notif,19
heidi,36
postcard,5
reschedul,9
1/28-2/1,1
exact,1
time/plac,1
patienc,3
schrab,15
9:22,2
'rm,1
'set,1
'testplan,1
ercot.com',1
'patricia,1
doles,2
'shawne,1
claiborn-pinto,2
'corona,1
conni,2
'fenoglio,1
walt,2
'briesemeist,1
jane,2
'randal,1
chapman,3
'suzi,1
mcclellan,2
'tom,1
'georg,1
berasley,2
'candic,1
carter,2
'carolb,1
jump.net',1
1/17/2002,2
1:00-5:00,3
kyle,17
kpatrick,5
reliant.com,16
cob,8
512.691.6104,3
remind,13
threaten,2
destroy,2
345-2402,1
storag,1
moment,3
yeung,24
mon,9
1/14/2002,6
apex,1
gap,10
3:12,1
path,3
depend,6
flight,23
unclear,4
resid,3
tester,2
2:50,2
timelin,21
2:47,8
500,7
1:27,6
capabl,13
ub,180
apx,30
IT,27
steff,64
bailey,17
debra,14
haedick,16
E.,18
doc,42
AG,12
desir,12
master,17
bryan,5
murtaugh,3
1pm,8
38c2,3
walk,2
5:25,4
sack,11
edward,12
month-to-month,5
roughli,6
certifi,13
'market,5
standard-form,5
'ubswarburgenergyonlin,5
gtc,7
discret,6
isda,5
power/financi,5
BP,7
aquila,6
morgan,8
stanley,8
capitr,5
sourc,8
mirant,6
servicc,5
colorado,5
river,7
HL,14
-smith,5
sit,8
8:41,8
platform,6
ubsw,28
licens,18
estat,9
mention,10
800-430-8190,2
7410,1
celeren,8
dow,7
brigger,3
outsourc,2
mid-siz,2
mid-atlant,5
parker,4
01/14/2002,1
philadelphia,1
long-term,1
small-,1
institut,5
thoma,6
formerli,1
donald,9
previous,9
nimbl,1
small-and,1
valuabl,6
//www.celeren.com,1
fred,2
fmay1,1
alleghenyenergy.com,1
724-830-5296,1
867_03,10
confus,3
heidi.schrab,11
greenmountain.com,11
issues/concern,1
skill,28
schwab,7
spokeswoman,5
leon,4
earn,11
ms.,3
investor,4
brazilian,3
articl,4
collar,3
outright,3
tumbl,2
currenc,4
woodcock,2
francisco,4
500,000,2
600,000,2
k,5
suffer,2
wsj,1
1/14,1
ex-ceo,2
01/13/2002,1
mid-august,1
miss,8
soccer,2
quit,4
sidelin,1
specul,2
stock-market,1
ballpark,1
judi,2
unproven,1
bandwidth,1
revel,1
swashbuckl,1
contribut,9
downfal,1
bankruptcy-court,1
riski,1
borrow,2
cheaper,2
riskier,1
rise,1
strongli,4
sky-high,1
fell,2
steadili,1
tank,1
60,9
arlington,3
va.,1
blame,2
shortfal,1
now-depart,1
behavior,3
ought,1
spokesman,5
knew,5
page-on,1
hurt,2
brazil,1
felt,2
nonpubl,1
broker,2
buzz,1
oh,2
private-cli,1
elabor,1
1.1,1
vest,2
reopen,2
terrorist,1
attack,4
408,000,1
68,5
cent,17
worthless,1
interestingli,2
theori,2
innov,3
brokerag,1
mutual,1
fund,14
s.,2
collaps,3
chicago,3
televis,2
weatherman,1
750,2
incred,1
land,2
stuck,1
60-cent,1
alaska,1
father,1
2,000,1
god,1
lull,1
comatos,1
01-13-02,1
mandatori,2
outlin,5
glen,1
wingerd,1
____________________________________,2
shirley,3
whyte,3
713-906-5224,2
woulf,5
pretti,6
ebay,3
friend,9
1:06,1
8:03,3
bit,9
4:26,1
w/o,1
10:04,1
'doug,1
pager,19
1/11/2002,5
on-cal,3
_________________________________________________________________,8
randi,5
lord,2
713.345.7707,2
sitara,2
unifi,3
853-9797,2
5:00:00,6
1/13/2002,1
12:00:00,6
ardmor,2
7:00,1
back-up,1
chiller,1
routin,3
equip,9
6:00,4
10:45,1
crac,1
shut,1
handler,1
belt,1
filter,1
azurix,1
eb34,1
lan,2
field,20
NT,6
os/2,1
sun/oss,1
telephoni,1
853-1411,1
853-5536,1
sap/isc,1
345-4727,1
284-3757,1
288-0101,1
rus/gops/geotools/apr,1
639-9726,1
oss/ua4/tarp,1
285-3165,1
cpr,1
284-4175,1
327-3893,1
OR,3
888,1
td,38
-trader,1
327-6032,1
am-11:00,1
ecs06890,1
eta,7
buyer,7
re-launch,2
timet,1
splash,3
redirect,2
www.enrononline.com,2
admin,2
subus,1
21,16
goe,5
mass,2
3,000,3
450,2
packag,6
brochur,3
commod,5
trading/origin,2
shult,3
30397,3
forster,6
31861,3
garag,5
unreserv,3
transport,12
31st,3
94,3
215,2
225,2
165,2
175,2
ecn,2
306,2
paycheck,5
subsid,3
37060,1
36399,1
katz,4
59322,1
imai,3
wed,13
1/9/2002,1
4:17,1
mois,1
gustavo,1
ryan,9
H,13
netco,23
ye,3
doug-gilbert,18
pl,1
prep,1
1:11,1
bankrupt,4
pleasant,1
coffe,1
donut,1
8:00,1
lobbi,1
randal,2
subcontractor,1
envelop,2
puc/gov,1
815,1
1100,3
477-6000,1
477-6576,1
rchapman,1
www.tlsc.org,1
testplan,4
patricia,1
shawne,1
corona,1
fenoglio,1
briesemeist,1
suzi,1
candic,1
carolb,1
jump.net,1
bankruptci,7
9:32,4
messi,5
4:29,5
ercotrequirements.doc,5
extract,22
200,4
qse/ls,3
lrslse,3
144,2
294,2
4.4.4,2
6.3.1,2
11.4.1.1,2
prr,8
144/prr,1
alter,1
portal,8
queri,3
non-spin,1
nsotot,1
rdotot,1
rrotot,1
ruotot,1
prr-294,1
//www.ercot.com/aboutercot/publicdisclosure/protocolrev.htm,1
plain,5
1/30/2002,5
partli,34
67,3
52,4
58,4
43,3
S=,5
un,2
for=,9
ecast,4
67f,1
sse,12
to=,5
morrow,1
cloud,5
thunderstorm,5
severe=,1
72f,1
NW,4
precip,13
70,10
52f,2
eastward,1
tha=,2
glaze,2
whiten,1
southern,8
toda=,1
maps=,3
spo=,1
tlight,1
weather=,5
.com,3
slopes=,1
surfac,12
det=,2
ail,2
an=,9
comfort=,1
weather.com/ski,10
be=,2
pers=,1
infor=,1
mation,1
ga=,1
rden,1
converst,1
//eastpower.test.corp.enron.com/portal/default.aspx,1
_pageindex=0,1
_________________,5
853-4793,5
824,46
survey,14
867,14
01/08/02,3
teel,3
jennifer.teel,3
'care,8
boyd,3
mkboyd,3
shelli,3
mckain,7
slmckain,8
point-to-point,6
contig,6
bender,10
09:43,1
ec-power.com,1
ec-,2
power.com,2
09:35,2
2001-232,3
thru,26
8:28,4
Re,18
esg,8
01/03/02,7
09:33,5
respond,12
tnmp,2
apolog,11
tardi,1
conteng,1
rehfeldt,1
hat,5
814_04,6
mckinney/useg/txu,3
01/07/2002,3
johnni,4
txuu,3
09:53,2
robertson/bizsrv/txu,2
txub,2
01/08/2002,1
mckinney,3
10:27,1
dodl,16
hobbs/useg/txu,1
retract,1
10:24,2
morrison,1
jill,2
prince/useg/txu,1
johnny/paul,1
1176,1
v1.4,1
industrialinfo.com,7
`,6
businesswire.com,5
emaildeliveri,3
tx-industrial-info-r,3
treati,3
convent,3
furnish,3
reproduct,6
permiss,4
2,324mw,2
advisori,2
subsidiari,3
nyse,7
El,3
paso,3
keyword,2
'm,19
4:07,4
command,1
bodi,5
bw2010,1
08,2002,1
2:05,2
pacif,1
05:05,1
business/energi,1
wholly-own,1
juno,1
beach,1
fla.,1
bastrop,1
535,1
mega-watt,1
ventur,3
EP,1
second,13
forney,4
95,1
cobisa,2
1,000mw,1
3,500mw,1
4,400mw,1
5,600mw,1
10,000mw,1
alert,1
trend,2
sector,13
inquiri,3
powergroup,1
www.industrialinfo.com,1
www.iirenergy.com,1
aa/ho,1
britt,1
burt,1
713/783-5147,1
oil/ga,1
courier,1
-notic,1
disclaimer-,1
ray,4
postpon,7
media,5
5:00pm,1
//www.corporate-ir.net/ireye/ir_site.zhtml,2
ticker=en,2
script=2400,2
item_,1
1/9/02,4
odl,26
cetch,2
pin,2
5591,4
crucial,1
2001-,1
inaccur,1
inadvert,1
slip,2
R.,2
robeson,8
7:20,1
wallac,8
pam,1
buck,8
W,17
breakfield,8
skiba,2
234,1
'2002,1
235,1
242,8
243,8
'2001-,1
504,10
576,10
2571,10
5:04,1
12/19/01,1
800.430.8190,3
changecontrol2002-240.doc,1
changecontrol2002-236.doc,1
changecontrol2002-237.doc,1
changecontrol2002-238.doc,1
10_1-9-02.doc,1
changecontrol2002-239.doc,1
changecontrol2002-235tabled.doc,1
changecontrol2002-241.doc,1
changecontrol2002-242.doc,1
changecontrol2002-243.doc,1
conference12-19-01.doc,1
248-3948,8
567-2329,8
mobil,21
kbergman,12
bergman,12
broadrick,6
cheri,6
waiv,7
512-248-3171,6
expir,2
expedit,2
shall,10
tran,2
postal,3
waiver,3
reciss,1
hurri,1
substant,1
25.474,1
prescrib,1
subsect,1
h,5
municip,1
5:34,1
sunday/holiday,1
9:54,1
inbound,2
holidays/week-end,1
sometim,2
MP,2
5:03,1
12/6/01,1
6:03,2
non-protect,1
firstswitchd,1
248,1
3875,1
751,1
3351,1
addresse,20
constitut,16
reader,5
employee/ag,2
512-248-3875,1
compehens,1
spoke,6
bergan,1
cert,1
texasregistration.doc,1
x30348,1
aberdeen,2
abort,1
plane,2
crash,2
birmingham,1
everywher,1
saturday,5
overnight,3
10:35,1
y/day,1
amsterdam,1
jordan,2
amman,1
appoint,3
knee,1
surgeri,2
depress,1
glasgow,1
passport,1
saudi,1
visa,2
gilsmith.demon.co.uk,1
salli,3
friendsreunited.co.uk,5
reunit,2
12:26,1
6:11,1
id,11
scotland666,1
vyckf,1
//www.friendsreunited.co.uk,1
bat,1
dean,5
cdean2,1
11:27,1
ex-enron,1
desktop,13
diamond,8
dl-netco,4
mandola,6
teresa,6
mcquad,6
2:58,2
live,13
x39673,3
x39807,3
x53614,3
esca,2
7:33,1
15603,2
stiller,2
cypress,2
77429,2
225-9669,2
932-6551,2
345-7712,2
edward_sack,2
seung-taek,13
downtown,3
franklin,2
Oh,7
9:55,2
bayou,1
loft,1
915,1
ave,2
apt,2
7A,1
223,1
0902,1
416,1
5245,1
7:30,1
clark,6
04,7
11:20,1
fate,1
realist,2
surviv,3
drop,6
punch,1
shop,7
luck,3
cclark777,1
8:10,1
phi,7
pow,1
010302.xl,1
aliv,1
2:43,1
panu,5
stephani,10
susan,14
nettelton,1
marcu,1
hansen,5
lesli,11
murphi,4
harlan,4
moor,7
janet,1
H.,2
bentley,1
corri,1
mktg,1
tricoli,1
carl,1
dana,8
sturm,8
fletcher,6
J.,13
arora,2
harri,7
suarez,2
non-termin,1
aris,2
ceas,1
cargil,1
alliant,1
llc,3
CP,1
OG,1
illinoi,1
rainbow,1
split,4
contest,5
partial,2
39239,1
12-21-01,1
restor,3
1-3-01,1
southwest,19
itinerari,8
departur,5
dal,5
refund,6
check-in,4
passeng,4
hobbi,6
hou,4
188.00,4
liabil,5
...........,3
carriag,3
baggag,3
526-2785813261-4,2
YL,2
91.00,2
deni,4
snack,2
segment,11
restrict,6
carrier,3
no-repli,1
mail.southwest.com,1
11:31,1
wrap,2
//www.southwest.com/travel_center/traveladvisory.html,1
1-800-i-fly-swa,1
1-800-435-9792,1
luggag,1
11:30am,1
m87qv,1
killain,1
smith/jami,1
48,5
05:30pm,1
06:25pm,1
06,2
03:00pm,1
04:00pm,1
169.30,4
18.70,1
pfc,1
0.00,1
03jan2002,1
amer,1
xxxxxxxxxxx1026,1
ref,6
ON,5
01/03/03,1
adt-,1
houwndal,1
dalwnhou,1
182.00,1
zphou,1
i.d,1
checkin,1
nontransfer,1
inflight,1
peanuts/raisin,1
nonstop,1
sandwich,3
meal,4
eat,1
unus,2
6rf,1
36611,1
75235-1611,1
herein,1
fragil,2
perish,1
2,500,1
jewelri,3
camera,1
video,4
silverwar,1
paint,3
antiqu,1
artifact,1
manuscript,1
fur,1
irreplac,1
uncheck,1
sue,1
substitut,4
rerout,1
overbook,1
oversal,1
VP,1
36647,1
75235-1647,1
www.southwest.com/traveler_info/privacy_policy.html,1
4:35,1
dautel,11
pdautel,5
ringl,5
7:53,1
4:53,2
wm,19
sub,12
middleton,2
mccoy,2
roy,2
jringl,2
//stage.ercot.com/tcr,2
sr.,4
tranmiss,3
76574,4
512-248-3955,4
512-248-3995,4
512-657-9168,4
ontario,15
consum,12
esco,9
subsidi,9
lipa,8
virginia,6
e=,6
campaign,6
ppl,5
kilowatt-hour,4
re=,6
legislatur,4
seven,9
lectric,4
g,7
of=,7
ministri,7
p=,7
hydro,4
w=,9
pennsylvania,4
pepco,3
maryland,3
agenc,6
d=,8
th=,17
hampton,3
o=,7
provinc,3
co=,7
tion,4
despit,6
beat,3
n,13
ed,7
carolina,4
electri=,2
nmprc,2
principl,2
eregul,2
ill,2
stage,3
E=,3
row,3
denounc,2
propaganda,2
cont=,2
ele=,2
prepay,2
b=,3
hen,2
ser=,2
extens,6
ay,4
su=,2
minist,2
lose,3
ch,2
dominion,2
h=,2
phase,3
pose,2
provis,5
con=,3
2020,2
c=,8
hoyl,2
biweekli,3
bri=,1
ef,1
msid,1
ieee.org=20,1
sixteen,1
1.6,1
per=,1
iod,1
newabl,1
la=,1
st,4
8th,5
passed=,1
despite=,1
deregulati=,1
in-depth,2
alysi,3
redesign,1
repeal,1
comm=,1
ission,1
basis.=,1
bui=,1
incept,1
2,200,1
tri-stat,1
peabodi,1
ener=,2
gy,3
begun,2
st=,4
exelon,1
xelon,1
co-ceo,1
gulatori,1
calif=,2
ornia,2
grand,3
hiccup,1
ol=,1
dsmobil,1
age=,1
nci,1
2.3-million,1
ads=,1
pub=,1
lic,1
brainwash,1
ndp,1
howard,5
sa=,2
advertisin=,1
tel=,1
evis,1
only=,1
broader,1
a=,8
bout,1
resembl,1
bolster,1
roversi,1
soft-focu,1
smile,1
everyday,3
sett=,1
ing,3
underneath,1
ontario's=,1
electrici=,2
ty,2
advertis,2
voice-ov,1
krizanc,1
has=,1
eight-pag,1
pamphlet,1
ctriciti,1
around=,1
particularli,1
their=,1
ublic,1
quirement,1
in=,3
bond,1
depos=,1
eposit,1
escrow,1
irrevoc,1
psc,1
chairwoman,1
maureen,1
helmer,1
explai=,1
ned,3
inter=,1
est,2
nabl,1
vital,1
offerin=,1
pitfal,1
da=,1
ys,3
reportedli,2
rder,1
uncil,1
opt,3
usual,4
typicall=,1
chronicl,1
hous=,2
endur,1
noel,5
offic=,1
er,6
conve=,1
nienc,1
monopoli,1
part=,3
we=,6
ek,1
terri,8
hadley,1
austin-bas,1
commissi=,1
l=,1
ook,1
reveal,2
sharpli,1
197-million,1
canadian,2
newspap,1
globe,1
freedom-of-inform,1
been=,2
viewed=,1
electricity-consum,1
hypocrit,1
publicl=,1
power-market,1
continua=,1
below-market,1
pr=,2
dofasco,1
bowat,1
pulp,1
nc.,1
M=,3
1993,1
sinc=,1
thes=,1
suppos,3
opened=,1
suddenli,1
pri=,1
ce,1
64,4
subsid=,1
ccessor,1
payin=,1
premier,1
harr=,1
erni,1
eve,1
wilson,1
ca=,2
binet,1
ass=,1
essment,1
could=,1
190-million,1
electr=,1
iciti,1
7-million,1
dividend,1
pric=,1
benchmark,1
compariso=,1
reset,1
yearli,1
vari,2
usag,2
existin=,1
3.3,1
kilo=,1
watt-hour,1
cho=,2
chose,1
whi=,2
fere,1
scc,1
cau=,1
reconsid,1
ha=,1
mus=,1
years.=,1
investments=,1
competitor,1
mill,2
enchmark,1
difficult,4
matheson,1
mpete,1
well-docu,1
vicki,1
secretari,2
domest,2
and=,4
developments=,1
hur=,1
ultimately=,1
prevail,1
too=,1
reg=,2
ulat,1
completel=,1
L=,1
ichoic,1
im=,3
pacb,1
yea=,1
r,14
competition=,1
uppli,1
38,039,1
approximat=,1
eli,1
220.4,1
cone,1
nimo,1
or=,1
keyspan,1
suffolk,1
electrical=,1
scea,1
formal,6
ell,1
kessel,1
4.5,1
generation-rel,1
ctric,1
esco=,1
rovid,1
elect=,1
riciti,1
lichoic,1
phased-in,1
deregula=,1
marketplac,1
wane,1
sider,1
nergi,1
occurr=,1
recommendation=,1
orlando,3
sentinel,1
legisla=,1
recessio=,1
reapportion,1
terror,3
sanford,1
berg,1
preoccupie=,1
congression,1
redistrict,1
substa=,1
ntial,2
bankru=,1
ptci,1
de=,7
distri=,1
bution,1
uninterrupt,1
afford,3
rice,1
market=,1
stabl,1
healthi,1
ompani,1
customer=,1
fluct=,1
uation,1
wide,5
variat,1
fue=,1
suffici,5
cap=,1
aciti,1
creation,2
regardless,5
collab=,1
stall,1
pre=,1
ferenc,1
reso=,2
lve,1
recommendat=,1
ion,3
fee-market,1
2006,1
com=,3
mission,1
co-chairman,1
dav=,1
d-gaston,1
conven,1
28th,1
expecting=,1
state'=,1
kay,1
hagan,1
d-guilford,1
wi=,3
th,2
expect=,1
allentown,1
char=,1
ge,1
artifici,2
inves=,1
tigat,1
aftermath,1
interconne=,1
ction,1
incorporat=,1
readili,1
forese,1
i=,6
ontrol,1
deregulated=,1
juris=,1
diction,1
119,1
therefore=,1
companies=,1
192,000,1
year's=,1
unjust,1
unreason,1
nsumer,1
advoc,1
sequenc,1
hanger,1
P=,4
UC,1
pennfutur,1
harrisburg,1
interest=,1
nobodi,1
g=,3
tail,3
fluctuat,1
hanger=,1
igh,1
origin=,1
al,11
97,1
january=,1
egnatia,1
2:18,1
hey,7
blackberri,1
713-525-5416,9
impli,10
affili,22
2:17,2
texas-ercot,1
2:08,1
//www.ercot.com/mkt_part_apps/market_participant_application_f.htm,1
togeth,7
slabic,2
Am,3
liberti,1
noodl,1
10:08,1
thur,9
12/20,1
ok,1
MM,2
divert,1
7:27,1
appeas,1
sens,4
rid,2
til,2
qustion,2
LI,5
qse26.xl,5
percentag,3
skew,1
stori,7
3:39,1
danielle.jaussaud,3
concer,1
512-936-7396,2
arrest,6
EU,4
british,4
rpastor,5
aerienetworks.com,5
disturb,4
blair,3
citizen,3
crime,3
foreign,12
polic,2
UK,2
magistr,2
suspect,3
extradit,2
c.dtf,6
go-,1
secret,3
3:53,1
brit,1
-pascoe-watson,1
deputi,1
toni,3
slam,1
trumped-up,1
eu-wid,1
warn,3
surrend,1
trial,6
leagu,2
merci,1
greec,1
portug,1
tubiana,1
presuppos,1
judici,1
european,4
widen,1
brush,1
insist,2
Mr,2
32,1
whim,1
offenc,1
xenophobia,1
swindl,1
court,2
crackdown,1
fast-track,1
justic,2
appeal,2
rape,1
alleg,4
pact,1
laeken,1
belgium,1
mp,2
debat,1
1:03,1
it-what,2
scari,2
hang,2
enron.messaging.administr,6
hereto,5
bind,5
estoppel,5
otherwis,9
esther,2
www.interactivebrokers.com,1
out-someth,1
9:28,2
713-218-9536,1
silver,1
713-655-9330,1
303-542-1215,1
832-545-0243,2
david.mckeon,4
entergykoch.com,4
cpn,4
mckeon,3
ekt,3
street-do,1
10:29,1
whoever,3
70000,1
straddl,1
exposur,2
daddi,1
koch,1
10:23,1
ouch,2
distress,2
expecting-who,2
9:26,3
watch,9
afternooon,2
glad,2
3.30,1
1:54,1
massag,1
neck,1
beforehand,1
05,9
9:47,1
9:40,1
king,9
011-44-1-207-5898100,2
011-44-787-639-5634,2
65f,4
wild,3
1/29/2002,2
u,1
39,7
foreca=,1
ST,3
78f,2
75f,2
tomor=,1
late,18
nea=,1
ssw,1
headl=,1
ine,1
dop=,1
pler,1
spotligh=,1
T,3
weather.com.=,1
is=,3
r=,5
esort,1
detailed=,3
prehens,1
inde=,1
it=,3
healt=,2
prep=,1
informatio=,1
lanc,21
cunningham,8
CM,3
loads.xl,1
nanci,3
hetrick,2
pure,1
8:58,2
guess,3
3:51,2
pr,22
tdtwg,3
ro,10
retailcomp,1
connie.corona,1
patricia.doles,1
grate,1
proud,2
gave,2
fine,3
hallmark,1
indefinit,1
13165,1
bluebird,1
lane,3
bluff,1
IA,1
51503,1
712-366-3399,1
712-366-3499,1
epm,5
suspens,2
day-ahead,3
4:51,1
4:34,1
buckl,2
maxin,2
moseley,2
cheryl,2
ercot-qs,1
midnightnovemb,1
midnighttonight,1
2001will,1
locked-in,1
midnighton,1
perman,2
esaibi,2
dec100put,1
power1,1
eol,4
adm69798,1
may100cal,1
2/2/2002,12
2/1/2002,11
CT,12
PT,12
backout,6
envis,4
filenet,4
panagon,4
idm,4
none,4
3:00:00,3
9:00:00,3
5:30:00,2
11:00:00,2
1:00:00,2
sql,2
7:00:00,2
disk,3
corporate-wid,2
R3,2
captur,2
ibuyit,2
ipayit,2
sap,3
vollmer,2
713-853-3381,2
rye,2
713-345-3022,2
2/4/2002,2
7:30:00,1
3:30:00,1
11:30:00,1
2/3/2002,1
1:30:00,1
nahou-squfy04,1
cluster,3
skinner,1
713-345-9334,1
713-286-5308,1
warner,1
713-345-1756,1
eeshou-dbrg,1
w2k,1
configur,5
tape,2
nguyen,1
713-345-6137,1
repair,1
bad,4
6:00:00,3
4:00:00,1
reindex,1
29th,2
867.03,2
miss-cu,1
10am,9
11am,1
cdt,1
1-800-373-0950,1
1014,1
8-700-2655,5
918-594-2655,5
8-700-3969,5
918-594-3969,5
918-260-5191,5
dgbender,5
1/28/2002,2
tue,9
image=,3
56,3
rain,11
33,1
ly,4
tonight=,2
fog,1
63f,2
mph=,2
ski=,1
es,5
sierra,1
nevada,1
cal=,1
ifornia,1
oth=,2
tx=,3
wh=,2
po=,5
wderi,2
newly=,2
cide,2
bee=,2
che,2
lick,2
topi=,2
cs,2
amazon.com,8
cruis,8
coupon,4
aol,4
5334,3
valentin,4
checkout,2
gift,2
mont=,1
hit,3
romant,3
ge=,3
taway,1
expedia.com,1
trip,5
fav=,1
orit,1
playground,1
airfar,2
hote=,1
ls,1
rental,2
car,3
one-stop,1
jewelry=,1
bracelet,1
ear,4
pendant,1
forget,3
off=,1
athlet,1
footwear,1
apparel,1
acces=,1
sori,1
370-6061,1
neare=,1
60=,1
in-stor,1
promo,1
discov,3
romanc,1
hun=,1
dred,1
fabul,1
caribbean,1
alask=,1
799,1
899,1
45,8
7.0,1
all-new,2
high-spe,1
ntent,1
instant,1
value=,1
lov=,2
addit=,1
ional,1
imag=,3
search,11
redeem,4
ex=,2
clude,1
nike,1
oakley,1
fossil,1
en=,2
ter,1
four-digit,1
promot,9
feb=,1
ruari,1
certificate=,1
//www.amazon.com/mpm01-aol-offerdetail,1
amazon.=,1
com,2
super,1
saver,1
//www.amazon.com/mp=,1
m01-amazon-shipdetail,1
howe=,1
ver,1
amazon.co=,1
ri=,1
ght,1
informat=,1
communic=,1
ation,1
//www.amazon.com/mpm01-youraccount,1
oug.gilbert-smith,1
01/28/2002,2
kasper,2
mishani,2
mkasper,2
roster,3
roster.doc,2
bender/aepin,2
03:43,1
grimm,3
lgrimm,1
02:16,1
cmoseley,1
flore,4
isabel,4
iflor,2
ladi,1
......,2
agbara,3
lome-togo,3
arusi,2
audit,3
remitt,4
dept,2
african,2
tel:00228-911-40-37,2
fax:00228-222-45-84,2
deceas,2
kin,2
confideti,1
africa,1
benefici,1
investig,11
belong,1
1992,1
dormant,1
custodi,1
discoveri,1
6,500,000.00usd,1
hundr,1
thousand,1
chamber,1
viabl,2
champion,1
magnitud,1
meanwhil,3
bonafid,1
willing,1
self,3
alon,1
civil,2
servant,1
eye,4
brow,1
fellow,2
affidavit,1
oath,1
re-transf,1
verif,1
branch,1
remit,1
gratif,1
asid,4
subsequ,2
dr.arusi,1
stuff,7
//auctions.yahoo.com,3
neel,8
-29,1
harm,1
1/25/2002,7
1/24/2002,3
1/27/2002,3
10:00:00,2
palo,1
rebuild,3
nilson,1
busto,1
55-11-5503-1347,1
1:45:00,1
2:45:00,1
11:45:00,1
12:45:00,1
7:45:00,1
8:45:00,1
NA,1
brennan,1
713-853-4545,1
7138536744,1
brook,1
sean,4
713-345-8077,1
grant,3
numer,1
subpoena,1
sec,1
3-6239,1
fbi,4
bureau,3
edit,6
semiconductor,3
//www.reedwasden.com/members/download.asp,6
id=108,2
email=doug.gilbert-smith,6
rwr,5
strive,3
cleaner,2
solar,2
microturbin,2
href='http,3
wasden,3
/a,5
goto,3
'unsubscribe-sector,2
blaylock,8
e-new,6
capitol,4
e1.036,2
testimoni,2
compris,2
rep.,4
wolen,2
sen.,2
co-chairmen,2
brimer,2
danburg,2
turner,2
bivin,2
madla,2
nelson,2
whitmir,2
constru,2
clerk,2
463-0814,2
463-6783jeff.blaylock_hc,2
house.state.tx.u,2
//www.house.state.tx.us/house/commit/c450.htm,2
//www.senate.state.tx.us/75r/senate/commit/c850/c850.htm,2
drug,2
catch,6
swap,2
2pm,3
25th,1
passcod,1
4128,1
roshni,1
milk,2
honey,2
fabric,1
soften,1
tide,1
dye,1
perfum,1
toothpast,1
colgat,1
tuck,1
skim,1
orang,1
juic,1
digiorno,1
spinach,1
mushroom,1
garlic,1
pizza',1
v1.4f2,5
pre-orient,2
12:00,3
hilton,2
//www.hilton.com/en/hi/hotels/index.jhtml,2
jsessionid=jcazmefnndvehj,2
31aoqmhzq,2
ctyhocn=ausahhf,2
host,7
itpta,2
muni-coop,2
1.4,2
//stage.ercot.com/flightcalendar.asp,2
gisb,2
//www.ercot.com/participants/itpta.htm,2
muni,10
coop,10
1/30/02,3
weekli,6
ya'll,1
713-207-5106,4
rita.moral,2
exolink.com,2
compil,4
rita,6
levi,2
consent,1
destruct,1
retain,2
swidler,1
berlin,1
shereff,1
friedman,1
cradi,1
3-4558,1
d.c.,3
202-295-8414,1
12th,1
9:30am,1
adjourn,2
3:30pm,1
waggon,3
twaggon,7
1/28-29,3
don_bender/aepin,2
brenda,2
ttpt,1
anymor,2
moral,4
exolink,4
wk:972,1
538-6983,4
972,5
816-2118u,1
9:31,1
304,1
unexecut,1
ninth,2
v1.5,2
crockett,1
junction,1
01/23/2002,1
09:00,1
01/21/2002,1
05:51,1
jgreen,1
entergy.com,14
1/28,1
1/29,1
mtg,3
agenda01282002.doc,1
512/248-6503,1
512/248-3995,1
512-248-6503,1
ta1,6
gs06,5
997,5
isa,3
dave.darnel,2
systrends.com,2
isa/iea,2
gs/ge,2
GS,2
ak102,2
x12,2
===========,1
602-432-3353,1
x12-5v4010.pdf,1
isa_iea.doc,2
content-transfer-encod,2
7bit,1
reply-to,3
FA,1
aug,3
15:50:37,1
-0700,1
message-id,1
005901c11adc,1
63c77d70,1
a815a8c0,1
tecradav,1
mime-vers,2
1.0,2
content-typ,2
text/plain,2
charset=,2
iso-8859-1,1
x-prioriti,1
x-msmail-prior,1
x-mailer,2
10.0.2627,1
x-mimeol,1
mimeol,1
v6.00.2600.0000,1
reconcil,1
outbound,1
ansi,1
x12.5,1
quot,1
header,1
trailer,1
non-deliveri,1
ele,1
attribut,1
i12,1
N0,1
9/9,1
i08,1
DT,1
6/6,1
i09,1
TM,1
4/4,1
i17,1
1/1,1
i18,1
3/3,1
endquot,1
d.darnel,1
somebodi,2
worthi,1
partner/funct,1
isa13,1
~~~~~~~~~~~~~~~~~~~~~~~~~~~~,2
systrend,2
7855,2
parkway,2
111,3
arizona,1
85284,1
www.systrends.com,2
phone:480.756.6777,1
x201,1
mobile:602.432.3353,2
efax:208.441.6982,2
~~~~~~~~~~~~~~~~~~~~~~~~~~~~~~~~~~~~~~~~~~~~~~~~~~~~~~~~~~~~~~,1
1-24-01.doc,1
creditor,5
concentr,2
preserv,2
interim,3
ongo,4
truli,2
wit,1
tremend,1
rigor,1
safest,1
pipelin,7
passion,1
observ,7
tirelessli,1
inspir,2
oncor,1
re-send,1
4,471,1
outstand,3
siebel,1
re-drop,1
understood,1
paperfre,1
misunderstand,1
copier,4
non-bankrupt,2
rent,2
grubb,2
713-853-5417,2
harry.grubb,2
corey,1
713-853-9948,1
paula.corey,1
esop,3
otc,4
parrot,1
cay,1
20-25,1
reactiv,2
id=506372,2
it',1
lowest,1
.65,1
87,1
infotech,1
e.biz,3
award-win,1
www.businessweek.com,1
//clks.com/bwr/form.asp,1
c=693088sit1301a096,1
restart,2
1-800-635-1200,1
6m2k,1
e-renew,1
1-641-842-6101,1
//rmvs.com/optout_bwo.asp,2
c=293907846,2
g=1,2
bubbi,2
birthday,1
java,2
8.30am,2
9.30am,2
9.30,2
breakfast,3
ballroom,2
driver,2
schopp,2
neil,3
tommorrow,3
oxley,2
fitzpatrick,3
slone,1
jeani,6
curless,1
weatherston,1
clyatt,2
beck,1
donoghu,1
10.15,1
houstonian,5
licenc,1
eager,4
all-employe,1
hyatt,1
regenc,1
frenzi,1
logist,1
organiz,1
~~~~~~~~~~~~~~~~,2
602.432.3353,1
ta1codes_de_i17.pdf,1
ta1codes_de_i18.pdf,1
ta1segment_se_ta1.pdf,1
offer/contract,2
1/23/02,1
treat,2
sharp,1
RH,1
ecs06980,1
claudia,1
pagenet,1
t.jae,6
713-853-5800,6
713-646-8272,11
713-539-4760,6
buckley,3
9:45,1
5:24,1
4667,2
mimo,2
typo,1
in/mov,1
'strong,1
+1,1
-1,1
11:53,1
22nd,16
wagon,1
713-488-5685,1
01-16-02.doc,1
814_24,3
move-out,2
esi-id,1
remove-met,1
814_25,1
ufe,1
512-248-3900,6
portland,2
onboard,1
nomin,10
attend/particip,2
co-chair,2
rush,1
rearrang,1
10:21,2
drobe90,5
review/discuss,6
9:21,6
straight,7
206b,7
10:00-5:00,7
8:30-2,7
814_28/_29,7
revist,7
csa,7
in/out,7
810,7
wagnor,1
10:34,1
.........,2
beg,2
01/21/02,3
pwalla3,3
kbuck,3
jbreakf,3
priorti,1
ent,1
rgy.com,1
39f,5
ow,2
71,2
57,4
62,2
recast,1
especially=,1
71f,2
tom=,2
orrow,2
weat=,1
grip,3
tene,1
austi=,1
feature=,2
kn=,1
sn=,1
forecast=,1
rt,1
weather.com/=,1
lon=,1
ather.com,1
profile=,1
additional=,1
ather,2
temporarili,1
disabl,2
bagross,6
01/18/2002,4
shelley,7
12:28,2
814_pc,4
918.594.4022,3
918.594.3969,3
wt2-tulsa,3
6s-426,3
8.700.4022,3
08:48,3
reciev,4
814_20,4
493-9515,4
594-3328,4
19/20,3
203-563-0535,2
713-859-6266,1
sloan,2
713-553-7049,1
re-alloc,1
2500,1
entic,1
rob,5
gupta,1
carson,2
broderick,1
misra,1
wang,2
stalford,2
ballato,4
kudo,1
anderson,1
mimi,1
203-353-9121,1
203-719-6448,1
anthoni,1
212-253-6313,1
212-821-2346,1
646-244-6311,1
galasso,1
203-277-2067,1
203-719-3614,1
jenai,1
718-788-8468,1
212-821-6073,1
bliss,1
melissa,1
203-655-4678,1
203-719-6358,1
203-253-4339,1
eastwick,1
jacquelin,1
203-966-9294,1
203-719-4575,1
audrey,1
212-423-5764,1
203-719-4699,1
917-468-0237,1
860-824-7707,1
lueck,1
203-602-3332,1
203-719-6916,1
914-830-4528,1
ciliberto,1
212-253-5477,1
212-713-3276,1
917-319-5360,1
reichman,1
peter,4
fcd/legal,1
914-939-4161,1
203-719-0276,1
917-417-8914,1
knight,1
linda,3
crm/hr/market,1
203-438-5397,1
203-719-4681,1
917-848-7251,1
raman,1
kumar,1
immigr,1
212-891-7515,1
digiacomo,1
reloction/int,1
assigne,1
203-248-4560,1
203-719-4686,1
203-696-8646,1
hart,1
traci,2
203-358-9687,1
203-719-4688,1
raimondi,1
vinc,4
203-719-0656,1
713-680-2626,1
magnolia,1
enron/american,1
accru,1
1-800-the-card,1
843-2273,1
cardmemb,1
redempt,1
1-800-297-3276,1
ramsey,1
853-6457,1
titl,6
undefin,1
non-compet,1
713-853-9310,1
713-208-5372,1
281-895-9267,1
jeanett,2
graciou,1
kathi,2
domino,1
salari,2
comp,1
25k,1
justif,1
FP,16
meredith,10
9:17,2
on-lin,5
com-,3
soco,3
casey,7
1-30,2
basis/spread,2
853-9555,2
doug-,2
graph,2
gerri,1
11:47,1
kaniss,1
//www.studentmagazine.com/thisweek/thisweek_article.asp,1
articleid=213,1
//cgi.ebay.com/aw-cgi/ebayisapi.dl,1
viewitem,1
item=1064390887,1
enpow,5
anth,1
713-853-5035,1
713-854-3923,1
postmast,1
11th,5
dog,2
quotat,2
over-the-count,1
symbol,1
enrnq,1
delist,1
www.nyse.com,1
1.00,2
consecut,1
trading-day,1
pink,1
tent,1
aggregation/portfolio,1
psim,1
1/15/2002,1
5:15,1
hobb,1
sac04,1
ser099-retail,1
switchov,1
ser115-transmiss,1
reloc,1
ser120-pow,1
ser125-misc,1
laa001-bil,1
labor/materi,1
msc010-select,1
cycl,1
dis004-transport,1
ffr001-non-met,1
dhobbs2,1
24th,1
uig,1
luther,2
thanksgiv,3
conferenc,1
Mt,1
calgari,1
oak,2
680-2626,1
x52729,1
x33256,1
henao,1
713-467-2800,1
goffman,1
713-467-0990,1
281.4194388,1
713.412.7529,1
877.489.1134,1
853.9310,1
mcelreath,1
713.807.7213,1
832.689.0916,1
877.498.3510,1
853.6715,1
joe,4
capasso,1
713.978.6391,1
713.443.5153,1
713.224.0943,1
214.336.1008,1
853.1628,1
936.271.4759,1
713.305.9265,1
800.9405743,1
853.3313,1
281.937.9594,1
832.452.7192,1
877.306.9429,1
853.4201,1
281.304.0126,1
713.412.6581,1
888.344.4026,1
853.5642,1
friej,1
713.528.0759,1
254.715.6670,1
877.879.8593,1
watson,2
813.634.7772,1
813.760.719,1
813.228.4907,1
fplepm_epmi_ercot_02-05_confirm-final.doc,2
ryland,1
emeri,2
281-876-5568,2
281-876-5590,2
713-444-3216,2
cellular,2
fplepm_epmi_ercot_02-05_confirm,4
redlined.doc,2
clean.doc,2
7x24,1
03-05,1
season,4
26.93,2
eth,1
31.96,1
5.94,1
34.74,1
99.57,1
38.34,1
24.70,1
5.62,1
31.03,1
99.69,1
34.33,1
5.86,1
32.50,1
99.61,1
non-farm,4
grew,4
2.3,2
economi,3
3.2,1
1.3,1
2.7,1
1/1/1998,1
3/31/2000,1
1/1/1999,3
3/31/2001,1
tabul,1
12/31/2000,4
comparison,4
9:07,1
8/15,2
powerworld,2
7/1/1998,2
lag,2
\electric\metrixnd\daili,2
forecasts\first,2
forecast\ercot,2
load.xl,2
8/13/2001,2
623,144,4
white/hou/ect,2
1,713,647,2
05/25/2001,1
03:54,1
05/11/2001,1
01:59,1
abel/hou/ect,1
anita,1
luong/hou/ect,1
evans/corp/enron,1
LT,1
anita-,1
lt-ercot,1
energy/,1
volum,3
1.50,1
934,717,1
0.25,1
155,786,1
amort,1
bubba,24
lemonad,23
scooter,16
squeez,4
mom,4
young,6
boy,4
lemon,3
GI,2
kung,2
fu,2
hotter,2
attract,4
thirsti,2
angri,4
equilibrium,2
parabl,2
bothersom,1
annoy,1
brother',1
basebal,1
foot,1
allig,1
chomper,1
halt,1
bore,1
nickel,1
hatch,1
kid,2
frustrat,2
buzzer,1
neighborhood,2
snitch,1
man,14
unsold,1
hassl,1
nintendo,1
pivot,1
interven,1
unrestrain,1
arbitrag,1
dri,1
fair,1
assess,8
greatli,4
cordial,1
strateg,1
936-7396,1
offlin,4
mcp,8
185,2
invok,2
idl,1
personel,1
135,1
2400,1
teen,1
startup,1
fli,3
merit,1
713-853-7160,1
await,3
explan,1
aggress,1
wake,1
gospel,1
overrul,1
re-ent,3
water,1
jmf,2
071701,2
prog,2
impl,2
imceanotes-+22hailu+2c+20ted+22+20+3cthailu+40ercot+2ecom+3e+40enron,1
6:57,1
custo,1
mer,2
cutov,1
713-853-4201,4
877-306-9429,4
sbolton,3
coalit,2
orion-energy.com,2
res-us.com,2
vera.com,2
rio,2
peco,2
aep/wtu,2
projects.doc,2
bolton,1
713-853-9916,1
713-303-2632,1
david_herrick,1
imceanotes-david+5fherrick+40fpl+2ecom+40enron,1
1:45,1
bgate,1
bucaneg,1
demi,1
jmaurer,1
epechf,1
epeconsulting.com,1
ccrow1,1
austin.rr.com,1
tom_hartman,1
steve_pond,1
mhaa,1
rbuckley,1
wmarshal,1
rwalker,1
brian.evan,1
john.bean,1
energydi.com,1
lmoller,1
vestas-awt.com,1
jesper,1
michaelsen,1
pandr,1
swbi.net,1
towermak,1
jerry.grundtn,1
mortenson.com,1
aaron,1
randall.hay,1
us.abb.com,1
armbrust,1
fedorko,1
acceler,1
jul,1
18:22:22,1
-0500,2
5.5.2650.21,1
x-vsmloop,1
1:15,2
bian,4
commer,2
11:15,1
8/1/01,1
12:35,1
546,1
WN,3
easier,2
kv,6
mva,6
limestone-watermil,3
jester,4
house-venu,2
jewet-big,2
1200,2
lbc,2
3:50,3
choke,1
north/south,1
south-north,2
1260,1
1500,1
caylor,1
512-225-7136,1
spec,1
dev,1
713-345-8290,1
Pg,1
713-288-3969,1
d.eric.smith,1
slide,2
tight,2
TF,3
apeadsheet,1
layman,1
4:33,1
pie,1
coorect,1
2csc3zones.xl,1
ttc,8
04/30/2001,2
preliminari,2
cm/csc,2
1,100,2
cunningham/na/enron,2
07:05:55,1
1cscworkinggroup,1
wms_etc,1
rms_etc,1
ros_etc,1
jbian,2
ttc/atc,1
thermal,1
rateb,1
3,700,1
3,800,1
1,200,1
2,300,1
850,1
300,1
350,1
sswg,1
csczonettcatc01sum1.doc,1
atcratebwithofflinegen.xl,1
atcratebwithoutofflinegen.xl,1
presentation.doc,2
behind,5
scene,1
04/26/2001,1
03:04,1
scaraway,2
04/18/2001,1
03:20:55,1
lance.cunningham,2
markga,1
calpine.com,1
spangler,1
rspangl1,1
etc.,1
endors,1
18oct,3
TE,2
0:55,2
boe,9
737-200/200,2
187.50,2
sandra,3
delgado,3
sdelgado_vitoltvl,3
2:20,1
tblack2,4
gilbertsmith=,1
va/ss,1
yjt75x,1
gilbertsmith/doug,5
35800,2
1200n,1
1255p,1
600p,1
655p,1
18.20,1
ccax372760157875013/1202,1
ms5568,1
526-2777395341-4,1
=====,3
fargo,1
ave.,2
77006,1
713-526-0633,1
724-7002,1
//personals.yahoo.com,1
93.75,3
06sep,2
imceanotes-vikki+20anaya+20+3cvanaya+5fvitoltvl+40yahoo+2ecom+3e+40enron,1
3:41,1
va/va,1
zqxkld,1
sep,1
120p,1
210p,1
1983,1
0:50,1
737-500,1
07d,1
gilbertsmith/do,3
07sep,1
jacinto,1
boulevard,1
1-512,1
4763700,1
1-512-397-4888,1
1009567580,1
pm2,1
139.00,1
84.65,1
9.10,1
ccax372760157875013/1202/a000026,1
co/vk0c9i,1
7033826089,1
flyer,3
cowh982180,2
17aug,6
18aug,4
MI,3
190.50,5
arpt,2
imceanotes-sandra+20delgado+20+3csdelgado+5fvitoltvl+40yahoo+2ecom+3e+40enron,2
ss/ss,2
x8sqgq,1
827a,1
0:47,1
737-800,1
14d,1
907147882count,1
530-3539,1
530-3535,1
interm,1
usd17.99dy-unl,1
54.99xd-unl,1
27.50xh-unl,1
ZL,1
usd35.98,1
br-2di,1
drop-off,1
driskil,1
604,1
512-474-5911,1
512-474-2214,1
90600148,1
a04a0b,1
bed,2
thr,1
225.00,1
350p,2
444p,2
1709,2
0:54,2
06c,1
21.20,2
ccax372760157875013/1202/a000025,1
co/vhgrpx,1
7032745183,1
.04/minut,4
messeng,4
//phonecard.yahoo.com/,4
gilbertsmith/killian,2
gilbertsmith/ki,2
8:46,1
x8sqxl,1
1301,2
77008,2
525p,1
614p,1
1855,1
0:49,1
06a,1
ccvi4271382847110257/1001/a259513,1
co/vhg9rg,1
7032745182,1
couw907085,1
ictur,1
wer,4
nd,3
ate,5
feder=,2
nt,2
ne,4
te=,2
sou=,2
U=,1
.S,1
unt=,1
wall=,1
yo=,2
rk,1
utilit=,1
electric=,1
ity-product,1
mand,1
ult=,1
imat,1
G=,1
thr=,1
onsult,1
isla=,1
anytim=,1
oo,1
oreov,1
needed=,1
thre=,1
loc=,8
preside=,1
utilitie=,1
connecting=,1
money=,1
stat=,1
mid-t=,1
o-lat,1
surr=,1
ound,1
powe=,1
nfine,1
se=,3
utiliti=,1
txu=,1
were=,1
xas-oklahoma,1
preve=,1
holdin=,1
decad=,1
-=,1
consi=,1
der,1
vern=,1
xa,1
try=,1
ccord,1
rec=,2
ame,2
college-f=,1
ootbal,1
crews=,1
al=,1
tu,1
ag=,1
ligh=,1
ting,1
saint=,1
utility=,1
disgu=,1
satis=,1
fy,2
wa=,2
dalla=,1
utilities=,1
souven=,1
ir,1
el=,1
ectric,1
drama=,1
tic,1
hio,1
hashe=,1
li=,2
nk,1
across=,1
two=,1
continu=,1
bush=,1
that=,1
business-frien=,1
dli,1
pl=,1
ace,1
lleviat,1
way=,1
rura=,1
1=,2
strateg=,1
researc=,1
constellat=,1
gas-powered=,1
sam=,1
B=,1
ritain,1
ener,1
surplus=,1
ssociat,1
consider=,1
theast,1
razo=,1
r-thin,1
west=,1
sult,1
as=,1
calpi=,1
overcapacit=,1
ad=,1
dition,1
darre=,1
convin=,1
ced,1
ther,1
ergi,1
realized=,1
president=,1
outside=,1
say=,1
bu=,1
export=,1
inc=,2
ea=,2
stern,1
gri=,1
ds,3
out=,1
830-megaw=,1
att,1
op=,1
erat,1
2:30,3
dial-in,8
commenc,2
ec,5
06980,3
fusco,1
800.486.2726,1
353763,1
547763,1
liz,8
whalley,6
713.853.1935,3
713.853.1838,3
713.854.3056,3
2/8/02,13
lock,1
6:44,1
carey,2
edskiba,2
us.ibm.com,2
770-513-7935,2
atlanta,2
504-576-5246,2
orlean,2
678-471-8305,2
cel,2
770-277-9130,2
02/05/2002,3
07:30:46,2
delectron,3
02/05/02,3
05:59,4
melba,10
58986,6
disregard,3
lozano,4
2:06,3
usp,2
japanes,2
asian,2
latin,2
id=111,2
question1_2-1.doc,2
changecontrol2002-242tabled.doc,2
changecontrol2002-252.doc,2
question2_2-1.doc,2
10_2-1-02.doc,4
question3_2-1.doc,2
changecontrol2002-253.doc,2
cotnrol,1
dicuss,1
2/1/02,1
iri,2
mack,2
irismmack,2
hotmail.com,2
10:55,1
burnett,1
doctor,1
mathemat,1
endow,1
onto,4
mba/phd,1
msn,3
hotmail,1
warburg,16
regroup,1
stephen,4
zolfo,1
reorgan,4
coo,2
bowen,2
scrutini,1
leadership,5
devis,2
//www.enron.com/corp/pressroom/releases/2002/ene/012902release.html,1
5:23,1
set-up,1
affilit,1
fella,2
allan,2
stewart,2
information-gath,2
fee,9
fletch,5
//fundamentals.netco.enron.com/main.asp,1
rybarski,4
853-4384,1
646-8453,1
877,1
482-0772,1
560-0934,1
nnw,6
wintri,5
2/6/2002,2
37,2
sunni,5
41,7
66,3
44,2
taper,2
cl=,3
37f,2
59f,2
clear=,1
41f,4
calm,3
densday,1
commentari,3
id=110,2
'unsubscribe-weekli,1
volount,2
www.ubswenergy.com,2
hart-scott-rodino,1
originators/trad,1
checklist,1
extern,2
pa/registr,1
trader/origin,1
ubswenergi,7
marketing-specif,1
39807,1
53614,1
39673,1
embed,3
metafil,2
LD,25
up-to-d,1
coughlin,4
dan703,3
home.com,3
9:58,1
embark,1
hire,2
svp,1
2-4,1
001,1
941-923-5787,1
pwr,2
superced,2
boundari,3
geograph,2
coextens,2
pertin,2
138kv,2
focuss,1
supspect,1
explor,4
realm,1
non-ferc,1
1/23/2002,1
4:24,1
fwd,3
3-7533,2
edison,1
2.1,1
modifi,3
4/25/00,1
therein,1
notwithstand,1
contrari,1
incommunicado,1
713-654-7710,1
ira,9
api,5
colleg,1
roth,2
2.75,1
3.25,1
36,2
1.75,1
www.enronfcu.com,1
713.853.6902,1
teco,5
castoro,5
tecoenergy.com,4
813,4
honor,5
pacastoro,2
785477.01,2
783755.01,2
783741.01,2
energysourc,2
228-1303,2
228-1308,2
havent,1
spoken,2
awhil,1
unoffici,1
150,5
unimport,1
quoted-print,1
09:47:26,1
busot,1
flbusot,1
jebrown,1
us-ascii,1
content-disposit,1
tag,1
kindli,1
9:56,2
speakerphon,2
248-3900,2
gmt,2
-06:00,2
//genesysmeetingcenter.com/browsertest/,2
//genesysmeetingcenter.com/gcc/r.asp,2
ba=6,2
i=300015339,1
audio,2
1-866-279-1566,1
5122483873,2
~~~~~~~~~~~~~~~~~~~~~~~~~~~~~~~~~,2
genesi,2
1-800-305-5208,2
1-303-267-1097,2
kingdom,3
8288,2
4433,2
transmit,4
retransmiss,2
relianc,2
holder,2
9:29,1
doggett,1
tindal,1
heather,1
vanessa,1
conjunct,1
remuner,1
administ,2
i=300015298,1
number:1-866-279-1566,1
tantra,3
tdsd,2
8:44,3
invedi,2
1:52,1
poston,5
nat,2
luu,2
duong,2
dl-oracl,2
dba,4
esttdsp,1
4:00pm,1
tdst,1
tds8itst,1
tds8idev,1
tnsnames.ora,1
1/15,1
1/16,1
alot,1
wk,4
9782,1
labb,1
5-7809,1
fallon,3
5:54,1
pcr,1
cscs.doc,1
caught,1
ect.enron.com,2
ei.enron.com,2
ees.enron.com,2
firstname.lastnam,2
decommiss,1
18th,1
ubsw.com,2
06716,3
benson,1
andi,4
zipper,1
absens,1
2/5/2002,3
6:41,1
calger,4
christoph,3
milnthorp,2
keohan,1
belden,5
shive,6
hunter,6
'collette.dow,1
'bob.dinerstein,1
hilli,4
kimberli,4
irena,4
elbertson,1
janett,2
w/ub,1
2/7,2
dinerstein,1
regulatory/leg,1
RM,2
888.380.9636,2
693470,1
code:257749,1
photo,2
//www.chron.com/cs/cda/story.hts/tech/weekly/1186667,1
//photos.msn.com/support/worldwide.aspx,1
taxabl,2
incom,4
exclud,1
taxat,1
imput,1
100.00,1
65.00,1
35.00,1
15:45,3
15:30,1
512-248-3800,1
ew,6
eb,3
dimichel,1
broadband,1
maxim,1
gari,1
hickerson,1
egm,1
rodney,1
malcolm,1
eim,1
shaw,1
kitagawa,1
schuler,1
pearc,1
gort,1
castleman,1
shanna,1
funkhous,1
2.0,1
G.,3
kaminski,3
bennett,3
villarr,3
rangel,3
ina,3
vuittonet,3
laura,5
speaker-,1
asst/,1
...................,1
9th,3
ecs-06980,2
speaker/teach,2
.......,2
shore,1
geraldin,1
thereof,2
77002-7311,2
1974,1
erisa,1
sharehold,1
853-6161,1
n-5638,1
pension,1
welfar,1
n.w.,1
20210,1
cmwg,5
subgroup,5
cre,4
weight,4
cres.ppt,2
cscworkinggroup,1
jconto,1
lancecunningham,1
lreiter1,1
connolli,1
mike-connolli,1
martin.lin,1
shams.siddiqi,1
agraw,1
laliya,1
laliya-agraw,1
jhenri,1
rlettie2,1
trent,1
tcarlson,1
dljone,1
paul-rocha,1
7:37,1
consensu,2
graham,1
templ,1
sandow,1
stp,1
restat,1
predict,2
clariti,1
basecas,2
avg,1
casesces.doc,1
enclos,1
idev,8
gsf,5
raw,3
evan,6
51,2
1247,2
rocki,2
CK,2
6023,2
6491,2
6492,2
devan,1
3:02,1
buss,1
uprat,1
fal,1
win,1
ss02sum1r.zip,1
3:19,2
wink,1
1421,1
willowck,1
1880,1
1881,1
IV,1
valv2,1
estel2wt,1
pavepaw2,1
pavepaw,1
dceast,1
dcnorth,1
8/24/01,1
2002sp,1
cscs.xl,1
B.,1
p.e.,1
ph.d.,1
77002-7361,1
345-4186,1
646-2503,1
re-start,2
sub-committe,2
w/the,1
926946,1
237334,1
877.807.5706,1
259857,1
913663,1
5:09,1
furrow,1
dale,1
redmond,1
brian,1
vicker,1
tycholiz,1
lagrasta,1
llodra,1
cook,1
hodg,2
T.,2
jake,1
foster,1
mcdonald,1
derek,1
Le,1
dain,1
swerzbin,1
zufferli,2
K.,3
grigsbi,2
circul,2
redistribut,2
ubswenergy.com,3
9-11,1
3-9555,1
non-ub,1
e.g,1
mid/back-offic,4
clean-up,1
'S,6
713.584.4444,1
tip,2
compliant,1
midnight,3
3-1411,4
isa14,1
//www.ercot.com/texaschoiceprogram/conversion.htm,1
//www.ercot.com/texaschoiceprogram/documentation/conversion/isa_iea.doc,1
setmight,1
//www.ercot.com/texaschoiceprogram/documentation/conversion/ftp.pdf,1
arizona85284,1
phone:480.756.6777x201,1
~~~~~~~~~~~~~~~~~~~~~~~~~~~~~~~~~~~~~~~~~~~~~~~~,1
ubs-w,7
thorough,2
regularli,1
enthusiasm,1
____________________________________________________________________,1
two-day,2
recept,1
photograph,1
713-853-5360,1
wear,3
ring,1
cafeteria,1
8535360,1
mcauliff,1
713-853-7468,1
34th,1
contractor,1
badg,1
42f,2
rainf=,1
inch,7
mor=,1
win=,2
ear=,1
thur=,1
sday,1
precipi=,1
tation,2
mo=,2
C=,3
ondit,1
u=,1
ke,1
pack=,1
sectio=,1
worldwide=,1
incl=,2
ude,2
jo=,1
int,1
f=,1
ollow,1
ph,4
713.345.3249,4
713.646.3490,4
logoff,2
8:51,1
dl-ga-all_ubsw,1
varieti,3
circumst,3
changecontrol2002-257.doc,2
changecontrol2002-255.doc,2
changecontrol2002-256.doc,2
2001-107reference.doc,2
changecontrol2002-254.doc,2
question1_2-1table.doc,2
question1_2-8.doc,2
changecontrol2002-258.doc,2
changecontrol2002-259.doc,2
changecontrol2002-260.doc,2
2/7/02,1
2/5/02,1
berni,2
acr,2
xm,2
pre-clos,2
immin,1
possess,1
deposit,4
www.enron.com,1
procedur,9
varga,1
3-5280,1
georgann,1
3-0430,1
979-821-5762,1
979-821-5795,1
bacr,1
btutilities.com,1
glanc,2
T=,6
onight,3
mostly=,1
57f,2
starlit=,1
artli,1
ocean,1
orm,1
tomorrow.=,1
corpus=,1
powder=,1
revampe=,1
are=,1
whe=,1
associ=,1
n=,3
choos=,1
your=,1
def,9
013002.doc,9
dede,6
russo,6
drusso,6
terribl,1
being=,1
promulg,1
confi=,1
presum,1
ercot-wid,1
span,1
zo=,1
parts=,1
denomin,1
'hourli,1
exp=,1
lore,1
markup,1
price=,1
presumpt,1
incur=,1
assump=,1
otocol,1
paragraph,1
mplicat,1
ndow,1
recalcul,2
DP,1
elizabeth=20,1
5:57,3
eei,3
meet=,1
collater,3
dis=,1
cuss,1
-=20,1
tillett,3
nina,3
ntillett,3
dia=,1
pm=20,1
babak,3
pooya,3
perlman,3
fritz,3
henz,3
cr=,1
espo,1
maryjo,3
roger,5
mitch,3
dutton,3
trask,3
atti,1
dondanvil,3
osteen,3
shari=20,1
1384,3
77251-1384,3
207-5240,3
207-0161,3
attorney/cli,3
non-publ,3
207-3331,3
unlaw,3
physic=,1
1-800-711-8000,1
614-410-1515,1
chairperson,1
8539582,1
rainfal,5
afternoo=,1
n.,1
m=,2
thundershow,1
pos=,1
sibl,1
rai=,1
nfall,1
loudi,1
49f,1
showers=,1
wind=,1
wintr=,1
arctic,1
vernight,1
wil=,1
othe=,1
wha=,2
pow=,1
deri,1
dec=,1
ide,1
ac=,1
ick,1
topic=,1
debbi,2
mckeever,2
experienc,2
dmckeev1,1
oncorgroup.com,1
atth,1
center,7620,1
concis,1
2/4,1
audienc,1
highli,1
treasuri,1
receivable/pay,1
maker,1
820-issues-02-04-02.doc,1
distract,1
11:19,1
upload,2
-a,1
-dp,1
diann,2
comer,2
crespo,2
patti,2
orient,3
alpha-ord,2
10am-12,2
2pm-,2
A-,2
K,3
l-z,2
IF,1
SO,1
enron/ub,1
0900,1
role-play,1
back-offic,1
trade-data,1
handout,1
713.853.1861,1
david.forst,1
machin,1
inbox,2
grif,1
anxiuo,1
mieco,1
775-8900,1
885-5656,1
bglass,1
mieco.com,1
texla,1
wilshusen,1
655-9900,1
655-9906,1
markw,1
texlaenergy.com,1
x37324,1
morri,1
214-875-9355,1
madams3,1
x36784,1
02-01-02.doc,2
2/08/02,1
V,2
15_2_1.doc,2
1.5latest.ppt,2
2/01,1
cherli,1
mosley,1
sonya,1
howel,1
hudson,1
816-2118,2
02/06/02,1
02/07/02,1
steno,1
02/11/02,1
incomplet,1
46,4
weathe=,3
age,3
54,1
ri,1
46f,3
winds=,1
ra=,1
heavi,1
cha=,1
nce,1
headli=,1
sweep,1
blusteri,1
northerli,1
einforc,1
shot,2
georgia,1
thec=,1
arolina,1
ot=,1
owderi,1
newl=,1
etail,1
ecid,1
en,2
r.com,1
top=,1
ic,1
overcast,2
ima=,1
GE,1
forecas=,1
38f,1
56f=,1
60f,1
weath=,1
ER,1
strengthen,2
brings=,1
christin,2
meloro,2
cmeloro,2
newpower.com,2
agenda_2_12_02.zip,2
814_28,2
814_29redlin,2
review.zip,2
scr,2
1.5.zip,2
1.5latest.zip,2
procedures_final20010710.zip,2
2/12,1
accordingli,1
2/8,1
704,1
594-1283,1
914,1
319-3682,1
shockwave.com,3
=09=09=09,2
=09=09=09=09,2
fan,2
film,2
3D,2
gear,2
=09jan,1
2002=09,1
=09get,1
super-charg,1
ii=,1
29.95,1
=09=09=09=09=09,1
fi=,1
lm,1
atomfilm,1
luca=,1
sfilm,1
winner,4
luca,1
photojam,1
sweetheart,1
hotojam,1
greet,1
downl=,1
oad,1
magnurt,1
agnurt,1
influenc,3
brand-new,1
mental,1
maneuv,1
landscap,1
wit=,1
danger,1
a-blast,1
2D,1
adventur,1
state-of-=,1
the-art,1
craft,1
ofalien,1
fighter,1
spac=,1
arcad,1
puzzl,1
grind,1
problem-solv,1
mettl,1
puzzler,1
spin,1
thinki=,1
ng,1
circl,3
unsubscr=,1
ibe,1
additions/chang,1
calls/meet,1
CY,1
2002_b.doc,1
01/31,10
b-school,7
ibm,3
palmisano,3
01/29,3
mba,4
gerstner,2
notebook,2
japan,2
drucker,2
graduat,2
tea,2
01/24,2
chat,3
michigan,2
admiss,2
busine=,2
emba,2
rank,2
82,2
workplac,2
register/subscrib,1
b-schools=,1
=09friday,1
techn=,1
olog,1
biz,1
11tabl,1
lou,1
86=,1
eighth,2
ce=,1
disappoint,1
fourth,1
service-heavi,1
ger=,1
stner,1
envi,1
techdom,1
whiz,1
hom,1
daunt,1
pc,1
dri=,1
whether=,1
overarch,1
vision,1
tremor,1
kin=,1
superpow,1
moscow,1
clout,1
china,9
arab,1
eron,1
created=,1
in-your-fac,1
cultur,1
subordin,1
hide,1
reader=,1
nonsubscrib,1
nday,1
get=,1
//www.businessweek.com/register.htm,1
sear=,1
CH,1
50=,1
scoreboard,1
abrupt,1
about-fac,1
by=,1
oppos,1
woul=,1
01/31=,1
pakistan,1
mover,1
stamp,1
age-old,1
hawala,1
unrecord,1
mil=,1
itari,1
squander,1
defense-budget,1
boost,1
merck,1
spin-off,1
cure,1
shed,1
pharmacy-benefit,1
un=,1
drug=,1
Ca,1
humong,1
dire,1
quality=,1
TV,1
inve=,1
sting,1
xact,1
rate-cut,1
xpress,1
relentless,1
greenspan,1
analys=,1
braverman,1
picks=,1
turnaround,1
post-enron,1
wise,1
cox,1
solo,1
rife,1
em,1
screener,1
chellman,1
stick,1
consumer-ori,1
portfolio=,1
sarajev=,1
dream,1
olymp,1
glori,1
'84,1
was=,1
pound,1
yugoslavia,1
ethnic,1
2010,1
cause=,1
ralli,1
01/30,1
franc-li,1
french,1
don'=,1
damn,1
outpour,1
gallic,1
grief,1
demis,1
euro,1
grudg,1
korea,1
ev=,1
sport,1
co-host,1
cup,1
forgiv,1
02/04,1
big-screen,1
projector,1
home-theat,1
enthusiast,1
war=,1
rior,1
closeup=,1
accus,1
hacker,1
leash,1
jerom,1
heckenkamp,1
tighter,1
anti-comput,1
restriction=,1
microso=,1
ft,1
incess,1
infuri,1
dialog,1
nag,1
cu=,1
stomer,1
rapidli,1
e-busi,1
//ebiz.businessweek.combw,1
web-sit,1
onfer,1
offi=,1
cer,1
era,1
20=,1
aviara,1
carlsbad,1
um,1
keynot,1
influe=,1
thinker,1
groundbreakin=,1
foundat,4
modern,1
publish=,1
1938,1
faculti,1
colleg=,1
claremont,1
school.oth,1
lude,1
bowden,1
merger,1
acquisitions=,1
brinner,1
hief,1
economist,1
parthenon,1
collin,3
greatmurra=,1
demo,1
adob,1
nc.rajiv,1
dutta,1
inc.denis,1
execu=,1
tive,1
mastercard,1
internationalj=,1
effrey,1
O.,1
henley,1
ora=,1
cle,1
corporationjefferi,1
jackson,1
finan=,1
cial,1
sabr,1
inc.michael,1
kutschenreut,1
siemens=,1
agraymond,1
kleiner,1
perkin,1
caufield,1
byer,1
form=,1
oracl,2
corporationarthur,1
levitt,1
commissionmichael,1
mandel,1
econo=,1
mic,1
businessweekrichard,1
hackett,1
benchm=,1
ark,1
answerthink,1
inc.earl,1
shank,1
ncr,1
corporationsarah,1
teslik,1
executi=,1
//www.conferences.businessweek.com,1
ister,1
cfo-bwn,1
512-4006,1
cfo2002,1
N=,1
owher,1
vc,1
wallet,1
ans=,1
specialti,1
equir,1
sta=,1
rtup,1
01/28,1
unconvent,1
wisdom,1
embrac,1
advers,1
busi=,1
ness,1
eivabl,1
chec=,1
princeton,1
dire=,1
ctor,1
kristina,1
nebel,1
second-year,1
schwalbach,1
ss,2
ecut,1
grade,1
ran=,1
wel=,1
poll,1
scan,1
161,1
em=,1
BA,1
ssweek,1
b-sc=,1
hool,1
b-scho=,1
ol,2
first-year,1
orien=,1
interacti=,1
wide-rang,1
228,000,1
01/23,1
blind,1
visual,1
impair,1
rig=,1
ht,1
01/14,1
gang,1
tricki,1
car=,1
eer,1
askcar,1
number=,1
nitial,1
search=,1
e.biz=,1
light-blu,1
joleen,1
colpa,1
le=,1
arn,1
ou=,1
conta=,1
ct,1
ddress,1
mcgraw-hil,1
reserve=,1
d.,1
2/4/02,1
02/08/02,1
/td,35
tr,30
/tr,30
align=,24
valign=,23
width=,18
border=,18
img,14
src=,14
alt=,14
height=,14
nbsp,12
84,10
br,7
font,6
face=,6
size=,6
/font,6
texan,5
ffffff,5
href=,5
cellspacing=,4
cellpadding=,4
//clks.com/ct.asp,4
/tabl,4
html,3
psl,3
id=506647,3
target=,3
_blank,3
/A,3
countdown,2
kickoff,2
bgcolor=,2
/B,2
www.houstontexans.com,2
1-877-nfl-2002.,2
doctyp,1
-//w3c//dtd,1
4.01,1
transitional//en,1
/titl,1
/head,1
000033,1
text=,1
link=,1
alink=,1
vlink=,1
topmargin=,1
leftmargin=,1
marginheight=,1
marginwidth=,1
div,1
575,1
id=506664,1
//dialog.thoughtfarm.com/23175/images/countdown.gif,1
151,1
132,1
//dialog.thoughtfarm.com/23175/images/need_reason.gif,1
411,1
//dialog.thoughtfarm.com/23175/images/ten_reasons.gif,1
//dialog.thoughtfarm.com/23175/images/01.gif,1
//dialog.thoughtfarm.com/23175/images/02.gif,1
//dialog.thoughtfarm.com/23175/images/03.gif,1
//dialog.thoughtfarm.com/23175/images/04.gif,1
//dialog.thoughtfarm.com/23175/images/05.gif,1
//dialog.thoughtfarm.com/23175/images/06.gif,1
//dialog.thoughtfarm.com/23175/images/07.gif,1
//dialog.thoughtfarm.com/23175/images/08.gif,1
//dialog.thoughtfarm.com/23175/images/09.gif,1
//dialog.thoughtfarm.com/23175/images/10.gif,1
available.,1
gridiron,1
id=506663,1
panorama,1
instantli,1
nobr,1
/nobr,1
style=,1
border-styl,1
solid,2
border-width,1
1px,1
border-color,1
ff0000,1
5th.,1
installments.,1
//dialog.thoughtfarm.com/23175/images/texans_logo.gif,1
136,1
/b,1
subscriber.,1
/div,1
/center,1
/bodi,1
/html,1
thane,6
asp,4
twigg,2
ttwigg,2
apx.com,2
one-year,2
pricing_enron.doc,2
20k,2
10k,2
5:41,1
facility/,1
no-term,1
thirti,1
20,000,1
volumetr,1
3800,1
buffalo,1
speedway,1
77098,1
713-850-9517,1
713-850-9529,1
facsimil,1
713-408-4463,1
www.apx.com,1
catter,1
most=,1
56f,1
oudi,1
northea=,1
ki,2
resort=,1
loca=,1
comprehe=,1
nsive,1
ather.com/ski,1
cern,1
prepared.=,1
aller=,1
scho=,1
dorland,4
mcmichael,1
jr.,2
7:42,1
racicot,1
volunt,2
mw/se,2
ghcf,4
donat,5
ex-employe,2
mdpc,2
presbyterian,2
church,2
workforc,2
//careerservices.enron.com/,1
1,300,1
3,500,1
collabor,1
urban,1
mortgag,1
landlord,1
tax-deduct,1
713-268-6458,1
4550,1
317,1
77027,1
payabl,1
713-533-4598,1
1-800-493-4598,1
humbl,1
//www.eerfa.com,1
eerfarequest,1
surfmk.com,1
non-memb,1
holist,1
stress,5
713-953-2550,1
180,1
Z,2
cheat,1
\estate\,1
retent,2
guinn,2
3829a,2
853-6401,2
pinto-leit,2
345-7942,2
11/30,1
12/3,1
12/30,1
balmo,1
cals.on,1
peggi,1
apb,1
dont,1
jforney,1
eb3803c,1
stephanie.panu,1
deduct,4
05852,1
hamburg,1
flag,1
2/01/02,1
void,1
stub,7
payroll/benefit,1
jarrett,1
3-,1
7829,1
anp,1
amoco,1
x37111,1
9:04,1
3:42,2
3:11,4
mbr,5
w/in,6
9:33,6
//remoteservices.netco.enron.com/ica/ubswenergy.ica,1
ubswenergy/enron,1
dsmith3,1
q,1
9M,1
npx,1
www.ubsenergy.com,1
//www.ubswenergy.com/site_index.html,1
netco-ercot-mgmt,1
mus46939,1
x33465,1
713-584-4444,1
713-853-3465,1
reorg,7
mabl,2
charbonnet,2
8:05,1
x35356,1
tang,1
1:28,1
lim,1
franci,1
krishnaswami,1
jayant,1
chitradurga,1
sundar,1
powel,2
ramesh,1
ganapathi,1
schomer,1
hal,1
wei,1
zhiyong,1
johnson,1
hillier,1
berger,2
johnston,1
jamey,1
ritacco,1
01/31/2002,1
cleans,1
02/01/2002,1
7am,1
12:03,1
tomm,1
hayden,10
var,14
correl,25
calc,4
digit,3
10,000,1
mo,1
750,000.00,1
24hr,2
12:19,1
poston_ercot.mpp,1
netco_unit_testing.mpp,1
fsp,1
1:31,1
qse.mpp,1
369-385,1
gas/pow,1
670-690,1
neal,2
5-day,3
infuz,3
lotu,4
bulletin,1
pda,1
pocket,1
30,000,1
plug-in,1
datebook,1
brainer,1
palmgear,1
//www.infuzer.com/weatherdotcom,1
opt-out,1
//cgi.weather.com/cgi-bin/email/opt_out.cgi,1
var1=429500,1
var2=71rpa3dlw4u,1
m=m,1
Us,1
//www.weather.com/interact/contactus/nexgen.html,1
//www.weather.com/common/home/privacy.html,1
5:18,1
gossett,1
postlethwait,1
reev,1
granular,1
tenor,1
contract/day,1
12:21,1
\electric\ercot\ercot,1
2002\data\ercot,1
iso\ercot,1
reports\balanc,1
2002.xl,1
tx_set_1_22_2002.doc,2
muni/coop,1
/mwh,3
0.08,2
0.065,2
0.055,2
liabl,2
120,000,1
108,000,1
102,000,1
400,000,1
380,000,1
60-day,1
100k,1
120k,1
upload/download,1
lesser,1
mcmahon,1
chines,11
jiang,5
bug,5
aviat,4
avitra,4
beij,3
devic,3
gore,3
militari,3
767,2
outfit,2
rockwel,2
satcom,2
delta,2
cua,2
ep-3,2
ltd.,2
dee,2
civilian,2
casc,2
caac,2
avweek,1
downplay,1
mecham,1
fulghum/avi,1
28-jan-2002,1
11:06,1
zemin,1
see-no-evil/speak-no-evil,1
767-300er,1
presidenti,1
aviationnow.com,1
lid,1
laps,1
interfer,1
30th,2
anniversari,1
nixon,1
mistrust,1
yuxi,1
sino-u.s.,1
appris,1
uncov,1
transmitt,1
lavatori,1
headboard,1
906,1
satellit,1
buyer-furnish,1
shield,1
antenna,1
tap,1
mask,1
detect,1
state-own,1
refurbish,1
loggerhead,1
navi,1
intellig,1
hawaii,1
interior,1
subcontract,1
decran,1
avion,1
breach,1
embarrass,1
intimid,1
succe,1
communist,1
paramount,1
round-the-clock,1
special-purpos,1
vigil,1
detain,1
suspicion,1
neglig,1
corrupt,1
indign,1
strain,1
spill,1
thaw,1
737,1
denni,2
kuala,1
lumpur,1
nordwal,1
philip,1
klass,1
281.364.9065,2
713.385.7314,2
circular,1
eg,1
6:12,1
dl-ubsw,1
//www.fas.org/irp/index.html,1
cliff,3
baxter,1
spirit,1
flower,1
cancer,1
societi,1
6301,1
richmond,2
77057,1
1-800-227-2345,1
junior,1
2115,1
governor,1
77092,1
682-4500,1
hometown,1
azusa,1
bonnevil,1
80f,1
66f,2
10=,1
favor=,1
ite,1
nformat,1
weather.com=,1
exclusi=,1
barometer=,1
headac=,1
arthur,1
gonzalez,1
district,1
debtors-in-possess,1
jointli,1
chapter,1
refrain,1
dispos,1
consequ,1
77,1
69,1
late=,1
rli,1
77f,1
2=,1
chance=,1
69f,1
heavier,1
possible=,1
brew,1
ride,1
midwes=,1
t.,1
map=,1
corp=,1
powd=,1
revam=,1
ped,1
rea,1
details.=,1
hea=,1
lth,1
asso=,1
ciat,1
weather.com's=,1
ose,1
ur,1
eap,5
onsit,3
counselor,3
eb32c2,2
1:30,1
713-853-6057,1
24-hour,1
1-800-345-1391,1
www.stress.org,1
www.wellnessjunction.com,1
legalonlin,3
7138539310,2
frevert,1
pace,1
fluid,1
fast-chang,1
streamlin,1
necessary.y,1
intranet,1
//legalonline.corp.enron.com/chinesewall.asp,1
re-certifi,1
5-7780,1
donna,1
lowri,1
3-1939,1
style,2
participant',1
___________________________________________,1
colleagues/p,1
colleague/p,1
his/her,1
e.g.,1
url,1
www.fsddatasvc.com/enron,1
rkmpt8,1
windl,1
fsd,1
713-942-8436,1
lerea,1
pharr,1
713-345-8434,1
619-216-0404,1
11:04,1
9:03,1
inteview,1
e.doc,5
w.doc,2
errigo,2
joseph.doc,2
a.doc,2
olindejr,1
s.doc,2
mileston,3
performance/develop,2
generalist,1
descriptor,1
copy/past,1
absente,1
inappropri,1
coincid,1
shadow,1
encompass,1
rotat,1
pre-popul,1
x34777,1
detach,1
presley,4
empir,1
93,1
matric,1
power/ga,1
12:52,1
3.2mm,2
8:53,2
frank-,2
anxiou,2
port,2
calc',2
pnl,2
layer,2
ie,2
varianc,2
covari,2
dilig,2
function/oper,2
finger,2
2:27,2
doug_correlation_103101.xl,2
70-80,2
prudent,2
jpk.doc,1
odd,1
repaid,1
stronger,1
contempl,1
golden,1
muller,1
herndon,1
520,1
beacon,1
2F,1
02115,1
617-424-7141,1
HM,1
713-417-3548,1
wberger,1
mba2003.hbs.edu,1
90009775,1
1380.00,1
anonym,1
club,1
-henri,1
drummond,1
ali,2
//explorer.msn.com/intl.asp,1
pyarali.doc,1
embarass,1
ars,1
worthwhil,1
~ray,1
keenon,2
mrs.,1
gwen,1
fisher,1
822-4595,1
wilborn,1
morganstanley.com,12
restaur,4
fifth,4
sixth,4
beau.taylor,3
joseph.delaney,3
unfair,3
dinner,5
nine,3
-0400,2
joseph,2
delaney,2
o'neal,2
sean.o'n,2
catherine.flax,2
msdw.com,2
seventh,2
jun,1
12:54:00,1
lewi,1
nash,1
lewis.nash,1
apr,1
10:29:22,1
funk,1
thomas.funk,1
durkin,1
chas.durkin,1
woodley,1
john.woodley,1
rebutt,1
daschle-gephardt,1
muffler/lexu,1
tribun,1
payer,1
food,1
grumbl,1
unpaid,1
threw,1
chao,1
clearli,1
forgo,1
1contribut,1
pitch,1
outburst,1
erupt,1
yell,1
yeah,1
cri,1
outrag,1
mob,1
hill,1
713-393-6953,1
713-306-1654,1
713-785-1028,1
4900,1
martinez,1
713-853-4740,1
713-646-8055,1
jehov,1
csam,1
albrecht,1
10700,1
217,1
77042,1
713-784-7444,1
x126,1
713-784-5049jsj,1
albrecht-assoc.com,1
www.albrecht-assoc.com,1
07876,1
395,1
634,1
860-435-1389,1
afte=,2
doug-e-ge,1
thin=,1
gs,1
factori,1
ealli,1
bunch,1
crap,1
wo=,1
rk-wise,1
amp,1
yucki,1
no=,1
justi=,1
me=,1
ass,1
killia=,1
promis,1
grumpi,1
brother=,1
details=,1
girlfriend,1
freak,1
with=,1
jami,1
preciou,1
unch,1
shit,1
pari,1
ake,1
hijack,1
tracey,1
ex-mex,1
mid-jun,1
tori,1
here=,1
venic,1
hmmmm,1
ab=,1
chariti,1
moi,1
non=,1
-refund,1
non-transferr,1
although=,1
extra-naughti,1
jenni,1
scalar,2
a/,2
prudenc,1
lavo,1
12:44,1
2.9,1
2.09,1
sandhil,1
sept,1
950,1
underwrot,1
disast,1
haloween_invite.doc,1
celebr,1
pland,1
younglead,1
uwtgc.org,1
713/685-2306,1
fast,1
p00503942,1
janic,1
priddi,1
713-853-7839,1
newhous,1
clickathom,1
713-345-4185,1
enron.payrol,1
//etcsurvey.corp.enron.com/wi/p0810709/i.asp,1
r=14228,1
s=xmtwejlg,1
l=9,1
23,256,2
deploy,1
1600,1
15,400,1
3850,1
vehicl,1
lodg,1
6,256,1
trey,1
hardi,1
_________________________________________________________________________________________________,1
divers,1
supply/demand,1
38,000,1
57,000,1
breakdown,1
credit-worthi,1
mid-march,1
bal,3
histori,1
analyt,1
loos,1
superior,1
fin,2
3:57,1
wrking,1
seung,1
taek,1
laser,1
cell-,1
10:49,1
3:37,1
likewis,1
8:45,1
help-i,1
