pleas,464
If,277
email,317
http,277
//www.enerfax.com,6
today,97
ga,332
power,150
price,179
news,30
version,35
subscrib,32
see,138
15,59
second,20
go,149
doe,66
support,98
thi,913
web,62
free,167
text,17
write,15
enerfax.com,6
visit,40
websit,19
view,42
click,201
deal,126
nng,25
var,29
physic,52
posit,54
termin,11
risk,86
activ,59
daili,71
TW,177
rmtc,5
chang,197
energi,192
valu,68
caminu,43
system,127
previou,13
financi,54
40,31
P,35
L,31
thousand,57
et,68
0,20
earli,25
agreement,53
contract,95
current,109
mtm,14
liabil,7
net,39
paso,19
76.5,6
decemb,106
2001,432
owe,10
zainet,29
index,46
includ,148
unhedg,15
enron,270
corp,30
polici,49
summari,26
data,49
20dec2001,1
71,6
98,4
0.5,2
2.2,1
1,533.8,2
492.1,1
margin,17
account,49
decreas,9
isda,1
effect,43
12/14/2001,1
increas,65
becaus,48
yet,12
replac,18
limit,44
1,000,000,7
compani,164
counter,5
parti,87
asset,33
20dec01,1
EL,3
market,241
18,337.6,1
20,632.1,1
2,294.5,2
2,259.2,1
35.3,1
reliant,6
servic,164
75.2,1
1.3,2
transcanada,3
22,687.4,1
22,067.1,1
620.3,2
620.2,1
0.1,1
grand,3
total,41
45,858.9,1
42,699.2,1
3,159.7,1
3,193.6,1
33.9,1
El,21
close,48
18,41
fair,7
2.3mm,1
fix,8
receiv,215
date,63
14,25
except,6
interest,151
4.8mm,3
33.9mm,3
amount,27
past,28
due,65
definit,7
model,34
form,40
i.e,12
anticip,23
fuel,17
sale,71
standard,26
transport,46
storag,55
natur,98
mark-to-market,11
valuat,11
track,20
origin,43
side,20
hedg,21
along,37
ani,390
specul,13
trade,42
float,17
defin,17
maximum,35
expect,57
one,166
day,216
loss,40
portfolio,11
given,36
95,13
statist,17
confid,24
interv,11
number,112
calcul,20
use,248
varianc,11
covari,11
methodolog,13
rather,16
mont,11
carlo,11
simul,11
per,82
judgment,38
8,30
collect,51
judici,15
call,307
us,159
purchas,49
un,5
We,310
state,72
citi,23
2,110
5,68
ye,15
acquaint,3
Un,2
find,75
help,123
money,77
court,19
right,76
strong,22
acquir,9
area,71
J,13
T,6
C,13
largest,5
firm,33
world,35
special,57
toll,20
1,148
4,86
6,55
e,35
process,55
455,2
million,98
dollar,32
worth,8
unit,36
alon,6
associ,87
offic,69
virtual,24
everi,59
US,31
foreign,7
countri,16
noth,7
lose,8
everyth,22
gain,8
absolut,7
cost,125
reach,33
24,42
hour,44
thank,278
time,253
ad,66
produc,37
sent,314
U,3
n,15
v,3
r,13
l,7
S,5
To,429
taken,18
mail,169
list,110
tammismith,1
freeze.com,1
take,119
subject,310
line,65
give,68
address,175
ebn,1
1st99,1
get,208
n't,143
Ca,4
100,46
It,97
remov,115
mass,4
without,42
isp,2
Do,46
know,203
product,133
traffic,2
site,96
1-877-293-1511,1
plenti,1
fresh,14
verifi,13
name,78
result,48
discount,14
larger,2
order,199
200,25
500,16
650,1
1250,2
easi,28
simpli,40
furnish,1
messag,379
rest,1
guarante,23
deliveri,50
even,54
done,16
full,45
color,12
extra,14
notic,38
hit,7
repli,34
type,33
viagra,6
onlin,46
No,64
relat,44
MY,2
lowest,10
usa,7
opt-in,9
TM,2
Is,19
breakthrough,4
medic,10
ha,211
restor,6
enhanc,18
sex,10
live,30
men,8
women,16
avail,149
deliv,11
via,21
fedextm,2
home,69
found,14
anywher,9
conveni,9
afford,9
confidenti,51
appoint,11
wait,24
room,37
embarass,1
offer,147
onli,137
fda,2
approv,36
pfizer,1
consult,12
mention,12
On,24
internet,100
perfect,13
experi,35
revit,2
life,28
immedi,24
enron.com,108
format,16
firstname.lastnam,5
global,52
technolog,21
necessari,21
make,198
begin,39
week,112
commun,41
outlook,21
arrang,12
import,43
send,80
busi,152
card,53
decommiss,3
non-standard,2
detail,50
come,64
regard,69
cut-off,2
longer,14
lotu,2
note,63
question,121
enron.messaging.administr,11
administr,22
employe,52
firstnam,2
lastnam,2
refer,21
non-support,2
need,185
contact,90
appear,17
alan,3
smith,12
robert,102
updat,44
earlier,9
announc,43
plan,120
As,65
wa,169
first,68
sever,54
group,65
continu,61
provid,133
signific,24
environ,10
work,135
toward,12
januari,46
2002,85
follow,129
firstname.middleinitial.lastnam,1
middl,5
initi,24
understand,19
-origin,263
announcements/corp/enron,1
behalf,6
mon,1
10/15/2001,1
9:15,1
PM,183
worldwid,4
Cc,109
onc,15
effort,17
complet,56
ect.enron.com,1
ei.enron.com,1
abbrevi,1
acronym,1
altern,18
and/or,25
must,41
start,61
alreadi,33
new/exist,1
applic,67
rememb,25
also,114
notifi,11
extern,5
determin,24
space,16
period,57
append,1
exampl,5
robert.alan.smith,1
reflect,16
ensur,7
test,16
confirm,24
prior,23
issu,97
resolut,17
center,63
meanwhil,1
imper,1
particip,79
cooper,6
attach,187
weekli,18
report,114
octob,217
19,54
let,145
jan,33
moor,25
713-345-3858,2
document,36
post,56
bid,53
inform,231
would,272
fax,124
script,6
hand,15
look,80
review,105
like,166
counterparti,3
ident,5
capac,121
packag,34
procedur,32
either,18
explain,7
3,107
custom,90
tobi,9
gone,7
late,19
whether,28
open,56
season,42
advertis,31
dec.,11
01,5
calendar,23
'02,3
'03,3
kevin,38
lorrain,53
TK,68
susan,22
anyon,40
dogfight,3
BP,4
sure,34
arm,4
much,55
relev,12
possibl,58
demonstr,9
rule,22
DF,11
lindberg,52
back,55
two,61
month,113
pertain,2
2000,19
3:19pm,2
fossum,34
drew,42
tuesday,97
16,31
11:48,2
AM,117
kuehl,4
watson,106
kimberli,100
lohman,50
hyatt,30
blair,23
lynn,20
kilmer,64
iii,65
y'barbo,7
paul,23
miller,67
mari,66
kay,60
harri,213
steven,195
porter,60
gregori,59
J.,48
pavlou,43
maria,56
4:02,1
RE,52
file,244
tw_new_supply.doc,1
_________________________,1
gay,1
mayeux,1
vice,9
presid,17
investor,12
corp.,42
1400,2
street,13
EB,8
4931a,1
houston,67
texa,29
77002,2
phone,69
713-853-9905,1
cell,26
713-416-8821,1
713-646-3002,1
gay.mayeux,1
dilig,17
mark,97
creat,36
team,45
mcconnel,35
questar,28
southern,38
trail,23
pipelin,170
3:50,3
geaccon,38
traci,62
hayslett,25
rod,46
huber,8
lee,19
lokey,32
teb,38
centilli,9
jame,34
abdmoulai,3
mansoor,3
gadd,26
eric,31
loi,4
nonbind,4
referenc,5
west,28
leg,6
yesterday,20
invit,12
perform,41
occur,10
end,69
soon,23
exact,4
advis,28
involv,15
assembl,8
meet,193
access,73
'll,50
touch,16
unfold,4
In,123
mean,28
feel,48
kim,49
transwestern,147
713-345-7896,8
713-822-4862,8
713-646-2551,8
mark.mcconnel,8
len,28
express,39
link,45
benefit,39
lens,13
eyeglass,12
dure,44
satisfact,14
year,187
log,14
e-mail,119
dear,8
steve,206
almost,15
2002-,1
corpor,34
vision,13
expir,19
plu,22
ship,48
place,48
befor,82
12/31/01,1
code,25
flexben,1
checkout,2
enjoy,16
save,56
sunglass,3
prescript,1
doctor,9
eye,3
health,5
comfort,10
door,6
invoic,9
record,32
advantag,7
flexibl,5
//www.lensexpress.com,1
wish,61
happi,21
new,200
p.,10
recent,34
password,39
OR,17
5292464,6
combin,12
histori,5
alway,15
futur,55
promot,15
cut,13
wrap,3
onto,1
//www.lensexpress.com/utilities/request.asp,5
cust=5292464,5
accentur,14
rcm,10
project,108
hope,41
well,93
move,45
mainten,18
pay,50
10,65
next,81
hello,26
talk,25
quick,17
ee,4
six,7
ago,16
focus,12
manag,87
optim,8
idea,13
thought,30
might,44
strateg,10
allianc,4
reliabl,15
basic,25
advanc,31
decis,54
electr,74
D,4
tri,58
segment,7
think,56
structur,34
hire,6
implement,19
pilot,2
upfront,3
say,27
20mm,2
part,69
annual,14
licens,17
fee,17
flow,9
rate,167
case,42
pursu,6
anoth,29
ben,3
asant,3
around,42
build,27
togeth,28
discuss,129
dave,31
713-252-9061,2
mobil,10
david,26
A.,17
foti,3
2929,3
allen,7
parkway,3
suit,16
77019,3
713/837-1997,3
design,21
recipi,39
may,175
contain,54
privileg,40
error,11
sender,12
delet,32
prohibit,44
dowd,11
fyi,41
4:33,1
stephen,32
ask,58
stand,8
commerci,18
steering/oversight,1
ampli,1
qualified/experienc,1
endeavor,2
fit,8
hi,25
dev,2
remit,1
imput,1
wednesday,82
17,25
7:14,1
monday,118
22nd,3
10:00,10
11:00,7
EN,1
1336,7
gener,77
descript,15
request,79
assign,1
unabl,10
attend,51
substitut,1
repres,13
confer,121
comment,99
want,129
cpuc,69
propos,133
gir,12
proceed,50
schedul,73
oct.,24
houston/omaha,2
9:00,10
california,72
dial-in,2
1-877-795-3687,2
350955,2
conf,4
Rm,2
reserv,43
jeff,33
socalga,61
favor,5
adopt,20
settlement,38
best,56
hass,32
glen,42
1:12,2
baldwin,5
donoho,34
lindi,43
dasovich,10
pryor,16
toni,23
lichtenwalt,4
com,5
bila,17
industri,45
restructur,8
linger,1
agenda,47
last,83
publish,18
'm,26
still,45
good,53
comprehens,10
howev,47
modif,17
cap,8
secondari,8
transact,27
laps,1
grant,10
friday,80
agre,36
140+,1
page,41
pertin,1
section,6
//www.cpuc.ca.gov/word_pdf/comment_decision//10294.doc,1
=20,64
shipper,67
negoti,35
ferc,89
recours,12
letter,54
outlin,8
respons,50
base,46
concern,30
specif,24
intend,43
passamonti,5
ida,5
E,103
sensit,6
copi,113
footnot,5
indic,43
consid,31
therefor,13
market-bas,3
author,27
tariff,29
manner,11
brief,33
bidder,5
prorat,3
revis,49
confidential=20,3
citat,3
of=20,3
correct,7
to=20,3
step,25
greg,46
mailto,81
imp,4
cpuc.ca.gov,40
advisori,9
staff,35
attempt,12
challeng,21
could,72
t=,13
cours,37
equit,2
treat,7
nondiscriminatori,2
re=,2
among,6
alloc,18
rational,2
separ,23
-=20,3
j.=20,2
offer=20,2
provided=20,2
settl,6
practic,6
as=20,2
oppos,9
i.e.,7
by=20,2
is=20,2
402,8
the=20,2
thu,12
far,16
be=20,2
docket,20
kathi,16
settleme=,1
nt,5
prospect,10
ann,14
set,40
di=,2
scuss,2
tent,3
1:30,5
3:41,1
arr=,1
ive,5
them.=20,1
raised=,1
reveal,1
contravent,1
se=,2
show,25
caus,9
hear,15
we=,2
fact,27
ques=,1
tion,7
flag,3
use=,1
statement,51
said,54
that=,1
appropri,17
reg=,1
ard,1
rise,5
forum,2
claim,13
hat,1
rates.=,1
modifi,5
exclus,12
Of,12
pin,3
neg=,1
otiat,1
legal,24
emphas,1
mus=,1
recou=,1
rse,1
saw,6
equal,8
e.g,1
disregard,1
accuraci,1
treatment,1
announc=,1
ement,1
point,60
tarif=,1
f,8
for=,2
evalu,20
inde,1
assur,5
f=,4
and=,5
the=,4
remaind,3
bidd=,1
er,4
unless,4
recourse=,1
award,23
below=,1
imple=,1
ment,1
essenti,2
to=,5
allow,31
By,22
ship=,1
forc,8
en=,1
ter,1
underm=,1
ine,1
draft,56
whatev,2
propos=,1
ing,2
gard,1
summar,5
ida=20,1
10/17/01,1
5:45,1
am=20,2
cover.=20,1
cpuc=20,1
term,53
have=20,1
ever,13
matter,22
settlement.=20,1
let=20,1
mani,28
quit,4
honestli,1
having=20,1
difficulti,1
identifi,21
object,11
rais,12
in=20,1
broad,2
instanc,4
my=20,1
percept,1
convers,12
any=20,1
with=20,1
compon,4
indexes.=20,1
that=20,1
exceed,3
max,6
fundament,18
inappropri,1
enter,51
how=20,1
desir,13
for=20,1
broaderp,1
olici,1
ora,11
bout,2
obvious,4
better.=20,1
believ,34
orient,3
tariff=20,1
els,22
greg=20,1
porter=20,1
assist,39
counsel=20,1
services=20,1
398-7406,2
voic,10
398-7426,1
greg.port,1
enron.com=20,1
3:25,1
pm=20,1
high=20,1
12,24
problem,37
abl,28
ferc=20,1
index-to-index,5
mechan,2
48,4
49,1
inaccur,1
incomplete=20,1
transcolorado,1
great,56
lake,11
letter=20,1
retriev,1
electron,33
-or=20,1
date=20,1
columbia,9
rp96-389-026,1
sinc,36
juli,29
7=20,1
wants=20,1
telephon,12
prepar,18
pursuant,1
weto,1
teleconfer,3
including=20,1
tom,19
possibility=20,1
cpuc's=20,1
still=20,1
answer,46
properti,31
affiliate=20,1
materi,17
sole,12
distribut,46
disclosure=20,1
strictli,36
recipient=20,1
sender=20,1
and=20,1
attachments=20,1
hereto,9
accept,43
not=20,1
evid,18
bind,9
enforc,11
enron=20,1
affili,22
other=20,1
reli,12
basi,25
estoppel,9
otherwis,16
you.=20,3
',103
mile,38
apart,1
4:35,1
prusnek,1
brian,10
'kbedward,2
gkrse-law.com,2
'michael.cotleur,1
ferc.fed.u,3
pm,7
bridg,4
afternoon,12
3:00,10
central,15
everyon,33
sharon,5
solon,1
402-398-7015,1
train,38
class,24
1:00,10
12:22,1
kirk,27
frank,24
kelli,4
stojic,1
'cmoor,3
akingump.com,5
'rnuschler,3
akingump.com',1
edward,5
attorney,9
client,29
carve-out,2
competit,12
commiss,60
decid,16
input,13
demand,68
imposs,3
addit,102
judg,16
feedback,15
3pm,3
key,27
player,6
coupl,16
clarifi,3
thursday,64
6:59,1
'thomas.burgess,1
'michael.colteur,1
'gsterl,1
hhlaw.com',1
clarif,2
campo,3
stan,37
went,11
10th,2
attende,5
11:33,2
cord,5
bill,114
corman,8
shelley,9
hott,7
lowri,6
phil,5
mccarti,29
danni,47
saunder,6
stark,13
cindi,17
brassfield,6
morri,8
peter,13
jerri,19
benner,2
martha,5
winter,61
ricki,4
villarr,3
lillian,4
armstrong,13
seller,5
emili,2
hogan,1
janic,2
joliboi,1
svato,1
dee,1
young,7
debra,6
concklin,2
elain,2
quarter,36
forecast,20
cancel,16
financ,18
eb4055,1
713-853-6833,1
interst,19
highlight,4
gh,11
mmbtu/d,33
averag,19
san,40
juan,28
PG,83
92,4
larg,19
pkg,6
-.04,2
1017,1
93,1
later,34
throughput,9
882,1
east,17
510,1
1961,1
76,2
etop,3
1140,3
643,1
56,1
socalehr,3
1025,1
938,1
socaltop,3
413,2
380,1
socal,90
2.34,1
+.03,4
2.35,3
+.09,1
n/a,4
permian,7
2.165,1
-.025,1
nov-mar,2
apr-oct,2
perm-ca,2
.15,1
-.06,1
.23,1
SJ,2
CA,15
.24,1
.41,1
-.03,1
sj-waha,2
.12,1
+.02,3
.22,2
perm-waha,2
.03,1
.04,3
reschedul,11
requir,75
off-sit,1
half,12
awar,8
short,14
clear,11
accommod,7
apolog,20
inconveni,6
execut,19
horton,17
tel,11
713/853-6197,5
713/345-7047,5
cindy.stark,5
PD,44
core,35
impact,48
noncor,16
csa,17
RP,10
neg,9
unbundl,10
receipt,15
mmcfd,8
P.,8
upon,24
prefer,16
backbon,10
concentr,8
reduc,34
intrast,9
direct,43
NO,24
itc,6
improv,25
perhap,8
primari,17
suppli,79
level,47
bcf,10
reject,6
default,10
balanc,9
socal/sdg,4
aggreg,7
strand,4
50,24
estim,20
centerpiec,4
remain,42
mmfcd,4
option,40
creation,7
tradabl,5
ON,20
AS,20
ig,4
word,15
11:16,2
latest,8
info,42
QF,1
cogen,1
independ,14
8:36,1
FW,41
put,31
purpos,12
morn,15
assess,8
overal,11
made,40
retain,15
aspect,7
CS,2
transmiss,26
retent,2
750mm/d,2
needl,9
mbaldwin,2
igservice.com,2
5:50,2
10/10/01,2
comr,2
entireti,3
ascertain,4
10/10,2
30,45
histor,6
push,6
success,23
although,14
warn,4
misbehavior,2
investig,10
p.44,2
unutil,2
p.45,2
120,4
appli,13
preced,6
econom,16
cityg,3
basin,16
proportion,2
tend,2
tight,7
transport/suppli,2
scenario,3
p.46,2
realli,38
hector,2
Rd,2
delivery/receipt,2
maintain,8
1044,2
1000,6
70,11
327,2
inject,10
1,935,2
withdraw,4
Vs,2
55,3
change.p,2
52,3
54,3
cta,2
agent,8
prorata,2
share,24
non-reli,2
58,2
7,29
present,60
advic,21
ltr,2
p.62,2
procur,5
function,10
attribut,4
p.63,2
9,31
preserv,4
seek,11
recoveri,7
expenditur,2
transfer,18
p.66,2
born,2
bundl,2
touchi,2
75,19
11,23
contribut,14
till,2
epng,4
bear,8
expens,11
78,6
06,2
approx,4
44.4,2
brokerag,3
0.0039,2
2.4,2
cent,7
p.83,2
13,22
subscript,6
differ,39
p.85-87,2
small,16
core/esp,2
consum,9
protect,23
88-100,2
lot,13
tweak,2
recov,9
envis,3
portion,27
accru,3
etc,18
bottomlin,2
consequenti,2
103-110,2
whole,36
intact,2
facil,43
less,36
750,5
mojav,2
recogn,10
complex,4
expans,52
235,2
load,18
impos,3
condit,12
reason,18
affect,12
restrict,5
embodi,2
proper,5
tool,21
long,22
substanti,11
unnecessari,3
ineffici,3
border,11
certainti,2
lead,18
stabl,3
correctli,3
observ,4
reliev,4
rel,19
ripe,4
stabil,2
promis,4
valid,7
game,32
oper,71
consist,13
perman,5
BE,16
IS,23
board,9
signatori,2
TO,76
forward,57
tomorrow,29
chiller,4
solut,25
item,31
control,17
....,15
jan.,9
7:00,6
a.m.,33
1/11,2
5:00,7
p.m.,40
rooftop,2
713-345-4745,8
omaha,26
402-398-7454,6
take-away,6
amend,7
suggest,31
approxim,11
1/1/02,2
5/31/02,2
greatest,2
commit,11
revenu,33
way,47
handl,8
increment,14
rofr,5
roll,3
posting/open,1
turnback,1
paramet,3
laid,4
declin,18
contractu,3
ie,8
concur,4
09,4
3:26,1
potenti,41
needless,2
__dth/day,1
actual,26
depend,11
minimum,8
abov,69
beyond,8
charg,36
paid,20
sjk,1
accord,32
pge.com,26
II,14
dan,46
douglass,34
2003,21
util,21
energy.state.ca.u,17
dwt.com,10
provis,13
two-year,9
jurisdict,11
pacif,15
exist,53
testimoni,8
extend,24
extens,38
swgas.com,6
gmssr.com,12
turn.org,9
dynegy.com,6
aol.com,17
coordin,16
earthlink.net,13
d.01-09-016,4
northern,10
31,22
alter,4
reorgan,13
assum,11
law,28
daniel,11
818,13
stewart,4
john,104
jcsv,4
pcp.ca,4
a-klaw.com,7
sce.com,7
city.palo-alto.ca.u,4
sempra.com,36
gtbl,4
aeraenergy.com,4
jkarp,7
whitecase.com,7
lif.org,4
mrwassoc.com,4
coral-energy.com,4
orrick.com,4
williams.com,4
tid.org,4
smud.org,4
br-inc.com,8
oxy.com,4
415,4
973-8677,4
regulatori,27
absenc,5
10:12,1
glenn,2
calif.,3
'd,13
rob,15
rapp,46
speed,2
1:34,2
Fw,2
high,44
gentlemen,3
caption,4
39,2
G,2
'ga,2
instead,10
prehear,6
2004,7
april,3
certain,12
storage-rel,2
march,3
2005,4
approach,10
preclud,2
justifi,5
obtain,9
regim,2
statu,10
quo,2
brden,2
proof,9
simpl,10
waiv,2
2.5,3
percent,11
escal,5
septemb,13
20,68
shortli,4
issuanc,3
bankruptci,10
e',2
regul,8
develop,55
appreci,30
monitor,5
role,16
transmission/storag,2
final,16
uncertainti,4
construct,23
least,15
viabil,2
variou,10
marketplac,6
red,36
rock,47
seven,4
pend,4
W.,20
5959,6
topanga,6
canyon,10
blvd,6
244,6
woodland,7
hill,15
91367,6
596-2201,6
346-6502,5
energyattorney.com,18
alan_reid,2
andy.bettwi,2
aod,2
newsdata.com,2
askaff,2
energy-law-group.com,2
bcragg,5
bfinkelstein,2
bjeider,2
ci.burbank.ca.u,2
blais,2
braunlegal.com,2
burke,5
cts.com,5
bwood,4
ceyap,2
chilen,5
llgm.com,5
chj,2
craigc,2
calpine.com,5
davef,2
abag.ca.gov,2
dcarrol,2
dbsr.com,2
douglas.port,2
dwa3,2
ed,8
clfp.com,2
edf,2
edwardoneil,2
ek,5
eklinkn,2
ci.pasadena.ca.u,2
epool,5
adplaw.com,5
eyq,2
fdeleon,5
furutanj,2
efawest.navfac.navy.mil,2
ghinner,2
reliantenergy.com,2
grant_kol,2
gsullivan,2
haorndorff,2
iep,2
iepa.com,2
igsinc,2
ix.netcom.com,2
inggm,2
jcattermol,2
pcenergy.com,2
jlesli,2
luce.com,2
jmct,2
joe.paul,2
johnj,2
bcjlaw.com,2
johnwalley,2
joseh,2
jpbatmal,2
realenergy.com,2
jsteffen,2
iid.com,2
jsw,2
jweil,2
aglet.org,2
jwr,2
karen,15
klindh.com,2
kbhensman,2
kfyip,2
seiworldwide.com,2
kmccrea,2
sablaw.com,2
kmill,2
cfbf.com,2
lifcentr,2
lindseyhowdown,2
lmh,2
eslawfirm.com,2
mark.c.moench,2
wgp.twc.com,2
mcn,2
mday,5
mdjoseph,2
adamsbroadwell.com,2
mer,2
mjask,2
napedersen,5
jonesday.com,5
pjpowerlaw,5
plg,5
ram,2
raveen_maan,2
raw,2
rax,2
rbw,2
rczahar,2
rfoss,2
'rgloistein,2
rgloistein,2
rick.counihan,2
greenmountain.com,2
rmp,2
rochmanm,2
cubjpa.org,2
roger.pelot,2
ron_oechsl,2
rmiinc.com,2
ronknecht,2
rpetti,2
ladwp.com,2
salleyoo,5
sb,2
skatz,2
sempratrading.com,2
slin,2
ci.glendale.ca.u,2
sscott3,2
stomash,2
tah,2
tdicker,2
westerngas.com,2
thompson,2
wrightlaw.com,2
tom.roth,2
et.pge.com,2
tomb,5
crossborderenergy.com,2
trdill,2
westernhubs.com,2
vjb,2
cabak,2
duke-energy.com,2
mtbrommer,2
keith.brown,2
bbrunel,2
pcervin,2
scohn,2
bruce.a.connel,2
usa.conoco.com,2
jdasov,2
eric.eisenman,2
neg.pge.com,2
eke,2
aelaw.com,2
bobfras,2
aec.ca,2
frazier,3
bull.som.yale.edu,2
agold,2
marcel,5
steve.huhman,2
mirant.com,2
pkeeler,2
alan.killion,2
kl,2
llorenz,2
pacent.com,2
kmagrud,2
newpower.com,2
jmartini,2
cipa.org,2
sandra_mcdonough,2
pat_mulhern,2
gnadeau,2
suncor.com,2
mnyberg,2
judypau,2
pinney,2
capp.ca,2
rpurv,2
sdge.com,2
mid.org,2
peter.saund,2
paramountres.com,2
michael_r._soland,2
tsurak,2
socalgas.com,2
jsuwara,2
jeffreygray,2
kauss,2
kent,12
kwk3,2
wgmanuel,2
mflorio,2
lindh,2
frl3,2
lieu,2
lisa,19
lkl1,2
fogelmanm,2
steefel.com,2
mclafferti,2
mdm8,5
william,31
ray,4
rdw0,2
belleng,2
geoffrey,4
gjb2,2
4:50,5
public,29
01-09-016,2
covltr_gaii.doc,2
gaii_final.doc,2
gaii_exhibit.pdf,2
kase,15
deriv,17
boot,3
camp,5
buy,32
strategi,16
behavior,4
hous,19
sign,34
Up,3
novemb,249
5-6,1
marriott,5
loop,6
TX,10
fail,7
bought,9
face,5
indispens,1
tactic,1
avoid,6
costli,2
equip,28
surviv,2
treacher,1
cover,12
sell,42
trigger,2
efp,1
swap,1
spread,1
volatil,4
exot,2
advers,3
match,8
appetit,2
select,34
instrument,2
regular,10
995.00,3
895.00,3
regist,38
imag,274
kaseco.com,3
505,3
237-1600,3
love,43
Hi,15
beauti,3
hard,18
miss,16
tell,20
spend,11
ca,25
catch,3
thing,34
sweeti,2
plant,72
EG,11
projects.xl,11
serv,33
directli,16
electricti,6
analysi,24
natual,6
eao,6
wood,13
4:41,2
sharris1,4
350,3
scatter,3
across,8
western,37
coal,3
wind,8
mind,14
someon,13
check,69
affliat,3
integr,18
narg,3
tune,5
mayb,14
intert,3
rush,4
shoot,4
mid,4
novemeb,3
16th,4
4:37,1
director,38
My,30
pleasur,1
anyth,23
pribbl,14
9:42,1
clark,8
scott,14
mcgillivray,1
RR,1
moment,10
veri,66
respond,17
promptli,1
sweatheart,1
away,9
sleep,9
wake,2
stay,11
saturday,17
night,20
someth,20
weekend,12
22,27
8:39,1
casino,13
play,10
1st,14
stream,2
shockwav,1
excit,19
atlant,5
la,5
vega,5
style,2
blackjack,1
roulett,1
slot,1
machin,2
crap,1
video,13
poker,1
brand,3
better,26
action,26
pay-out,1
odd,1
attract,11
bonu,7
download,7
unsubscrib,27
morgan,11
713,74
IT,11
'S,5
surpris,5
join,26
celebr,7
50th,1
birthday,1
3:15pm,1
locat,42
39c1,1
leigh,1
foret,1
853-1966,1
303-2985,1
26,59
2:00p,5
ecn,4
adr,42
audrey,78
D.,41
robertson,69
audrey.robertson,29
853-5849,28
646-2551,28
regent,51
mevco,18
mexico,36
leas,13
MW,11
ventur,16
four,29
corner,14
permit,19
august,9
michael,34
horsesho,6
gallup,7
counti,8
NM,8
25,47
acquisit,10
field,13
hold,13
proxim,6
incom,20
miner,6
oil,47
9:35,3
farther,4
sunday,13
21,31
3:28,4
heard,13
11:01,3
brennan,18
lorna,19
10:58,3
chavez,5
gabriel,6
millar,11
ratner,6
taylor,13
gina,3
loeffler,3
stanton,4
lon,4
wilson,3
goradia,5
pallavi,5
lokay,22
michel,34
pact,3
millennium,3
privat,15
houston-bas,5
capit,9
250,6
equiti,5
equity/debt,3
rio,4
ariba,3
90+,3
mmcf/d,19
suffici,7
phillip,7
gennarelli,3
bring,27
rout,5
sonoran,3
calpin,14
kinder,5
unequ,3
opportun,56
ehrman,3
1.5,5
maxim,5
lo,3
angel,4
surfac,5
prove,3
region,32
near,14
farmington,3
proven,10
consider,7
owner,12
consumm,3
third,19
ownership,12
K.,4
10:57,1
sourc,20
supplier,6
proactiv,2
10:55,3
paramount,8
hotel,17
P=,6
503,8
northwest,8
sch=,2
edul,2
14th,6
200=,2
downtown,14
ortland,2
go=,2
host,16
nove=,2
mber,2
109,4
speaker,24
now=,2
supply/demand,4
wcsb,4
topic,27
heat,23
you=,7
know=,2
accur,7
count,12
lunch,20
9th,6
503-70=,2
5-2168,2
patienc,5
808,4
SW,11
portland,12
97205,4
22=,2
3-9900,2
223-7900,4
portlandparamount.com,4
www.portlan=,2
dparamount.com,2
_______________________________________________________=,2
______,2
//www.freeservers.com,7
personaliz=,2
domain,16
web-bas,7
=09,93
11-9.doc,7
network,17
trizechan,4
3ac,5
2:00,6
unix,1
reboot,1
app,4
server,19
emerald,1
erp/trv,1
izzi,1
siebel,1
webmod,1
commod,10
logic,6
user,34
27,26
4:00,5
8:00,12
shutdown,3
infrastructur,9
3:30-4:00,2
outag,6
en,8
devic,4
anytim,5
beforehand,2
secur,39
deni,8
run,35
lay,14
9:00-11:00,6
42c2,6
696,9
cycl,25
mike,32
bob,26
larri,30
tim,9
conni,9
neubauer,24
Jo,14
doug,10
johnson,10
L.,17
souci,6
becki,6
barker,6
barri,13
berg,6
vicki,10
bolk,7
sean,7
bolling,6
joni,6
janet,10
branney,6
theresa,7
burleson,11
cabrera,8
cohr,6
dushinsk,6
fiscu,6
fowler,10
gilbert,13
halpin,6
herber,11
jone,17
dana,13
joyc,6
jane,13
korbelik,6
stephani,15
lagerstrom,6
lantefield,6
laura,22
mccarran,7
penni,7
mcgowan,8
mercaldo,7
vernon,7
nevil,10
sue,10
oldenhui,6
ranel,6
penkava,6
loren,6
powel,7
ken,8
riehm,6
richard,19
roobaert,8
preston,10
sebesta,6
chri,9
semin,6
G.,10
swett,6
thoma,18
threet,7
weller,8
westfal,6
roger,9
wilkinson,6
cappiello,10
deborah,11
pilar,6
wadl,13
wehr,10
linda,25
bib,4
=09monday,6
=09hook,3
=09re,3
=09aschweg,5
courtn=,5
ey,6
bower,5
reyna,5
all=,5
kevin=,5
johanson,5
paladino=,5
pritcha=,5
rd,5
stage,10
valley,6
chuck,7
hook,5
mcco=,5
ramirez,6
folk,9
rosemari,9
deep,2
north,29
typo,1
okay,1
cyc=,1
le,3
.....,5
anyway,1
=09johanson,1
2:34,1
aschweg,1
courtney,1
B=,1
ower,1
rey=,1
na,1
bil=,1
stephen=,1
paladino,3
pritchar=,1
S=,5
tage,1
V=,1
alley,1
C=,1
huck,1
mccoy,2
ramir=,1
ez,1
rib,2
2:31,2
oct.26th,3
oc=,3
t.,3
25th,6
10:30,5
a.m,8
3=,3
963,3
713-853-7240,3
mpl,3
952-887-1789,3
=09gracey,3
=09wednesday,4
11:17,3
=09bid,3
notice.doc,3
gracey,5
402/398-7431,4
rosemary.gracey,4
dvd,76
movi,53
revolutionari,23
softwar,49
cd-r,4
convent,14
within,48
secret,14
igtt,15
stock,34
newslett,19
profil,43
major,25
huge,18
coverag,9
releas,16
nvtl,3
indiginet,3
inc.,46
symbol,2
forigtt,1
withth,2
explos,4
volum,38
severalday,2
onigtt,1
brought,9
.29,1
1.08,1
forcertain,2
proud,4
thatyou,2
profit,23
highli,10
positionin,2
aquisit,2
highlightedin,1
millionin,1
bounc,5
sharpli,4
52-week,3
low,34
continuemov,2
easili,10
1.25in,1
luck,5
watch,13
fli,3
legisl,6
affair,3
//gpgdomino.ots.enron.com/quickplace/ferc/main.nsf/h_toc/a275772365a239b286256a3f006cb023,2
opendocu,2
dri,4
1:07,3
hay,11
kovalcik,5
tammi,5
keiser,9
scherzing,11
Ed,9
harrison,6
=09pat,1
fuel-energy.net,4
1:16,3
=09jim,1
abbott,3
afranji,3
amicucci,3
arya,3
behbehani-div,3
bennett,3
blood,25
brawley,3
brewer,3
lauri,5
br=,1
caldwel,3
philip,3
carter,4
colin,3
coe,3
dav=,1
cynthia,7
desbrisay,3
brad,4
dillion,3
laird,3
dyer,3
caver,3
eali,3
finan,3
M=,5
ichel,1
getting,3
georg,6
goben,3
gross,4
teresa,3
hagin,3
hannigan=,1
hawkin,5
denni,6
henderson,3
hank,4
henri,11
marti,3
howard,8
pat,12
=09pnw,1
jodi,5
sorri,11
wo,8
pass,73
event,37
travel,17
conjunct,1
pnw,4
fox,2
tower,1
held,11
6:00,9
lietz,1
503-552-3785,1
rsvp,11
care,20
_____________________________________________________________,5
person,51
announcement.doc,1
cst,12
fund,24
invest,50
3:00pm,6
fast,13
15th,2
payrol,1
deduct,1
enrol,17
remind,8
vanguard,1
lifestrategi,1
fidel,1
freedom,9
chosen,3
At,31
re-open,1
featur,36
transit,7
ext,5
3-7979,1
press,11
8:00am,6
29,18
5:00pm,1
keep,42
pace,3
lifestyl,4
walk,16
jdrf,7
auction,10
ticket,10
cyber,13
donat,7
big,17
fun,4
5.00,3
entertain,3
raffl,4
t-shirt,5
diabet,4
caf,4
26th,16
roundtrip,2
enron/jdrf,2
sneaker,2
walker,2
28th,4
juvenil,2
research,67
foundat,5
cure,3
greenspoint,1
mall,1
24th,2
//ecpdxapps01.enron.net/apps/auction.nsf,1
eg,6
11:30,4
andrew,1
front,8
fajita,1
trim,2
taquera,1
del,4
sol,1
mango,2
punch,1
continent,5
airlin,2
british,5
airway,1
10.00,4
win,7
drawn,2
bake,1
cake,1
cooki,3
halloween,3
paper,14
fill,20
hundr,12
houstonian,1
blast,1
food,4
park,6
local,12
fundrais,3
gulf,17
coast,5
entir,10
u.s.,13
top,26
nation,23
riedel,1
x-37507,1
cathi,1
x-36898,1
generos,1
weather,30
gas-to-electr,4
arbitrag,4
characterist,1
peopl,57
knowledg,31
organ,22
412-279-9298,2
//www.pgsenergy.com/schedule.html,3
real,21
1,295,2
seminar,10
895,2
1,600,2
695,2
program,72
495,2
adamiak,2
pg,4
vacat,26
florida,10
getaway,4
congratul,8
've,32
chanc,14
getawayclick,2
days/7,2
first-class,2
rental,3
car,9
unlimit,13
mileag,3
adult,17
cruis,3
vpn,2
year-end,5
TD,30
font-siz,1
10pt,1
black,6
background-color,1
white,4
pep,6
xm,1
ehronlin,2
elect,2
stub,1
clickathom,3
portal,1
remot,2
supervisor,7
monthli,41
survey,10
comput,32
drug,2
mailbox,8
xenic,1
propecia,1
celebrex,1
becom,25
pharmaci,1
widest,1
rang,5
target,26
bottom,14
rest-assur,10
never,39
ME,10
i.d,7
022154,3
tw/nng,5
23,28
7:37,1
previous,7
conflict,7
10:19,3
espeak,4
pictur,13
took,3
VP,5
session,19
.25/mmbtu,3
jorg,1
tran,1
peco,2
engin,12
240,000mmbtu/d,1
26,000mmbtu/d,1
40,000mmbtu/d,1
306,000,1
all-employe,3
cdt,3
regenc,3
imperi,2
ballroom,4
london,4
calgari,2
toronto,2
york,15
ena,4
//home.enron.com/employeemeet,1
got,13
member,28
welcom,14
pick,10
serious,4
steven.harri,8
wrote,6
enron=20=20,2
jim,12
brown,12
davi,12
hannigan,2
503-705-2168,2
223-9900,2
www.portlandparamount.com,2
email=20=09,2
an=,8
disclosur,35
othe=,2
rs,2
author=,2
ize,3
E=,4
nron,2
copie=,2
intended=,2
any=,2
49c2,4
2:55,1
2:30-3:30,1
11:07,1
stanley,9
peggi,3
garrison,3
hugh,3
umanoff,3
adam,5
anderson,6
sommer,1
jeffrey,6
E.,13
copeland,1
erin,1
dodson,1
keith,25
piro,1
lindholm,1
tod,1
respect,13
IN,15
277217,1
dial,7
800,6
403-2002,1
ahead,8
713-853-7372,1
hair,35
acceler,8
follicl,1
vitamin,1
fedex,1
patent,3
scientif,5
stop,14
grow,22
drug-fre,3
attack,8
aggress,4
combat,3
intern,21
clinic,15
hospit,5
univers,12
throughout,9
guid,7
complaint,7
ambigu,2
retroact,2
adjust,7
factor,7
________________________________________________,1
feder,18
28,17
refus,1
constitut,4
violat,2
1995,5
affirm,1
performance/conduct,1
commodity/usag,1
omiss,1
constru,1
drafter,1
disagre,1
outright,1
six-month,1
admit,1
8255,1
forego,2
resolv,5
accordingli,6
explor,14
warrant,1
meantim,5
hesit,8
398-7097,1
unfortun,2
recal,2
whi,26
guess,3
three,20
commiser,1
1:05,1
wow,2
cera,114
mr.,7
DE,2
confus,3
summer,10
collaps,1
slow,5
stakehold,3
re-think,1
cambridg,53
up-to-d,2
//www.cera.com/survey/distribut,1
anonym,1
retreat,1
santa,3
Fe,1
5-7,1
sincer,8
taub,1
relationship,5
notif,11
donotemail,1
cera.com,66
subject=donotemail,1
connect,14
sheet,12
XX,4
left,16
column,4
satisfactori,4
kh,9
articl,7
calif,3
intellig,6
edit,12
4:54,1
4:38,2
dickerson,2
V,6
gelin,2
elberg,2
gonzalez,4
martin,10
junu,2
jebong,2
salt,8
city-bas,3
compressor,25
east-of-california,3
705-mile,3
beach,9
port,4
convert,14
june,8
spokesman,4
unlik,9
300-mile,3
former,6
uneconom,3
leav,18
buyer,12
110,3
takeaway,4
spokesperson,3
`,4
10:42,3
fine,13
debt,26
payment,35
OF,43
IF,13
WE,21
dont,6
succe,2
DO,11
reduct,15
elimin,6
harass,2
loan,13
five,6
unsecur,2
credit,56
oblig,14
informatin,1
kept,4
strict,1
c,3
ST,1
screen,21
filter,4
602142,2
minut,33
analyst,18
capabl,11
frost,3
sullivan,4
telecom,4
bandwidth,4
insight,7
senior,13
wholesal,7
retail,12
ercot,2
telecom/broadband,2
dialogu,1
esourc,7
summit,1
telecom/bandwidth,1
patti,1
harper-slaboszewicz,1
woodward,1
He,12
trading/brokering/onlin,1
exchang,4
//esource.enron.com/hot_topics.asp,2
3:30,3
5:30,4
5c2,1
35,6
Q,2
3:30-4:30,1
meter,1
4:30-5:30,1
utilicom,1
/energi,1
perspect,1
overview,11
5-7928,3
consolid,11
inadvert,11
're,23
expert,12
11th,3
ongo,6
reclaim,2
famili,30
age,42
An,4
heal,4
blueprint,1
adapt,3
sponsor,21
registr,16
6:15,2
6:50,1
JW,1
galleria,1
westheim,1
admiss,1
713-303-3966,1
Or,7
www.enronoperationhope.com,1
kit,4
1-800-lens-express,2
536-7397,2
ciba,1
solo,1
gift,42
sck,1
act,22
10/30/01,2
quantiti,3
bet,3
glad,5
listen,10
23rd,2
4:30,2
29th,5
spoken,1
nov.,7
wonder,12
9:20,1
mmbtu,7
moseley,4
debbi,5
ward,6
mulligan,6
ami,6
strohmey,11
vincent,3
richardson,16
8:56,3
walton,1
60,000,1
17,000,1
23,000,1
3:54,2
sold,18
20,000,5
mmbtu/day,2
10/24/01,2
10/26/01at,2
midpoint,2
saledoc10,1
4tw.xl,1
schoolcraft,8
darrel,6
7:18,1
jolli,6
rich,10
roensch,6
dl-et,1
giambron,2
hernandez,2
bert,2
kowalk,18
terri,23
mcevoy,2
christin,7
beverli,2
minter,2
station,42
DS,3
sister,4
brother,4
hashli,2
diari,2
insid,3
grandpar,2
grandkid,2
lesson,2
dad,2
daughter,2
girl,9
urg,3
teach,10
masturb,2
hide,3
incest,6
porno,5
instantly.click,4
individu,21
film,5
depict,4
younger,6
similar,13
content,40
oasi,9
judgement,13
dairi,6
farm,5
appeal,3
8:30,2
bonni,1
11/2,1
writ,1
sherriff,1
seiz,2
satisfi,8
cheaper,1
agenc,15
10:54,1
10:34,1
3:33,1
9:54,1
cherri,10
litig,5
unpaid,3
fifth,3
district,1
chave,1
29,250.56,1
inclus,2
8.75,1
annum,1
8:30am,2
1:00pm,2
10/23/01,3
01:30pm,1
earn,37
36,3
payday,1
store,10
lucr,3
10k,1
resid,7
21click,1
digit,10
disk,7
CD,31
rom,7
finder,3
window,51
extrem,15
friendli,6
camera,10
scanner,3
clutter,3
misplac,4
instant,7
tax,20
insur,31
warranti,3
serial,3
theft,3
disast,5
irreplac,3
photo,10
favorit,7
recip,3
delay,15
amaz,11
reg,4
99.95,4
79.95,3
molli,6
jon,4
Re,8
wsj,3
eott,3
trevelis,2
10/23/2001,2
sampl,8
cc,13
sample/houston/eott,2
5:20,1
w.-,1
HR,7
exec,1
robin,4
joe,14
sanford,1
trevelise/houston/eott,1
05:19,1
04:33,1
counsel,6
713-993-5027,1
713-402-2806,1
04:49,1
01:03,1
herewith,1
harrow,1
tale,1
dig,2
crazi,2
lingo,1
estat,14
p.o,1
box,11
4666,1
77210-4666,1
sam,1
pkwi,1
S.,10
400,6
77042-3611,1
713-993-5004,1
713-402-2645,1
steve.robert,1
eott.com,1
embed,2
stdolelink,1
congrat,2
alj,10
finger,2
cross,2
FL,3
mini-vac,1
choos,8
destin,2
orlando,3
ft.,1
lauderdal,1
daytona,3
myrtl,1
SC,1
ashvil,1
NC,1
branson,1
MO,1
wisconsin,3
dell,1
WI,2
orlean,1
LA,2
NV,1
hurri,2
pop3,3
techniqu,5
quot,22
wall,12
journal,3
lite,2
250,000,12
intermedi,3
500,000,6
profession,14
661,3
read,20
willi,1
method,23
magazin,3
radio,1
27th,1
babi,4
crafti,1
maneuv,1
anti,1
commerc,1
radic,7
tremend,3
databas,8
pornographi,1
chain,3
scheme,4
kind,12
legitim,6
agit,1
bother,1
instruct,21
ideal,4
singl,6
light,6
200.00,4
375,1
575,2
thru,5
252-6028,1
244-4903,1
return,41
one-tim,5
285.00,1
225.00,1
500.00,1
425.00,1
900.00,2
625.00,1
zip,4
~~~~~~~~~~~~~~~~~~~~~~~~~~~~~~~~~~~~~,1
Be,2
removem,1
pet4621,1
excite.comsubject=takemeoff,1
snore,9
Rx,3
uniqu,11
herb,4
remedi,2
suffer,2
frequent,1
male,10
overweight,1
pe=,3
rson,1
usual,10
wors,1
c=,10
markedli,1
digesti=,1
enzym,1
metabol,2
excess,4
drainag,1
shrink,3
nasal,1
respiratori,1
membran,1
therebi,2
air,12
passag,1
snorin=,1
g.,1
all-natur,2
herbal,3
sympt=,1
om,3
formul,1
e=,3
nzyme,1
gentli,1
breath,2
danger,3
annoy,1
safe,21
known,3
snorerx,1
major=,1
85,3
peopl=,1
figur,5
depriv,1
ni=,1
ght,1
irrit,1
tired,1
divis,4
alie=,1
partner,11
but=,1
snore=,1
350,000,1
brows,1
learn,37
about=,2
T=,2
41st,4
floor,6
fiber,3
wire,2
closet,2
sysadmir,2
6:30,1
dmz,1
firewal,1
hottapts11,1
nbpl,1
oracl,2
nb2175.nbp.enron.com,1
hr-db-4,1
hrglobal,1
launch,1
zone,11
hrgi,1
gc,1
telco,1
voicemail,2
unavail,7
disrupt,12
cabl,1
oct,2
1:45,1
2:15,4
master,8
shut,2
daylight,1
precautionari,1
measur,6
bug,1
022481,4
uncollect,5
++++++++++++++++++++++++++++++++++++++++++++++++++++,3
NY,3
s,23,1
18882484942,1
canada,16
1.3.1.0.8.4.2.3.5.2.1,1
adad,1
clark87,1
dreamemail.com,2
lawyer,11
guy,16
charli,4
outstand,10
outhous,4
inhous,3
cohes,3
pull,4
doubli,3
impress,4
sacrific,3
readi,37
impecc,3
littl,13
sore,3
gbmdc.com,22
jr.,9
heartfelt,1
5:51,2
'fkelli,17
'sstojic,5
derrick,4
job,24
commission,16
probabl,21
folder,9
directori,3
dian,2
becker,3
x7454,1
82-87-7454,1
1:49,2
doll,1
jeanett,1
wagner,2
glenda,1
\\gta\sys2\shared\act,2
\\gphou-nwgway1\gta2\shared\act,2
gateway,3
\\gthou-dv01\common\act,2
drive,21
23th,2
lupita,2
cantu,2
manang,2
813-853-3876,2
expand,10
pipe,13
300,7
mainlin,1
topock,2
sun,3
devil,3
studi,10
smallest,1
diamet,6
250/300,1
eastern,13
mid-market,3
fred,2
focu,8
redmond,2
resourc,9
vari,3
facilit,7
growth,28
producer/wellhead,1
wellhead,1
lagrasta,1
u.,2
unchang,3
whitt,1
luce,1
long-term,7
vicker,1
leadership,8
head,14
tycholiz,5
louis,1
AT,7
finest,3
seen,7
mother/son,2
daughter/father/,2
grandfather/granddaught,2
rto,10
kern,12
river,10
mediat,20
vote,7
rehear,8
breathitt,3
o=,11
brownel,3
panel,7
midwest,6
w=,6
pro,3
rata,3
ridg,5
in=,5
though,13
nopr,2
mission,2
adequaci,2
seattl,2
adequ,5
=09what,2
seem,8
b=,4
southeast,7
northeast,9
miso,2
lft,3
eez,2
sunshin,2
c-6,2
c-8,3
cp01-69,1
cp01-106,1
certif,22
ho,3
wheele=,1
outweigh,2
solutio=,1
curtail,3
wheeler,4
lie,2
terstat,1
henc,2
bligat,1
lack,3
annot,1
concurr,1
impor=,1
tant,1
interven,1
alleg,1
insuffici,2
tak=,1
e-away,1
doesn't=,1
dissent,1
denial,1
underscor,1
acknowledg,1
degrad,2
necessi=,1
ty,1
uneasi,1
fer=,1
strident,1
despit,3
poss=,1
ibl,1
constraint,2
reiter,2
mandate=,1
nga,1
goe,7
ground,1
revisit,1
anot=,1
cp01-422,1
aus=,1
pice,1
rm01-12,2
e-5,3
age=,1
nda,1
appar,2
immin,1
discu=,1
ssion,1
nora,1
memo,7
th=,10
ree,2
recommend,22
emerg,3
obviou,1
frustrat,3
co=,4
mmission,1
brown=,1
ell,1
wi=,6
th,2
strengthen,6
federal/s,1
m=,3
agnitud,1
dedic,4
chairman,6
larcamp,1
omtr,1
prop=,1
osal,1
massey,1
p=,2
rocess,2
dev=,1
elop,1
endgam,1
concret,1
clearli,5
baselin,1
multipl,3
background,5
g=,2
ather,1
groundwork,1
infra=,1
conferences=,1
fact-find,1
=09=09i,1
inhibit,1
energy=,1
primarili,3
overrid,1
quest=,1
ion,4
po=,1
werpoint,1
websit=,1
//www.ferc.gov/calendar/commissionmeetings/discussion_papers.htm=,1
update=20,1
a=,12
d=,2
ocument,1
sta=,1
ff,1
smaller,3
st=,2
aff,1
deeper,1
consensu,5
10.000,1
emerge=,1
lengthi,1
progress,5
mediating=,1
tabl,12
eek,1
arto,1
PP,1
merg,2
=09northern,1
rp00-223-005,2
transportation=,1
oncern,1
carlton,1
surcharg,2
=09calypso,1
cp01-444-000,2
secretari,1
secretary=,1
defens,1
presidenti,1
calypso,3
onstruct,1
boundari,1
xclusiv,1
bahama,1
rick,26
Mr,9
dictat,6
neutral,6
8th,4
antonio-,2
4:25,2
v.,4
spoke,5
georgetta,5
baker,6
plead,3
rp01-620,3
disput,6
evolutionari,4
wherebi,4
willing,3
moder,4
evolv,3
staffer,3
merit,6
7-8,4
13-14,3
O,5
pig,5
M,7
60,18
nwpl,2
La,6
plata,4
facilti,1
qualifi,8
written,5
consent,2
committe,10
nwplrepres,1
proport,3
flat,4
3.5,1
add,26
effici,5
alot,4
argu,1
incur,3
260,000,1
1.5mm,1
.174,1
sit,6
budget,14
somewher,4
fork,2
difficult,5
eat,3
instal,18
offici,5
22.3,1
tender,1
twice,3
incorpor,12
4/1/98,1
17.4,1
book,7
9:31,1
came,5
slam,2
dunk,2
anniversari,2
wei,7
disciplin,2
develop/improv,2
skill,7
opinion,10
nuetral,1
speak,20
self,2
______________________________________________,1
terrif,1
10/24/2001,1
51,3
al,3
545,890.37,1
467,367.61,1
phsycal,3
metholodogi,3
vinc,8
713.853.6701,8
chief,4
mcmahon,1
becam,2
unparallel,1
qualif,2
thorough,2
andi,4
fastow,1
ceo,4
1994,1
spent,3
european,15
treasur,2
turn,17
cfo,1
excel,14
holiday,62
forev,2
peac,2
joy,2
qualiti,12
footwear,2
media,5
normal,27
uniform,1
soldier,1
conduct,11
heart,8
endur,3
faith,1
principl,2
carri,3
renew,4
trial,5
kingdom,2
japan,1
holland,1
significantli,11
casual,3
wear,2
highest,4
factori,2
manufactur,4
experienc,9
So,18
memori,7
patronag,1
creed,1
prosper,2
F.,1
sherrer,1
nice,7
easier,10
ditto,1
5:55,1
pretti,4
9:43,2
februari,21
forget,5
10:25,3
boss,7
interview,3
801,2
324-2082,2
30th,24
180,2
south,14
utah,1
main,3
starley,1
gari,10
schmitt,1
accomod,1
templ,1
UT,1
84101,1
1-801-531-0800,1
1-801-532-4127,1
l.d,1
leader/oper,1
campbel,6
environment,12
gleff,1
row,9
ame,4
safeti,4
warren,1
schick,1
chandler,2
10:28,3
lagrillia,1
12:30,2
10:41,1
sweet,5
merri,3
christma,8
mine,3
spill,3
cloth,6
11:23,2
pasta,2
marinara,1
sauc,4
1:17,1
11/5,2
surgeri,3
11/1,2
intraven,1
sp,1
antibiot,1
sinu,2
pre-op,1
dth/d,9
frontier,8
leidi,7
anr,5
transco,4
pennsylvania,5
interconnect,15
petal,3
badger,3
co.,7
pine,3
carolina,3
midcontin,3
270,3
northeastern,2
jersey,3
30-inch,2
compress,3
subsidiari,3
25,000,2
30,000,5
horsepow,3
billion,19
LP,3
southeastern,2
bay,2
hub,9
palazzo,2
panhandl,2
oklahoma,2
LB,3
OK,5
transcontinent,2
mississippi,1
1,050,1
kenosha,1
135,1
phase,1
marketlink,1
130,000,1
PA,1
42-inch,1
mostli,1
3,400,1
hp,1
rapid,2
overwhelm,1
adjac,1
minim,4
subsid,3
aquila,2
50,000,2
13.56/dth/month,1
llc,7
stori,7
59,5
enterpris,1
MS,2
94,1
9,000,1
700,000,1
gas-fir,2
210,2
20-inch,1
racin,1
10-mile,1
19.5,1
124,500,1
10,500,1
diminish,1
subordin,1
enough,9
upheld,1
conclus,1
critic,6
formerli,1
koch,1
bcf/d,3
conclud,1
sept.,1
600-700,1
36-inch,1
greater,3
AL,1
georgia,1
residenti,3
rolf,1
gafvert,1
enabl,3
louisiana,2
venic,1
entergy-koch,1
third-parti,1
bistineau,1
marc,1
in-servic,7
sometim,3
8,800,1
33,3
400-mile,1
365,1
cheyenn,1
colorado,1
southwestern,1
kansa,1
540,000,1
america,27
cost-effect,1
prolif,1
rocki,5
cocklin,1
allevi,1
shortag,1
cite,3
donni,1
king,1
688-6968,1
elliott,3
688-6637,1
dale,5
sander,2
688-6944,1
//westernfrontier.williams.com,1
osama,5
buehler,4
8:55,1
'hugh.r.lindberg,1
conoco.com,1
'jfawcett,1
4:59,1
10:13,2
'swalker,1
sidrichgas.com',1
sick,5
humor,1
man,3
craig,7
dietz,5
bodnar,6
funni,3
sound,8
loud,2
//www.newgrounds.com/portal/view.php,2
id=33641,2
11:00a,1
ecn-1336,2
3:30p,3
duti,2
achiev,6
forth,3
depart,8
exemplari,1
schaffer,1
burn,3
cdr,1
domest,3
burner,3
technic,10
instantli,6
website.click,1
Go,32
winfix,6
PC,6
boost,4
ordinari,2
nearli,3
NT,2
microsoft,3
fault-toler,2
self-repair,2
windows.click,2
safest,2
non-stop,2
arlen,2
dixon,2
pinewood,2
10/25/2001,1
-111,355.53,1
441,917.71,1
enw,4
gss,2
800-97-enron,2
worldphon,2
1-800-97-enron,3
mci,2
worldcom,2
telecommun,2
c.s.t,1
exclud,5
wallet,2
//home.enron.com:84/messaging/mciannouncement.doc,1
prompt,9
1-800-973-6766,2
0-800-97-enron,1
800-973-6766,1
U.,1
713-345-5552,1
hasan,3
imam,1
713-345-8525,1
ljm,4
partnership,3
defend,2
suspend,8
lawsuit,2
employ,10
reform,2
destruct,1
shall,4
handwritten,1
liabl,1
civil,4
crimin,5
penalti,1
vigor,1
713-853-5550,1
upcom,14
hewitt,2
trust,2
jeopard,1
reconcili,1
particular,5
vehicl,2
goal,5
varieti,2
weigh,5
choic,9
align,1
toler,2
tire,3
relief,2
bare,2
BY,20
nowher,1
burden,1
empow,1
creditor,4
bureau,2
non-profit,3
mammogram,4
cpr,3
aid,8
contractor,3
M.,12
mammographi,4
rose,2
bodi,22
shop,16
studio,12
B,12
deadlin,6
van,5
12-16,1
p.m,2
spous,1
retire,1
payabl,7
cash,22
713-745-4000,1
//www.mdanderson.org/departments/mobilemamm/dindex.cfm,1
pn=29c87a2e-b66a-11d4-80fb00508b603a14,1
//www.the-rose.org/,1
inquiri,2
print,21
0.0500,7
avg,5
vol,5
1,000,3
10,000,7
23,250,2
15,500,2
69,750,2
eol,1
26-oct-01,1
jan-01,1
feb-01,1
mar-01,1
apr-01,1
may-01,1
jun-01,1
jul-01,1
aug-01,1
sep-01,1
oct-01,1
465,000,1
15,000,6
nov-01,1
600,000,1
dec-01,1
310,000,1
1,395,000,1
42,273,1
713-345-7932,2
bone,6
5:36,1
spinal,1
injuri,2
//my.webmd.com/content/article/1680.53134,2
vertebroplasti,2
cement,2
fractur,3
disc,2
neighbor,4
dr.,8
twyford,2
baytown,2
jacinto,2
methodist,2
=====================,10
========================,10
//www.classifieds2000.com/cgi-cls/ad.ex,9
rent,10
spring,8
//www.classifieds2000.com/cgi-cls/display.ex,4
//classifieds.excite.com/cgi-cls/r.bat,4
classifi,5
ferrari,2
348,2
spider,2
26000,2
79,900,2
p61+c14+r100010702+changeaddetail,2
p61+c14+r100010702+deletead,2
motorcycl,8
1998,6
honda,5
CR,2
3,250,2
p61+c18+r100002353+changeaddetail,2
p61+c18+r100002353+deletead,2
0+excite+place_select,3
excite+com,3
r6240,2
r6241,2
==================================================================,2
822-7040,2
threat,3
nonspecif,1
unsubstanti,1
nonetheless,1
presenc,1
suspici,3
3-6200,2
945,1
87,4
865,1
525,1
1782,1
66,1
667,1
1042,1
707,1
68,2
512,1
408,1
80,7
3.03,1
+.69,1
3.02,1
+.67,1
2.86,1
+.695,1
.17,1
.26,1
.27,1
.44,1
.14,1
+.01,1
overhead,1
afudc,1
split,4
ron,4
1-248-872-5462,2
spank,1
pour,1
peek,1
friend,18
250.00,1
2500.00,1
makeup,1
durat,1
jean,10
mcfarland,2
steve',1
diamond,21
=09=09,24
ashford,15
stud,8
ear,7
ashford.com,18
cartier,3
tank,5
crystal,4
art,3
dooney,4
bourk,4
handbag,5
invicta,3
diver,3
francais,2
imag=,4
signatur,2
automat,10
pendant,2
=09=09=09,15
=09=09=09=09,3
ring,7
styl=,1
e.,1
hole,1
pocket,6
trea=,1
deserv,3
h=,3
ere,3
hottest,6
nd,6
fra=,1
ncais,1
classic,4
eleg,1
wide,4
beau=,1
tiful,1
timepiec,1
woman,3
pair,3
accessori,2
mats=,1
jonasson,1
ide,1
rubi,1
mat,1
J=,1
onasson,1
bourk=,1
line=,2
medium,1
leather,7
shopper,1
im=,3
ese,1
versatil,1
omega,1
speedmast,1
tag,4
heuer,1
kirium,1
qua=,1
rtz,1
elit,1
movado,5
harmoni,1
ashfor=,1
cashmer,1
muffler,1
oroton,1
dooney=,1
oakley,1
jacket,6
2.0,3
coll=,1
ection,1
pearl,3
ja=,1
strongwat,2
mini,1
frame,25
sharper,2
companion,1
image=,3
engag,4
pie=,1
ce,3
jewelri,3
loos,4
stone,1
diam=,1
ond,1
cli=,2
cking,1
ch=,2
ang,1
jschunter,4
newsle=,1
tter,1
'remov,5
i99-07-003,2
gir/unbundl,1
legislatur,3
gov,1
met,22
leader,2
worsen,1
crisi,4
shortfal,1
mon-friday,1
search,19
occas,4
pre-select,1
smile,1
8:52,1
formula,24
tw_,2
usgt,9
notwithstand,2
deals-,2
punish,2
themselv,9
etc-,2
ingaa,2
nightmar,2
similarli,4
situat,3
comparison,2
3rd,19
4th,15
qtr,2
33138,2
fleet,6
cheri,5
amanda,4
sublet,3
sr.,6
inventori,17
organiz,1
specialist,1
nada,1
valuabl,7
ET,1
bruce,2
eight,1
logist,3
bba,1
apic,1
certifi,3
shirley,2
dickens-wilson,1
713-646-7545,1
shirley.jo.dickens-wilson,1
anthrax,16
bio-terror,4
erad,3
postmast,2
virus,2
english,2
=09=09=09=09=09,1
do=,3
citizen,4
jack,5
potter,2
thru=,1
pre=,1
vent,1
infect,1
ultra-violet,1
l=,2
ight,1
bacteria=,1
=09=09new,1
zapper,1
mor=,2
extermin,1
portabl,1
hand-held,1
batteri,1
op=,2
erat,1
flashlight,1
ea=,1
sili,1
zap,1
steril,1
its=,1
elf,1
desk,7
workplac,1
ot=,1
everyday,2
extermi=,1
nator,1
bacteria,1
usin=,1
g,5
ultraviolet,1
wave-th,1
germicid,1
fo=,5
diseas,3
detect,1
opl,1
as=,2
it=,1
prepared,1
panic,1
flood,3
world.=,1
ace,1
concluded=,1
=09=09postmast,1
=09=09________________________________________________________________=,1
___________________________________________________,3
sh,1
rece=,2
022481=09,1
felt,5
nelson,6
345,2
5241,2
channel,13
american,29
cancer,4
volunt,11
//cr.enron.com/eia.html,4
happen,14
societi,2
kid,17
museum,1
scienc,2
crate,1
barrel,3
preview,3
aero,2
carwash,2
nutcrack,3
cpr/first,1
lung,2
par,2
fore,2
pet,2
golf,4
tournament,2
my.home.enron.com,4
set-up,4
submit,20
eia,4
2020rx.com,18
//www.lensexpress.com/2020rx/2020rx3.asp,4
o=30,4
l=2020c,4
id=,4
eyglass,2
eyewear,2
dramat,4
calvin,2
klein,3
ellen,2
giorgio,2
armani,2
foot,3
optic,2
90-day,2
money-back,2
spectacular,2
2020rx.com',2
easy-to-us,2
try-on,2
upload,2
selector,2
thrill,2
12/5/01,3
12/05/01,2
stretch,2
scale,3
danc,3
lost,5
pound,3
diet,2
weigh-in,1
swing,2
ffff92t,1
faint,1
scream,1
cri,1
imagin,6
laugh,1
nake,1
gave,7
sloppy-wet,1
kiss,3
53,3
exactli,2
ffff85,1
hubbi,1
ole,2
miracl,1
berrytrim,1
lit,1
fire,6
wimpi,1
old,14
swore,1
ffff92ll,2
thin,1
sooooooo,1
woe,1
sooo,1
damn,1
barbara,3
berri,1
10/26/01,1
3:36,1
caller,2
recruit,1
numer,5
fals,1
sec,2
govern,12
url,55
arena,2
shift,9
titl,38
//www20.cera.com/eprofil,11
u=35,30
m=2758,1
promin,1
notabl,2
horizon,2
landscap,2
kyoto,1
protocol,1
forg,1
climat,4
union,2
unifi,2
greenhous,1
emiss,1
incompat,1
matur,1
heighten,1
solidifi,1
nich,1
polit,8
hurdl,1
categori,27
autumn,9
roundtabl,9
//www20.cera.com/ev,9
//www20.cera.com/client/updateaccount,9
forgot,27
usernam,26
//www20.cera.com/client/forgot,9
unauthor,26
//www20.cera.com/to,9
questions/com,27
webmast,32
copyright,31
distanc,7
spam,13
switch,2
carrier,4
callingstart,1
49.95,1
zero,3
hidden,4
in-stat,1
student,4
opt,5
campaign,4
strongli,7
administ,7
//www.removeyou.com,2
21st,7
centuri,5
compar,16
femal,9
1.,2
2.,3
3.,2
4.,4
10-year,4
premium,5
smoker,3
38,9
37,2
32,5
43,5
107,2
46,2
134,2
259,2
161,2
10/26/2001,1
78.0,1
450.8,1
ate,2
ought,1
ok,8
contra=,1
ct,1
defau=,1
lt,1
differenti,9
unable=,1
reservat=,1
negotiate=,1
speci=,1
fy,1
lumbia,1
tr=,1
ansact,1
contrast,1
colum=,1
bia,3
greed,1
=09miller,1
=09friday,3
3:35,1
=09harri,4
hartso=,1
=09columbia,1
rat=,1
r=,1
abou=,1
notwithst=,1
ord=,1
elimin=,1
ne=,1
rehea=,1
i'm=,1
exercis,19
expedit,4
withhold,4
ngi,6
improprieti,2
27/mmbtu,2
cents/mmbtu,2
rp97-288-009,2
jacob,3
leventh,2
fault,2
bulletin,6
tortuou,2
inadequ,2
curiou,4
sempra,5
curios,2
translat,4
wit,2
testifi,2
subsequ,4
levanth,2
threaten,2
knew,2
argument,6
higher,10
subtract,2
gpi,2
aug.,2
tonight,7
jacki,3
azurix,5
2:30-4:30,3
debtor,5
lien,6
loser,2
trace,2
bank,8
bond,2
profess,5
126,2
joint,4
compound,2
500,000.00,2
typic,6
2,000.00,2
314,2
s6,1
shock,2
forgotten,1
79,1
winner,4
dime,1
non-pay,2
grown,1
epidem,3
massiv,2
invent,1
solid,2
succeed,2
built,2
unknown,2
96,000.00,1
200,000.00,1
24,000.00,1
100,000.00,1
sizabl,1
break,5
polic,3
etc.,3
refinanc,4
norm,2
princip,4
250,000.00,1
disappear,2
non-confront,1
confront,2
2,000,000.00,4
on-lin,19
skip,1
1/2,1
1/3,1
6.00,1
25.00,4
garnish,1
blank,1
holder,1
fulli,11
516,1
drop,11
3,700.00,1
manual,3
8,500,000,1
ball,1
12,000.00,1
marshal,4
407,1
bad,3
259.00,1
goldmin,1
3-5,2
retir,3
none,4
hum-drum,1
brain,4
downsiz,1
destini,2
human,7
9:00pm,3
mountain,1
personnel,2
mere,3
++++++++++++++++++++++++++++++++++++++++++++++++++++++++,3
alexis22,1
sportemail.com,1
sub-lin,1
8.8.8,1
605,2
2485,2
adminscript-upd,1
pob,2
1200,1
o.rang,1
tad,1
aruba,1
.....................................................................................................................................,1
errand,1
mirag,1
dinner,4
9:56,1
9:28,3
//www.mplanners.com/enron,2
login,2
ID,7
9137-a98332601f,1
badg,6
mplanners.com,1
autom,3
planner,1
//www.cirquedusoleil.com/en/piste/dralion.html,1
transpeco,5
5:53,1
airport,3
quickli,10
5:23,1
compil,1
frevert,1
whalley,2
templat,1
alaska,1
highway,1
rough,3
earliest,1
thanks-,1
metafil,2
fist,2
pussi,5
shove,2
hardcor,6
dildo,1
//fistdeep.com/index.php,1
tasco,1
1:22,2
compliment,1
parents-,1
nomin,4
child,29
paperwork,1
chicago,5
j.p.,3
harrigan,2
3:32,1
browser,5
scroll,3
leave-enerfaxdaily-800794n,1
relay.netatlantic.com,2
enerfaxdaili,2
leave-enerfaxdaily-801129m,1
pressur,21
curv,3
abund,4
UK,4
//www.cera.com/eprofil,19
m=2797,1
contin,1
surplu,3
slide,3
lng,5
cargo,1
ceraweek,17
11-15,17
//www.cera.com/ceraweek,17
2-day,17
upgrad,23
4-day,17
1,800,17
oil/refin,17
gas/glob,17
//www.cera.com/client/updateaccount,17
//www.cera.com/client/forgot,17
//www.cera.com/to,17
11/16/2001,4
83,5
345.0,1
159.4,1
refin,9
125,4
homeown,6
damag,3
nation-wid,3
lender,4
hungri,2
quotat,4
communicationclick,2
1-log.jpg,6
doubl,6
6.50,4
cirqi,2
du,2
solei,2
saint,1
nichola,1
noah,2
daycamp,2
children,18
thanksgiv,23
fashion,5
luncheon,6
weight,6
watcher,2
=============================================================================,4
hot,12
wild,2
hors,2
5.85,3
fallen,2
compet,2
cooking.com,1
marthastewart.com,1
marthasflow,1
brighter,1
decor,1
craft,1
flower,1
coupon,1
e7ash,1
11/23/01,1
distil,8
jet,5
alert,17
m=2800,2
weak,10
shape,4
lead-up,2
2001/02,2
weaker,3
distillate-to-crud,2
german,2
weaken,5
refineri,2
consumpt,3
switchabl,2
lower,23
9:01,2
//209.114.218.222/c/index1.html,3
babe,2
sexual,8
antic,1
incred,2
blow,1
footag,1
gangbang,1
anal,2
penetr,1
100000,1
pic,3
50000,1
vid,1
15000,1
feed,3
cum,3
//backdoormail.com/goremov,1
ebay,10
proce,3
hallmark,2
gold,11
crown,2
trademark,2
prese=,1
too=,1
egg,1
nog,1
carol,3
ck,1
catalog,4
wonderland,1
ultim,3
plac=,1
one-stop-shop,1
hustl,1
pda,1
cas=,2
hmere,1
sweater,1
shoulder,1
K=,1
eep,1
tradit,10
hotwheel,1
firebal,1
liste=,1
hea=,1
rt,1
victim,2
tragedi,1
walk-on,1
televis,1
one-of-a-k=,1
ind,1
prop,1
A=,4
uction,1
cd,4
your=,3
it'=,1
spirit,2
11/18/01,1
ema=,1
il,1
hallmark.com,1
rder,1
ha=,1
llmark.com,1
this=,2
want=,1
ar=,1
preferenc=,1
es,2
su=,2
bject,1
requ=,1
est,5
privaci,2
question=,1
s.,1
ogo,1
1-million,2
400.00,2
3-million,2
bulk,4
aol,1
600.00,1
5-million,1
800.00,1
7-million,1
1000.00,1
10-million,1
700.00,1
2-million,1
1,000.00,1
tittl,1
doc,1
introductori,1
bigger,2
exposur,5
209-656-9143,1
unitednet16,1
excite.com,1
//www.removeyou.com/,4
023154,1
roya,7
otcbb,7
dissemin,4
cpth,3
.55,2
3.05,2
.31,1
1.24,2
royal,1
1.25,2
5.25,1
fully-report,3
multi-facet,1
skyrocket,1
decad,5
mortgag,10
bargain,1
basement,1
climb,1
undervalu,2
disclaim,2
high-growth,2
intent,4
reward,6
broker,2
dealer,2
advisor,2
neither,2
solicit,3
smallcap,2
compens,5
inher,2
liquid,12
a++,1
ratio,4
R=,3
efinanc,1
conso=,1
lidat,1
ish,2
n=,3
ot,1
emai=,1
never=,1
027316,1
s/h,2
+s/h,2
giovanni,1
navarre-,1
famou,1
warm,2
bomber,1
unisex,1
//3434967328/gfcoat.htm,1
199.99=09your,1
59.99,1
ladi,2
3/4,1
length,2
//3434967328/gf34.htm,1
239.99=09your,1
69.99,1
trench,1
coat,1
//3434967328/gftr.htm,1
299.99=09your,1
99.99,1
//3434967328/gfcoatkids.htm,1
89.99=09=09your,1
39.99,1
compli,2
rega=,1
rding,1
unsolicit,1
ield,1
entered=,1
comme1=01,1
29.95,1
rank,2
lane,1
water,4
888-892-7537,1
888-800-6339,1
x1377,1
chart,11
trader,10
pattern,5
exit,4
4-5,3
introduct,4
refresh,3
taught,2
systemat,2
stochast,2
state-of-the-art,2
covet,2
technician,4
resist,3
entri,5
signal,4
momentum,2
diverg,2
candlestick,2
wave,6
dpri,14
explod,3
diversifi,2
inspect,2
contamin,1
company',1
led,2
4.00,1
strength,4
recomend,1
soar,1
latin,12
upstream,14
hydrocarbon,2
implic,4
elig,10
venezuela,1
m=2798,1
pdvsa,1
accompani,3
graphic,2
sondra,2
alejandro,2
rice,6
617,5
576,2
8763,2
mrice,2
p.m.est,2
correspond,4
mandatori,5
pre-regist,4
audio,5
888,10
729-8976,8
truth,7
lover,3
sitter,3
decision.,2
dba,3
years.,2
misdemeanor,2
feloni,2
convictions.,2
uninform,3
~~~~~~~~~~~~~~~~~~~~~~~~~~~~~~~~~~~~~~~~~~~~~~~~~~~~~~~~~~~~~~~~~~~~~,3
courtesi,3
slashman_692000,1
yahoo.com,6
subject=remov,4
whichev,1
watton,8
chat,4
df,4
canadianinstitute.com,4
3:37,4
dfossum,4
briefli,5
barrier,4
worksheet,2
665-4026,1
scg,3
2837-a,9
ofo,9
intraday,6
imbal,11
al2837,7
al2837-a.pdf,2
4:01,1
99,1
tech,11
nov,13
pass-along,1
9:50,1
5:02,1
gregg,1
klatt,8
supplement,3
customer-own,1
describ,2
i.99-07-003,1
criteria,6
d.99-07-015,1
1999,2
convinc,1
protest,30
346-6502douglass,1
6th,6
inal,1
stoke,1
christinestok,1
hotmail.com,3
7:19,1
hey,6
steve-,2
12:00,4
priviledg,2
fat,13
msn,3
//explorer.msn.com,3
'http,1
//go.msn.com/bql/hmtag_itl_en.asp,1
5:41,3
thoreau,5
id-1,1
920,000,1
1.100,000,1
shell,4
Df,2
9:12,2
phc,17
bcap,13
noon,12
parrott,5
gregoryklatt,9
rodney,9
brill,6
R.,20
a.01-09-024,9
substant,7
bcap-phc,7
v1,7
.doc,7
619,6
circul,3
pre-hear,5
sens,3
gloria.,3
tpeterso,3
srossbordenenergy.com,3
thompso,3
bkc,3
kcl,3
weg,3
aclark,3
dnt.com,3
bradylaw,3
pacbell.net,2
wright,3
gillian,3
tp1gxw,3
11:14:43,3
sdg,8
articul,3
flavor,3
20th,3
non-substant,3
de-posit,2
ignor,3
nonsubstant,3
unwieldi,3
ph,3
699-5063,2
699-5027,2
jparrott,32
pnr,6
hanagriff,4
pnm,4
27267,4
500617,4
0.1000,4
9:55,1
attent,5
mathemat,1
mbod,1
9:44,2
PO,4
poi,2
dekatherm,2
rate/dth,2
daily/tot,2
0.0900,2
1,350.00,2
3,000.00,2
virginia,2
27719,2
500623,2
14,514,2
5,866.97,2
27249,2
500622,2
0.0200,1
cinergi,2
27467,2
500621,2
17,600,2
6,540.00,2
72,114,2
17,656.97,1
abandon,6
willnot,1
blackberri,17
wireless,9
handheld,7
www.blackberry.net,7
greatli,12
westward,4
rp97-288-017,4
gotten,2
told,4
cupc,2
transform,2
domin,2
exagger,2
9:40,1
filing/,1
rp97-288,2
answerinda.doc,1
2:45,4
veatch,9
marten,14
donna,18
petersen,8
dornan,9
dari,9
twfercextension.doc,3
talent,3
accomplish,5
meaning,1
element,1
timelin,1
self-direct,1
skill-bas,1
peer,1
exempt,1
360,1
tutori,1
salari,2
incent,2
discret,1
pool,1
bonus,1
encourag,2
comments/quest,6
one-year,2
=09rapp,2
ka=,2
peterse=,2
=09if,1
paragraph,11
ompressor,1
service=,1
existin=,1
ut,1
sh=,1
ould,1
paragr=,1
aph,1
servi=,1
similar=,1
ontinu,1
place=,1
operat=,1
don't=,1
abandonment.=20,1
=09petersen,1
11:05,2
=09fw,3
=09porter,1
=09transwestern,1
=09attach,1
abandonme=,1
tha=,2
authori=,1
zed,1
0.0300,1
4,500.00,1
21,256.97,1
milder,2
fall,11
m=2802,1
arriv,3
hint,1
onset,3
jitter,1
early-novemb,1
depress,2
ampl,1
2.70,1
3,107,1
cubic,3
feet,4
harsher,1
year-over-,1
swell,1
770,1
end-decemb,1
keith's-,1
MK,13
addtion,5
11:18,5
rp97-288cpuc.doc,5
681-4894,1
264-2815,1
492-8961.,1
2:47,3
hartso,7
norden,3
paschal,3
zelda,3
josi,3
honest,1
mix,4
improp,1
circumst,2
all-enron,1
transpir,1
imprud,1
regret,2
899-4993,1
281,7
350-8441.,1
inadvertedli,1
e-4,1
e-6,1
e-7,1
e-8,1
e-9,1
e-10,1
e-11,1
e-14,1
e-17,1
e-20,1
e-23,1
e-27,1
e-28,1
e-29,1
e-32,1
e-33,1
e-36,1
e-38,1
e-44,1
g-3,1
g-5,1
g-7,1
g-13,2
g-14,1
g-15,2
g-16,1
h-1,1
h-2,1
h-3,1
c-1,1
c-2,2
c-3,1
c-7,1
c-9,1
e-3,1
e-26,1
e-47,1
e-12,1
e-13,1
e-15,1
e-22,1
e-24,1
e-35,1
e-42,1
e-43,1
e-46,1
g-8,1
g-9,1
g-10,1
g-11,1
c-4,2
c-5,1
stricken,1
e-2,1
e-16,1
e-31,1
e-40,1
bigtaco20012000,1
2nd,9
530-343-9681,15
setup,12
200,000,000,12
/,19
firepow,9
149,6
bronz,6
silver,6
platinum,6
resel,7
......,6
visa,9
530-343-1808,6
duplic,4
sort,4
10,000,000,3
step-by-step,4
obey,3
fortun,4
dream,6
149.00,4
189.00,3
249,3
whenev,7
339,3
mastercard,3
amx,3
MC,4
_______________,4
___________________________,3
card________________________,3
_______________________________,3
____________________________,3
city_________________________________________,3
state___________________zip__________________,3
country____________________________________,3
code___________________,3
address______________________________,3
3.85,3
15.00,3
properli,4
bonafid,3
undeliver,3
terrorist,7
reimburs,3
paypal,3
congress,3
establish,5
religion,3
thereof,3
abridg,3
speech,3
peaceabl,3
petit,4
redress,3
grievanc,3
____________________________________________________________,1
messsag,1
3.0,1
cool,3
//www.1cis.com/download/1cismail.asp,1
asham,1
peni,1
size,5
boyfriend/husband,1
font,63
/font,63
color=,37
size=,23
arial,18
face=,17
b,12
/b,12
helvetica,11
sans-serif,11
330066,11
br,10
align=,8
div,12
/div,12
align=cent,6
width=,6
0000cc,4
/B,6
/P,8
p,4
/p,4
html,4
meta,4
content=,4
verdana,3
153,3
ff0000,3
tree,6
href=,9
text/html,3
charset=iso-8859-1,3
bgcolor=,6
tr,2
000099,2
td,3
size=5,2
000000,3
99ccff,2
/td,32
/tr,15
/tabl,9
school,6
color=black,2
size=4,4
span,4
style=,2
/span,4
/a,5
hr,3
http-equiv=,2
content-typ,3
doctyp,1
-//w3c//dtd,1
4.0,1
transitional//en,1
http-equiv=content-typ,1
mshtml,1
5.50.4207.2601,1
name=gener,1
/head,2
ffffff,11
link=,1
0000ff,3
border=0,11
tbodi,8
height=48,1
face=ari,1
/tbodi,7
BR,22
border=,1
cellspacing=,1
cellpadding=,1
u,3
uncov,1
/u,1
enemi,1
militari,2
buddi,1
information.,1
font-size:12.0pt,1
font-famili,1
roman,1
333333,1
social,1
unlist,1
//ii.technostor.com,1
www.removeyou.com,1
//www.removey,1
/A,4
solution.,1
0214310,1
postal,2
450,2
ton,2
wast,2
landfills.,1
//www.environmentaldefens,1
org/issues/recycling.html,1
planet,1
nbsp,39
img,8
src=,8
//em.technostor.com/cgi-bin/emview.ex,1
ii-m4-0713,1
/bodi,2
/html,2
wizard,26
vh,15
playstat,15
ffffae,8
virtually=,3
equ=,3
ipment,3
learn=,1
on=,1
cr=,1
camcord,3
dv=,1
vhs.gif,2
10098,2
byte,3
ffffa=,1
cope,3
quipment,1
pric=,1
fr=,1
playstatio=,1
11/19/2001,1
61.8,1
163.3,1
club,41
2001.doc,15
plaza,15
salad,9
dec,11
bella,7
rinova,7
spa,6
brunch,4
roast,5
squash,7
potato,3
chees,3
chicken,4
pie,3
mcray,6
cholesterol,13
massag,5
multipurpos,5
soft,9
schedule.doc,5
snack,3
bar,3
chef,3
menu,5
soup,5
grill,3
green,5
bean,2
mushroom,2
carrot,2
jelli,2
cranberri,2
blue,6
french,2
vinaigrett,4
slice,2
seri,3
make-up,3
713-571-9216,3
morrison,4
5:30pm,2
milli,2
713-225-3257,3
cook,3
st.,4
luke,4
713-791-8680,3
glucos,4
thyroid,5
drink,5
membership,7
draw,4
complimentari,6
margarita,4
tour,3
studio-,2
-2,2
club',1
a.m.-,1
26-28,1
11-2pm,1
sandra,2
713-632-1561,1
28.95,5
12.95,1
tantal,1
tast,2
bud,1
butternut,2
carv,1
pit,5
ham,4
creami,1
horseradish,1
turkey,3
giblet,1
gravi,1
salmon,1
champagn,1
leek,1
buttermilk,1
whip,1
bread,1
stuf,1
candi,2
casserol,1
steam,1
broccoli,1
relish,1
fruit,1
display,2
salad/,1
spinach,1
dress,4
italian,1
ranch,1
shallot,1
raspberri,2
condiment,1
toast,1
sesam,1
seed,1
crouton,1
cucumb,2
tomato,2
bell,2
pepper,2
alfalfa,1
sprout,1
romano,1
grate,1
ea,1
composit,1
garbanzo,1
pickl,1
beat,4
grape,1
almond,1
marin,4
veget,2
dessert,1
pumpkin,1
pecan,1
cheesecak,1
chocol,1
mouss,1
kiddi,1
strip,1
fri,3
corn,1
dog,1
peanut,1
butter,1
sandwich,1
popular,4
mccullough,1
makeov,1
bobbi,1
boas,1
sophia,1
navarro,1
artist,1
caesar,1
tortilla,1
lime,1
coffe,1
tea,1
postpon,1
til,1
cpa,2
ria,2
l.l.c,2
ms.,4
economi,8
JD,3
mccarrol,2
l.l.p,2
educ,12
529,2
feb.6,1
713-652-0700,3
281-788-0817,2
713-861-8253,2
seat,6
20.00,2
cle/cp,2
governor,2
russel,2
rudi,2
713-654-0877,4
skydiv,1
dec.15th,1
adventur,1
jennif,4
713-890-8822,1
7-9am,1
11-1pm,1
chemistri,2
hepat,2
hiv,2
12-hour,2
9-3pm,1
smoke,2
cessat,2
wellness/nutrit,2
nutritionist,2
RN,2
infra-r,2
31st,1
390,1
272,1
co-work,2
giveaway,2
713.652.0700,2
713.890.8823,2
mid-week,2
mixer,2
guest,3
theatr,1
6:00pm,2
candlelight,1
wine,4
hor,1
breakfast,2
sugar,2
flour,1
joan,1
ifland,1
healthier,1
studio-a,3
-b,3
fimi,21
prophetx,13
marg,5
reuter,4
fimi.com,4
petkovsek,2
platt,2
edg,4
1-800-532-0136,2
on-the-net,2
ser=,2
referr,2
booth,2
prophetx=,1
ddition,1
midd=,1
wareh,1
accommodate=,1
tibco,1
'rock-solid=,1
world-wid,1
ave,1
F=,2
imi,1
desktop,1
mario,1
gomez,1
ming,1
upcoming=,1
nbspseason,1
function=,1
navig,2
drilldown,1
intern=,1
petko=,1
vsek,1
fim=,1
ntli,1
osit,1
main=,1
tain,1
optimum,1
shar=,1
effectively.=,1
manag=,1
cus=,1
tomer,1
satisfying=,1
marg=,1
=09fimi,1
xcetera,1
spotlight,1
have=,1
reut=,1
1-800-435-0101/option,1
jump,2
competi=,1
ma=,1
rket,1
on-the-spot,1
of=,1
market-to-market,1
natural=,1
will=,1
publ=,1
megawatt,5
contac=,1
eme,1
demo,2
energymarke=,1
tedge.com,1
proph=,1
etx,1
D=,1
aili,1
spot,4
citygate=,1
locatio=,1
ns,1
1993,1
bidweek,1
icago,1
1988,1
cathleen,1
behan,1
800-427=,1
-5747,1
sen,1
intelligencepress.com,1
referra=,1
experienc=,1
colleagu,1
need=,1
wn,1
fia,1
windi,1
ex=,2
hibit,1
expo,1
-30,1
435,1
yo=,2
nomad,1
mp3=,1
jukebox,1
extract,1
ol,1
hands-on,1
avai=,1
labl,1
on-sit,1
portun,1
margep,1
=09thi,1
post-onli,1
unle=,1
ss,3
'repli,1
'unsubscrib,1
cor=,1
=09copyright,1
reserv=,1
ed.=09=09,1
apolig,2
driver,6
revok,2
.......,2
1-770-908-3949,2
troubl,2
nightclub,1
check-in,1
freeli,1
road,2
1949,1
hagu,1
netherland,1
1958,1
await,3
tie,3
non-homeown,1
poor,1
-60,1
autodial,1
BS,1
xxx,1
//0321.0206.044.034,1
pix,2
dirti,1
nasti,1
rechele4859382,1
china.com,1
honor,4
brave,1
hero,1
abroad,1
fight,1
5:22,1
9:30,2
5:12,3
4:55,7
paso/dynegi,4
necessarili,6
sham,4
3:13,4
rp97-288cpucmk.doc,4
pl,3
bullet,3
5:59,1
4:26,2
strategy.doc,2
houstonhomesearch.com,1
4:36,1
106,700,1
expansion-,3
red-lin,8
languag,11
twfercextensiona.doc,3
120,000,1
106,500,1
think-,1
ok.,2
x33597,2
pleasant,1
2:46,2
9:51,1
junctur,1
agreeabl,1
therfor,1
unresolv,1
uncertain,3
dougla,1
recollect,1
certainli,3
reaction,2
extent,4
particiap,1
//www.cpuc.ca.gov/word_pdf/rulings/11886.doc,1
=09hass,2
sem=,2
pra.com,2
jparrott=,2
6:27,1
revie=,1
w,1
res=,1
pond,1
=09dan,1
partie=,1
atement,1
pge.com=,1
jpa=,1
rrott,1
s=,1
empra.com,1
sempra.co=,1
nergy.state.ca.u,1
jpar=,1
rott,1
nter,1
fi=,1
mail=,1
ile,2
mpra.com,1
puc.ca.gov,1
sempra.c=,1
pa=,1
cbell.net,1
ailto,1
robert=,1
mailto=,1
eet,1
ruli=,1
ng,4
with=,2
nov=,1
ember,1
befor=,1
view=,1
wan=,1
have.=,1
de-=,1
wil=,3
be=,2
hang,2
ur,1
indi=,1
vidual,1
one.=20,1
again.=20,1
jeff=20,1
parrott=20,1
attorney=20,1
energy=20,1
699-5063=20,1
699-5027=20,1
sempra.com=20,1
re-schedul,1
bradi,3
elizabeth,4
gigliotti,2
holm,2
bradley,2
houser,2
rita,4
kedwaii,1
licciardo,2
jeann,2
sawyer,3
trevino,2
cms/cr,1
update/eb40c2,1
3:45,1
pm-4:45,1
gmt-06:00,2
10:03,2
swga,3
11-01l.doc,2
11-01.doc,2
timefram,1
Tu,3
explicit,5
older,3
minor,3
partial,1
reproduct,1
complianc,7
2257,1
nervou,5
11:25,4
11-21-01,4
transwest,4
draftl1.doc,4
pill,4
ejacul,3
600,3
orgasm,2
intens,2
semen,2
30-day,4
581,1
gimm=,1
ick,1
........,1
increa=,1
se,1
stronger,1
erect,1
orgasm=,1
revo=,1
lutionari,1
ejacula=,1
wo=,2
rk,3
al=,1
ong,1
empti,1
bottl,2
refund,10
ever=,1
626-440-1747,1
F,1
-winner,1
burdett,1
golden,1
star=,1
award-,1
capsul,2
restat,2
11:43,3
socalcpucadviceletter11-20-01.doc,3
4:14,1
3:53,2
ambler,2
shafer,13
randi,5
keller,3
neppl,2
soldano,3
loui,3
mccoppin,2
dorothi,2
clayton,2
lawrenc,2
gibb,2
customarili,2
12:33,2
sentenc,6
phrase,6
35.2,2
explan,3
broader,2
encompass,2
realiz,4
12:55,1
darveaux,2
near-term,2
playback,11
premier,12
conferenc,12
m=2804,1
julian,1
ann-louis,2
hittl,2
lindem,1
robinson,2
sannicandro,1
simon,1
blakey,1
multicli,1
placewar,8
button,11
m=2807,1
foster,1
tanguy,1
Le,1
quenven,1
commodit,1
replay,5
11:42,1
24,500,1
opec,9
chakib,2
khelil,2
minist,2
algeria,1
m=2786,1
m=2787,1
crude,4
+1-888-203-1112,1
+1,2
719,1
457-0820,1
outsid,8
680310,1
11/20/2001,1
146.1,1
166.5,2
under-privileg,1
hisd,1
elementari,2
outfit,1
toe,1
toy,7
216,1
468,3
x35559,1
irg,2
yourdream,1
prestigi,2
super,1
start-up,1
drastic,2
cost-per-hir,1
high-tech,1
high-touch,1
extraordinari,1
40,000,3
placement,2
100,000,2
back-to-back,1
seriou,2
closer,2
pack,3
stuffer,1
delux,1
//www.lensexpress.com/holiday2001/holiday.asp,1
//www.lensexpress.com/wsun/wsun/.asp,1
type+speci,1
sch=wsn,1
drill,16
downturn,3
rig,10
gas-direct,2
tighter,1
m=2808,1
fell,1
2.00,1
midsumm,1
peak,4
1,068,1
plummet,1
834,1
700-750,1
8,000,2
fewer,1
onshor,1
shallow,1
shelf,1
rebound,6
jhyatt,2
perri,4
bag,2
shoe,2
email.msn.com,1
fawcett,1
soli,1
melissa,1
neal,1
hignojo,1
wynn,1
rhenn,1
borger,1
fawn,1
hillegond,1
truss,1
sturr,2
matthew,4
lynda,2
washington,3
callan,2
nanci,4
diana,2
carr,2
rene,2
lmfoust,1
maffett,1
kingwoodcable.com,1
damon.geneva,1
prodigy.net,1
12/19,1
gordon,3
12/20,1
chariti,1
dread,1
co-chairman,1
p.w,4
349.00,2
1-661-252-6028,2
EZ,5
internets',1
accumul,3
4,500,000,1
geograph,2
visa/mast,1
9am,1
8pm,2
1-661-244-4903,1
661-252-6028,4
_____ye,3
4.5,1
prioriti,3
address__________________________________________________,1
____________________________________________,1
address___________________,1
salesmen,1
PW,1
18565,2
soledad,2
rd.,2
204,2
91351,2
_,28
GH,26
gh1,18
anti-ag,18
hormon,17
muscl,8
wrinkl,6
skin,5
stamina,4
11.00,4
biolog,5
sprint,3
substanc,3
protein,3
therapi,3
symptom,4
vital,4
microgram,3
48.95,3
10-20,4
oral,3
clock,3
lean,4
cellulit,3
immun,4
began,4
-dr.,2
cold,8
dosag,2
endocrin,2
chemic,2
compos,2
regener,2
abil,3
revers,2
youth,2
defici,2
un-us,2
37.90,2
1-775-243-6797,2
1-775-245-3424,2
1542,2
MT,2
59103-0084,2
city/state/zip,2
++++++++++++++++++++++++++++++++++++++++,2
84,3
s19,1
potenc,1
frequenc,1
88,2
72,2
potent,2
shown,2
cardiac,2
output,3
usag,1
astound,1
igf-1,1
furthermor,2
score,1
190,1
144,1
zuckerman,1
m.d.,1
180/120,1
120/80,1
-susann,1
laguna,1
126/84,1
workout-and,1
'rev-up,1
amp,1
treadmil,1
gym,2
tighten,1
chin,1
karat,1
workout,1
expend,1
130,2
65,2
boyd,1
harvard,1
psychologist,1
straight-ahead,1
bicycl,1
racer,1
45,5
-ed,1
caz,1
fresno,1
inch,1
waist,1
magnifi,1
glass,1
-larri,1
oceansid,1
stress,1
midst,1
discourag,1
tough,1
course-,1
headach,1
inflamm,1
throat,1
hallelujah,1
puffi,1
snap,1
faster,1
tone-i,1
legs-and,1
carolyn,4
munn,1
2-3,2
-rita,1
mill,1
elev,1
twenti,1
ghi,1
245,1
hardli,1
gray,2
darken,1
root,1
spray,3
-alan,1
ross,1
prescrib,1
shot,1
2000ng,1
imit,1
pituitari,2
gland,2
microscop,1
insulin,1
puls,1
influenc,5
adolesc,1
90,6
newli,1
trillion,3
die,1
memor,1
age-rel,1
mental,2
libido,1
estrogen,1
progesteron,1
testosteron,1
melatonin,1
dhea,1
tini,1
messeng,1
bloodstream,1
greek,1
stimul,1
deter,1
scope,1
prevent,3
elast,1
etern,1
fountain,1
gradual,1
physician,1
patient,1
wealthi,1
privi,1
molecul,1
191,1
amino,1
acid,1
61,1
anim,3
speci,1
sd,1
somatotrophin,1
syndrom,1
occurr,1
regimen,1
liver,1
pancrea,1
spleen,1
kidney,1
fertil,1
quicker,1
wound,1
repar,1
smooth,1
ldl,1
hdl,1
thirti,1
edmond,1
m.d,1
ph.d.,1
150.00,1
50.00,1
life-chang,1
misprint,1
PS,3
circl,1
discov,3
1997-2000,1
=================================================,1
sy,1
alicia66,1
imacapricorn.com.au,1
data-cen-p,1
00,2
O.,1
anges.tad,1
ruba,1
===============================================================,1
quarterli,3
in-depth,3
aid/scholarship,1
e-book,1
scholarship,1
degre,7
institut,1
guidelin,1
tip,1
fingertip,1
-order,1
39.95,1
24.95click,1
crowd,1
-secur,1
vip,3
discontinu,2
unpreced,1
especi,5
suspens,2
indefinit,2
charit,1
submiss,2
bust,11
m=2810,2
dynam,6
24,000,2
year',1
exert,2
downward,2
southwest,7
fourth,6
year-over-year,2
lid,2
distributorship,2
readili,2
lifetim,2
//3468642680/~gung/biz1/,1
remv,1
fron,2
furhter,1
takkkeoffen,1
pep.enron.com,1
id,5
x34777,1
fran,2
fagan,2
rep,2
713.853.5219,3
fran.fagan,2
hgh,7
rejuven,2
ffff94,2
1-888-248-4571,2
eventu,1
shrinkag,1
chiropractor,1
ffff93hgh,1
ffff96,1
ffff93in,1
equival,2
magnitud,2
rudman,1
MD,1
england,1
medicin,1
suppl,1
d.w.,1
besid,1
husband,1
allergi,1
spell,1
lift,1
accid,1
lb,1
c.b.,1
flagstaff,1
AZ,3
distributor,1
mlm,1
1-888-376-1982,1
x3397,2
zai,10
caminus.com,4
publisher.doc,2
writer.doc,2
960,1
importer/publish,2
xml,1
monday-wednesday,1
10-12,1
first-tim,1
ideas/feedback,1
212-515-3609,2
matthew.gordon,2
amex,2
banker,2
usi=,1
e-mail=20,1
inter=,1
therest,1
busine=,2
mil=,1
lion,1
ternet,1
12,000,3
wa=,1
thei=,2
sharehold,2
merger,13
ac=,3
quisit,1
complic,1
matchmak,1
larg=,1
nyse,1
nasdaq,1
otc=,1
/bb,1
associate=,1
exper=,1
ienc,1
300,000,1
ffff93hottest,1
rig=,1
ht,1
attorne=,1
thi=,1
directions.y,1
oney,1
now=20,1
lind,2
2:17,4
eisenstein,5
arnold,6
kendrick,4
11/19,3
jpmorgan.com,9
jpmorgan,6
brent.wahl,5
900,3
counteract,1
eric.fornel,4
bullett,1
2006,2
2000/2001,1
2005-2006,1
hydro,1
overbuild,1
displac,1
vs.,3
decontract,1
unforeseen,1
digest,1
brent,2
measom,2
4605,2
oak,2
77027,2
713.622.5678,2
124,2
www.tomjamesco.com,2
//www.tomjames.com/asp/biopage.asp,2
empidn=05568,2
editori,2
4:48,3
david.edelson,3
chase.com,3
carl_o_vevl,3
restricted.chase.com,3
confernc,1
JP,2
877-382-9541,1
passcod,1
473270,1
rod.hayslett,2
CC,5
13:33:28,1
2s,2
breakdown,2
assumpt,3
firm/interrupt,2
fornel,2
516-626-9464,2
914-833-0234,2
212-270-6154,2
646-232-5305,2
713-201-6135,2
936-597-3905,2
11/23/2001,1
1:33,1
coven,6
etsc,1
dot,2
4:46,2
5:03,1
11:03,1
verif,3
data-,1
3:20,1
protest/,1
answerindc.doc,1
coughlan,1
clanon,1
snewsom,1
rswanson,1
nalcoexxon.com,2
bloomfield,6
drag,5
RJ,1
sturn,1
12:49,1
chanley,2
earl,3
wjdudley,1
tlsweeney,1
grave,2
choquett,1
kouri,1
spald,1
gottspon,2
launcher,3
dra,3
benefici,5
outback,8
steakhous,8
geissler,6
tue,5
iere.net.avaya.com,5
-read,5
esmtp,4
-0500,4
dali,3
tgeissler,2
avaya.com,2
rly-yd02.mx.aol.com,2
v82.22,2
8.11.2/8.9.3,2
16:36:25,2
co9510avexu1.global.avaya.com,2
content-class,2
W,5
gateway.net,2
shelti,2
aliberti,2
suzann,2
charl,3
arthur,2
Jr,2
joseph,3
kdali,2
nawrot,2
christi,2
schwarz,2
snet.net,2
travelersla.com,2
eisenman,2
'lisa,2
content-transfer-encod,1
quoted-print,1
return-path,1
rly-yd02.mail.aol.com,1
172.18.150.2,1
air-yd05.mail.aol.com,1
mailinyd52-1120163805,1
16:38:05,1
198.152.12.101,1
mailrelayinyd23-1120163730,1
16:37:30,1
localhost,1
127.0.0.1,1
faklapw22435,1
h135-122-44-154.avaya.com,1
135.122.44.154,1
faklap522397,1
urn,1
mime-vers,1
1.0,1
text/plain,1
charset=,1
iso-8859-1,1
x-mimeol,1
v6.0.4712.0,1
14:33:15,1
-0700,1
message-id,1
1a61a87609b4d048bff02345337316e902bfe291,1
x-ms-has-attach,1
x-ms-tnef-correl,1
thread-top,1
thread-index,1
acfx94cww/ezihn5s3g3y3lkt17ungaaievwaatspga=,1
frankgeissl,1
testandcontrol.com,1
jhairsmd,2
reid,2
jlreid,1
advo.com,1
chow,1
karimac,1
netvigator.com,1
tucker,1
tuxxcnd,1
ljohnson,1
ecentral.com,1
lisag,1
keiler.com,1
lgeissler,1
mail.ccsd.k12.co.u,1
chase,1
mchase2,1
uswest.net,1
luxuri,1
euro-coach.com,1
mikey,1
mjcunning1,1
mooner,1
damoon,1
paul.moor,1
floridatile.com,1
rick.kay,1
eber,1
iliana1,1
shea,1
sheamk,1
pweh.com,1
tampabay.rr.com,1
tomreit,1
centura.org,1
x-mailer,1
12:21,1
brakl,1
hathaway,1
K,3
ctr,1
francesco,1
sheldon,1
R,2
cabral,1
cassella,1
derienzo,1
cunningham,1
mizam,1
dalybrokerage.com,1
ciron,1
judi,1
colon,1
luz,1
crane,1
hilari,1
crowley,1
patricia,2
fijnvandraat,1
jolanda,1
larson,1
o'brien,1
shillington,1
solomson,1
zatina,1
maryann,1
bichop,1
clu,1
chfc,1
bjn,1
capitalstrategiesinc.com,1
cella,1
charles.cella,1
cnalife.com,1
chera,1
gerstein,1
chera.gerstein,1
hrh.com,1
zioga,1
czioga,1
balderston,1
tlmlatafg,1
frenett,1
chuck.frenett,1
cocc.com,1
lavin,3
dlavin,1
tolhurst,1
diane.tolhurst,1
franci,1
verderam,1
f.verderam,1
bozzutos.com,1
lou,1
abar,1
lou.abar,1
pamela,2
pamelar,1
wardfinancialgroup.com,1
'ashley,1
sferro,1
'christi,1
'gari,1
'illena,1
'kelli,1
'lane,1
dimock,1
mckeown,1
'traci,1
'tricia,1
marzano,1
'shirley,1
keeler,1
cheryl,1
herold,1
cutler,1
carmodi,1
loretta,1
cilfon,1
tracker,1
RH,1
139,1
ryan,1
lagrang,1
hoax,1
4,612,1
pop,1
UP,2
ta,1
piec,6
por,5
enron/dynegi,4
vecchio,3
keesler,2
barn,4
carolin,3
rosenberg,1
sat,3
11/17/2001,1
8:06,1
ale,1
cheek,1
evan,1
haedick,3
labanowski,1
mintz,1
jordan,1
newel,1
rex,1
sharp,4
wallac,1
tweed,1
sheila,2
hodg,1
T.,2
sager,1
butcher,1
N.,1
murray,1
julia,1
aronowitz,1
lundstrom,1
novak,1
eickenroht,3
donahu,1
muller,2
3829,1
345-2423,1
646-3491,1
covenant.compliance.memo.3.doc,1
11/21/2001,1
41.0,1
reput,1
courteou,1
counselor,1
discreetli,1
programsfre,1
underground,1
offens,1
zoo,1
breed,1
stallion,1
snake,1
uncensor,1
disney,2
oceanfront,1
sandi,7
common,2
gta,2
gta\sys2\,1
gthou-dv01\data1\transf,1
migrat,1
gthou-dv01\common,1
gphou-nwgway1\gta2\common,1
1-2,1
edi_qa,1
8.1.7,1
gri,6
raetta,3
bianchi,1
5:37,1
zadow,2
winckowski,1
marketing',1
1,2002,1
.0070,1
.0055,1
.090,1
.066,1
.0550,1
.0407,1
gs-t,1
.0110,1
.0088,1
redetermin,1
flip-flop,1
high/low,1
williams/ga,1
spreadsheet,5
entiti,1
//home.enron.com/updates/mergerqa.html,1
dynegi,8
immigr,1
11/24/2001,2
kleb,4
Tw,2
11:41,1
sarah,5
desai,1
jayshre,1
s\marketing\twfinmkt_anly\tw\twfin\2001\misc\,1
plan_forecast_design.xl,1
\summari,1
s\marketing\twfinmkt_anly\tw\twfin\2001\forecast-ce\,1
3-2001.xl,1
_source_data,1
13th,1
07,2
alder,1
amelia,1
11/7/2001,1
norma,1
esop,1
asap,2
br/tw,3
ghill,4
backhaul,4
9:52,1
hinton,2
hans,2
eason,2
cervin,2
pete,2
pressures/volum,2
0mmcf/d,2
100mmcf/d,2
150mmcf/d,2
tw/epng/br,2
burlington,2
624-9009,2
624-9617,2
tribolet,4
mellencamp,4
tholt,4
lawner,4
lesli,4
cantrel,4
rebecca,4
steff,4
novosel,4
w/ferc,6
toysrus.com,8
1,300,2
charact,3
3:22,1
tgeacco,1
Us,1
ft,1
tall,1
plush,1
mickey,1
minni,1
29.99,1
www.toysrus.com,1
discoveri,2
monster,2
barbi,1
leapfrog,1
milton,1
amazon.com/toysrus.com,1
//www.amazon.com/your-account,1
//www.ferc.fed.us/public/isd/sunshine.htm,1
a-1,1
ad02-1,1
a-2,1
ad02-2,1
a-3,1
ad02-3,1
a-4,1
ad02-4,1
637,1
rp00-399,1
g-18,1
interrupt,1
ep01-246-02,1
preliminari,2
cp01-444,1
wheeler-ridg,1
cp01-31-002,1
c-10,1
rolling-in,1
levi,1
cp01-141-001,1
e-1,2,3,1
desigh,1
clean,6
re-appl,3
laplata,2
165,000,2
1,665,000,1
blanco,2
methanol,1
surfact,1
analyz,2
+/-,1
re-appli,1
often,2
infrequ,1
7:44,1
f.y.i,1
alma,4
36503,2
carrillo,1
alma=20,1
3:05,1
boatman,1
cadi,1
rac=,1
hel,1
kedwaii=,1
chua,1
adrian,1
duff,1
dunnaway,1
tina,1
kurniawan,1
hendra,1
nimm=,1
resendez,1
benito,1
rioja,1
swanson,1
vanavech,1
hoang,1
herrmann,1
jill,1
gilchrist,1
margaret,1
staci,1
zhang,1
kohl,1
willia=,1
lehn,1
mysyk,1
andriy,1
saffer,2
lori,2
abshir,1
steward=,1
ayr,1
villamayor,1
federi=,1
co,1
jose,1
nguyen,1
cuong,1
ekperigin,1
eyituoyo,1
aldin=,1
ger,1
alvarado,1
jess,1
angeletti,1
donald,1
armitag,1
roy,1
ro=,1
dney,1
patrick,1
bastida,1
bellard,1
benningfield,1
berger,1
betancourt,1
ramona,1
le=,1
gale,1
braswel,1
brostad,1
bryan,3
bryant,1
marian,1
buch=,1
anan,1
calhoun,1
rori,1
car=,1
rillo,1
zuela,1
chamber,1
clapper,1
coash,1
cochran,1
collin,1
marion,1
conklin,1
coon,1
galen,1
ti=,1
cramer,1
helen,1
dasilva,1
esther,1
dobrinski,1
draemer,1
dunten,1
eldr=,1
idg,1
ellington,1
floyd,1
forbish,1
sherri,1
garcia,1
ava,1
greaney,1
hall,2
margar=,1
hardi,1
crandal,1
hearn,1
hebert,1
henl=,1
gaynel,1
hess,1
hibbard,1
bradley=,1
janzen,1
alic,1
ter=,1
ry,1
laferla,1
linhart,1
matheson,1
magg=,1
mcdaniel,1
medel,1
gerri,1
mi=,3
ller,1
christoph,1
monden,1
bart,1
munson,1
nacey,1
perez,1
orter,1
ratliff,1
byron,3
dar=,1
rell,1
scurlock,1
skertich,1
gerald,3
spain,5
spraggin=,1
steel,2
studebak,1
vasquez,1
josu,1
vaughan,1
cara,1
velen,1
wagon,1
mich=,1
ael,1
walden,1
welsh,1
wilken=,1
woodson,1
402-398-7573,3
11:12,1
I.,1
jeani,9
dalla,4
texastow,1
p61+c18+r100007546,1
//classifieds.excite.com/cgi-cls/display.ex,3
excite+help,1
4pm,2
sda,2
schwab,2
payoff,1
hardship,1
in-kind,1
re-invest,1
mutual,1
enronbenefit,1
charger,3
karon,3
borrow,6
urgent,3
pager,2
eid,2
10006946,2
0060,2
111039,2
2:07,2
3:00p,6
281-469-0560,3
repair,3
1:00p,2
4:17,1
3:56,2
5:16,2
5:15,3
entranc,3
bit,1
backup,1
audio/video,1
//home.enron/employeemeet,1
europ,8
follow-up,2
teleconferenc,1
sao,1
paulo,1
bueno,1
dubai,1
de,2
janeiro,1
bothel,1
wash.,1
denver,2
ramon,1
yvonn,1
francoi,1
345-8725,1
5:18,1
shinwa,1
bike,33
magna,1
inexpens,5
350-8441,6
candid,3
spanish,2
m=2811,1
AN,2
preexist,1
aspir,1
entrant,1
devis,1
path,1
supply-sid,1
sovereign,1
realloc,1
renegoti,2
infosourc,4
zabo,4
queri,2
hardwar,2
//infosource.ets.enron.com,1
newest,2
icon,1
713-853-0641,1
pemex,5
multiservic,1
m=2812,1
m=2813,1
nonassoci,1
burgo,1
sector,6
formal,1
-877.269.3892-,4
discharg,2
household,2
ssn,1
corporation/dba,1
deed,1
boat,1
ucc,1
transcript,6
newspap,1
1985,1
convict,1
doodleberry2002,1
breast,3
formor,1
embarrass,1
-s.,1
undergo,1
pain,2
discomfort,1
unnatur,1
firmer,1
russia,3
aylor,2
m=2815,1
re-regist,1
recap,1
non-opec,2
react,1
thane,1
gustafson,1
eurasia,1
vera,1
ladoucett,1
russian,1
asia,1
441,1
2600,1
e-,1
saylor,1
498,1
9172,1
661-244-4903,3
constantli,3
deliver,2
visitor,1
banner,1
iffi,1
e-zin,1
buri,1
-mail,1
freshest,1
11/22/01,1
compuserve.com,1
genie.com,1
delphi.com,1
mci.com,1
.edu,1
.mil,1
.org,1
.u,1
pure,1
.com,1
.net,1
occup,1
dupic,1
bogu,1
inflat,1
dedup,1
Cd,1
anti-commerc,1
trap,1
broadcast,1
competiton,1
dozen,1
foremost,1
percentag,1
dec.30,1
100k+,1
crippl,1
SO,1
99.00,1
179.00,1
date_________________________________________________,1
name_________________________________________________,1
name_________________________________________,1
address______________________________________________,1
zip_____________________________________,1
numbers________________________________________,1
numbers__________________________________________,1
address________________________________________,1
tape,1
pcb,10
86,3
ralph,2
taint,1
undiscov,1
non-detect,1
5:57,1
mtg,2
invoc,1
dispos,2
120,602.19,1
komai,1
epa,1
declassifi,1
inot,1
sweep,1
e.th,1
ppm,1
bakersfield,1
transwetern,1
33,000,1
responsiblil,1
6,000,2
source=,1
redesign,1
wha=,1
fe=,1
ar,1
are=,3
rin=,1
x,1
nline,1
ear=,1
ima=,5
GE,5
minerva,1
timezon,1
lambertson,1
truex,1
llection,1
skyhawk,1
H=,4
andbag,1
bulova,1
bracelet,1
dolc,1
gabbana,1
plastic=,1
rectangl,1
jay,1
pale,1
pink,2
antiqu,1
brass,1
echo,1
shawl/wrap,1
atlanti,1
dune,1
eliro,1
ove=,1
innov,1
distinctli,1
atch,1
sub=,1
scribe,1
I=,4
mage,3
wit=,1
h,3
j=,1
schunter,1
hav=,1
u=,1
nsubscrib,1
e/transwestern,6
9:34,1
miilion,2
7:16,2
unexpect,3
bosche,4
rab9,3
4:04,3
'larry.campbel,3
'louis.saldano,3
gallishaw,3
melinda,3
blevin,3
wayn,3
mccurdi,3
lytl,3
tw_pcb_related_costs2002.xl,3
ignacio,1
400,000/d,1
750,000/d,1
850,000/d,1
off-work,1
ysr50,1
2500,6
3000,2
mess,3
11am,1
disappoint,1
Oh,1
headlight,6
853-1796,2
3314,2
thicket,2
77388,2
gr42271,2
csmail.corp.fedex.com,2
6:18,2
ns50,2
11/23,3
hate,3
girlfriend,3
11/30,3
town,6
12/4,3
truck,4
freight,3
rode,3
pit/play,3
race,7
trailer,3
ride,4
neighborhood,3
retitl,3
980,3
engine/radi,3
shroud/cowl,3
fluid,3
lube,3
thx,3
m=2820,1
dampen,1
sustain,1
slowdown,1
cutback,1
flight,2
likelihood,1
rapidli,2
upsid,1
pge,5
kelso-beav,3
tap,3
platform,3
mkm,1
ferc-regul,1
11:34,1
raker,1
colleen,1
KB,1
69,2
//1130381649/b,1
7ao,1
72m/,1
6E,2
64,1
65x,1
2E,1
74m,1
actyarndal,1
10:01,1
graduat,5
colleg,4
ca=,2
urrent,1
1=,1
-602-230-4252,1
obstacl,1
pr=,1
omot,1
exp=,1
erienc,1
piec=,1
career,2
acclam,1
fulfil,1
grade,1
permanent=,1
adem,1
diplo=,1
seal,1
cl=,1
oser,1
1-602-230-4252,1
day=,2
ow,1
acc,4
ketchersid,3
igi,3
ketchekl,2
bp.com,2
caith,2
11:44,1
driven,2
duck,1
conced,1
versu,1
wet,3
induc,1
offerings/news/etc,1
kimberly.watson,1
9:36,1
yes/no,1
resubmit,1
blunder,1
4:54p,2
2:40p,1
5:15p,1
4:35p,1
5:05p,1
7:33p,1
o'har,1
hilton,1
block,3
11/26/2001,1
69.7,1
147.9,1
//classifieds.excite.com/cgi-cls/ad.ex,4
stuff,4
yeah,5
adress,2
mom,3
im,2
caught,2
bright,2
wouldnt,2
1300,2
havent,2
stare,2
abut,2
lend,2
buck,2
senrt,2
moniqu,2
didnt,2
squat,2
wthe,2
hell,2
shit,2
hart,2
oh,2
trip,2
ill,4
ya,3
i/c,1
agav,1
reimbus,1
x33098,1
m=2823,1
ruth,1
weiss,1
griffith,1
ysr,5
supposedli,1
lent,1
somehow,1
cnn,1
2:58,1
microbasi,1
short-term,2
m=2826,1
increasingli,3
bestow,1
mask,1
unreal,1
benign,1
finish,1
336,000,1
ready-mad,1
rack,1
upper,2
jogger,1
airplan,1
dvddisk.jpg,1
12058,1
cone,3
m=2752,1
matto,1
jed,1
bailey,1
otavio,1
mielnik,1
9,999,999,1
449,1
fraction,2
audienc,1
truli,1
effortless,1
turnkey,1
449/million,1
bullet-proof,1
399,1
creativ,2
same-day,2
528,1
3548,1
cafe,1
justic,1
flu,1
bazaar,1
alumni,1
bash,1
gambl,6
publicli,1
chip,1
deposit,1
//www.vrsite5.info/vmd01/911608/index.html,1
otc,2
turnaround,1
vendor,3
subscriber-bas,1
150,000,1
tripl,1
quadrupl,1
broadband,5
back-up,1
rare,2
fifti,1
map,6
amid,1
rim,1
headquart,2
DC,1
foia,1
ban,1
nuclear,1
precaut,1
scare,1
capitol,1
elsewher,1
spokeswoman,2
envelop,2
currenc,3
FX,2
untitl,1
1.2,1
high-incom,1
opportunit=,1
mar=,1
ket,1
euro,1
U=,1
12/13/00,1
70,000,1
1/03/01,1
ccess,1
double-=,1
10-30,1
tra=,1
ding,1
markets=,1
exposur=,1
forex,1
experie=,1
nce,1
importantli,1
affor=,1
apolog=,1
disabl,1
acct,1
ny,1
wont,2
m=2753,1
jen,2
snyder,2
sanderson,2
hoffman,2
esser,2
stall,2
parent,15
delinqu,4
custodi,3
absent,3
-support,3
4,000,2
struggl,2
dead,2
dead-beat,2
mother,2
s13,1
needi,1
caseload,1
deadbeat,1
understaf,1
brochur,1
entitl,1
tackl,2
.even,1
hard-press,1
gratitud,1
part-tim,1
full-tim,1
trend,1
wherea,1
well-train,1
back-ow,1
court-ord,1
whelm,1
82,1
failur,1
devast,1
divorc,1
four-times-great,1
brick,1
futil,1
enorm,1
crawl,1
snail,1
have-with,1
1-503-345-9177,1
mon-sat,1
-personnel,1
t-a,1
-k-en,1
-of,1
l-i-,1
s-t,1
ple,1
ase,1
em,1
ail,1
lolo22,1
sweat,1
//ethink.enron.com/espeak/exec/default.asp,1
straight,1
//www.rookhosting.net/mortgag,3
~~~~~~~~~~~~~~~~~~~~~~~~~~~~~~~~~~~~~~~~~~~~~~~~~~~~~~~~~~~~~~~~~~~~~~~~~~~~~~~~~~,1
//www.rookhosting.net/mortgage/remove.html,1
slash,1
shorten,2
you'v,1
//www.mortgageloanproducts.com,1
b9t7,1
m=2748,2
2.40,2
sluggish,2
canadian,2
mitig,5
offset,2
ammonia,2
dual-fuel,2
upward,2
examin,2
shipment,2
www.eprofile.cera.com,1
buttom,1
ravencal,1
www.cera.com,1
9:03,1
copper,3
eagl,3
pinnacl,3
non-bind,2
llc.,1
high-deliver,1
phoenix,1
maricopa,1
firmli,1
sheri,1
phoenix-bas,1
go-ahead,2
arizona,2
timet,1
3.2,1
www.coppereaglegs.com,1
//www.coppereaglegs.com,1
russ,1
kovin,1
832,1
676-5659,1
noaa,10
temperatur,10
precipit,5
below-norm,5
snow,4
rain,4
oscil,4
heavi,3
1990,3
arctic,3
colder-than-norm,2
outbreak,2
nor'east,2
Ni,2
repeat,2
storm,3
sub-zero,2
plain,2
//www.noaa.gov/,1
ocean,2
atmospher,1
salomon,1
barney,1
meteorologist,1
2001-02,1
sequel,1
lake-effect,1
variabl,1
ice,1
record-break,1
november-decemb,1
cooler,1
gude,1
cold-air,1
madden-julian,1
pinpoint,1
kick,1
snowfal,1
fluctuat,1
mid-atlant,1
drier,1
cumul,1
mild,1
coastal,1
near-record,1
dryness,1
warmer-than-norm,1
mstr,2
fordpri,1
ondpri,1
1.12,1
3.14,1
skyrocketed600,1
fromtheir,1
inless,1
croom,1
697,2
minneapoli,2
a.m.cdt,1
call-in,1
1-877-691-0877,1
542780,1
15-30,1
compat,1
//www.placeware.com/cc/visioncastconferenc,1
w542780,1
934386,1
controls/corpor,1
safeguard,1
guidanc,1
pose,1
intranet,1
//home.enron.com:84/security/002_bull_001.html,1
cdc,1
usp,1
bush,1
kellih,1
//www.whitehouse.gov/news/releases/2001/10/20011016-10.html,1
enronxg,19
s/enron,9
scrubber,2
matrix,3
fabric,1
tie-in,1
begun,1
yard,1
10/22,1
martens/enron,1
10/17/2001,1
09:54,1
allen/enron,1
campbell/et,1
chanley/enron,1
eisenstein/enron,1
faucheaux/enron,1
flagstaff-sta2/et,1
flagstaff-sta3/et,1
gallup-sta4/et,1
cecil,1
gutierrez/et,1
harris/enron,1
jolly/et,1
kendrick/enron,1
kingman-sta1/et,1
lavine/enron,1
lindberg/enron,1
martin/enron,1
mccracken/et,1
miller/enron,1
pavlou/enron,1
petersen/enron,1
pryor/enron,1
rance/enron,1
roensch/et,1
shafer/enron,1
veatch/enron,1
watson/enron,1
westbrook/enron,1
commenc,2
nois,2
feb.,12
writer,6
mar,6
101,3
tbd,3
14-15,2
Z,2
N,2
mgt,2
matt,1
17-18,1
23-25,1
analyt,5
28-30,1
31-feb.,1
6-8,1
gasmast,1
builder,1
201,1
28-mar,1
11-13,1
18-20,1
21-22,1
phn,1
713-345-5588,1
713-646-8032,1
mark.lavin,1
liber,2
m=2754,1
m=2755,1
tragic,1
dimens,1
euro',1
depreci,1
partli,1
5000,3
pre-approv,1
150,1
merchandis,1
voucher,1
__________________________________,1
====================================================,1
yr,1
==============================================================================,1
header,1
ten,2
stack,1
chair,1
4:00p,1
price-respons,2
m=2750,1
m=2751,1
primer,3
impedi,1
bird,3
845.00,1
795.00,1
widow,2
salsa,2
garden,2
toss,2
cou,2
ski,2
dive,2
7:30,3
customari,1
merengu,1
cha-cha,1
mambo,1
two-tim,1
champion,1
ten-year,1
two-hour,1
300.00/coupl,1
60.00/class,1
150.00/singl,1
30.00/class,1
beer,1
two-step,1
polka,1
waltz,1
kelley,1
athlet,1
712-654-0877,1
beautifi,1
cauliflow,1
garlic,1
cinnamon,1
scent,1
crisp,1
vine,1
roma,1
bermuda,1
onion,1
lemon-dil,1
entre,1
rub,1
lemon-pepp,1
wheat,1
phyllo,1
dough,1
hand-select,1
halibut,1
fillet,1
orang,1
chili,1
glaze,1
costum,1
music,1
inner,1
-652-0700,1
compaq,1
spaceland,1
rosharon,1
tandem,1
free-fal,1
kristin,1
hawkinson,1
713-840-9001,1
osteoporosi,1
heel,1
scan,1
infant/child,1
wardrob,1
paintbal,1
u-club,1
mangini,1
nouveau,1
beaujolai,1
cocktail,1
pick-up,1
11-2,1
ibit,10
cloud,2
write-down,2
recur,1
dilut,1
0.43,1
0.45,1
1.80,1
2.15,1
754,1
88.2,1
thermal,1
tbtue/d,1
701,1
26.7,1
tbtu/d,1
77,1
290,1
mwh,1
95,000,1
slightli,1
74,2
elektro,1
dabhol,1
tg,1
investment-rel,1
unalloc,1
106,1
1.01,1
287,1
183,1
router,1
544,1
superb,1
transpar,1
www.enron.com/corp/pressroom/releas,1
calamari,3
squid,3
billet,2
aluminum,2
rust,2
brake,2
spark,2
teamcalamari.com,2
10-22-01,1
11-16-01,1
irc750,1
tires-,1
33.99,1
awesom,1
approved-leg,1
135.96/pair,1
waaaay,1
sticki,1
squar,1
brace-,1
48.97,1
20.98,1
clamp-,1
55.96,1
13.99,1
rear,1
wheel,1
clutch,1
plates/spr,1
16.91,1
5.04,1
cryogen,1
metal,1
plate-,1
9.95,1
kreem,1
remover/seal,1
29.71,1
5.24,1
bleeder,1
19.76-bleed,1
11.86-check,1
disconnect,1
coupler-,1
14.41-remov,1
//www.teamcalamari.com/dox/fallsale.html,1
831.484.1921,1
c.o.d.,1
831-484-1921,1
mon-fri,1
9-5,1
//www.teamcalamari.com/form1.html,1
m=2745,1
katya,1
ash,1
497-0423,1
kash,1
185,2
//esource.enron.com/worldmarket.asp,1
//esource.enron.com/worldmarket_countryanalysis.asp,1
impend,1
in-hous,1
//esource.enron.com/worldmarket_regulatory.asp,1
home-bas,3
progra=,1
millionair,2
istenc,1
web=,1
y=,2
ou,1
1,500,1
7,000,1
uld,1
lo=,1
326,1
2,069,1
11,565,1
24,187,1
40,781,1
deta=,1
clic=,2
happier,1
som=,1
eon,1
entrepreneur,2
repor=,1
ted,1
ome,1
wel=,1
reve=,1
nue,1
elow,1
rest-assu=,1
passion,2
boxesviagacream.jpg,1
belief,1
19th,2
a01-10-___,1
45th,1
novermb,1
fiscal,1
2002-2003,1
mon-tues.,1
wed.-fri.,1
considin,3
training',2
e-acumen,2
quantit,1
geoff,1
well-recogn,1
credenti,1
713-859-6238,1
teac=,2
ovi,2
mo=,3
vie,2
bon=,1
burn=,1
llar,1
G=,3
hundre=,1
zard,1
offshor,14
petroleum,9
|,7
sea,4
gen,4
rigzon,3
seismic,3
nigeria,3
bpd,3
conoco,3
statoil,3
100.0,3
repsol,2
O=,2
caspian,2
geophys,2
delta,2
piper,2
teja,2
nexen,2
bill=,2
petrobra,2
opl324,2
landmark,2
oman,2
vietnam,2
stena,2
totalfinaelf,2
argentina,2
land-bas,2
gazprom,2
rubl,2
eni,2
snohvit,2
sgi,2
geoprob,2
wellstream,2
iso,2
14001,2
exhibit,2
offsho=,2
land,3
IC,2
2001=09petrocom,1
=09=09home,1
op,1
past=,1
oilfield,1
world=,1
ndustri,1
headlin,2
encount,1
oppositon,1
opposit,4
riegn,1
ffshore,1
exploratori,1
morrocco,1
morocco,1
denounc,1
maritim,1
territori,1
madrid,1
distribut=,1
canari,1
island,1
moroccan,1
con=,1
troll,1
bp=,1
zerbaijan,1
gullfak,1
ullfak,1
bayu-unda=,1
imor,1
council,1
bayu-undan,1
petrol=,1
eum,1
devel,1
opment,1
compan=,1
pri=,1
vate,1
fort,1
vecto=,1
vector,1
annou=,1
nced,1
rgan,1
h.,1
240,1
exploar,1
pro=,2
ject,1
national-oilwel,1
19=,1
modular,1
draugen,1
norwegian,1
etail,1
//www.rigzone.com/mar=,1
ket/surplus_listing.asp,1
eq_id=3d397,1
stake,1
ink,1
30-year,1
bloc=,1
k,1
bl=,1
ock,1
landmark=,1
three-year,1
landma=,1
terabyt,1
petrobank,1
syste=,1
m.,1
pledg,1
additional=,1
acquir=,1
agreeme=,1
asa,1
Na,1
con,1
son,1
newbuild,1
semisubm=,1
ersibl,1
staer,1
norway,1
epsol,1
souther=,1
patterson/uti,1
inc,1
clere,1
assets=,1
patterson-uti,1
second-largest,1
acquisi=,1
cleer,1
gas=,1
nnpc,1
nige=,1
rian,1
2=,1
44,1
statoil=,1
k-line,1
mitsui,1
i=,2
barent,1
jointli,1
land=,1
visual,1
was=,1
magic,1
earth,1
alliburton,1
ohsa,1
18001,1
ce=,1
rtific,1
from=,1
1983,1
engineerin=,1
amoco,1
deepwat,1
drilli=,1
selection=,1
informa=,1
singapor,1
2002=,1
spe,1
exhibiti=,1
villahermosa,1
iadc/sp,1
dallasmar,1
aapg,1
apr,1
pe/icota,1
coil,1
tube,1
xhibit,1
stavang,1
geophysicist,1
annual=,1
dessa,1
halliburton,1
intec,1
quest,1
nontechn,1
vessel,1
modern,1
eatur,1
equipmen=,1
dreco,1
UE,1
gardner,1
pz-8,1
lan=,1
driller,1
drillship,1
50.0,1
7/14,1
+=,1
25/25,1
semisub,1
68.5,1
50/73,1
82.=,1
41/50,1
38/38,1
5th,2
7/7,1
jackup,1
53.7,1
36/67,1
58.3,1
14/24,1
14.3,1
3/21,1
300=,1
87.5,1
84/96,1
+300,1
88.9,1
48/54,1
env,1
81.0,1
17/21=,1
20.90/bbl,1
-1.28,1
20.34/bbl,1
5.23,1
2.65/mmbtu,1
-7.34,1
unlead,1
gasolin,1
0.59/gal,1
-1.67,1
12/27/2001,1
12/26/2001,1
ope=,1
ning,1
rigzone.com,1
281-345-4040,1
newsl=,1
etter,1
html=,1
959,1
827,1
398,1
2122,1
653,1
57,1
979,1
540,1
490,1
2.885,1
+.31,1
2.84,1
+.295,1
2.74,1
+.44,1
7th,1
regularli,1
x37372,1
x67006,1
x33532,1
pam,1
x36135,1
eb4054,1
713-853-6178,1
713-646-3708,1
skytel,1
877-525-1607,1
281-292-2467,1
281-362-8679,1
haysletr,1
flash.net,1
702-785-5555,1
702-785-5511,1
1,661,000,2
egl,2
counterpart,3
bu,4
metro,3
divid,1
w/,1
fare,1
buser,1
higher-cost,1
3-7060,1
sta,2
adamek,1
gabi,1
alexand,1
betti,1
crabtre,1
flagstaff-sta2,1
flagstaff-sta3,1
hinkl,1
honey,1
hubbard,1
ingal,1
todd,1
jameson,1
kalmu,1
kingman-sta1,1
maesta,1
mccracken,1
perkin,1
ranc,1
turner,1
rinetia,1
rebuilt,2
corphou-dcard02,1
corphou-dcard03,1
redirect,1
ecthou-hr1,1
ardmor,1
whose,1
TR,14
face=verdana,14
size=2,13
width=30,12
cellspacing=0,6
cellpadding=0,6
width=580,5
/strong,5
class=txt,4
height=145,4
height=20,3
//www.mycasinobuilder.com/images/newsbar01.jpg,3
mycasinobuilder.com,2
336600,2
greenfield,2
width=140,2
align=left,2
//www.mycasinobuilder.com/,2
33cc00,2
width=310,2
2005.,2
/titl,1
bordercolor=,1
height=700,1
height=80,1
height=75,1
//www.mycasinobuilder.com/images/newsban01.gif,1
class=txthead,1
size=1,1
align=right,1
//www.mycasinobuilder.com/images/pic04.jpg,1
width=114,1
//www.mycasinobuilder.com/images/pic03.jpg,1
width=113,1
franchis,1
multi-billion,1
turn-key,1
true,1
online.,1
www.mycasinobuilder.com,1
class=490101709-21122001,1
//www.mycasinobuilder.com/images/moregames.jpg,1
height=,1
133,1
width=10,1
valign=top,1
5f9f02,1
cellspacing=1,1
cellpadding=5,1
274d00,1
/I,1
63,1
site.,1
gambler,1
predict,1
/i,1
class=780150609-21122001,1
width=520,1
temporarili,2
owa,2
x31411,2
worthi,2
2:29,2
Co,3
creditworthi,2
payor/non-creditworthi,1
2:51,1
srcredit.doc,1
11pm,1
81.5,2
26dec2001,1
88.3,1
47.0,2
1,626.3,1
1,611.4,2
21dec01,2
17,727.8,1
20,164.3,1
2,436.5,1
2,296.6,2
139.9,1
5.0,1
21,039.6,1
20,429.4,1
610.2,1
620.5,1
10.3,1
38,848.9,1
40,593.7,1
1,744.8,1
1,599.6,1
145.2,1
playstati=,1
playsta=,1
game=,1
copying=,1
tim=,1
prepay,4
1,773,000,1
11:57,1
foley,1
breakup,1
1,700,000,1
nuovo,1
pignon,1
labarg,1
teen,6
sicko,4
paysit,3
surfer,3
slut,3
scam,2
wise,2
signup,2
horni,2
cock,3
lezbab,2
eboni,2
shave,2
fuckign,2
porn,2
unlock,1
does'nt,1
bookmark,1
decmber,1
20=,1
product/servic,1
notch,1
decided=,1
decision=,1
not.=20,1
bei=,1
don'=,1
into=,1
bookma=,1
obtain.=20,1
pas=,1
homepag,1
verifi=,1
cation,1
llion,1
cess,1
minutes.=20,1
list.=09,1
X,1
suck,2
fuck,1
mega,1
pho=,1
wou=,1
ld,1
lesbian,1
lick,1
each=,1
rea=,1
dy,1
interraci,1
mod=,1
el,1
youngest,1
ling,1
smart,1
profitex,2
135/mo,2
prichard,2
7:50,1
jackson,1
1.7,1
truelov,1
regardless,1
398-7061,1
motion,7
slip,2
ratepay,1
advoc,1
socalgas/sdg,1
01-12-018,1
mid-januari,1
conven,1
626,1
991-9455,1
wilma,1
pervert,1
butterfli,1
stomach,1
sex-craz,1
beast,1
fantasi,1
tempt,1
//64.118.5.50/unfairr,2
knock,1
sock,1
pheromon,1
surround,1
...................,1
Am,1
ethic,1
extrordinari,1
1-800-345-9708,1
GO,1
true-,1
courag,1
persu,1
-walt,1
14-16,1
westin,1
cantera,1
resort,1
antonio,1
delight,1
norman,1
schwarzkopf,1
keynot,1
hamel,1
specifi,1
reaccess,1
reenter,1
nadaski,1
713-853-6631,1
granger,2
a/b,2
doubletre,1
713-759-0202,1
31-novemb,1
8:00am-5:00pm,1
dover,1
resum,1
pagers/cel,1
vibrate/sil,1
mode,1
laptop,1
distract,1
instructor,1
lerea,1
713-345-8434,1
2.960,3
02,3
3.050,3
2.180,2
a=c,2
pritchard,1
nymex,1
pivot,1
longer-term,1
bullish,1
range-bound,1
2.911,1
erod,1
2.775,1
2.680,1
expiri,1
feb,1
2.700,1
inabl,1
infer,1
3.440,1
1.260,1
downsid,1
2.270,1
.618,1
1.790,1
ec,3
twist,2
mid-morn,1
nail,1
hourli,1
enron.c,1
foti/internal/accentur,1
10/11/2001,1
10:56,1
3-5849,1
david.a.foti,1
accenture.com,1
3:52,1
1:44,1
am-9:00,1
eb13c2,1
9/30/01,1
mil,1
cal,1
5.6,1
4.4,1
11.75,1
11.53,1
19.58,1
18.27,1
34.80,1
30.45,1
18.59,1
16.19,1
32.81,1
24.06,1
59.16,1
43.75,1
28.66,1
20.34,1
51.63,1
36.31,1
94.83,1
67.86,1
43.97,1
30.19,1
83.56,1
56.00,1
152.25,1
107.01,1
68.69,1
44.15,1
133.00,1
83.52,1
252.30,1
152.85,1
removeyou.com,1
asdf,1
//ethink.enron.com/,1
spike,2
mmcf,2
m=2760,1
cushion,1
2000/01,1
blackout,1
temper,1
5,000,1
prolong,1
drought,1
lexis-nexi,11
interact,6
dow,5
clip,3
eb560,3
gear,2
novic,2
nexis.com,2
eb572,2
100.00,2
no-show,2
dji,2
2:30,1
713-345-7928,1
stephanie.e.taylor,1
personalizing/custom,1
tailor,1
//esource.enron.com/training.htm,1
nhi,2
deregul,1
ci,1
relationship-build,1
3-month,1
no-oblig,1
100-off,1
charter,1
nhionline.net,1
1-800-597-6300,1
csre51,1
schwartz,1
star,2
captain,1
263-1339,1
807-5169,1
XR,1
1,650,1
p61+c18+r100010029+changeaddetail,1
p61+c18+r100010029+deletead,1
panda,1
875,1
p61+c18+r100010028+changeaddetail,1
p61+c18+r100010028+deletead,1
weekday,2
radiator/engin,1
cowl,1
racey/caf,1
paint,1
sticker,1
decal,1
mauv,1
901,1
397-4587,1
bike',1
memphi,1
TN,1
38134,1
antitrust,2
lanc,2
schuler,2
competitor,1
undertaken,1
unaffili,1
disclos,1
713/853-5419,1
713/853-3155,1
713/853-6544,1
713/646-6017,1
tw,1
kevin_howard,1
enron.net,1
11:30:47,1
21dec2001,1
17,814.4,1
20,111.0,1
2.1,1
22,482.7,1
21,862.1,1
620.6,1
0.3,1
40,373.6,1
41,973.1,1
1,599.5,1
1,597.7,1
1.8,1
888-877-7757,1
31411,1
helpdesk,1
toll-fre,1
modem,1
646,1
prefix,1
aviat,1
3-1411,1
center-houston,1
888-465-4745,1
center-omaha,1
