thi,1205
http,946
way,113
It,225
busi,160
address,366
To,594
go,410
marketplac,170
Os,162
hillman,128
world,102
whi,47
christian,145
spiritu,165
promis,35
land,26
battl,23
forc,24
hi,344
crosswalk.com,348
subscrib,353
T,155
O,271
D,260
S,162
medit,118
overcom,11
may,324
In,183
seem,43
find,57
harder,9
commit,32
wa,425
us,290
cross,17
enter,46
fought,8
pave,8
walk,79
desir,44
devot,167
email,305
religiontoday,130
complet,294
new,440
copyright,214
unsubscrib,241
newslett,241
Y,111
G,44
F,51
R,106
told,25
thing,86
Me,19
peac,43
troubl,23
take,143
heart,47
john,96
16:33,4
doe,142
involv,45
enterpris,5
hard,22
though,16
found,50
true,32
comment,62
associ,65
recent,43
My,57
answer,56
definit,12
ye,36
fact,45
sought,5
similar,14
without,100
regard,86
maintain,32
biblic,48
philosophi,7
would,185
much,53
smoother,4
sail,4
make,218
think,48
prophet,27
ask,121
wick,7
prosper,8
see,143
jer,6
12:1,4
principl,49
speak,34
israelit,4
jordan,8
befor,122
onli,232
two,64
39,4
lili,4
grace,22
seek,41
honor,17
god,595
life,247
met,15
opposit,8
must,114
ourselv,21
power,278
holi,14
spirit,84
gentl,6
dove,5
wise,5
serpent,4
Do,71
surpris,7
believ,128
non-believ,4
stake,6
among,20
defeat,8
ineffect,8
stand,39
firm,53
evil,31
keep,40
freedom,86
jesu,94
victori,16
everi,43
encount,13
call,151
name,92
daili,230
publish,120
distribut,151
written,130
presid,60
leader,94
locat,52
atlanta,51
ga.,9
os,46
marketplaceleaders.org,42
articl,50
book,122
visit,120
web,86
site,134
//www.marketplaceleaders.org,42
addit,130
avail,206
//devotionals.crosswalk.com,65
read,121
current,146
featur,88
stori,76
//religiontoday.crosswalk.com/currentfeaturestory/,65
today,214
summari,82
//religiontoday.crosswalk.com/currentnewssummary/,65
term,93
//www.crosswalk.com/info/copyright,65
____________________subscript,97
info_______________________,97
jeff.k,114
enron.com,250
immedi,137
click,297
//link.crosswalk.com/um/u.asp,99
a3.12.261895,41
If,450
link,177
clickabl,98
simpli,122
copi,136
past,183
browser,111
window,119
chang,220
old,146
send,179
subscribe-marketplac,41
lists.crosswalk.com,99
//www.crosswalk.com/list,97
list,176
2001,276
inc.,383
content,118
provid,291
right,228
reserv,172
____________________________________________________________,99
outlook,109
migrat,110
note,98
2000,52
date,115
TO,44
=20,283
messag,150
item,43
BE,13
e-mail,64
clean,18
mani,116
l=20,6
100mb,6
lotu,9
microsoft,8
IS,9
enron,539
factor,29
integr,16
convert,7
use,237
year,103
notif,13
23rd,6
unabl,9
unless,8
follow,120
action,45
pleas,320
old/un-need,3
emai=,3
possibl,77
migration.,3
to=,5
alloc,10
total,21
mailbox,27
space.,3
more=,3
amount,10
data,180
abl,64
sen=,3
d=20,3
limit.,3
now=,3
prevent,12
happen,27
enron=01,3
platform,24
ou=,3
tlook=20,3
worldwid,8
access,183
email=20,3
functions.=20,3
contribut,15
decis,64
to=20,3
exchange/outlook,3
promin,4
signific,27
advantag,23
move,93
product,133
wit=,3
h=20,3
app,8
offic,65
internet,72
explor,16
effici,21
share,111
PC,7
roam,3
user,98
improv,20
support,138
palm/c,3
devic,17
instant,5
capabl,12
schedul,193
last,80
30,33
thirti,3
day,133
folder,11
store,9
journal,17
calendar,26
entri,11
1,141
one,190
10,67
ten,6
i=,17
n=20,3
futur,96
creat,74
wil=,3
need,265
re-creat,3
thank,151
team,66
anyon,34
survey,11
',85
type,20
permiss,20
email/calendar,6
respons,89
updat,42
els,30
mm/dd/yy,6
ensur,32
experi,59
success,70
necessari,18
gather,6
individu,22
inform,389
prior,45
minut,56
fill,20
doubl,14
document,42
put,55
edit,9
mode,3
finish,21
'repli,3
histori,31
button,25
hit,6
'send,3
automat,9
sent,96
full,51
login,13
ID,46
extens,6
comput,46
desktop,18
laptop,5
pda,4
none,13
ipaq,3
palm,4
pilot,6
jornada,3
Is,35
ani,562
group,141
mass,5
mail,66
databas,33
applic,37
effort,27
plan,136
exact,4
date/tim,3
also,148
know,192
normal,14
work,200
hour,45
near,12
vacat,7
leav,26
etc,15
even,83
2,143
press,28
trust,28
signer,6
contact,213
critic,16
OF,45
save,52
onc,33
pre-migr,3
3,75
connect,31
network,49
4,53
pop-up,3
box,17
appear,40
prompt,10
abort,3
cancel,22
OR,16
select,22
5,46
add,27
person,168
manual,3
re-ad,3
6,87
failur,11
mean,48
get,116
todo,3
import,62
could,120
result,75
week,102
delay,24
restor,37
error,19
resolut,24
center,94
713-853-1411,7
owa,36
client,30
configur,24
via,46
question,165
5.0,6
remot,8
time,389
function,28
task,13
concern,77
reason,33
ha,292
reciev,3
start,56
morn,38
dure,79
period,34
to-do,3
At,29
lan,13
home,34
travel,13
abroad,3
launch,19
//nahou-msowa01p/exchange/john.do,3
substitut,6
john.do,3
first,112
sign,45
shown,6
corp/your,3
id,11
NT,16
password,42
logon,4
ok.,3
view,44
subtl,3
differ,59
brief,16
spell,3
checker,3
offlin,8
print,16
templat,7
remind,19
deliveri,15
expir,4
rule,59
vote,5
flag,7
recal,7
deleg,3
direct,46
resourc,65
outlook.2000,3
otherwis,25
feedback,42
pep,10
request,55
friday,56
employe,155
option,93
king,73
jeff,99
N,240
system,166
close,39
25,27
record,25
indic,56
deadlin,7
25th,6
statu,14
open,49
declin,12
soon,26
log,20
//pep.enron.com,3
main,11
menu,5
help,131
desk,46
houston,53
713-853-4777,3
perfmgmt,3
london,146
44,5
207,3
783,3
4040,3
pep.enquiri,3
particip,70
process,88
lewi,3
jon,4
thompson,4
kerri,3
valderrama,11
larri,34
ga,73
trader,53
mike,56
carson,22
stephani,18
conjunct,5
movement,12
sever,34
well,91
pwr-ng-lt-spp,5
pwr-ng-lt-serc,5
map,8
epmi-lt-spp,8
epmi-lt-serc,13
train,29
afternoon,20
back,57
class,17
let,94
casey,8
model,139
market,321
steve,55
tamara,44
jae,45
black/hou/ect,20
05/22/2001,18
PM,371
wang,15
rob,13
structur,27
give,112
price,202
bid/off,12
five,25
doug,38
forward,124
04:18,6
wang/enron,9
enronxg,87
04:17,6
ect,84
cc,20
subject,149
meet,70
3:30pm,6
harri,14
arora,10
stalford,8
especi,10
As,74
maker,7
slow,6
often,27
strike,7
month,60
allow,64
quicker,6
identifi,54
mispric,6
competitor,9
replac,21
complement,7
everyon,25
better,26
pictur,18
trade,472
We,305
weekli,10
eventu,11
basi,25
special,32
file,69
M,27
\power2\opt,6
want,116
peopl,118
alreadi,33
ahn,6
christoph,13
ballato,9
russel,12
baughman,14
Ed,10
benson,8
broderick,8
paul,48
clyne,8
terri,11
curri,8
dalton,8
oscar,11
davi,14
dana,16
dean,14
clint,13
dorland,6
chri,21
forney,12
gilbert-smith,14
gupta,10
gautam,13
jester,11
kelli,10
michael,33
lorenz,13
matt,20
presto,34
kevin,51
quenet,8
joe,23
scheuer,8
janel,10
sewel,8
robert,45
sturm,11
fletch,7
tingleaf,6
drew,6
vald,8
maria,11
wheeler,6
raymond,6
L,193
lisa,13
J,13
mark,49
juan,10
andi,21
held,24
eb3125b,3
04:34,3
black,46
04:21,3
rudi,3
acevedo/hou/ect,3
diana,12
allen/enron,3
ballato/na/enron,3
ted,4
ballinger/enron,3
baughman/hou/ect,3
edward,9
baughman/enron,3
corri,5
bentley/hou/ect,3
benson/corp/enron,3
burnett/corp/enron,3
broderick/hou/ect,3
richard,9
broussard/corp/enron,3
campbell/na/enron,3
carson/corp/enron,3
jason,10
choate/corp/enron,3
cline/enron,3
clynes/enron,3
keith,7
comeaux/corp/enron,3
karla,3
compean/enron,3
kayn,6
coulter/hou/ect,3
dalton/enron,3
davis/hou/ect,3
dean/corp/enron,3
georg,7
diaz/corp/enron,3
dorland/hou/ect,3
errigo/corp/enron,3
miguel,6
garcia/na/enron,3
gerald,7
gilbert/hou/ect,3
gilbert-smith/corp/enron,3
gupta/hou/ect,3
patrick,7
hanse/hou/ect,3
hernandez/corp/enron,3
roger,13
herndon/hou/ect,3
jim,12
homco/hou/ect,3
rika,10
imai/enron,3
jester/enron,3
gari,8
justice/enron,3
E,480
kelly/enron,3
kim/enron,3
king/corp/enron,11
kinser/hou/ect,3
madhup,3
kumar/enron,3
laurent/hou/ect,3
justin,5
laverell/corp/enron,3
lenartowicz/corp/enron,3
lorenz/hou/ect,3
gretchen,5
lotz/hou/ect,3
peter,28
makkai/na/enron,3
tom,17
may/corp/enron,3
miller/corp/enron,3
jeffrey,6
miller/na/enron,3
narsimha,8
misra/na/enron,3
christi,14
nicolay/hou/ect,3
olinde/corp/enron,3
pace/enron,3
padron/na/enron,3
laura,15
podurgiel/hou/ect,3
presto/hou/ect,3
quenet/na/enron,3
david,66
ryan/enron,3
eric,4
saibi/corp/enron,3
anna,3
santucci/enron,3
sscott3,3
erik,7
serio/corp/enron,3
sewell/enron,3
shoemake/enron,3
stalford/na/enron,3
chad,3
starnes/corp/enron,3
stepenovitch/corp/enron,3
symms/enron,3
ramanarao,5
tamma/enron,3
garrett,4
tripp/tor/ect,3
valderrama/enron,3
valdes/corp/enron,3
joseph,24
wagner/na/enron,3
watts/na/enron,3
lloyd,8
will/hou/ect,3
smith,23
day/hou/ect,3
forney/na/enron,3
rodriquez/enron,3
claudia,7
guerra/enron,3
benjamin,8
rogers/hou/ect,3
clayton,7
vernon/enron,3
fletcher,7
sturm/hou/ect,3
mauricio,6
trejo/enron,3
dustin,5
collins/hou/ect,3
william,21
abler/enron,3
astroworld,16
ticket,28
famili,39
unlimit,6
purchas,111
discount,9
summer,13
includ,130
entertain,10
credit,26
union,18
announc,51
due,38
overwhelm,2
negoti,5
place,59
tradit,8
hope,53
fun-fil,2
trip,4
conveni,18
20.56,2
retail,13
50,18
admiss,3
plu,12
7,32
meal,3
restaur,2
six,13
world-class,6
complex,6
excit,6
ride,2
attract,5
heart-pound,2
coaster,2
40,12
blockbust,2
show,56
interact,8
street,13
star-stud,2
concert,2
anytim,4
season,9
sale,101
feder,10
eb0399,2
fcu,2
member,64
pay,38
cash,14
money,25
order,160
encourag,31
great,76
fun,6
deal,41
august,4
30th,3
door,29
He,264
behind,19
greater,29
surrend,8
choos,23
fear,42
cost,75
degre,16
fulli,38
bibl,25
achiev,26
circumcis,8
trial,15
path,16
test,83
come,173
forth,6
gold,20
job,49
23:10,4
sit,8
organ,29
describ,25
pose,5
businesspeopl,23
accord,24
prefer,17
struggl,16
lie,24
might,86
realli,36
love,59
christ,264
intellectu,15
assent,4
along,27
fine,9
howev,40
given,29
advers,18
clear,21
human,29
sin,88
broken,7
design,59
natur,71
habit,5
pain,12
bloodi,4
greatli,13
live,128
expect,65
becaus,122
like,130
went,23
patriarch,4
afford,4
entrust,7
faith,158
invest,191
behalf,16
anoth,37
event,58
becom,51
frame,8
lead,47
embrac,6
bring,50
reward,24
inherit,14
light,27
momentari,4
etern,18
glori,17
far,32
outweigh,5
cor,4
4:17,6
king/jeff,8
TX,13
confirm,21
CO,6
return,24
tjae,7
05/02/2001,4
AM,269
oklahoma,5
77002,4
continent,5
airlin,9
OK,6
g.bush,4
interco,4
termin,17
C,6
non,5
stop,13
durat,4
aircraft,9
seat,14
NO,7
smoke,12
vitol,4
yahoo,6
look,182
earlier,11
flight,4
....,19
10:25,2
janet,7
skoog,2
jskoog_vitoltvl,2
yahoo.com,3
10:11:10,2
tblack2,2
june,7
itin/schedul,2
ON,6
agent,5
va/j,2
ref,2
yydcji,2
1400,4
attn,2
X,4
35800,2
02,5
servic,219
depart,28
arriv,11
12jun,2
CI,2
235p,2
359p,2
1265,2
tue,12
1:24,2
boe,4
737-500,2
07c,2
15jun,2
tulsa,2
430p,2
607p,2
1466,2
V,65
fri,99
intern,34
1:37,2
mcdonnel,2
dougla,5
md-80,2
seri,13
06c,2
number,51
co/n2kxqt,2
co/etkt,2
005,2
7026661976,2
frequent,5
flyer,2
cokx401801,2
ticketless,2
AT,4
airport,3
non-refund,2
tkt,2
minimum,9
100.00,5
fee,8
=====,2
1100,3
louisiana,3
ste-3230,2
713-759-1444,2
phone,22
713-759-9006,2
fax,27
__________________________________________________,3
auction,14
buy,57
//auctions.yahoo.com/,2
shark,6
rememb,22
whip,3
ass,4
billi,3
club,37
technolog,103
forecast,62
load,52
develop,101
learn,76
n't,213
lab,34
induct,32
nostradamu,32
craig,24
carmichael,24
univers,33
verifi,49
method,30
accur,30
claim,45
wrote,34
softwar,30
engin,32
advanc,34
tesla,24
tri,49
someon,53
cgcarmic,16
uswest.net,16
phd,17
student,22
iowa,16
state,112
adapt,20
lend,16
million,60
accuraci,46
opportun,59
isu,16
invent,16
neural,16
electr,34
area,51
single-handedli,16
energi,116
nea,16
releas,55
abboud,16
epri,16
graduat,17
sinc,50
compani,394
rga,16
guy,24
say,116
set,73
sell,105
razzle-dazzl,16
gem,16
'm,40
fairli,18
05/16/2001,8
09:30,4
05/15/2001,8
04:38:41,8
robert.benson,8
kyle.schultz,8
doug.gilbert-smith,8
matt.lorenz,8
paul.j.broderick,8
tom.may,8
mike.carson,8
dr.,14
bartlett,8
attent,18
moment,16
made,102
strongli,30
veri,61
near-term,8
whose,14
proport,10
deliv,59
enorm,8
base,112
assess,15
somewher,10
challeng,102
discredit,9
MY,8
belief,22
credenti,8
remaind,8
multipl,14
techniqu,10
chicago,12
coupl,21
abov,35
algorithm,8
v5.0,8
yet,30
8,28
Am,13
best,38
situat,26
final,29
defens,13
juli,25
16th,10
1999,10
highli,17
commonwealth,10
edison,13
still,43
knew,21
wait,20
preliminari,8
studi,20
anyth,25
felt,28
oppress,8
await,9
mid-juli,8
unleash,8
outsid,37
fund,38
meteorolog,8
noth,27
unpublish,8
provoc,8
state-of-the-art,8
stuff,16
multi-million,8
dollar,15
less,23
half,13
snead,8
merg,10
excelon,8
rick,8
hunt,8
project,45
manag,106
yet-to-be-releas,8
Ok,8
did't,8
nut,8
talk,66
sort,8
clock,9
mayb,9
someth,50
feel,48
continu,85
act,74
within,73
next,53
probabl,25
besid,9
prove,14
immens,8
asset,26
part,45
in-hous,10
sens,21
abil,32
chanc,10
care,45
disappoint,9
thousand,15
flaw,8
long,56
uncertain,9
financi,134
workforc,13
cushi,8
oblig,34
exist,30
properti,35
fail,23
convinc,11
mine,13
possess,28
spot,25
offer,135
packag,12
shape,13
form,61
scenario,10
compet,9
ear,9
lunat,8
lengthi,8
09:32,4
east,32
effect,44
monday,52
21,34
eol,7
epmi-st-main,3
enrononlin,13
counterparti,8
desk-to-desk,5
web-sit,5
//www.enrononline.com,5
adm81657,5
welcom,19
case,21
sensit,10
secur,296
transact,53
helpdesk,5
x34357,5
problem,49
gain,33
x33465,6
Dr,6
dunn,1
tuesday,31
octob,114
16,23
4:00,11
pm-4:30,1
gmt-06:00,1
central,27
US,5
canada,5
room,23
20-30,1
min,2
awesom,5
ya,4
temptat,15
tempt,9
independ,51
neil,174
anderson,173
essenc,5
expos,2
either,25
legitim,2
stronghold,6
mind,37
sexual,7
grew,6
bread,3
respond,25
feed,85
channel,106
//spiritual.crosswalk.com,81
ministri,111
februari,28
high,43
priest,5
sympath,1
weak,5
hebrew,3
4:15,1
distinct,5
bombard,4
thought,24
conclud,4
pretti,6
sick,3
vers,29
corinthian,23
10:13,1
flesh,33
devil,10
philippian,5
4:19,3
invit,18
depend,14
strength,16
rais,15
magazin,4
televis,4
program,35
moral,5
valu,31
pornograph,1
materi,57
accept,40
parent,17
protect,27
exposur,4
illegitim,1
environ,86
immor,4
well-establish,1
born,11
physic,36
divin,8
attribut,8
father,34
turn,27
rock,3
instead,17
man,64
shall,52
alon,10
word,73
proce,1
mouth,2
matthew,18
4:4,1
reli,3
dear,17
listen,7
voic,15
tempter,1
run,14
sourc,79
//www.ficm.org,56
titl,59
christianbook.com,56
distributor,64
cbd,56
//shopping.crosswalk.com/bye/devo_na,56
a3.14.261895,56
crosswalk,14
subscript,18
receiv,126
//lists.crosswalk.com/chaddr/1,13
.htm,16
3~261895~v9udwfwfs8,13
subscribe-neilanderson,56
simul,29
origin,52
ubswenergi,6
feb.,6
mid/back-offic,4
risk,72
onlin,27
assist,51
staff,21
restrict,10
relat,48
legal,17
oper,99
ub,34
profil,10
role,15
prepar,34
step,23
personnel,6
readi,23
11,17
anticip,27
enron/ub,1
thursday,49
0900,1
cst,21
IT,11
electron,17
purpos,112
setup,2
demonstr,10
extern,42
custom,57
role-play,1
back-offic,2
check,50
flow,11
although,18
certain,35
posit,79
profit,25
goal,18
play,21
limit,25
relev,3
trade-data,1
variou,14
remov,37
appropri,21
assign,12
specif,45
and/or,42
handout,2
wednesday,40
everyth,20
toward,18
re-launch,1
appreci,16
public,49
warburg,11
suggest,39
idea,8
free,126
bob,11
shult,3
30397,3
31861,3
dave,9
forster,8
713.853.1861,1
david.forst,1
karen,5
5c2,5
kind,16
buckley,3
9:45,2
onward,2
-origin,66
januari,83
2002,80
5:24,1
tomorrow,28
requir,99
miss,18
tel,2
713,117
345,4
4667,2
gideon,9
fleec,7
face,29
israel,15
lord,130
'll,21
ground,14
whether,37
lamb,3
wet,2
dri,6
reduc,12
armi,4
22,20
'S,6
psalm,14
27:8,1
niv,9
sun,102
shine,1
he',1
pass,26
mission,5
missionari,5
i'll,1
local,7
pastor,10
amaz,3
pop,5
proposit,2
refer,57
lay,11
account,64
judg,8
midianit,1
13,9
doubt,7
15,46
So,18
17,65
tell,48
tear,4
altar,5
baal,1
afraid,6
goe,9
night,12
around,27
ought,5
satisfi,2
wrong,11
sure,31
wo,13
mad,1
i.e.,12
exactli,2
hero,1
gideon',1
300,2
men,24
whole,17
point,42
passag,2
deliver,9
chose,7
desper,2
assur,8
clearli,7
certainli,9
determin,55
An,18
adulter,1
gener,79
crave,2
12:39,1
forgiv,59
reveal,9
entergi,21
redirect,8
modifi,3
polici,13
submit,24
later,23
noon,8
practic,17
oasi,19
relationship,44
higher,10
prioriti,5
moon,4
heidi,3
page,30
big,25
news,24
Jo,2
alway,40
applaus,2
heaven,16
child,24
tempor,4
led,9
son,22
roman,25
8:14,1
brought,11
focu,16
aerospac,1
apollo,1
never,47
forget,2
lunar,1
lander,1
touch,15
bold,1
headlin,3
domin,6
front,10
minneapoli,1
star,6
armstrong,1
proud,3
came,32
third,39
section,39
mr.,29
mrs.,1
northwestern,1
hospit,1
march,8
12,17
1969,1
sound,11
mother,9
took,10
den,1
captur,3
entir,12
shelf,2
refriger,1
alter,1
sleep,3
pattern,2
social,5
hold,41
hug,1
shot,3
deed,5
outdon,1
somebodi,4
faster,3
littl,30
forev,6
second,18
doctor,2
anticlimact,1
heard,14
ad,14
asterisk,1
afterward,3
sinner,7
repent,3
earthli,2
sacrif,5
ignor,6
pursuit,1
amidst,1
busy,1
clutter,2
cherish,1
nurtur,1
longer,23
provis,12
obedi,18
motiv,53
sweat,3
earli,10
stay,18
late,9
toil,3
end,29
non-provis,2
understand,42
lack,8
babylon,10
tgif,68
outcom,4
vain,5
rise,6
food,4
eat-for,1
grant,9
127:2,1
No,143
worship,5
by-product,6
upon,25
whenev,9
beyond,6
workday,1
unbelief,1
loss,64
lesson,7
goal-ori,1
workahol,1
common,21
shook,1
friend,14
examin,5
realiz,11
refus,4
'd,8
deserv,2
contrari,10
aspect,9
babylonian,4
begin,45
teach,49
career,40
365,33
inspir,37
//www.marketplaceleaders.org/displayroom/skudetail.nhtml,33
uid=10055,33
//nhf.org/applications/donate.htm,33
fdn=marketplac,33
2bleader,33
3520,33
habersham,33
drive,51
cum,33
georgia,33
30041,33
usa,35
earth,21
accomplish,21
good,76
kingdom,27
prayer,26
20,45
7:17,1
twentieth-centuri,1
multitud,1
astray,2
7:12,1
truth,63
seiz,2
standard,54
guidanc,10
admonit,1
7:16,1
essenti,6
prerequisit,2
willing,4
aliv,16
establish,35
notic,60
lord',1
art,2
hallow,1
done,31
6:9,2
pray,21
present,62
appar,4
perfectli,3
execut,27
perfect,9
12:2,1
exercis,16
bodi,52
dead,15
consid,55
mortal,4
satan,50
die,25
reign,7
obey,5
lust,5
6:11,2
5:12,4
deceiv,10
instrument,30
unright,7
renounc,5
19,29
yourselv,6
therefor,14
condit,23
descend,1
fallen,4
adam,40
apart,5
creator,1
deuteronomi,4
30:19,1
non-christian,2
permeat,1
self,7
perpetu,3
3:8,3
counsel,16
rebel,1
strong,23
appeal,4
exampl,18
virtual,3
imposs,9
wrongli,1
sacrific,12
6:12,1
death,10
fall,26
genesi,14
separ,43
garden,8
eden,3
eve,12
dramat,7
said,93
eat,9
18,25
spread,5
unfortun,3
idyl,1
shatter,5
sad,2
lost,10
far-reach,1
infect,1
subsequ,4
race,1
tree,8
knowledg,30
2:17,1
ate,3
motion,3
hundr,5
soul,13
banish,1
presenc,9
cast,6
guard,8
entranc,4
cherubim,1
wave,3
flame,3
sword,7
3:23,1
24,23
transgress,4
ephesian,25
2:1,4
remedi,2
life-chang,1
cure,3
diseas,3
caus,34
6:23,1
wage,1
rose,3
gift,16
10:10,1
bad,8
heavenli,9
ubsw,15
awar,9
machin,3
tonight,9
inbox,4
explain,8
3-1411,4
global,42
infrastructur,8
card,57
membership,15
express,70
american,39
corpor,18
redeem,3
zero,2
balanc,19
transfer,18
reinstat,2
enron/american,1
earn,21
paid,6
accru,3
appli,10
1-800-the-card,1
843-2273,1
cardmemb,1
redempt,3
line,48
1-800-297-3276,1
consum,6
traci,3
ramsey,1
853-6457,1
bright,8
//lists.crosswalk.com/update/1,3
singl,13
movi,5
review,33
bill,25
lori,3
perspect,10
've,11
latest,14
_____________________________________________,2
briefli,1
insight,8
mid-februari,1
reflect,11
lifetim,2
founder,3
chairman,14
campu,4
crusad,3
remain,25
commun,69
preciou,22
feet,10
wrap,1
sub~261895~v9udwfwfs8es~3~78,1
fresh,1
fit,9
church,22
're,26
tire,1
meat,1
set-up,5
wonder,16
boat,3
sub~261895~v9udwfwfs8es~3~67,1
film,1
re-don,1
overview,6
weekend,15
holli,1
mcclure,1
uniqu,10
decid,18
sub~261895~v9udwfwfs8es~3~42,1
music,12
religion,4
school,10
//lists.crosswalk.com,1
a3.57.261895,2
u-a3.57.261895,2
taken,19
sparingli,2
By,16
newsletter-feedback,2
netco,15
allen,21
tdsp,3
td,10
tantra,5
tdsd,2
8:44,2
FW,15
TJ,10
invedi,4
14,14
1:52,1
poston,2
Cc,14
nat,2
luu,2
duong,2
dl-oracl,2
dba,5
esttdsp,1
4:00pm,1
tdst,1
tds8itst,1
refresh,5
tape,5
dec,5
tds8idev,1
server,75
clement,4
push,7
tnsnames.ora,1
modif,2
repeatedli,3
testament,4
creation,11
declar,14
martha,2
26,23
testimoni,5
5:11,2
breath,4
concept,10
scriptur,11
preposit,1
phrase,2
theme,2
enjoy,14
ident,27
unit,37
apostl,9
statement,181
resurrect,3
11:25,1
wholeheart,1
eternity',1
agreement,42
employ,14
wholesal,30
arrang,17
ann,1
labb,1
5-7809,1
fallon,1
delainey,5
directli,19
ever,15
gerri,1
11:47,1
J.,12
kaniss,3
//www.studentmagazine.com/thisweek/thisweek_article.asp,1
articleid=213,1
hub,25
NY,3
zone,9
pjm,16
enpow,11
west,17
ercot,21
region,20
key,18
nepool,3
ptf,1
ontario,1
cinergi,3
com-,1
tva,3
soco,1
south,22
FP,2
north,49
truli,3
anth,1
vice,10
713-853-5035,1
cell,18
713-854-3923,1
713-646-8272,16
stock,121
nyse,16
criteria,3
quotat,2
over-the-count,14
otc,8
equiti,4
symbol,23
enrnq,1
york,6
exchang,53
delist,1
suspend,6
websit,30
www.nyse.com,1
fell,7
averag,4
1.00,1
consecut,3
trading-day,1
nation,32
bureau,3
llc,2
pink,6
sheet,12
brain,5
tent,5
becam,15
immateri,2
dust,1
nostril,1
2:7,1
occur,15
ceas,2
absent,1
5:8,3
primari,23
recogn,13
5:16,2
princip,28
versa,1
control,43
judgment,5
programm,1
finest,2
ca,21
corps,1
brilliant,1
damag,11
alzheim,1
5:1-4,1
temporari,3
dwell,6
illustr,4
confess,14
peg,1
pole,1
sag,1
seam,2
fray,1
age,36
glad,1
dispos,8
suit,7
beat,5
slave,3
9:27,1
fulfil,4
diet,1
adequ,4
rest,7
overemphas,1
underemphas,1
anger,16
circumst,40
hood,2
angri,3
unprofit,1
quickli,13
provok,1
resid,4
lap,1
fool,1
ecclesiast,2
7:9,1
engag,4
cut,8
traffic,1
got,12
perhap,17
downright,1
unfair,1
warn,8
car,3
dashboard,1
signal,4
trace,2
lose,22
stimul,1
instanc,6
vendor,5
tim,9
1:7,1
gave,16
session,30
pm,16
attend,30
letter,11
7th,3
orient,5
split,10
divid,4
alpha-ord,3
10am-12,2
2pm-,2
valuabl,6
speed,7
attach,36
altern,8
10am,8
A-,3
K,10
2pm,4
l-z,3
repli,99
observ,24
martin,6
luther,2
thanksgiv,6
novemb,83
christma,4
decemb,9
holiday,22
memori,15
27,21
labor,8
septemb,5
28,10
29,12
6:00,10
houstonian,4
video,12
throughout,21
introduc,4
discuss,86
HR,9
matter,26
conferenc,1
portland,6
Mt,4
calgari,4
111,2
post,13
oak,6
lane,1
680-2626,1
lone,1
confidenti,9
advis,24
ami,3
fitzpatrick,1
x52729,1
clyatt,1
x33256,1
cach,9
super,3
streammachin,3
initi,30
administr,49
1.0,2
header,2
packet,4
block,9
IP,7
ameritrad,2
socket,1
protocol,5
port,2
80,2
util,38
disallow,1
mechan,5
compliant,2
thu,8
rout,7
tune,5
204.107.120.3,1
inquiri,7
800,4
669-3900,1
402,1
970-5805,1
sincer,5
josh,1
services/technolog,1
plant,19
komp,6
build,47
contain,117
horticultur,3
floor,51
sticker,3
mainten,27
leas,6
plaza,7
sold,9
tax,4
contract,21
perform,83
49,2
rather,7
chosen,6
On,21
11:00,6
2:00,8
tabl,13
side,14
escal,1
interest,42
guidelin,2
desk-top,1
pot,1
plastic,1
chrome,1
bronz,4
clay,2
themselv,32
pick-up,1
inspect,1
premis,2
payment,14
hensch,1
ext,9
35522,1
belong,17
imag,637
1:26,4
search,12
glare,2
Us,20
abid,1
furthermor,24
unlik,7
anim,4
instinct,1
emot,35
2:18,2
suitabl,18
helper,1
fish,4
sea,3
bird,4
sky,2
cattl,2
safeti,6
mankind,1
experienc,13
measur,10
destin,2
forfeit,1
glow,1
children,33
wander,1
strive,8
hopeless,2
quest,3
wisdom,17
enslav,3
punish,5
serv,22
15:14,1
proven,2
realiti,6
gone,11
sight,2
mysteri,3
gospel,9
incred,3
hardship,2
kept,4
400,2
bondag,15
slaveri,4
hinder,1
freed,2
instruct,18
pend,7
threaten,3
proceed,6
paper,9
destroy,13
345-2402,1
storag,15
//www.westinlacantera.com/san_antonio/index.htm,1
ect.enron.com,4
ei.enron.com,4
ees.enron.com,2
firstname.lastnam,11
domain,5
decommiss,7
18th,1
notifi,5
enron.messaging.administr,5
cooper,19
mistak,6
daughter,3
teacher,13
handl,15
resolv,20
outburst,3
tardi,2
esteem,2
pupil,1
luke,4
6:40,1
fleshli,16
sunday,17
fume,1
explod,2
convict,2
hand,17
weigh,5
heavili,1
eye,9
honest,4
blow,5
credibl,2
disciplin,2
6:4,1
honesti,2
admit,10
conflict,24
pack,9
02/06/02,1
02/07/02,1
steno,1
02/11/02,1
logoff,2
incomplet,1
t.jae,13
713-853-5800,12
713-539-4760,12
skill,45
ae,11
bet,11
short,55
schwab,9
spokeswoman,5
resign,11
leon,4
hedg,13
rival,3
dow,8
jone,8
ms.,3
investor,43
analyst,25
brazilian,3
collar,3
outright,3
wall,6
corp.,29
game,7
brother,12
aug.,2
familiar,5
estim,38
tumbl,2
net,6
volatil,14
ultim,7
sept.,2
currenc,3
woodcock,2
small,24
san,11
francisco,3
propos,10
worth,4
500,000,2
600,000,2
industri,65
401,4
k,4
suffer,21
bought,6
wsj,1
1/14,1
ex-ceo,1
vs.,2
01/13/2002,1
ken,8
brown,5
report,76
chief,13
mid-august,1
spend,5
three,35
soccer,1
quit,2
sidelin,1
specul,3
stock-market,1
wager,2
produc,11
ballpark,1
judi,5
categori,5
respect,41
privaci,20
ceo,10
unproven,1
bandwidth,5
capac,17
revel,9
swashbuckl,1
attitud,6
downfal,1
bankruptcy-court,1
except,7
riski,1
borrow,2
cheaper,1
riskier,1
cover,22
sky-high,1
steadili,1
tank,1
nearli,2
60,5
arlington,1
va.,1
blame,4
shortfal,1
now-depart,1
behavior,19
kenneth,1
spokesman,1
page-on,1
hurt,12
brazil,1
absolut,1
nonpubl,1
obtain,15
output,3
obviou,1
charl,3
co.,1
broker,15
buzz,1
insid,7
oh,2
newli,2
private-cli,1
elabor,1
strategi,11
1.1,1
47,1
vest,2
reopen,4
terrorist,4
attack,10
408,000,1
68,1
cent,14
worthless,1
interestingli,2
profession,7
theori,1
offset,1
pair,1
tout,2
america,21
innov,9
least,28
minor,2
portion,15
brokerag,2
mutual,3
s.,3
collaps,1
weatherman,1
750,1
stuck,2
60-cent,1
interview,7
alaska,1
2,000,2
lot,11
lull,2
comatos,1
01-13-02,1
wilma,5
rudolph,2
olymp,2
IN,5
11:6,1
sprinter,1
remark,1
health,7
left,15
crippl,1
honey,1
delight,3
brace,1
basketbal,1
championship,1
win,9
medal,1
1960,2
hear,26
sometim,12
foundat,13
defin,10
day-to-day,3
activ,69
colossian,9
2:6,2
conduct,14
everyday,3
matur,17
tend,4
mystic,4
qualiti,14
realm,8
everybodi,2
basic,17
serious,3
despit,2
petit,5
dark,27
alert,12
persever,6
saint,5
6:18,1
seminari,4
psychic,3
Of,6
cours,12
insist,5
you'r,2
disturb,1
aura,3
upper,1
echelon,1
'the,1
greatest,14
demon,21
influenc,11
fervent,1
thwart,2
guid,23
interced,1
8:26,1
sunantilambano,1
depict,1
alongsid,2
frailti,1
vulner,5
bear,11
weapon,9
arsen,1
four,12
bless,17
stone,3
stage,8
compar,11
sovereign,1
zion,1
cornerston,1
dismay,1
isaiah,1
28:16,1
consecr,1
hous,25
miracl,8
tangibl,2
evid,9
moses',1
burning-bush,1
water,26
joshua',1
river,4
built,12
depth,3
width,2
innoc,2
prov,1
16:2,1
accumul,3
action-it,1
endeavor,1
teeth,2
certifi,1
dentist,1
author,44
citi,17
zip,2
quicktell.com,5
spring-load,3
formula,5
carri,10
galatian,3
lawn,2
mower,2
neither,3
choic,11
spirit-fil,4
law,19
patient,5
one-third,1
horsepow,1
ambit,1
earth-mov,1
machineri,1
real,20
powerhous,1
bulldoz,1
15:5,1
toggl,1
switch,14
unwit,1
victim,13
thoroughli,1
occasion,2
poor,1
crucifi,4
magic,2
foolproof,1
anymor,1
legalist,1
indulg,1
everywher,4
preach,8
god',7
powerless,2
3:21,1
reintroduc,1
graciou,1
netcoonlin,10
PA,17
master,23
eta,8
approv,37
buyer,16
gtc,4
top,19
splash,4
screen,19
issu,83
sub-us,2
govern,11
timet,1
sequenc,1
jan,4
format,19
reach,21
www.enrononline.com,2
registr,19
admin,3
sub,2
jan.,2
regulatori,35
approx,2
3,000,2
450,2
simpl,7
brochur,3
particular,16
commod,5
trading/origin,2
coordin,5
previous,17
marketing-specif,2
teresa,7
mandola,5
39807,2
kara,1
boudreau,1
30570,1
jennif,7
mcquad,5
53614,2
dan,12
diamond,5
39673,2
signatur,1
typic,5
signatori,1
supersed,1
embed,3
paintbrush,1
11:01,1
luong,1
pjb,1
outag,227
pager,58
1/11/2002,5
facil,26
on-cal,25
_________________________________________________________________,7
impact,171
p.m.,23
p.m,3
monthli,8
randi,2
713.345.7707,2
edi,16
ee,30
sitara,18
unifi,17
853-9797,16
5:00:00,25
1/13/2002,1
12:00:00,45
ardmor,10
7:00,3
9:00,4
emerg,12
back-up,1
chiller,1
routin,1
AC,1
equip,10
10:45,1
crac,1
shut,1
air,7
handler,1
belt,7
filter,3
drain,1
azurix,11
eb34,8
field,17
os/2,8
sun/oss,8
telephoni,17
853-1411,8
853-5536,8
sap/isc,8
345-4727,8
284-3757,8
288-0101,8
rus/gops/geotools/apr,8
639-9726,8
oss/ua4/tarp,8
285-3165,8
cpr,17
284-4175,8
327-3893,8
888,9
-trader,8
327-6032,8
oati,13
digit,9
certif,15
webtag,3
e-tag,5
et,2
acquir,15
oatiinc.com,2
1.7,4
download,9
url,11
//www.oaticerts.com/repository/company_information.doc,2
avoid,10
shortli,5
1.67,1
763,1
553-2725,1
bu,7
taxabl,2
incom,8
park,19
transport,7
ecn,7
306,2
charg,40
buse,3
subsid,4
treat,8
exclud,7
65,3
taxat,1
collect,11
imput,1
100,14
subsidi,2
exclus,16
65.00,1
35.00,1
doodlem1,3
Fw,7
attbi.com,2
01,20
mailto,34
10:20,2
pj,1
dl,1
mhawl,1
aol.com,5
5:13,2
Re,3
per,27
1/31/2002,9
garag,7
rate,20
increas,54
unreserv,3
31st,2
94,2
99,2
4th,3
215,2
225,2
3rd,5
165,2
175,2
corp,51
paycheck,3
space,22
consist,10
5th,8
37060,1
36399,1
katz,1
59322,1
fals,19
righteous,17
destruct,13
dynam,5
sensual,2
secretli,1
heresi,1
deni,8
swift,2
eastern,23
guru,1
spokesperson,1
nonbibl,1
cult,1
recogniz,1
boundari,2
chapter,3
disguis,1
worker,3
lure,17
primarili,17
doctrin,7
malign,1
evalu,10
outward,1
charm,2
nice,3
charismat,1
speaker,7
sweet,1
syrupi,1
criterion,2
valid,13
righteou,9
servant,9
grandstand,1
imai,5
wed,9
1/9/2002,1
benchluch,3
mois,3
cline,3
giron,3
gustavo,3
marquez,9
rust,3
soykok,1
gulay,1
ryan,12
H,8
9,15
surpass,2
1:19,1
1:19-21,1
peek,1
reservoir,1
greek,5
dunameo,1
energeian,1
kratou,1
ischuo,1
mightiest,1
expans,21
scope,4
dominion,6
1:21,1
influenti,1
polit,7
militari,31
imagin,7
crime,4
kingpin,1
drug,2
baron,2
marshal,2
command,7
enabl,8
intrus,1
liber,4
prais,3
happi,4
pleasant,2
join,36
colleagu,3
coffe,1
donut,1
8:00,8
a.m.,22
lobbi,7
moor,7
jose,12
weather,11
G.,6
A.,7
kaminski,3
vinc,5
bennett,3
stephen,4
shive,5
hunter,5
S.,7
villarr,3
alex,5
rangel,5
ina,6
rybarski,4
amanda,4
hilli,3
kimberli,3
steven,5
hogan,3
irena,3
D.,22
vuittonet,3
research,27
09,1
06980,3
10:00,5
speaker-,1
......,7
asst/,1
...................,1
08,2
1:27,2
9th,7
ecs-06980,2
speaker/teach,2
.......,2
17:4,1
neighbor,2
mandat,6
fruit,23
glorifi,4
communion,2
unsearch,1
33:3,1
cpa,2
advertis,278
assembly-lin,1
whatev,6
gloriou,1
shore,1
geraldin,1
cindi,14
rape,7
creatur,9
tragedi,3
confer,13
traumat,3
away,25
behold,3
5:17,3
young,7
struck,1
shake,3
horribl,3
crisi,6
sob,2
terribl,1
ugli,2
fix,3
scar,1
grown,1
abus,6
baggag,5
offend,7
liter,2
meant,5
harm,6
unproduct,3
self-control,2
godli,5
brotherli,2
1:8,2
creep,3
societi,3
scale,6
extrem,5
weight,4
solut,21
dilemma,1
1:5-8,1
stale,1
unrest,1
charact,17
soldier,2
salvat,8
partak,3
regener,2
magnific,2
1:4,4
wrath,5
grow,16
twice,3
2:1-3,1
trespass,1
unbeliev,1
occurr,1
birth,2
transform,3
fundament,5
inde,5
8:9,3
shop,24
locker,3
payrol,13
tremend,3
contractor,4
spous,6
empti,1
recept,2
reoccupi,1
overal,7
expens,15
cash-neutr,1
creditor,5
deduct,5
reactiv,1
15th,2
wish,15
body.shop,1
enrol,2
saturday,16
laundri,1
discontinu,3
towel,1
ongo,6
revenu,18
stabil,4
staf,2
housekeep,1
massag,2
therapi,1
appoint,8
3-3047,1
correct,10
benefit,48
transmiss,57
erron,1
code,6
hewitt,2
disregard,4
regret,3
confus,3
inconveni,3
intranet,2
benefits.enron.com,1
resources.hewitt.com/enron,1
log-in,1
repres,37
800-332-7979,1
draft,3
louis,10
remnant,8
egypt,8
zerubbabel,3
haggai,5
governor,3
judah,6
joshua,7
jehozadak,2
templ,8
ruin,5
handpick,2
Be,6
breed,1
shealtiel,1
2:2,2
solomon,4
spoke,4
panel,26
hag,1
comfort,8
affect,15
commerc,4
almighti,3
coven,1
2:4-5,1
signifi,2
exemplifi,2
pioneer,2
courag,3
supernatur,4
extraordinari,2
famin,7
mighti,3
weari,2
Go,5
42:2,1
F.,7
B.,1
meyer,4
jacob,2
driven,1
self-satisfact,1
thrown,4
youngest,1
pit,2
thirteen,1
grain,1
hill,3
green,5
pastur,1
cloth,1
flock,1
valley,1
corn,1
rang,8
song,5
reaper,1
reuben,1
simeon,3
unconcern,1
carnal,3
dream,3
break,5
nest,1
loosen,1
root,6
worn,1
burden,3
11:28,2
suppli,19
saul,13
reject,10
partial,5
sam,4
danger,5
overcontrol,2
samuel,6
jet,2
disobedi,4
rebellion,1
arrog,2
idolatri,2
15:23,1
spin,5
plane,2
inclin,1
manipul,4
scari,1
Or,11
favor,13
began,12
compromis,3
kill,3
amalekit,1
15:26,1
15:24b,1
insecur,5
core,8
inventori,4
quotient,1
heed,1
fat,1
ram,2
15:22b,1
loke,1
permit,4
lunch,10
lindon,3
lwilliam,1
teamrls.com,1
annual,15
insur,40
accompani,13
u.s.,46
entitl,5
thereof,2
77002-7311,2
washington,6
d.c.,3
domest,1
retir,4
1974,1
erisa,1
commiss,46
carrier,2
write,4
sharehold,2
853-6161,1
liabil,11
disclosur,11
n-5638,1
pension,1
welfar,1
200,3
constitut,11
avenu,2
n.w.,1
20210,1
Ca,2
mom,4
smile,3
bailey,7
dsc00046.zip,2
inner,6
radic,2
justif,2
sanctif,2
15:10,1
mediocr,1
manner,12
distinguish,1
prone,1
perceiv,10
hang,2
raptur,1
behav,2
aton,1
outer,1
progress,1
convers,5
timothi,12
1:12-16,1
self-depreci,1
15:9,1
profess,5
inferior,5
inadequaci,4
guilt,5
worri,13
growth,29
milk,3
drink,5
solid,5
2,3,2
impuls,3
occupi,2
plagu,9
neg,25
symptom,2
yield,3
ago,10
discov,12
characterist,5
born-again,2
bog,2
self-doubt,2
inund,2
unbeliv,2
trait,2
stagger,2
implic,17
jeff-,2
allison,5
trish,2
buddi,4
lindonwilliams.doc,2
referr,18
talent,7
hire,5
recruit,8
easi,7
web-bas,2
cultur,7
incent,4
candid,5
elig,2
5,000,3
acceler,5
//enron.referrals.com/promo.asp,2
easier,4
enhanc,14
referral.st,2
station,4
345-3254,2
oxley,4
intercontinentalexchang,120
=09,940
4,000=09,6
27.50=09,4
prevail,30
specifi,31
metal,30
acknowledg,33
agre,57
entiti,47
consent,27
bulletin,21
200=,7
index,21
volum,46
sell-sid,16
hub=09high=09low=09wtd,14
avg,16
index=09chang,14
=09vol,14
mwh,17
cinergy=09,14
27.00=09,4
23.00=09,4
25.55=09-,1
6.48=09=,1
80,000=09,1
comed=09,14
26.00=09,3
22.15=09,1
23.78=09-,1
4.10=09,1
entergy=09,14
30.50=09,2
26.25=09,2
27.46=09+,1
.96=09=,1
16,000=09,2
nepool=09,14
39.25=09,1
37.00=09,1
37.37=09-,1
2.61=09,1
8,000=09,3
palo,11
verde=09,8
40.00=09,2
37.50=09,1
38.79=09+,1
4.72=,1
5,600=09,3
pjm-west=09,14
28.50=09,2
28.02=09-,1
4.23=,1
50,400=09,3
sp-15=09,12
38.65=09,1
37.80=09,1
38.24=09+,1
4.46=09,1
tva=09,14
26.75=09,3
27.07=09-,1
6.04=09,1
11=,12
fir=,12
on-peak,15
cpt,15
hu=,12
bs,12
/,44
pacif,15
western,18
delivery=,12
liquid,42
in=,35
clude,12
crude,16
refin,16
oil,26
pr=,17
oduct,12
swap,16
a=,37
nd,15
proprietari,15
yo=,12
u,12
dissemin,13
intercon=,14
tinentalexchang,14
herein,27
witho=,12
ut,12
valuab=,12
le,15
bei=,12
ng,22
rese=,12
rve,12
reas=,12
represent,21
o=,16
r,25
warranti,13
impli,26
inquir,18
cont=,17
intcx.com,15
20=,16
32c2,1
5pm,2
chen,2
hai,3
3:48,1
T.,2
mid,3
crenshaw,3
shirley,3
psim,2
tool,12
2:15,1
coneway,1
betti,1
hello,5
demand,5
consider,6
monte-carlo,1
valuat,4
portfolio,1
eb5c2,1
huang,1
head,8
count,5
3-5290,1
regist,49
pizza,1
soft,1
hate,3
___,3
curs,2
mistreat,2
enemi,6
6:27,1
retali,2
6:27-34,1
consciou,2
hook,9
__,1
major,23
5:44,1
forgiven,6
10freedom,1
11thank,1
12when,1
offens,4
1:9,2
5:23-26,1
uncondit,3
transit,16
ubs/enron,1
interrupt,2
exterior,1
burnt,3
impress,6
sacrifici,6
nnoth,1
24:24,1
notorieti,1
obvious,4
genuin,1
humil,3
pieti,1
araunah,1
thresh,1
oxen,2
fifti,1
shekel,1
silver,4
fellowship,9
24:24-25,1
expertis,2
cancer,3
volunt,9
//cr.enron.com/eia.html,4
fundrais,4
kid,4
museum,1
scienc,3
crate,1
barrel,1
preview,1
parti,43
aero,2
carwash,2
nutcrack,2
cpr/first,1
aid,4
mammogram,4
lung,1
par,2
fore,2
pet,2
golf,3
tournament,2
my.home.enron.com,4
eia,4
gossip,4
consequ,5
reveng,3
isabel,3
suppos,9
repay,2
12:19,2
toler,3
belov,4
vengeanc,1
wife,2
doormat,1
confront,1
lovingli,1
firmli,2
okay,2
another',1
co-depend,1
argu,5
justic,4
imparti,1
extend,3
merci,2
retract,1
toothpast,1
tube,1
bitter,4
harbor,3
resent,1
tender-heart,2
sake,6
unforg,2
captiv,3
4:32,1
trauma,2
badli,1
amen,1
6:14,3
18:21-35,1
entrap,1
believers',1
scheme,4
2:11,1
forgav,1
clamor,1
slander,1
malic,1
4:31,1
32,4
caller,5
numer,3
sec,34
media,7
tariff,8
workpap,1
calcul,2
methodolog,2
non-firm,1
complianc,12
retroact,1
1992,2
1993,1
interventions/protest,1
nov.,6
susan,11
lindberg,6
713.853.0596,2
sat,192
10/27/2001,47
thru,205
CT,138
PT,133
10/26/2001,17
3ac,20
6:00:00,46
backout,69
4:00:00,35
10/28/2001,19
2:00:00,17
10:00:00,23
cabl,6
vpn,3
8:00:00,17
trizechan,4
io,2
router,3
backup,13
EI,11
8:30:00,7
17th,2
nortel,2
chrissi,2
grove,2
713-345-8269,2
fox,3
713-853-5337,2
W,8
B,9
5:00pm,9
12:00am,7
shutdown,3
3:30-4:00,2
en,2
2ac,2
telephon,8
voicemail,6
telco,2
dial,10
tone,2
beforehand,2
jael,2
olson,3
713-336-2300,2
attempt,12
7:00:00,31
7:30:00,4
5:30:00,8
1:00:00,18
1:30:00,5
upgrad,18
tie,6
correctli,3
garhett,1
clark,1
713-345-9953,1
postpon,4
eeshou-fs1to,2
cluster,5
redund,3
roder,3
gerlach,3
713-345-3077,3
6:30:00,5
10/287/2001,1
2:30:00,4
ei-dns01,1
ei-dns02,1
35th,2
dn,2
nov.1,1
malcolm,12
713-345-3716,12
wireless,7
T1,1
quebec,1
brandi,1
brumbaugh,1
800-486-9999,1
6:15:00,1
4:15:00,1
12:15:00,2
pull,6
10:30:00,4
11:00:00,20
9:00:00,25
4:30:00,4
6,400=09,5
32.50=09,3
32.65=09,1
31.05=09,1
32.03=09+,1
.93=09=,1
132,800=09,1
29.00=09,1
27.88=09+,1
.61=09,1
28.00=09,3
25.85=09,2
26.50=09+,1
.31=09=,1
40.25=09,2
39.75=09,2
39.98=09+,1
.92=09,1
35.50=09,1
33.00=09,3
34.07=09+,1
.93=,1
10,000=09,1
32.00=09,3
32.25=09+,1
1.86=,1
32,800=09,2
36.50=09,1
33.78=09+,1
1.32=09,1
6,000=09,1
34.50=09,1
30.00=09,2
33.11=09+,1
2.08=09,1
8,800=09,5
threat,6
nonspecif,1
enforc,4
offici,2
unsubstanti,1
merit,4
nonetheless,4
suspici,2
3-6200,2
853-4793,4
2-1-2002.xl,1
5:1,3
intend,36
privileg,8
oppos,7
intens,5
render,1
inop,1
verbal,3
unlov,1
figur,6
heal,4
70,000,3
joab,2
troop,2
fight,5
seventi,1
chronicl,4
21:14,1
overconfid,1
cring,1
display,10
enough,9
pride,5
100,000,21
jehoshaphat,1
singer,1
jericho,3
seven,3
unconvent,1
guilti,2
sour,1
it',2
convent,1
known,15
giver,1
hindranc,1
rid,2
crown,1
hillman',1
tsyi,13
reader,94
terra,9
bulk,7
opinion,56
econom,10
disclaim,37
scientif,4
La,6
mancha,4
conclus,6
recommend,86
etgp,3
consult,10
environment,7
larg,22
licens,39
reliabl,40
hyperlink,15
1995,3
utah,2
patent,2
pneumat,2
coal,5
development-stag,2
commerci,10
mention,19
substanti,12
convey,2
reduct,2
forward-look,15
1934,12
uncertainti,24
actual,28
kent,2
harmon,3
jurisdict,16
countri,29
regul,23
sole,20
liabl,17
endors,16
guarante,22
understood,17
referenc,19
1933,16
compens,22
target,26
difficulti,22
nasd,18
================================================================================,16
togeth,12
lift,1
revers,4
5.00,6
6.00,1
board,21
66.00,1
inc,29
BY,3
payson,1
oct.,6
santa,1
Fe,1
nm-base,1
emphasi,3
report',1
technology',1
technic,4
feasibl,1
cite,5
caveat,1
rigor,3
pilot-test,1
potenti,20
coal-fir,1
recoveri,4
usabl,1
long-accumul,1
wast,2
friendli,1
intrigu,2
approach,8
reconcil,3
dichotomi,1
phase,1
prestigi,2
ph.d.,1
retire,2
lo,3
alamo,1
laboratori,3
efficaci,1
company',1
incorpor,5
1996,1
linear,1
particl,1
veloc,1
particle-isol,1
medium,12
ambient,1
temperatur,4
low,23
pressur,2
costli,2
inorgan,1
classifi,1
dry-process,1
facilit,8
procedur,7
micro,2
pulver,1
mix,2
benefici,2
moistur,1
ash,1
btu,1
electro-custom,1
chemic,2
surround,4
seen,10
array,3
agricultur,2
construct,7
ceram,1
billion,8
adopt,3
implement,15
royalti,1
approxim,6
outstand,8
safe,4
license,3
21e,3
unknown,4
contempl,3
assum,10
801-465-,1
4400,1
tsyi.com,1
xcelassociates.com,3
801/465-4400,1
coverag,11
dilig,12
solicit,10
analysi,24
attorney,9
provinc,8
//www.nasaa.org,8
investig,27
broker-deal,25
warrant,8
omiss,9
inclus,8
indirectli,8
alleg,11
relianc,8
webmast,5
commentari,13
supplier,10
gaug,10
satisfact,11
caution,9
micro-cap,8
high-risk,8
b,12
45,000,1
95,000,2
xcel,4
inher,9
decreas,8
dilut,9
privat,15
receipt,12
principal-ag,8
fast,15
thinli,8
e,27
predict,10
object,23
assumpt,13
histor,16
//www.sec.gov,8
dealer,9
//www.nasd.com,8
advisori,25
fraud,10
//www.sec.gov/consumer/cyberfr.htm,8
edgar,8
qualifi,10
entireti,10
detail,38
//www.crmems.com/mail/unsubscribe.asp,8
email=jeff.k,14
aol,9
litig,8
ljm,4
partnership,3
defend,3
preserv,5
lawsuit,2
director,8
former,17
court,2
reform,2
accordingli,2
retain,5
handwritten,1
civil,2
crimin,1
penalti,3
vigor,1
meantim,1
derrick,1
713-853-5550,1
long-term,10
upcom,1
3:00pm,6
8:00am,2
northern,1
jeopard,2
reconcili,3
vehicl,2
varieti,6
level,16
align,1
3:00,4
ed,18
M.,21
mobil,3
mammographi,2
1:30,3
5:30,3
studio,1
van,1
12-16,1
85,3
payabl,2
713-745-4000,1
//www.mdanderson.org/departments/mobilemamm/dindex.cfm,1
pn=29c87a2e-b66a-11d4-80fb00508b603a14,1
extra,6
non-profit,3
women,1
medic,1
//www.the-rose.org/,1
enw,5
gss,2
800-97-enron,2
worldphon,2
pin,2
1-800-97-enron,2
strateg,7
two-year,1
wherebi,1
mci,1
worldcom,1
telecommun,1
previou,14
c.s.t,1
wallet,1
//home.enron.com:84/messaging/mciannouncement.doc,1
1-800-973-6766,1
0-800-97-enron,1
800-973-6766,1
U.,1
senior,5
713-345-5552,1
hasan,1
imam,1
713-345-8525,1
etag,4
nerc,38
//www.tsin.com,2
por,2
pod,2
tag,4
registri,1
1a,1
CA,1
TP,1
1b,1
pse,3
2a,1
2b,1
supervisor,1
3b,1
//www.oatiinc.com/etag17,1
frank,5
billington,1
disk,30
3:00:00,27
reboot,10
sysadmir,2
edi_qa,1
re-org,2
kratzer,1
713-345-7672,1
35,5
tino,1
valor,1
713-853-7767,1
hr-db-4,1
db-4,1
brandon,2
bangert,2
713-345-4904,2
calkin,2
713-345-7831,2
raj,2
perubhatla,2
713-345-8016,2
281-788-9307,2
1:45:00,2
2:15:00,1
11:45:00,2
7:45:00,2
8:15:00,1
bug,5
adjust,1
daylight,1
precaut,1
patch,5
brennan,2
713-853-4545,2
brian,8
lindsay,3
713-853-6225,1
bruce,2
713-853-6551,1
lucent,1
cynthia,1
siniard,1
713-853-0558,1
deep,12
ocean,3
saw,13
farther,2
ship,6
merchant,10
107:23-24,1
wade,1
crash,2
knee,2
beach,1
discipl,20
testifi,1
pharaoh,2
imprison,2
anoint,11
30-year-old,1
mess,1
surviv,5
engulf,1
deeper,3
30.75=09,2
31.00=09,3
2=,2
001,2
33.90=09,1
31.10=09+,1
3.87=09=,1
143,200=09,1
27.27=09+,1
1.69=09,1
13,600=09,3
25.75=09,4
26.19=09+,1
2.72=09=,1
38.25=09,1
39.06=09-,1
.79=09,1
35.25=09,1
33.14=09+,1
6.05=,1
15,200=09,2
31.15=09,1
29.25=09,2
30.39=09+,1
3.60=,1
68,800=09,2
33.60=09,1
32.46=09+,1
5.11=09,1
9,600=09,2
31.50=09,1
31.03=09+,1
4.90=09,1
//images.clickability.com/eti/spacer.gif,5
//texasmonthly.emailthis.clickability.com/et/emailthi,3
etmailtoid=1882864300,3
texa,12
partnerid=989,2
y'all,1
//www.texasmonthly.com,1
//images.clickability.com/logos/cc0000/emailthis-logo.gif,1
//images.clickability.com/partners/989/eticon.gif,1
blew,1
clickmap=viewthi,1
//texasmonthly.savethis.clickability.com/st/savethispopupapp,1
clickmap=savefromet,1
clickmap=forward,1
sender,2
clickmap=browserbutton,1
peak,4
quot,41
50mw,1
MW,1
apr,1
jun,1
04,2
11:30,3
clearstat,119
bank,103
=09i=09,85
atvi,7
=09=09,55
advisor,52
wholly-own,51
graph,34
kensey,48
recommendlist,34
nasdaq,25
subsidiari,36
affili,40
fdic,34
trademark,34
3-point,17
viewprofil,17
fundamentalskey,17
rati=,17
osanalyst,17
infoearn,17
estimatesinsid,17
tradinginteract,17
toolgraphs=,17
bulkdiscussionrecommendationsnew,17
im=,20
=09do,17
under=,17
above.=09,17
=09'kensey,17
doink,8
oct,34
9:53pm,1
=09activis,2
vo=,4
lume,4
38.84,1
5:50pm,1
1.74,1
38.87,1
36.50,1
1,360,300,1
'kensey,17
int=,1
erest,1
nexu,1
jul=,1
ano=,1
ther,2
38.,2
dont,7
kens=,2
ey,3
annot,17
un=,17
regis=,17
tere,17
purport,19
member=,17
tax=,17
c.,17
of=,21
deposit,21
T=,18
rade,17
brok=,17
erag,17
offered=,17
deposits=,17
includin=,17
g,26
tradema=,17
rk,17
secu=,17
riti,17
nasd/sipc,17
c,17
A=,18
=09=09=09=09=09=09=09=09=09=09=09=09=09=09=09=09=09,17
answe=,17
red,21
1998-2000,17
all=,17
for=,21
subsid=,17
iari,17
memb=,17
er,21
=09i=,17
=09i=09join,17
=09i=09faq,17
focus,18
mid-market,5
optim,4
fred,5
redmond,3
vari,1
producer/wellhead,1
wellhead,1
consolid,4
deriv,1
lagrasta,2
u.,2
unchang,6
whitt,1
luce,2
strictli,3
partner,9
vicker,2
leadership,5
barri,2
tycholiz,2
congratul,3
len,4
5:12pm,1
=09lennar,1
34.00,2
4:07pm,1
-0.20,2
34.50,1
33.60,1
443,500,1
lon=,1
16:51:47,1
bottom,3
potentia=,1
l,11
dearth,1
stochast,6
oversold,5
f=,5
ace,1
folk,4
ralli,1
homebuilde=,1
rs,2
rear,1
|,24
eangler,18
eangler.com,8
garmin,4
gp,4
iii,4
decor,2
plate,2
19.99,4
shimano,2
stainless,2
steel,2
spring,10
largemouth,2
bass,5
tackl,7
reliefband,2
band,2
okuma,4
azul,2
reel,11
triplefish,2
spool,3
54.99-,3
eangler=,2
angl,6
adventur,4
shi=,2
pping,2
hot,9
rod,9
R=,4
eel,1
combo,10
eang=,1
ler,1
specia=,2
39.95,2
34.95,2
-blowout=,1
-blowout,1
349.99,1
199.99,1
ice,2
14.95,1
kit,8
17.99-,1
34.99,1
14.99-,1
29.99,4
K=,2
24.95,1
I=,3
mage,2
sea-sick,1
yd,2
sea-si=,1
ckness,1
99.99,1
49.99-,1
89.99,1
64.99,1
34.99-,1
37.99,1
yd.=,1
15,000,2
secret,9
t=,31
usp,7
ser=,1
cont,4
overs,4
daniel,11
vision,6
helpless,4
messeng,3
angel,4
gaze,1
deathli,1
pale,1
10:8,1
temporarili,1
princ,6
persia,1
frail,1
interven,1
seriou,2
delet,7
2/4/02,1
02/08/02,1
disabl,3
alli,5
4:40pm,1
=09allianc,1
V=,1
olum,1
16.72,1
4:18pm,1
1.47,1
17.25,1
15.16,1
464,400,1
point=,1
ahead,11
wa=,1
1/2,9
23.85,1
3/4,3
mcmahon,2
yesterday,3
confid,4
unparallel,1
qualif,1
thorough,3
fastow,1
absenc,1
1994,1
spent,2
european,3
financ,6
treasur,4
cfo,1
excel,7
ferc,97
rto,88
claudett,10
nicolay,9
L.,14
12:55,1
harvey,5
meyn,5
duran,6
W.,7
lavorato,4
kitchen,6
herndon,7
aucoin,6
berney,6
C.,5
misra,5
furrow,4
dale,4
sharfman,1
novosel,7
sarah,13
steff,2
jame,10
NE,1
SE,1
midwest,9
mediat,2
miso,20
spp,1
allianc,3
iso,7
transco,5
itc,1
congest,26
compat,1
wood,15
certainti,1
stakehold,8
26.50=09,4
25.00=09,3
27.23=09+,2
.33=09=,1
103,200=09,1
24.75=09,1
25.58=09+,1
1.33=09,1
4,800=09,3
23.85=09,1
23.10=09,1
23.47=09-,1
1.25=09=,1
39.85=09+,1
1.29=09,1
27.10=09,1
26.79=09+,1
.44=,1
79,200=09,1
25.25=09,3
26.13=09-,1
1.25=09,1
12,800=09,2
eeft,3
23,36
13.41,2
9:28pm,1
=09euronet,1
4:25pm,1
-0.52,1
13.94,1
55,600,1
21:27:42,1
1/4,2
mhk,4
8:30pm,1
=09mohawk,1
45.24,1
4:57pm,1
-0.61,1
46.25,1
45.00,1
265,800,1
20:26:35,1
upsid,1
stretch,5
smack,1
e=,3
xhaustion,1
gap,9
grab,2
player,4
denial,2
undivid,1
86:11,1
trigger,7
jump,2
mental,3
fli,4
watch,7
footbal,1
temper,2
enrag,2
teammat,1
meathead,1
15-yard,1
simmer,1
assert,5
disagre,2
unresolv,1
surfac,2
fortun,2
conflict-fre,1
devast,1
cri,4
8:10am,1
=09cryolif,1
34.25,1
12:40pm,1
-0.09,1
36.15,1
95,800,1
long=,1
08:09:53,1
powerpric,2
amerexenergy.com,1
11:32,1
nov,7
31,14
11-30-2001.xl,2
12-3-2001.xl,2
12-31-2001.xl,2
juda,3
difficult,13
torn,1
neighbors-to,1
28:17,1
person',1
control-control,1
grate,2
recipi,6
religi,4
vessel,2
bitterness-everi,1
deepli,1
betray,2
wash,4
power-pow,1
servanthood,1
mountain,1
greed-thi,1
well-onli,1
derail,1
blossom,1
thrive,1
frost,3
sullivan,3
telecom,5
agenda,11
telecom/broadband,2
dialogu,1
1st,3
esourc,7
host,8
summit,1
telecom/bandwidth,1
patti,3
harper-slaboszewicz,1
woodward,1
trading/brokering/onlin,1
//esource.enron.com/hot_topics.asp,2
3:30,4
EB,4
Q,20
3:30-4:30,1
quick,5
meter,1
4:30-5:30,1
utilicom,1
/energi,1
rsvp,7
E.,6
taylor,5
5-7928,3
8:05am,1
38.72,1
11:54am,1
2.06,1
38.75,1
36.75,1
994,700,1
08:04:00,1
resist,11
overbought,4
north=,1
expert,6
11th,1
reclaim,3
blueprint,1
sponsor,4
6:15,2
6:50,1
JW,1
marriott,1
across,10
galleria,1
westheim,1
713-303-3966,1
www.enronoperationhope.com,1
sorri,6
davidson,3
3:16,2
RE,6
2:16,2
Hi,4
rou,3
chandler,3
mandatori,8
24th,2
4-,1
30c1,1
atk,3
84.80,2
7:50am,1
=09alliant,1
techsystem,1
5:01pm,1
0.00,3
87.49,1
0,5
lo=,3
07:48:26,1
recent=,2
intraday,1
82.,1
rdi,3
7:47am,1
=09dr,1
reddi,1
21.50,1
4:09pm,1
21.62,1
20.70,1
07:44:55,1
19.,1
re-=,1
rdy=,1
sep,1
51/64,1
9.66,1
24.00=09,4
26.90=09+,1
6.40=09=,1
81,600=09,1
24.25=09+,1
5.34=09,1
25.50=09,3
22.70=09,1
24.72=09+,1
2.62=09=,1
20,000=09,1
38.70=09,1
38.50=09,1
38.56=09+,1
1.06=09,1
7,200=09,7
26.35=09+,1
2.14=,1
24.25=09,2
27.38=09+,1
6.75=09,1
11,200=09,3
mtb,4
66,2
7:58am,1
=09m,1
68.50,1
10:48am,1
0.80,1
68.72,1
67.51,1
159,900,1
sh=,3
ort,1
07:55:23,1
eyebal,1
le=,1
vel,1
gdw,6
recommended=,1
73,1
gon=,1
8.20,1
67,1
curv,12
visg,3
7:54am,1
=09visag,1
11.10,1
9:52am,1
11.40,1
10.95,1
106,600,1
community=,1
43,2
07:52:32,1
anothe=,1
burst,1
trick,1
poni,1
anywher,2
8.,1
prx,5
7:24am,1
=09pharmaceut,1
39.06,1
4:03pm,2
39.50,1
37.70,1
07:21:46,1
above=,1
13-day,1
ema,3
gear,3
c=,5
aug,1
3=,1
1.43,1
39.,1
bust,2
chart,8
7:15am,1
=09golden,1
finl,1
vol=,1
ume,1
48.80,1
-0.02,1
49.55,1
48.40,1
1,212,000,1
07:08:43,1
cor=,1
plug,2
breach,5
trad=,1
ing,12
52,5
distanc,1
th=,8
drawn,3
re-ent,3
52-54,1
oc=,1
58,1
16.02,1
48.=,1
8:55,1
t.j.,2
lmp,24
dworkin,10
hydro,14
manz,8
ion,13
unbias,9
maher,6
walton,7
commission,33
transmiss=,6
h=,9
n,12
mashe,4
rosenqvist,4
massey,12
delgado,4
joint,4
settl,6
kV,4
intellig,4
overbuild,4
northwest,17
=09nicolay,1
=09monday,2
11:57,1
=09kitchen,1
dietrich,4
la=,3
vorato,1
belden,6
cal=,1
ger,1
foster,3
H.,3
c.=,1
jacobi,3
be=,2
=09fw,1
fyi,5
=09walton,1
=09wednesday,1
10:17,2
pane=,2
degado,2
dworkin=,2
chair,3
vermont,2
psc,6
VP,2
bonnevil,2
lara,2
grid,4
ime,2
breathitt,7
q=,2
uestion,2
initi=,2
al,7
w=,6
howev=,2
consensu,9
wh=,4
ere,3
solv,7
possib=,2
ther=,2
identifica=,2
tion,2
backstop,2
disput,2
atc,2
op=,2
erat,2
divestitur,2
iou,2
coop,2
muni,2
500,3
million=,2
1billion,2
vestment,3
affect=,2
line=,2
ide=,2
multi-st,2
project=,2
us=,2
fcc,2
input,3
which=,2
pro=,2
cess,2
re=,4
ne=,6
market=,3
ave,4
take=,2
ans=,2
rfp,2
exp=,2
ansion,2
frozen,2
debat,2
expand,7
Y=,2
ou,2
muddi,2
13=,2
scare,2
right-of-way,2
cost=,2
dis=,4
pute,2
cong=,2
estion,2
oppose.=,2
built=,2
beneficiari,2
emin,2
say=,2
i.e,2
discuss=,2
so=,4
facilit=,2
prime,2
michaela,2
distort,2
L=,3
secondari,4
hav=,2
proper,3
dick,2
o'neil,2
wouldn'=,2
t.,2
ydro,2
explicit,2
measure=,2
n=,3
ot,2
bpa,2
mode=,2
dispatch,3
twea=,2
ks,3
bilater,3
self-schedul,2
permi=,2
max=,2
imiz,2
70,7
summat,2
s=,11
hould,2
disagr,2
ritic,2
si=,2
nce,2
accountabil=,2
iti,2
loos,5
tension,2
citizen,3
-he,3
frustrat,2
maryland,3
carolina,2
-she,2
uphold,2
statut,2
echo,2
11:59,1
calger,2
ben,6
landwehr,3
6:19,2
occas,1
vent,1
fame,2
highlight,6
urg,14
somewhat,7
mute,1
ration,2
rhetor,1
disgust,1
similiar,1
legisl,5
alot,1
whine,1
discont,1
catherin,1
riley/maryland,1
solemn,1
oath,2
overboard,1
backfil,1
woefulli,2
inadequ,1
evidentiari,1
ervin/north,1
brutal,1
sugar,1
coat,1
bit,10
southern,11
humor,1
arnetta,1
mcrae/delwar,1
rori,1
mcminn/new,1
mexico,1
-repeatedli,1
carl,1
wood/california,1
portray,1
california,5
-ferc,1
sooner,1
cap,1
glen,2
thomas/pennsylvania,1
stride,1
centuri,3
explos,1
yard,1
jones/ohio,1
-wa,1
parochi,1
svanda,1
garvey/minnesota,1
lengthli,1
arthur/connecticut,1
hadley/indiana,1
huelsman/kentucki,1
nugent/,1
commentor,1
DC,1
irvin,1
arizona,1
rambl,1
pinpoint,1
standpoint,1
commision,1
tenor,1
sue,2
612-339-4599,1
gisb,27
boswel,15
cook,15
panelist,37
kormo,12
imbal,15
non-jurisdict,9
rodriquez,10
=3d,7
burk,6
marti,6
menn,6
staffer,6
topic,17
equit,6
contract-path,6
issues=,6
real-tim,7
ancillari,8
ly,7
brownel,6
l.=20,1
lavo=,1
rato,1
calge=,1
andy=20,2
4:46,2
xml,4
namespac,4
prefix=,1
ns,5
urn,4
schemas-microsoft-com,4
barpouli,3
PG,3
P.,7
chr=,3
istiano,3
springfield,3
missouri,3
N.,3
gene=,3
ral,3
interconnect,4
leroy,3
koppendray,3
minnes=,3
ota,3
florida,3
co=,8
mpani,3
l=,3
f,1
seem=,1
lean,4
orward,1
mover,3
fo=,3
rward,3
rein,3
tangenti,3
notice=,1
veil,3
insult,3
or=,1
ganiz,1
discussions.=20,3
ede,4
probe,4
panel=,3
ist,3
b=,6
languag,4
langua=,3
ge,3
formal,3
varie=,3
urgent,4
rigid,3
sta=,3
ndard,3
in-depth,5
curre=,3
nt,4
wha=,3
topic=,4
mega-ord,3
you=,4
panelsist,3
bu=,3
cautiou,3
sc=,3
hedul,3
collabor,4
que=,3
stion,3
korm=,3
se=,7
ction,3
violat,5
occu=,3
fair,3
there=,3
accommod,5
sch=,4
edul,3
protect=,3
uncov,3
llow,3
loop,3
flow-bas,3
parallel,3
grandfath,4
ior,3
reti=,3
unbalanc,4
sche=,3
dule,3
ancillary=,3
fina=,3
ncial,3
polr,3
proce=,3
ss,3
technical=,3
unwieldi,3
integrate=,3
reat,3
nje,3
critica=,3
emphas,3
concret,3
questions=,3
vagu,3
ake,3
financi=,3
funni,3
refer=,3
concentrati=,3
ineffici,3
flat,10
out=,3
backped,3
hat,4
stood,5
assert=,3
standard-se=,3
tting,3
bea=,3
uti,3
contest,3
severa=,3
jab,3
inual,3
reiter,3
interesting=,3
emphat,3
gi=,4
SB,3
and=,4
not-too-subtl,3
passiv,4
pointedli,3
sking,3
were=,3
easili,5
ble,5
romancin=,3
congress,4
bush,3
poin=,3
yes-m=,3
suppos=,3
tlr,3
tenur,3
resulti=,3
intervent,6
comments=,3
show=,3
paint,3
fiction,3
fold,5
gisb/eisb,3
argument,3
wind,10
ur=,3
ged,3
advocaci,3
leade=,3
rship,3
omewhat,3
enthusiast,4
would=,3
affair,10
andy.rodriquez,7
713-345-3771=20,3
reaction,3
enlarg,2
distress,1
25:17,1
etch,1
groov,1
bulli,1
react,1
lurk,1
beneath,1
dormant,2
upset,2
storm,6
isol,1
bound,2
TV,2
unpleas,2
mose,9
desert,3
horizont,2
vertic,3
enthusiasm,3
versu,7
glanc,1
egyptian,1
hid,1
sand,1
exodu,2
2:12,1
injustic,1
murder,1
fled,1
businessman-a,1
sheepherd,1
mundan,1
businessperson,2
strength-hi,1
acumen,1
self-reli,1
taught,2
solver,1
passion,2
har,1
miser,1
suprem,1
all-employe,5
cdt,1
hyatt,6
regenc,5
imperi,3
ballroom,6
toronto,3
omaha,3
ena,4
//home.enron.com/employeemeet,2
dog,7
1:13,2
white,3
partli,2
vy,1
intent,3
worldli,2
stronger,1
overpow,1
saintli,1
simultan,3
formerli,1
anchor,1
vanguard,1
lifestrategi,1
fidel,1
re-open,1
3-7979,1
pace,4
lifestyl,3
jdrf,7
cyber,4
donat,11
raffl,5
t-shirt,3
diabet,4
caf,2
26th,3
roundtrip,2
enron/jdrf,2
sneaker,2
walker,5
28th,2
juvenil,2
greenspoint,1
mall,1
a.m,1
//ecpdxapps01.enron.net/apps/auction.nsf,1
eg,1
1:00,7
andrew,4
fajita,1
trim,1
taquera,1
del,1
sol,1
mango,1
punch,1
british,5
airway,1
10.00,2
bake,1
cake,1
cooki,1
halloween,2
competit,10
blast,1
gulf,3
coast,2
janic,1
riedel,1
x-37507,1
cathi,1
phillip,2
x-36898,1
generos,1
mcconnel,2
resal,28
bayer,6
bctl,8
mrg,10
capit,6
soar,5
brand,2
colorado,5
otcbb,7
ethan,4
hokit,4
4.5,5
acquisit,6
commissari,4
agenc,5
BB,4
98,1
segment,7
colo.,2
beauti,3
300,000,1
compliment,1
manufactur,2
5.5,1
forese,1
1997,2
50-year-old,2
750,000,2
five-fold,2
publicli,3
bactrol,4
nich,2
13,000,000,2
patron,2
aegi,2
deca,2
dod,2
groceri,2
merchandis,2
px,2
lowest,2
fring,2
untax,2
post-,2
secondarili,2
safe-harbor,2
third-parti,4
719/391-4564,2
edhokit,2
30,000,2
40,800=09,4
20.00=09,9
.87=09,4
27.75=09,7
revis,1
19.25=09,2
20.50=09-,2
.34=09=,2
18.75=09,3
18.91=09-,2
23.75=09,1
22.10=09+,1
1.46=09=,1
18,400=09,1
38.00=09,4
37.25=09,2
37.50=09-,2
27.09=09-,2
.28=,2
13,200=09,2
24.21=09-,2
1.10=,2
27.35=09+,2
.12=09,2
14,400=09,3
21.50=09,6
20.25=09,3
20.63=09-,2
.83=09,2
210.00=09,1
29.93=09+,1
9.29=09=,1
19,200=09,1
eei,3
7/26/01,1
CP,3
scan,3
livelink,3
badg,10
photo,3
teleconfer,4
patienc,3
stream,5
audio/video,1
houston-bas,2
//home.enron/employeemeet,1
europ,6
follow-up,2
teleconferenc,3
sao,2
paulo,2
bueno,2
dubai,2
rio,2
de,2
janeiro,2
bothel,2
wash.,2
denver,1
ramon,2
calif.,1
yvonn,2
francoi,2
345-8725,2
sheet.xl,3
hahn,1
apb,4
6320,1
quadrangl,1
380,1
chapel,1
NC,1
27514,1
919,1
969-9779,1
www.apbenergy.com,1
1019optsheet.xl,1
1017,1
1018,1
1019,1
tom.hahn.vcf,1
swear,1
hair,1
5:36-37,1
begun,2
carpent,1
town,4
nazareth,2
pick,9
johnson,5
ran,1
complic,2
townspeopl,1
credenc,1
reinforc,1
percent,9
almost,6
substanc,1
wit,6
owe,1
closest,1
fare,1
pro,4
con,3
decisionmak,1
quarter,19
usual,3
sing,5
melodi,3
hymn,3
5:18,3
minstrel,2
secular,2
pathet,1
unawar,1
heir,4
throne,1
harp,1
16:23,1
elisha,13
'now,1
3:15,3
4000,1
musician,1
9:33,1
23:5,1
popular,4
album,1
today',1
heavi,1
punk,1
satanist,1
unwittingli,1
artist,5
hopelessli,1
godless,1
irrit,1
sooth,1
lyric,1
harmoni,2
nervou,1
discord,1
joy,4
vital,2
sila,4
prison,3
unsav,2
shout,1
16:28,1
earthquak,1
erupt,1
jail,1
silas',1
quietli,1
escap,2
household,2
obsess,1
collector,1
hound,1
arisen,1
rom,1
8:28,1
antenna,1
discern,1
cafe,1
flu,1
immun,1
downtown,1
bazaar,1
rice,3
alumni,2
monster,1
bash,1
amrn,4
spurt,3
50-day,2
pullback,2
2:18pm,1
=09amarin,1
plc,1
w,1
20.45,1
2:37am,1
0.37,1
20.87,1
19.00,1
66,800,1
tak=,1
14:14:31,1
that=,1
cycl,1
noteworthi,1
amrn=,1
stop=,1
buck,1
rejoic,3
weep,3
constantli,1
manifest,2
4:11,1
fieri,3
ordeal,1
strang,1
exult,1
4:12,1
simplist,1
advic,13
strip,1
seemingli,1
compass,4
meaning,3
sustain,1
vast,1
sermon,5
painless,1
builder,1
12:11,1
persev,1
tribul,2
5:3-5,1
preced,3
uopx,5
coin,3
bing,2
2:40pm,1
=09univers,1
phoenix,2
24.89,1
10:41am,1
0.88,1
25.12,1
22.80,1
304,800,1
com=,3
muniti,1
14:34:04,1
+23,1
ka-ch=,1
badda,1
bang,1
boom,1
turban,1
ta=,1
liban,1
overthrow,1
mull,1
skin,1
pa=,3
int,2
tr=,3
ade,3
22.82,1
25.,1
silli,1
salli,1
beard,1
nomad,1
equat,7
equal,5
meaningless,4
wagner,3
sensat,2
mauric,2
admir,2
recognit,3
rich,3
snare,1
foolish,2
plung,2
mistakenli,1
self-verif,1
pinnacl,1
self-ident,1
crumbl,1
hostil,1
introspect,1
anxieti,1
voluntarili,1
grand,3
rapid,2
MI,1
zondervan,1
1975,1
p.,4
163,1
dose,1
interpret,1
utterli,1
1:2,1
climb,1
ladder,1
affirm,3
increment,11
autohedg,2
5000,3
round,4
1000,2
2499,1
2500,1
5499,1
5500,1
6499,1
6000,1
10/20/2001,58
10/21/2001,30
10/19/2001,34
46,3
10/18/2001,3
ec,15
idf,3
instal,8
sp2,2
hardwar,7
repair,4
riser,2
tropic,2
12:00,6
avaya,6
unaffect,2
turret,7
cool,2
occup,3
stuart,2
fieldhous,2
713-853-5699,2
lanc,2
jameson,2
713-345-4423,2
eeshou-dbpcc,1
8-10am,1
eestest-dbpcc,1
9:30-11:30,1
eestest-wbpcc,1
10am-12pm,1
eeshou-eei,1
6-8pm,1
eeshou-wbpcc,1
8:30-10:35am,1
eeshou-dbrps3,1
9-10am,1
eeshou-oms01,1
5:30-7:30pm,1
monitor,9
uninstal,1
devol,2
713-345-8970,2
animesh,1
solanki,1
713-853-5147,1
closet,1
Up,1
trevino,1
713-345-9954,1
nahou-wwirf01t,1
nahou-wwirf01d,1
nahou-wwjrn01d,1
nahou-wwjrn01tnahou-wwiwn01d,1
hotfix,2
301625,1
wins-dn,1
tester,1
rollback,1
tate,1
713-345-4256,1
mon,7
10/22/2001,1
rmsprod,1
table/index,1
reorg,8
fragment,1
emmett,1
cleveland,1
713-345-3873,1
triniti,1
revert,5
madrid,1
sitaraoncal,1
713-288-0101,1
oigin,1
powerdown,2
pearson,3
830-34238,2
ghcf,4
resum,9
ex-employe,2
relief,2
mdpc,2
presbyterian,2
//careerservices.enron.com/,1
1,300,1
3,500,1
600,1
urban,1
leagu,1
dedic,5
mortgag,1
landlord,1
defer,1
tax-deduct,1
713-268-6458,1
4550,1
317,1
77027,1
713-533-4598,1
1-800-493-4598,1
humbl,1
//www.eerfa.com,1
eerfarequest,1
surfmk.com,1
non-memb,1
two-day,2
workshop,2
discretionari,1
short-term,6
holist,1
stress,6
713-953-2550,1
180,2
kim,2
melodick,2
retent,4
zarkowski,2
x53791,2
brasseaux,2
x58747,2
meliza,2
evanson,2
x57855,2
22.00=09,10
19.50=09,1
20.84=09-,1
1.49=09=,1
62,400=09,1
20.50=09,4
19.00=09,2
19.78=09-,1
1.18=09,1
20.64=09+,1
.42=09=,1
24,000=09,1
38.75=09,1
38.15=09,1
38.37=09-,1
.63=09,1
24.90=09,1
25.31=09-,1
.16=,1
38,400=09,1
1.12=09,1
5,200=09,2
21.00=09,1
21.46=09-,1
1.04=09,1
spiritist,5
leviticu,3
cold,3
bilk,2
DO,3
defil,1
19:31,1
phenomena,1
clever,1
illus,1
hese,1
so-cal,1
tip,2
fabric,1
sleight-of-hand,1
percept,2
charlatan,1
phoni,2
psychic/con,1
magician,1
rake,1
handsom,1
psychologist,1
regress,3
hypnosi,1
fraudul,1
amend,2
17.5,1
non-confirm,1
protest,2
dynegi,8
complaint,2
tender,1
properli,1
oatt,1
depriv,1
improp,2
priorit,1
bump,1
curtail,1
craftsman,2
workplac,2
obscur,2
proverb,4
22:29,1
minist,3
bezalel,1
uri,1
hur,1
tribe,2
crafts-to,1
craftsmanship,1
31:1-5,1
huram,1
7:14,1
on-david,1
nehemiah,1
acquilla,1
priscilla,1
exceed,1
shame,1
synonym,1
3:23-24,1
angi,1
26,27,1
columbia,3
SC,1
//sda.goshen.net/cgi-bin/redirect.cgi,2
ad=marketplace01,2
sto,3
RW,1
non-standard,3
cut-off,3
firstnam,4
lastnam,4
non-support,4
alan,6
firstname.middleinitial.lastnam,1
middl,1
announcements/corp/enron,1
10/15/2001,1
9:15,1
abbrevi,2
acronym,2
new/exist,2
append,2
robert.alan.smith,2
meanwhil,4
imper,2
jr.,5
thoma,5
'/o=3denron/ou=3dna/cn=3drecipients/cn=3dnotesaddr/c=,1
n=3da478079f-55e1f3b0-862566fa-612229,1
abler,2
aggarw,2
anubhav,2
debra,2
balling,2
ted=,1
benjelloun,2
hicham,2
bentley,2
blain,2
jay,2
bolt,2
laurel,2
broussard,2
burnett,3
campbel,2
capasso,2
che=,2
choat,3
collin,3
comeaux,2
coul=,3
ter,2
decook,2
todd,2
eme=,2
sih,2
errigo,2
freij,3
garcia,3
gilbert,2
greer,3
gu=,2
ali,2
jaim,3
guerra,2
gulmeden,2
utku,2
Ha,2
hanse=,2
hernandez,2
ingram,3
jenkin,2
IV,2
kinser,3
larkworthi,3
laurent,2
laverel,2
lenartowicz,2
lotz,2
lowell=,2
mack,4
iri,4
mahajan,2
ashish,2
makkai,2
ma=,3
skell,2
mcelreath,2
alexand,2
miller,2
Oh,3
seung-ta=,2
ek,2
olind,2
padron,2
pan,2
philip,2
willis=,2
podurgiel,2
poppa,2
rawal,2
P=,4
saibi,2
schiavon,3
ul,1
schneider,2
bryce,2
seeli,3
serio,2
shoemak,1
simpson,2
stepenovitch,2
symm,2
mark=,1
tamma,2
trejo,2
rees,2
vernon,2
C=,1
layton,1
willi,2
cori,2
zipper,1
baughman=,1
doug=,1
roan,2
perrino,1
maurer,2
uiz,1
hueter,1
barbara,1
hoatson,2
yeung,1
prefix,3
offi=,2
ce,2
practices=20,2
te,3
seeme=,2
ward,2
tha=,3
d=,4
iscuss,2
the=,4
noticea=,2
org=,2
aniz,2
verif,4
estat,10
jmf,1
4:08,1
JK,3
3:33,2
megawatt,4
archiv,4
11/30,3
12/3,3
12/30,3
balmo,3
cals.on,3
peggi,3
info,4
jforney,3
boy,5
cpu,8
eb,8
sombra,4
acta,5
mirror,5
modul,5
ecach,4
pariti,4
layout,22
interv,6
3:30:00,3
11:30:00,4
9:30:00,3
mailserv,4
sap,10
reconfigur,2
prowler,1
firewal,2
shirkoff,1
713-853-1111,1
8th,5
micah,2
stagg,2
713-345-1696,2
ein,1
static,2
denni,2
mcgough,2
713-345-3143,2
hr-db-1,1
dalak,2
malik,2
713-345-8219,2
cnote,2
trey,2
rhode,2
345-7792,2
local/domestic/foreign,2
n/a,3
ricafrent,2
713-646-7741,2
adcupkilo,1
adcupklima,1
quark,1
enlighten,3
automount,1
neptun,1
tagg,1
emerald,1
spectr,1
bond,1
test/dev,3
dev,6
roll,4
2924,1
token,1
ring,2
config,2
2948,1
minim,4
rebecca,1
sutherland,1
713-345-7192,1
mikulski,1
713-853-7409,1
nguyen,2
713-853-0691,1
ginger,2
docket,2
2:06,1
dernehl,1
muhl,1
gil,1
10/24/01,1
northeast,6
southeast,1
gridflorida,1
39.00=09,2
22.33=09-,1
.58=09=,1
53,600=09,1
20.96=09-,1
.85=09,1
20.90=09,1
19.70=09,1
20.22=09-,1
1.01=09=,1
25,600=09,1
39.00=09+,1
1.00=09,2
1,600=09,2
25.80=09,1
25.47=09-,1
1.49=,1
35,200=09,1
26.11=09-,1
4.07=09,1
10,400=09,2
23.25=09,3
22.50=09-,1
.11=09,1
piec,9
disast,3
peacemak,9
14:27,2
nobodi,2
treati,1
frighten,2
regular,4
lament,1
he/sh,1
5:9,2
12:18,1
shed,1
blood,4
midst,3
rage,1
disrupt,1
chao,1
bigger,2
plaqu,1
richli,3
comprehens,6
4:7,3
elijah,6
hunger,7
thirst,5
farm,2
2:9,1
elijah',2
younger,3
slaughter,1
feast,1
ventur,1
29:13-14a,1
_effectively_,1
tc,1
TC,1
fin,1
rug,1
713-345-3771,4
taliban,11
bin,7
laden,6
joke,5
mikewv,2
stadler,2
hiroshima,2
bingo,2
b-52,2
f-16,2
b-1,2
duck,2
flintston,2
rubbl,2
iraqi,2
navi,2
glass,3
osama,2
custer,2
tomahawk,2
afghanistan,2
driver,6
sex,2
camel,3
ddemarco,2
bpmcpas.com,2
demarco,2
615,2
bellsouth.net,1
7:09,1
walbourn,1
schutt,1
scott,5
mirab,1
rhonda,1
polli,1
dad,1
tirpok,1
kyle,1
kretsing,1
karin,1
kari,1
jill,1
quall,1
frye,1
jack,1
hotz,1
archibald,1
dabney,1
fwd,1
inlin,2
demarcod,1
3:20:31,1
gmt,2
byrd,1
proctor,1
mill,1
p.c,1
westwood,1
brentwood,1
TN,1
37027,1
298-2001,1
298-2068,1
www.bpmcpas.com,1
denot,1
unauthor,1
forbidden,1
10:07,1
1-31-2002.xl,1
slick,3
chota,2
kevlar,2
boot,2
59.99,3
bargain,2
mepp,2
classic,2
69.99,3
drag,2
berkley,5
cyclon,2
19=,1
mbo,1
scissor/pl=,1
ier,1
scissor/pli,1
18.50,2
14.99,1
69.50,1
79.99,2
de=,1
aler,1
9.99,1
7.99,2
fr=,1
EE,1
only=,1
epi=,1
x,6
epix,1
spi=,1
nning,1
64.99-,1
spool=,1
219.99,1
189.99,1
system=,1
636.00,1
249.95,1
this=,2
tem,2
op,2
plead,4
icap,16
4:29,1
kingerski,1
fromer,1
howard,1
guerrero,1
allegretti,1
shapiro,1
kean,1
luiz,1
twigg,1
thane,1
nord,1
elimin,2
interim,4
sunset,1
suffici,4
affidavit,2
ruff,1
shred,2
trash,2
recycl,2
throw,2
sweep,1
19th,1
2nd,3
non-vit,1
confidential/sensit,1
off-sit,1
area/leav,1
extra/unus,1
outdat,1
cabinet,2
poster,1
archiving/record,1
supplies/equip,1
dumpster,1
recycle/don,1
reschedul,2
adriann,1
x57302,1
22.50=09,3
intercontinenta=,2
lexchang,2
ower,2
po=,3
wer,3
repres=,2
ent,4
23.40=09,1
22.91=09+,1
1.39=09=,1
21.81=09+,1
1.46=09,1
21.23=09+,1
1.73=09=,1
33,600=09,2
38.00=09+,1
.43=09,1
800=09,3
27.20=09,1
26.35=09,1
26.96=09+,1
1.88=,1
42,400=09,1
30.18=09+,1
3.16=09,1
8,400=09,1
21.75=09,3
22.61=09+,1
1.76=09,1
spec=,2
ifi,2
-=,2
west=,2
ern,2
tercontinentalexchang,2
over=,4
-the-count,2
powe=,3
meta=,2
ls,2
redistribut,2
republish,2
prohibit,3
da=,3
ili,2
flowgat,20
ftr,14
schmuel,5
ott,5
tradabl,4
brockway,2
guthri,2
oren,2
schnitzer,2
conced,2
flowgates=,2
coexist,2
sarah=20,1
10:46,1
llo=,1
baug=,1
hman,1
nanci,6
hampshir,1
reem,1
fahey,1
mi=,2
ssion,1
carol,1
chevron/texaco,1
shmuel,1
california=,1
puc,2
northbr=,1
idg,1
mid-morn,1
tes=,1
timoni,1
capitol,1
interrel,1
rehash,1
widespread,1
notabl,2
energ=,1
st=,2
andard,1
margin,2
muel,1
barrier,1
car=,1
ol,1
standardize=,1
phys=,1
ical,1
unclear,1
commissi=,1
oner,1
advoc,2
ork,1
andy=,1
point-to-point,1
it'=,1
chedul,1
premi=,1
se,1
fe=,2
ar,1
excess,1
fl=,1
owgat,1
greed,2
flowgate=,1
constitu=,1
circumstance=,1
sig=,1
nific,1
ommerci,1
rticip,1
hedg=,1
ich,1
ftrs=,1
cuss,2
are=,1
holder,1
fewer,2
bein=,1
walt=,1
shortly=,1
explicitli,2
deceit,3
4:1,3
five-minut,1
lengthen,1
45,4
intersect,1
disobey,1
tour,1
condemn,2
underscor,1
wesley,1
hastili,1
ascrib,1
knapp,1
wheaton,1
IL,2
tyndal,1
1984,1
1700,1
teenag,1
subconsci,2
psychot,1
paranoid,2
schizophren,2
torment,1
crazi,1
war,1
crucibl,5
fire,4
furnac,1
17:3,1
strangest,1
descript,4
dross,1
encumbr,1
succeed,1
warehous,5
squar,4
tripl,3
1.27,1
3.00,1
12,000-square-foot,1
33,000,1
cooler,1
freezer,1
multiphas,1
2,500-,1
square-foot,1
7,500,1
12,000,2
loan,2
sda,2
payoff,1
withdraw,1
in-servic,1
in-kind,2
re-invest,1
default,1
enronbenefit,1
ew,1
bag,1
fraley,1
hoyt,1
visual,1
decision-mak,1
commodity-specif,1
geograph,1
12:30,1
dessert,1
kathi,1
grabstald,1
3-9610,1
185,2
//esource.enron.com/worldmarket.asp,1
//esource.enron.com/worldmarket_countryanalysis.asp,1
impend,1
same-day,1
foreign,7
//esource.enron.com/worldmarket_regulatory.asp,1
reconsid,1
parlanc,1
drop,2
asap,1
preval,1
anthrax,3
biolog,1
controls/corpor,1
safeguard,1
postal,1
up-to-d,2
envelop,1
//home.enron.com:84/security/002_bull_001.html,1
cdc,1
ezekiel,3
22:30,1
golden,1
calf,1
idol,1
forgotten,1
matter-mos,1
106:23,1
hostag,1
me-focus,1
anguish,1
gen.,2
42-43,1
proactiv,1
mate,2
savior,3
wayward,1
21.15=09,1
21.52=09+,1
.47=09=,1
140,000=09,1
20.35=09+,1
.36=09,1
20.60=09,1
18.85=09,1
19.50=09+,1
.80=09=,1
37.75=09,1
37.35=09,1
37.57=09+,1
.99=09,1
25.60=09,2
24.70=09,2
25.08=09-,1
1.30=,1
48,800=09,1
27.02=09+,1
.65=09,1
20.85=09+,1
.10=09,1
ibit,10
broadband,12
pipelin,3
pge,2
significantli,2
lower,6
cloud,2
write-down,2
recur,2
0.43,1
track,4
0.45,2
fourth,2
1.80,1
2.15,1
explan,1
754,1
88.2,1
trillion,1
thermal,1
equival,1
tbtue/d,1
701,1
26.7,1
tbtu/d,1
77,1
290,1
53,1
71,1
slightli,1
74,2
elektro,1
dabhol,1
tg,1
investment-rel,1
unalloc,1
59,1
106,1
one-tim,1
1.01,1
287,1
183,1
restructur,5
bankruptci,6
544,1
superb,1
transpar,1
www.enron.com/corp/pressroom/releas,1
day-ahead,8
roy,5
shanker,4
cramton,3
ormet,3
cazalet,3
indiana,2
reliant,15
pat,4
apx,2
10:29,2
d.c,1
hadley,1
kleinginna,1
o'neal,1
mirant,3
unanim,1
bid-bas,1
security-constrain,1
nodal,1
zonal,1
MD,1
undefin,1
non-spin,1
fiona,1
woolf,1
lawyer,2
england,1
wale,1
pool,1
thilli,1
wisconsin,1
pierc,1
professor,2
arthur,2
connecticut,1
naumann,1
blanket,1
shelton,1
cannon,1
percentag,3
deviat,1
wive,4
husband,5
exasper,2
3:18-21,1
precis,1
3:10-25,1
conform,1
racial,1
context,3
highest,1
18-21,1
christlik,1
mari,6
divers,3
elev,1
employee-focus,1
overse,1
redeploy,1
worklif,1
joyc,1
organiz,2
//home.enron.com:84/messaging/hrorgchart18.ppt,1
courtney,1
votaw,1
courtney.votaw,1
713-853-6790,1
interoffic,1
4704b,1
greg,4
video/audio,1
audio,6
400-7918,1
+1,1
952,1
556-2844,1
29th,1
x54667,1
tammi,4
tina,2
donna,2
lopez,2
6th,8
shepperd,1
R.,2
03,4
6:45,1
kroll,1
heather,1
llodra,1
neal,2
grigsbi,2
arnold,1
gaskil,1
winfrey,1
christa,1
rode,1
belsha,1
carli,3
schopp,2
finnels-n,1
review/upd,1
churn,1
858-860,1
651-652,1
658-660,1
662-667,1
705-715,1
lag,1
kindli,1
earliest,2
version,4
x36589,1
tab,2
audit,3
_________________,1
2:8,2
boast,2
'when,1
7:31,1
5:7,1
strengthen,3
1:12,1
ingredi,1
proclaim,2
loyalti,1
trustworthi,1
20:6,1
pisti,1
loom,1
larger,3
8:51,1
dl-ga-all_ubsw,1
donkey,10
vine,4
villag,3
colt,2
harvest,8
choicest,2
branch,5
wine,2
tti,1
unti,1
21:2-3,1
beast,1
fetch,1
triumphal,1
jerusalem,2
culmin,1
usher,1
tether,1
garment,1
robe,1
grape,1
darker,1
whiter,1
49:11-12,1
oldest,2
32:17,2
occult,3
dread,1
neglect,2
begot,1
forgot,1
cloak,1
cosmic,1
converg,2
pitch,2
3:5,1
fortune-tel,1
tarot,1
palm-read,1
ouija,2
astrolog,1
prospect,5
devote,1
simon,1
astonish,1
sorceri,1
demon-possess,1
girl,2
16:16-18,1
interfer,1
counterfeit,1
extent,4
goat,1
17:7,1
106:36-38,1
sober,1
plenti,2
intim,2
loneli,2
authorit,1
1:29,1
nake,1
unasham,1
hide,4
facet,1
one-on-on,1
enrich,1
intimaci,1
11/17/2001,60
11/18/2001,24
11/16/2001,23
erm,4
efm,3
hudson,2
713-853-9289,2
nahou-msdev01p,2
nahou-msmbx01v,2
skywalk,2
standbi,2
3ac-17,2
vm,2
nahou-ordb07p,2
seee,1
nahou,1
node,6
defragment,1
un-us,1
nahou-sqefm01p,1
nahou-sqlac01p,1
mssql,1
6.5,1
mallari,1
mccrori,1
853-5749,1
kogotkov,1
345-1677,1
713-284-4175,1
ferrari,2
modena,1
trout,1
cypress,1
bravo,1
resync,1
chewbacca,1
foxtrot,1
pwrprod1,2
853,1
4304,1
El,2
713-345-8111,1
goebel,1
713-345-7570,1
deploy,1
charlen,1
fricker,1
713-345-3487,1
dbase,1
DB,2
esca,3
tradewav,3
01:00,1
05:00,1
prod,1
interfac,1
ebp,1
ipayit,3
ibuyit,3
ftp,1
commenc,2
8:00pm,1
2:00am,1
isc,2
713-345-4727,2
sentiff,2
713-857-2161,1
intercontentalexchang,1
scene,1
usurp,1
that',2
anxiou,1
eagerli,1
futil,2
corrupt,1
8:19-21,1
plowshar,8
prune,5
spear,3
joel,5
vocat,4
heat,2
seed,2
warfar,2
3:10,1
catalyst,1
till,1
soil,3
blacksmith,1
useabl,1
worthi,1
battle-a,1
unseen,1
taller,1
pdf,1
2/2/2002,12
2/1/2002,9
envis,4
filenet,4
panagon,4
idm,4
thur,20
sql,2
corporate-wid,2
queri,4
R3,2
invoic,4
vollmer,2
713-853-3381,2
rye,2
gregori,2
713-345-3022,2
2/4/2002,1
2/3/2002,1
nahou-squfy04,1
05,3
skinner,1
toni,3
713-345-9334,1
713-286-5308,1
warner,1
713-345-1756,1
eeshou-dbrg,1
w2k,1
713-345-6137,1
reindex,1
merilu,17
2004,3
compaq,3
p=,4
idc,2
securit=,2
firecard,2
tech,2
ratio,2
2003,2
freerealtime.com,3
frt,2
cyber-terror,1
merh,1
13.2,1
1.90,1
ca=,1
pital,1
hi/low,1
8.50/,1
floa=,1
product=,1
roject,1
fastest,1
sector,13
unaffecte=,1
institut,4
fbi,5
90,1
organizatio=,1
detect,1
organizati=,1
waterhous,1
carnegi,1
mell=,1
compound,1
annu=,1
88,1
bus=,1
iness,1
particularli,2
underserv,1
esti=,1
uld,2
7.4,1
merilus=,1
me=,1
rilu,1
theft,1
hacker,2
oth,1
insert,1
pci,1
slo=,1
mote,1
transmit,1
rev=,1
iew,1
g=,1
award,2
9.5,1
score,5
nasa,2
lockhe,1
phistic,1
hough,1
rel,1
el,1
cost/featur,1
same=,1
manufacturin=,1
dow=,1
flexibl,2
rollout,1
testing=,1
alli=,1
anc,1
rece=,1
ntli,1
largest,2
N=,2
orth,1
emj,1
announced=,1
resel,1
we=,1
rebat,2
sec=,1
uriti,1
epp,1
writing=,1
wire,1
world=,1
suc=,1
h,1
connal,1
treasuri,3
secretari,2
dejo=,1
ria,1
mitchel,1
sonicwal,1
snwl,1
watchgua=,1
rd,1
wgrd,1
conse=,1
nsu,1
llion,1
placement,2
nventori,1
financier=,1
year-end,1
compan=,2
rapidli,1
estimating=,1
34,1
roughli,1
stimat,1
thes=,1
93,1
circl,2
start=,1
www.merilus.com,1
clare=,1
866-623-3320,1
sipc,1
speculat=,1
ive,1
leli,1
solicitati=,1
northwes=,1
looking-stat,1
m=,2
ean,1
statem=,1
trend,2
actu=,1
expe=,1
ctation,1
roval,1
r=,3
eport,1
securitie=,1
furnis=,1
hed,1
urchas,1
mak=,1
ourc,1
complete=,1
sub=,1
ject,1
herein=,1
freerealtime.=,1
com,1
aris,2
opinion=,1
courtesi,1
free=,1
realtime.com,1
unsubscr=,1
ibe,1
sponsorship,2
freereal=,1
time.com,1
rvice,1
11/19/2001,3
12:30:00,3
autex,2
swing,2
re-issu,1
trunk,1
eb44,1
ard-cor-ccx1/2,1
ena-cx1/2-ard,1
resili,1
equipment/config,1
tauru,1
obsolesc,1
sieckman,1
713-345-7862,1
procur,1
713-345-5125,1
11/13/01,1
11/7/01,1
coupon,3
//link.crosswalk.com/um/t.asp,4
a3.57.3579.1.261895,2
drct~261895~v9udwfwfs8,2
rent,3
//www.familychristian.com,1
1/15/02,1
5:00,5
label,4
newspap,3
bottl,4
poc,2
5-3473,2
skyre,2
color,2
lock,2
11/16,1
greet,1
cutov,1
precautionari,1
meassur,1
combin,2
unpack,1
kiosk,1
guest,2
orang,1
support/it,1
05/06,1
corridor,1
sunni,1
rodger,1
3-6116,1
dispens,1
gallon,1
discourag,1
WE,2
11/16/01,1
bookmark,2
//oasis.e-terrasolutions.com/oasis/e,1
870,1
541,1
3977,1
pc-ephon,11
ephon,7
comdex,5
pc-,4
pcph,3
//www.pc-ephone.com,2
finalist,2
nomin,2
cyberbank,2
78,1
16,197,039,1
huge,5
diego,1
frankfurt,1
nl1,1
wkn,1
589864,1
la,2
vega,4
editor',1
bestow,1
magnitud,2
//www.positiveimagenews.com/comdex/pcephone/index.html,1
unpreced,2
mobile/handheld,1
toshiba,1
handspr,1
wireless/mobil,1
meltzer,1
wholli,1
canadian,1
co-,1
handheld,2
cellular,3
all-in-on,1
pursuant,1
deem,2
underli,1
forego,3
modest,1
10-,1
ksb,1
40,000,1
celebr,4
all-enron,1
transpir,1
imprud,1
incur,2
onboard,1
4/20/2001,1
51,200=09,2
18.00=09,5
23.48=09-,1
.85=09=,1
19.61=09-,1
.71=09,1
16.00=09,3
17.20=09-,1
2.49=09=,1
33.00=09-,1
2.27=09,1
14.25=09,1
15.66=09-,1
1.85=,1
25.45=09-,1
.14=,1
18.50=09,1
17.00=09,3
17.49=09-,1
2.43=09,1
21.75=09-,1
.30=09,1
12,000=09,2
8:05,2
20th,2
esc05990,1
cirqi,2
du,2
solei,2
nichola,1
camp,2
noah,2
daycamp,2
recov,2
fashion,2
luncheon,2
watcher,2
nec,3
stentophon,3
cnn,3
amtel,2
on-lin,1
guidebook,1
handi,1
printer,3
keyboard,1
anti-glar,1
strain,2
MX,1
plasma,1
ipc,1
12401,1
801,1
12402,1
802,1
12403,1
803,1
cnbc,1
12404,1
804,1
msnbc,1
12405,1
805,1
bloomberg,1
12406,1
806,1
12407,1
807,1
12408,1
808,1
sport,1
12409,1
809,1
espn1,1
12410,1
810,1
multi-network,1
in-build,1
multi,1
encrypt,1
eavesdropp,1
footprint,1
one-touch,1
forum,5
enron.center.south.technolog,1
pira,20
russia,1
non-opec,1
fsu,1
seaborn,1
export,1
europe/japan,1
mild,1
//www.pira.com,3
dyana,3
rothman,3
drothman,3
pira.com,3
kane,2
reloc,3
strongest,1
stephenson,1
713-977-3600,1
row,2
20.89=09-,1
2.59=09=,1
69,600=09,1
16.00=09-,1
3.61=09,1
18.25=09,1
20.32=09+,1
3.12=09=,1
21,600=09,1
32.00=09-,1
17.50=09,1
19.99=09+,1
4.33=,1
16,800=09,1
25.05=09,1
25.46=09+,1
.01=,1
73,600=09,1
23.95=09,1
22.75=09+,1
5.26=09,1
28,800=09,1
20.33=09-,1
1.42=09,1
hilari,1
//www.satirewire.com/news/0111/enron.shtml,1
jew,3
13:35,2
outpour,1
pentecost,1
attest,1
2:22,1
12:12,1
7:21-23,1
2:1-22,1
24:11,1
13:14,2
markedli,1
anti-supernatur,1
evidenc,1
stumbl,1
gentil,1
1:22-24,1
salt,7
pleasur,5
blend,2
ungodli,3
salti,2
fiber,3
erod,1
drove,2
overturn,1
changer,1
bench,1
'mi,1
'den,1
robber,1
21:12-13,1
complac,2
trampl,1
breastplat,7
justifi,2
blameless,2
conscienc,3
armor,13
aim,1
arrow,2
elect,2
8:33,1
accus,5
cleans,4
homologeo,1
unkindli,1
eras,1
5:21,1
24:16,1
dislodg,2
gird,2
loin,1
warrior,1
14:6,1
satan',1
dismiss,1
thee,1
17:15,1
sanctifi,2
element,2
6:13-17,2
tens,2
shoe,5
6:13,1
13:12-14,1
14:30,1
verb,1
shod,2
logic,4
likewis,1
6:10-20,1
ephraim,3
41:52,1
rare,1
samson,1
deep-root,1
christiansatwork,1
propheci,3
hammer,3
jeremiah,2
'who,2
23:29,1
prophesi,1
immin,2
placat,1
puriti,1
persecut,1
righteousness',1
purg,1
self-centered,1
'behold,1
steal,1
23:30,1
plagiar,1
tongu,1
priesthood,1
2:5,1
14:25,1
quench,1
despis,1
utter,1
malachi,3
spare,2
mourner,1
evildo,1
3:14-15,1
scroll,1
remembr,2
3:16-18,1
complain,1
wing,1
leap,1
calv,1
stall,1
mal,1
4:2,1
cheer,1
faint,1
ctx,4
mav,2
2:47pm,1
=09citrix,1
20.65,1
2:58pm,1
0.48,1
21.05,1
20.14,1
3,812,800,1
277,1
11:40:07,1
ctx=,1
her=,2
e.,1
18.,1
stink,1
bigtim,1
havin=,1
sonic,1
charl=,1
road,5
lay-up,1
wesley=,1
mashburn,1
charlott,1
gon,3
na,3
is=,1
_xau.x,4
_xau,3
2:38pm,1
=09gold,1
ind,1
_xau=,1
.X,1
50.30,1
2:20pm,1
-0.04,1
50.84,1
49.61,1
S=,1
hort,1
11:24:11,1
+8,1
navig,3
ven,1
vibrat,1
surf,1
pump,1
au=,1
evel,1
opp,1
nba,1
matchup,1
sportsbook.com,1
tand,1
196,1
boston/atlanta,1
parlay,1
unde=,1
190,1
memphis/cleveland,1
260,1
boston,3
straight,1
oad,1
piston,1
7=,1
philli,1
ov,1
54,1
8.28,1
1/8,1
05852,1
hamburg,1
2/01/02,1
slip,2
void,1
stub,2
payroll/benefit,1
lastli,1
ehronlin,6
jarrett,1
3-,1
7829,1
11/25/2001,18
11/22/2001,14
11/24/2001,11
11/23/2001,6
disklayout,6
dolan,6
michael713-345-3251,6
malcolm713-345-3716,6
11/21/2001,4
infin,3
siebel,3
06:00,3
04:00,3
00:00,3
backed-up,2
cei,2
estrem,2
om,2
yantra,2
rm,2
ecm,2
eeshou-fs2,1
713-562-4247,1
hugh,1
713-345-8809,1
novark,1
713-345-4962,1
nahou-msmbx01p,1
02p,1
nahou-msdog01v,1
exifs.si,1
lin,1
713-345-1619,1
11/26/2001,1
berger,2
713-345-3190,1
281-960-5571,1
oracl,2
888-993-3793,1
brewer,1
713-345-4868,1
281-960-7066,1
713-853-4304,1
281-960-7184,1
croaker,1
erp/trv,1
etalk,1
itop,1
izzi,1
webmod,1
salmon,1
dcaf-2,1
eim,1
mkm,1
charon,1
opm,1
power-exot,1
astral,1
dcaf3,1
oltp,1
titania,1
17.50,3
13.00,3
2,400,3
wtd,2
vol,2
11,200,2
verd,2
+4.33,2
pjm-west,2
sp-15,2
20.00,2
21.00,2
18.00,2
17.00,2
14.75,1
15.47,1
-5.42,1
7,200,1
-3.00,1
16.50,1
17.06,1
-3.26,1
28.50,1
28.25,1
28.38,1
-3.62,1
3,200,1
22.00,1
16,800,1
20.10,1
19.90,1
-5.47,1
33,600,1
23.95,1
22.75,1
+5.26,1
28,800,1
15.50,1
15.00,1
15.25,1
-5.08,1
19.14,1
+3.67,1
17.33,1
20.50,1
19.33,1
+2.27,1
8,800,1
32.75,1
31.75,1
32.33,1
+3.95,1
23.00,1
+1.01,1
6,000,1
25.15,1
24.75,1
24.90,1
+4.91,1
18,400,1
24.50,1
23.25,1
23.90,1
+1.15,1
6,800,1
19.50,1
18.70,1
+3.45,1
4,000,1
redneck,3
pacifi,2
culotta,1
rnbeard,1
hotmail.com,6
7:53:24,1
pacifier.jpg,1
msn,2
//explorer.msn.com/intl.asp,1
fuel,9
timefram,2
medium-term,2
longer-term,2
demand/pric,2
emiss,2
10:51,1
___________________________________________________________________________________________________________________,1
3:30-5:30,1
6980,1
allan,2
stewart,3
broad,1
analyz,2
subregion,1
factors/risk,1
3q2002,1
2002-4,1
-3,1
traders/asset,1
match,5
vip,3
clickathom,3
suspens,1
indefinit,1
charit,1
submiss,1
glitch,1
api,5
incorrect,1
blind,4
congreg,2
obstacl,2
ME,3
laid,1
8:25,1
crise,1
revolv,1
103.5,1
8:22-26,1
suddenli,1
huski,1
aisl,1
reviv,1
guess,2
mentor,9
zechariah,1
8:23,1
sore,1
distract,2
cart,1
woman,6
travelshorts.com,10
tlsh,3
vancouv,2
ltd.,2
sawatski,2
disapprov,2
56,1
enlist,1
wyom,1
kansa,1
montana,1
25,000,1
calpin,6
aquila,1
constel,1
paso,1
txu,4
anp,1
BP,1
amoco,1
lcra,1
morgan,1
stanley,1
x37111,1
opec,1
1+,1
mmb/d,1
dec.,1
log-on,2
step-by-step,2
//isc.enron.com/site/doclibrary/user/,2
payday,1
P,1
adob,1
acrobat,1
icon,1
toolbar,1
verify/chang,1
sampl,1
//hrweb.enron.com/,1
booth,1
prebon,1
sendomatic.com,1
//www.sendomatic.com/servlets/v,1
e=61945,1
u=742493,1
//www.sendomatic.com/servlets/l,1
u=jking6,1
//www.sendomatic.com,1
rita.bradi,2
reliant.com,5
entergy.com,2
11/2/2001,1
11:04,1
cwiley,1
aep.com,1
kyeager,1
aesc.com,1
pwilkin,1
aesdw.com,1
james.nixon,1
alcoa.com,1
shelmick,1
anpower.com,1
knoblet,1
utilicorp.com,1
pat.sweeney,1
austinenergy.com,1
freddy.sanch,1
steagpower.com,1
bhelpert,1
brazoselectric.com,1
amlingsj,1
bp.com,1
rsmith,1
brownsville-pub.com,1
hancock,1
btutilities.com,1
davidi,1
calpine.com,1
david.livingston,1
cinergy.com,1
mkotara,1
cps-satx.com,1
gary.gibson,1
lgeenergy.com,1
erobert,1
coral-energy.com,1
smromos,1
cmsenergy.com,1
rtolentino,1
duke-energy.com,1
kcow,1
dynegy.com,1
mcun,1
pwrteam.com,1
brad.ashton,1
elpaso.com,3
mcurri,1
sjernig,1
fpoch,1
keith_emeri,1
fpl.com,1
paulb,1
ci.garland.tx.u,1
dkuehn,1
lcra.org,1
pat.mann,1
mirant.com,1
fritz.schulz,1
msdw.com,1
jim.steinhilp,1
nrgenergy.com,1
mike.wis,1
xcelenergy.com,1
sarah.barpouli,1
neg.pge.com,1
stec.org,1
rlskagg,1
tecoenergy.com,1
ksmith,1
tnsk.com,1
mwanamak,1
tielp.com,1
debrasmith,1
tractebelusa.com,1
bob.almond,1
txu.com,1
bary.warren,1
williams.com,1
//www.captrades.com,1
hesit,1
rita,1
bradi,1
713-207-4748,1
uniti,5
thou,2
divis,5
14:19,1
promot,2
heritag,1
loneliest,1
4:3,1
priestli,1
didst,1
17:23,1
crush,1
16:20,1
713-853-5266,3
blackberri,3
unavail,1
8:45,1
midnight,2
pin-to-pin,1
breakfast,5
11/28/01,1
bid,13
breakfast/lunch,1
3:37,1
K.,1
fella,1
information-gath,1
redchip.com,3
specialti,2
webcast,2
redchip,2
small-cap,1
slide,1
industry-specif,1
800-redchip,1
800-733-2447,1
winner,1
mabl,2
charbonnet,2
downtim,2
x35356,1
tang,1
1:28,1
lim,1
franci,1
krishnaswami,1
jayant,1
chitradurga,1
sundar,1
powel,1
ramesh,1
ganapathi,1
schomer,1
mckinney,1
hal,1
wei,1
zhiyong,1
hillier,1
johnston,1
jamey,1
ritacco,1
01/31/2002,1
02/01/2002,1
7am,1
cob,1
12:03,1
spreadsheet,1
size,2
doer,2
hearer,2
mere,2
delud,1
1:22,1
vehement,1
self-decept,1
wow,1
hurri,1
foothold,1
a3.14.4690.1.261895,1
sub~6825~dbhptmrwlljf~3~78,2
10:1,1
indiffer,1
sorrow,1
30:26,1
heighten,1
illumin,1
countless,1
rescu,1
heb,1
a3.12.4694.1.261895,1
lydia,5
fellow,4
8:16,2
middle-ag,1
dealt,2
ritual,1
haunt,1
self-imag,1
despair,1
stoical,1
anybodi,1
nod,1
chain,1
inconsist,1
self-percept,1
dearli,1
conqueror,1
victor,1
rig,4
auto-triev,2
saver,2
paulin,2
propan,2
wader,2
bait,3
vic,2
dunaway,2
cay,2
full-season,2
fingerless,2
glove,2
trilen,2
sensation-new,2
fishermen,2
knot,2
mcnalli,2
braid,2
spectra,2
cabin,1
fever,1
veryth,1
orde=,1
ea=,1
ngler.com,1
lure=,1
heater/cook,1
24.99,2
heater/cooke=,1
75.00,1
52.99-,1
139.99,1
4=,1
4.99,1
107.99,1
screamin,2
tac=,1
kle,1
redin=,1
gton,1
11.95,1
89.95,1
redington,1
12.99,1
fishi=,1
7.49,1
10.4=,1
pri=,1
CE,1
16.95,1
11.49,1
299.99,1
20,000,3
onl=,1
ine,1
stat=,1
es,2
ray,6
//www.corporate-ir.net/ireye/ir_site.zhtml,2
ticker=en,2
script=2400,2
item_,1
1-30-2002.xl,1
stack,12
dl-netco,2
2:58,1
nativ,2
correspond,4
x39673,2
x39807,2
x53614,2
bowen,2
11:00am,1
onto,2
cliff,3
baxter,1
lieu,1
flower,1
6301,1
richmond,1
ave.,1
77057,1
1-800-227-2345,1
junior,1
2115,1
77092,1
682-4500,1
hometown,1
discipleship,4
counselor,7
thessalonian,1
twelv,1
3:14,1
jesus',2
learner,1
husband/fath,1
similarli,1
counsele,1
dictat,1
sister,1
6:37,1
ridicul,1
laughter,1
countrysid,1
Mk,1
6:36,1
fullest,1
gsbf,24
optimumpay,7
optimum,7
gsb,12
hyper,9
pre-paid,2
security-bas,2
longpr,4
ron,4
hendrickson,4
877/609-0442,4
Al,4
marchi,4
480/949-7965,4
forward-,4
debit,1
atm,1
rodney,1
pre-,1
alik,2
tap,1
multi-,1
background,2
21st,2
edg,3
e-commerc,2
e-fin,2
expressli,2
processor,2
issuer,2
high-technolog,2
architectur,1
low-cost,1
high-valu,1
reap,1
simplifi,1
moreov,2
011-4194-912-,2
2760,2
www.otcinfo.net,2
necessarili,2
011-4194-912-2760,2
conf,2
5990,1
gonzalez,1
district,3
herebi,1
debtors-in-possess,1
jointli,2
administ,2
refrain,1
compli,4
eap,5
onsit,3
eb32c2,2
2:30,4
4:30,1
hotlin,1
neighborhood,1
713-853-6057,1
24-hour,3
1-800-345-1391,1
www.stress.org,1
www.wellnessjunction.com,1
1-29-2002.xl,1
rwr,5
biweekli,2
japanes,2
asian,2
latin,2
//www.reedwasden.com/members/download.asp,6
id=111,2
cleaner,2
renew,4
solar,2
microturbin,2
semiconductor,3
href='http,3
reed,3
wasden,3
/a,3
goto,3
'unsubscribe-sector,2
harvard,4
irismmack,2
10:55,1
mathemat,1
endow,1
mba/phd,1
hotmail,1
committe,4
undoubtedli,2
regroup,1
rebuild,6
viabl,2
zolfo,1
reorgan,2
whalley,2
coo,1
constant,1
scrutini,1
devis,1
//www.enron.com/corp/pressroom/releases/2002/ene/012902release.html,1
reckless,2
abandon,2
inroad,2
sharer,1
massiv,1
paradigm,3
shift,4
worldview,1
parapsycholog,1
visibl,1
influx,1
1980,1
commonplac,1
radio,1
educ,2
stranger,1
wide-ey,1
hardli,1
biola,1
defus,1
dispel,1
15:58,1
birthright,1
overrid,1
unto,2
full-tim,1
sacr,2
synerget,6
syge,3
broadcast,3
icu,3
satellit,2
overlook,5
long-,2
exponenti,2
anti-,1
lake,1
arm,3
uplink,1
receptor,1
passeng,1
767,1
10,000,1
747,1
wide,1
stationari,1
surveil,1
beta,1
development,1
terminolog,1
id=110,2
cari,2
'unsubscribe-weekli,1
1-800-711-8000,1
614-410-1515,1
chairperson,1
8539582,1
timelin,2
volount,2
www.ubswenergy.com,2
hart-scott-rodino,1
originators/trad,1
faq,1
checklist,1
pa/registr,1
trader/origin,1
metafil,2
rabbi,3
akiba,2
pharise,1
cup,1
platter,1
robberi,1
wicked,1
11:39,1
talmud,1
ancient,1
rabbin,1
spill,1
ceremoni,1
unwash,1
ancestor,1
harshli,1
gnat,1
swallow,1
23:24,1
weightier,1
strict,1
neglig,1
god-given,1
stray,1
unfail,2
hors,1
leg,1
147:10-11,1
technician,1
ironwork,1
all-encompass,1
all-pow,1
psalmist,1
translat,1
fro,1
chron,1
16:9a,1
multipli,1
hundredfold,1
yea,1
nay,1
realist,2
25:5,1
transcend,1
bypass,1
brethren,1
babe,1
14:20,1
neutral,1
4:8,1
knock,1
faithless,1
ologuru,2
remitt,2
dept,2
togolais,2
banqu,2
tel:00228-911-40-37,2
lome-togo,2
sum,2
deceas,2
kin,2
DU,1
lome-,1
togo,1
confideti,1
Du,1
africa,1
custodi,1
discoveri,1
6,500,000.00usd,1
chamber,1
champion,1
bonafid,1
relay,1
brow,1
re-transf,1
clarif,1
remit,1
smooth,1
gratif,1
asid,1
dr.ologuru,1
owner,1
//auctions.yahoo.com,1
bail,2
25:4,1
norm,1
fourth-down,1
punt,1
hasti,1
first-down,1
huddl,1
excus,1
abound,1
concord,1
dictionari,1
irrespons,1
612-801-9645,1
1/25/2002,7
1/24/2002,3
1/27/2002,3
1/28/2002,1
nilson,1
busto,1
55-11-5503-1347,1
2:45:00,1
12:45:00,1
8:45:00,1
NA,1
7138536744,1
brook,1
sean,2
713-345-8077,1
assembl,2
subpoena,1
3-6239,1
//eastpower.test.corp.enron.com/portal/,1
1-25-2002.xl,1
dyar,3
teresa.dyar.wg00,1
wharton.upenn.edu,1
12:07,2
daisi,8
snake,6
flee,2
bed,3
caught,2
divorc,1
institution,1
nerv,1
nighttim,1
crawl,1
i'm,1
loud,1
'in,1
squirm,1
sigh,1
castor,1
neurolog,1
monument,2
firstborn,2
iron,1
spoil,1
ahab,1
7stage,1
id=108,2
closer,3
expedit,1
cutting-,1
1-24-2002.xl,1
i-45,3
kik,1
n-bat,1
yamokoski,1
nicolau,1
radford,1
leah,1
steinoch,1
lawrenc,1
baitland,1
wilson,1
ohnesorg,1
wilk,1
szymczak,1
gerard,1
salle,1
mosal,1
houston/harri,1
counti,2
impos,2
tnrcc,1
hobbi,1
Rd,1
55,1
mph,1
noontim,1
polic,1
prewit,1
mile,3
weigel,1
11:38,1
hurray,1
bout,1
hex2.jpg,1
hex3.jpg,1
hex4.jpg,1
hex1.jpg,1
nightmar,2
breaker,1
8:36,1
contrast,1
childhood,2
horror,1
devilish,1
dracula,1
sulk,1
adulthood,1
shortcom,1
misfortun,1
linger,1
distant,1
stern,1
woke,1
scream,1
ostrich,1
tactic,1
apolog,1
fy02,1
prometheus020118.pdf,1
levi,2
swidler,1
berlin,2
shereff,1
friedman,1
ned,1
cradi,1
3-4558,1
202-295-8414,1
concentr,1
specialist,1
safest,1
smart,1
creativ,1
tirelessli,1
regardless,1
hotel,2
10am-1pm,1
2pm-5pm,1
junip,1
java,2
8:45am-9am,1
12:45pm-1pm,1
1-23-2002.xl,1
copier,4
bankrupt,2
non-bankrupt,2
grubb,2
713-853-5417,2
harry.grubb,2
paula,1
corey,1
713-853-9948,1
paula.corey,1
esop,3
counter,1
sanctuari,2
text,2
halfway,1
22-year-old,1
uncontrol,1
grandmoth,1
witch,1
guardian,1
companion,1
paus,1
thrash,1
errat,2
blip,1
contemporari,1
unprepar,1
mlorenz,3
houston.rr.com,5
mattlorenzresume.doc,4
yeah,1
ene,1
1:54,1
.....,8
11:12,4
Im,2
Id,2
hereto,1
bind,1
estoppel,1
pratic,1
1-22-2002.xl,1
expenses.xl,1
8.30am,1
9.30am,1
9.30,1
1pm,1
9am,1
sandwich,1
eager,1
frenzi,1
logist,1
memo,1
ira,9
colleg,1
roth,1
2.75,1
3.25,1
36,1
3.75,1
1.75,1
www.enronfcu.com,1
713.853.6902,1
teresa_dyar,2
gerych,2
swbell.net,2
seung-taek,1
zdenek,1
pcm.net,1
webber,1
clwebber,1
fslwang,1
venkataraman,1
satish,1
satishv,1
perri,1
wayn,2
wayne.perri,1
mcgarri,1
michaelmcgarri,1
prodigy.net,2
meheen,1
steve.meheen,1
merlinproduction.com,1
mcmillan,1
jmcmillan,1
pdq.net,1
glessner,1
daveglessn,1
gelotti,1
agelotti,1
poten.com,1
galt,1
tony.galt,1
tess,1
cullen,1
cullentex,1
kennmari,1
carolan,1
dcarolan,1
earthlink.net,1
bezani,1
lowel,1
lbezani,1
7:13,1
pagenet,1
dial-in,2
bradford,1
fusco,1
800.486.2726,1
353763,1
547763,1
liz,1
713.853.1935,1
713.853.1838,1
713.854.3056,1
2-5-2002.xl,1
xm,2
pre-clos,2
www.enron.com,1
varga,1
3-5280,1
georgann,1
hodg,1
3-0430,1
//fundamentals.netco.enron.com/main.asp,1
853-4384,1
646-8453,1
877,1
482-0772,1
560-0934,1
truequote.com,2
5.00.39,1
www.truequote.com,1
//www.truequote.com,1
homepag,1
nymex,1
meteorologist,1
tutori,1
flash,1
jeffk,1
800.327.1499,1
trevor,1
atkin,1
327-1499,1
502,1
-212-4912,1
trevor.atkin,1
truequot,1
9-24.doc,1
lexis-nexi,11
clinic,5
clip,3
eb560,3
novic,2
nexis.com,2
eb572,2
no-show,2
200.00,2
placewar,2
dji,2
713-345-7928,1
stephanie.e.taylor,1
introduct,1
personalizing/custom,1
tailor,1
//esource.enron.com/training.htm,1
opt,2
patronag,1
//unsub.freerealtime.com/u.html,1
m=370,1
l=special,1
e=jeff.k,1
//quotes.freerealtime.com/dl/frt/a,1
sa=privaci,1
20statement,1
file=main/privacy.html,1
10/31,1
3pm,1
15-30,1
ubs-w,7
regularli,1
____________________________________________________________________,1
photograph,2
713-853-5360,1
wear,1
ski,1
cafeteria,1
8535360,1
mcauliff,1
713-853-7468,1
22nd,1
34th,1
visa,1
counterpart,1
//192.168.107.17/mos/start.jsp,1
mo,1
portal,1
-rao,1
rwillia8,1
seung,1
taek,1
soh2,1
jking6,4
pschiavo,1
dsmith3,1
brent,2
bal,1
hendri,1
portz,1
sager,1
elizabeth,1
hansen,1
lesli,1
murphi,1
harlan,1
enlos,1
cp,2
commonli,1
bike,1
in-lin,1
skate,1
scooter,1
helmet,2
fabul,1
prize,1
margaret,1
doucett,1
345-7892,1
janett,1
elbertson,1
853-7906,1
haedick,1
guali,1
3:54,1
captrad,8
javier,3
jvega,3
hourli,3
austin,1
benk,1
terrel,1
11/5/2001,1
7:51,1
bidder,1
cordial,1
l.p.,1
i.t,1
non-puc,1
synopsi,1
operation,1
eas,1
aspir,1
robust,1
auditorium,1
1111,1
corner,1
out-of-town,1
wed.,1
11/7,1
stoke,1
207-3827,1
dinner.doc,1
stan,5
beltway,4
i10,4
sonni,2
stan/staci,2
Yo,2
mama,2
huntsvil,2
thanksgivn,2
harde,2
reunion,2
civic,2
poynor,2
gessner.,2
,.12330,2
st.,2
toll,2
feeder,2
gessner,2
holler,2
713-228-6601,2
713-467-6754,2
HI,2
sandi,2
hahahhaa,2
truck,1
mpg,1
merger,4
//home.enron.com/updates/mergerqa.html,1
immigr,1
rev,2
woe,2
sso,1
pile,1
18:4,1
mammon,1
misplac,1
overtak,1
18:8a,1
doom,1
18:10b,1
soviet,1
22:37,1
daiwa,6
reel-fre,3
baitcast,3
loomi,2
nipper,2
rapala,2
daiichi,2
bleed,2
worm,2
shipp=,1
comb=,1
milliona=,1
ire,1
Z,3
milli=,1
onair,1
millionairez,1
casting=,1
reelfre,1
199.95,1
E=,1
165.00,1
180.00,1
millionairex,1
eelfre,1
149.95,1
walley,1
pack-a-pol,1
yo-zuri,1
eanglerwalley,1
19.95,1
16.99,1
pack-a-polefish,1
price=,2
yo-zuribass,1
39.99,1
multi-pak,1
hoo=,1
slickreel,1
11.99,1
baitmulti-pak,1
3.89,1
3.29,1
millionair,1
EL,1
startup,1
cert,1
fedex,1
gotten,1
epmi,1
contractu,1
AP,1
x53771,1
713-927-4680,1
x37007,1
x30596,1
shield,9
missil,3
extinguish,1
6:16,1
smaller,1
dart,1
smolder,1
burn,1
decept,1
head-on,1
deflect,1
memor,1
healthi,1
bounc,1
//www.pagosa.com/,2
pagosa,2
cam,2
bartley,8
o2wireless,3
713-973-6904,3
281-379-4899,3
29.50=09,2
18.45=09-,1
.12=09=,1
55,200=09,1
17.25=09,1
16.75=09,1
16.96=09+,1
.96=09,1
17.33=09-,1
.35=09=,1
27.47=09+,1
.25=09,1
28.80=09+,1
6.35=,1
22.80=09,1
22.96=09+,1
1.24=,1
31.13=09+,1
6.94=09,1
18.04=09+,1
.29=09,1
issuealert,11
cost-bas,10
scientech.com,7
seller,7
scientech,7
//secure.scientech.com/images/spacer.gif,6
aep,5
market-bas,5
_____,4
//secur=,3
mitig,3
decrement,3
enact,2
constraint,2
//secure.scient=,2
ech.com/images/spacer.gif,2
//secure.scientech.com/_ia_test/corner_tl.jpg,2
//secure.scientech.com/_ia_test/corner_bl.jpg,2
e.scientech.com/_ia_test/corner_br.jpg,2
stick,2
charg=,2
206,2
reportedli,2
power=,2
ov=,2
wi=,2
//secure.scientech.com/issuealert/,2
issuealerthtml,1
listserv.scientech.com,1
//secure.s=,1
cientech.com/images/spacer.gif,1
//secure.scientech.com/_ia_test/c=,1
orner_tr.jpg,1
//secure.scientech.com/rci/wsimages/ia_banner02.gif,1
//secure.sciente=,1
ch.com/specialpages/multi_client.asp,1
//secure.scientech.com/rci/wsimages/will100border_copy.jpg,1
e.scientech.com/_ia_test/corner_tr.jpg,1
//www.thestructu=,1
regroup.com,1
//secure.scientech.=,1
com/specialpages/strategic_planning.asp,1
//secure.scientech.com/ima=,1
ges/spacer.gif,1
//secure.scientech.com/rci/details.asp,1
productid=3d90=,1
2001=20,1
constraints=20,1
mcnamara,1
transactions.=20,1
reuter,1
fer=,1
3-1,1
con=,1
dition,1
impro=,1
meltdown,1
winter,1
amid,1
tight,2
base=,1
rving,1
cha=,1
irman,1
wood.=20,1
radar,1
mammoth,1
tre=,1
mendou,1
increasingli,1
lion,1
reg=,1
ulat,1
shrin=,1
ule,1
circumv,1
experience=,1
al=,1
usi=,1
organizat=,1
chairma=,1
rampant,1
arket,1
represe=,1
tall,1
prom=,1
pt,1
trading.=20,1
nutshel,1
unregul,1
nstead,1
committ=,1
disclos,1
columbu,1
ohio-bas,1
atlanta-bas,1
sou=,1
thern,1
SO,2
orleans-bas,1
etr,1
ha=,1
apply=,1
epar,1
unaccept,1
gener=,1
ator,1
electrici=,1
ty,1
pivot,1
ramat,1
departur,1
evel.=20,1
elim=,1
inat,1
ferc-approv,1
signific=,1
ant,1
ar=,1
rulin=,1
utilities=,1
companies=,1
pact,1
will=,1
ntract,1
inclu=,1
ded,1
ruling.=20,1
proposal=,1
outlin,1
open-access,1
same-tim,1
oasis=,1
uncommit,1
non-commit,1
between=,1
region=,1
displac,1
party.=20,1
older,1
kno=,1
wn,1
rather=,1
dentifi,1
produci=,1
ill,2
decr=,1
ement,1
at=,1
20/mwh,1
30/mwh,1
transact=,1
25/mwh,1
midnight-to-midnight,1
ller,1
potent=,1
ialli,1
drawback,1
readili,1
crement,1
price.=20,1
broad=,1
market-based-sal,1
nationwid,1
constrain,1
eliev,1
exert,1
open-end,1
refund,1
ommiss,1
occurred.=20,1
relate=,1
appli=,1
cation,1
eregul,1
ubsequ,1
exhi=,1
bite,1
ation,1
coincid,1
uti=,1
liti,1
souther=,1
an=,1
years.=20,1
linda,2
diss=,1
been=,1
evalu=,1
contest=,1
off-guard,1
atement,1
pos=,1
sibl,1
litigation.=20,1
summar,1
rulemak,1
han=,1
dful,1
illus=,1
trate,1
revok,1
market-pric,1
unrestrict,1
time=,1
fraught,1
th,1
ruli=,1
impact=,1
deem=,1
lso,1
compani=,1
ubstanti,1
conducted.=20,1
www.scientech.com,1
forward=,1
nspring,1
pani,1
jane,1
pelz,1
mai=,1
lto,1
jpelz,1
505.244.7650,1
also=,1
website.=20,1
compris,1
te=,1
chnolog,1
i/t,1
//consulti=,1
505.244.7613.=20,1
u=,1
analys,1
inf=,1
ormat,1
fre=,1
secur=,1
e.scientech.com/issuealert,1
.=20,1
//secure.scientech.com/account/,1
IA,1
line.=20,1
SM,1
compil,1
nalysi,1
iss=,1
uealert,1
scientech'=,1
indepen=,1
dent,1
long-stand,1
reput,1
issues.=20,1
//infostore.consultrci.com/spacerdot.gif,1
issuealert=3d11/27/2001,1
IF,2
IM,1
tommorrow,1
2-6-2002.xl,1
cheat,1
\estate\,1
AG,1
guinn,1
3829a,1
michel,1
853-6401,1
pinto-leit,1
345-7942,1
perman,1
//remoteservices.netco.enron.com/ica/ubswenergy.ica,1
ubswenergy/enron,1
q,1
9M,1
npx,1
www.ubsenergy.com,1
//www.ubswenergy.com/site_index.html,1
netco-lt-ercot,1
mus22498,1
713-584-4444,1
713-853-3465,1
ubswenergy.com,3
9-11,1
meredith,1
3-9555,1
3-7533,1
non-ub,1
e.g,1
inactiv,1
clean-up,1
713.584.4444,1
kihyon,3
gfi,4
hey,2
tough,1
kihyonp,2
gfigroup.com,2
2:47,1
kick,1
gfinet,2
reproduc,2
retransmit,2
doggett,2
deer,2
wildlif,2
carib,1
hans,1
coulter,1
lyle,1
marc,1
newman,1
patricia,1
henri,1
reagan,1
reid,1
stavinoha,1
hrabal,1
tichavski,1
tracey,1
shannon,1
tyer,1
travi,1
duncan,1
sanger,1
hagerman,1
refug,1
grayson,1
bow,1
gross,1
234,1
3/8,1
230,1
6/8,1
archeri,1
10.5,1
hindquart,1
dalla,1
barrow,1
biologist,1
tpwd,1
940,1
627-5475,1
jlbarrow,1
ntws.net,1
anyway,1
slept,1
lauren,1
t.king3,1
9:07,1
ta,1
7:53,1
snow,1
neat,1
dbartley,2
o2wireless.com,2
gwen,2
8:30,1
27th,1
8:13,1
//dailynews.yahoo.com/h/p/ap/20011008/wl/1002558641pakistan_attack,1
_pes115.html,1
novi,1
2.39,1
imceanotes-kihyon+20park+20+3ckihyonp+40gfigroup+2ecom+3e+40enron,1
elat,1
//www.filebox.vt.edu/users/mskinner/,1
days/hour,1
=09black,1
9:09,1
=09/o=3denron/ou=3dna/cn=3drecipients/cn=3dnotesaddr/cn=3da478079f-55e1f=,1
3b0-862566fa-612229,1
arora=,1
don=,1
bl=,1
ack,1
er=,1
ic,1
shoemak=,1
fletche=,1
zippere=,1
mike=,1
=09vacat,1
year=,1
...........,1
natti,1
2.25,1
cal,2
3.18,1
.........,1
2.30,1
2.22,1
3.16-3.17,1
