15-25,2
lower,11
saturday,86
actual,107
go,1854
vacat,11
thi,1220
come,361
back,244
next,203
sunday,54
follow,106
ye,168
puerto,4
rico,4
sarah,64
matti,20
around,144
memori,19
day,432
weekend,125
ok,374
owe,8
drink,137
get,703
defin,16
work,563
Im,11
sure,135
cant,139
sorri,194
woke,4
late,109
know,907
feel,151
think,845
somewher,24
unfortun,26
time,545
leav,364
today,463
car,41
yeah,106
happen,50
messag,8785
tout,490
de,491
et,397
ce,393
attach,297
le,294
ou,293
ani,660
see,416
file,122
clcot051101.pdf,6
ngcot051101b.pdf,6
______________________________________________________________________________,42
_______________________________________________________,42
sont,196
se,197
bnp,219
pariba,224
modifi,197
Ce,98
piec,97
joint,109
ci-apr,98
etabl,97
l'intent,98
exclus,106
destinatair,98
confidentiel,98
Si,98
vou,98
recevez,98
par,100
erreur,98
merci,98
detruir,97
d'en,98
avertir,98
immediat,97
l'expediteur,97
utilis,98
non,100
conform,99
sa,98
destin,102
diffus,98
public,122
total,114
partiel,98
est,103
interdit,98
sauf,98
autoris,98
express,113
l'internet,98
ne,98
permett,98
pa,98
d'assur,98
l'integrit,97
filial,98
declin,101
nt,98
responsabilit,98
au,98
titr,98
dan,104
l'hypothes,97
il,99
aurait,98
ete,97
intend,180
sole,136
addresse,101
confidenti,148
If,335
receiv,178
error,133
pleas,604
delet,121
immedi,129
notifi,124
sender,124
use,314
accord,112
purpos,206
dissemin,101
disclosur,113
either,139
whole,132
partial,99
prohibit,112
except,122
formal,98
approv,126
internet,178
guarante,106
integr,109
subsidiari,101
shall,105
therefor,106
liabl,99
outlook,110
migrat,103
email,163
note,84
2000,64
date,76
TO,27
=20,165
item,14
BE,10
e-mail,179
clean,14
mani,53
l=20,6
100mb,6
lotu,8
microsoft,11
IS,11
enron,756
factor,9
convert,20
year,160
notif,9
may,693
15th,11
unabl,8
send,90
unless,15
take,166
action,39
old/un-need,3
emai=,3
possibl,46
befor,71
migration.,3
to=,10
onli,156
alloc,6
mailbox,32
space.,3
more=,6
amount,13
data,132
abl,95
sen=,3
d=20,9
limit.,3
now=,3
prevent,11
enron=01,3
platform,12
ou=,3
tlook=20,3
worldwid,6
access,125
email=20,3
functions.=20,3
whi,480
contribut,20
decis,30
to=20,9
exchange/outlook,3
promin,6
signific,10
advantag,7
move,143
product,68
wit=,3
h=20,3
current,70
app,9
window,12
offic,100
explor,16
effici,19
share,47
PC,4
roam,3
user,82
featur,20
improv,16
support,71
palm/c,3
devic,12
instant,8
capabl,10
schedul,308
last,197
30,112
thirti,3
folder,6
store,29
To,7674
Do,57
journal,20
calendar,27
entri,11
1,134
one,356
past,30
10,74
ten,11
i=,4
n=20,3
futur,95
address,107
book,79
distribut,41
list,65
creat,37
wil=,3
need,311
re-creat,3
thank,316
team,51
anyon,50
survey,26
click,58
',99
type,19
permiss,9
email/calendar,6
respons,38
updat,46
els,30
mm/dd/yy,6
ensur,18
experi,24
success,12
necessari,13
gather,4
individu,57
inform,230
prior,25
minut,60
complet,69
fill,60
doubl,11
document,30
put,34
edit,7
mode,4
finish,27
simpli,13
'repli,3
histori,16
button,23
hit,20
'send,3
automat,9
sent,7716
full,24
name,112
login,12
ID,34
extens,9
locat,45
comput,52
desktop,24
laptop,3
pda,3
none,10
ipaq,3
palm,10
pilot,26
jornada,3
doe,103
Is,12
group,81
maintain,8
mass,5
mail,37
databas,19
applic,45
In,105
effort,22
plan,119
exact,3
date/tim,3
also,148
normal,53
hour,75
near,24
etc,27
even,61
2,85
press,22
trust,28
signer,6
contact,223
critic,12
OF,7
save,20
My,7
onc,31
us,138
pre-migr,3
3,116
must,37
connect,34
network,87
4,56
pop-up,3
box,32
appear,18
prompt,8
abort,4
cancel,12
OR,26
select,18
5,70
add,35
person,56
manual,3
re-ad,3
6,32
failur,6
mean,190
todo,3
import,55
could,123
result,50
week,409
delay,8
restor,31
encount,3
resolut,32
center,171
713-853-1411,6
owa,36
client,22
web,50
configur,27
avail,147
via,28
question,129
5.0,6
remot,18
function,27
task,13
concern,45
reason,46
ha,249
reciev,3
start,120
morn,146
dure,53
period,21
browser,7
read,45
to-do,3
At,16
lan,20
make,206
home,168
travel,37
abroad,3
launch,26
http,140
//nahou-msowa01p/exchange/john.do,3
substitut,3
john.do,3
first,142
enter,40
sign,56
shown,5
corp/your,3
id,6
NT,21
password,33
logon,4
ok.,45
view,73
subtl,3
differ,34
thing,215
brief,8
spell,3
checker,3
offlin,8
print,7
templat,4
remind,28
deliveri,11
expir,3
rule,16
vote,4
flag,5
recal,3
deleg,3
direct,49
resourc,22
answer,84
outlook.2000,3
enron.com,103
otherwis,17
PM,4100
outag,344
sat,247
5/12/2001,57
thru,258
No,274
713,264
fri,170
5/11/2001,33
impact,188
CT,189
PT,168
london,182
server,101
AM,4068
pager,151
corp,77
environ,111
backout,88
disk,38
upgrad,41
E,83
origin,84
report,161
10:00:00,35
8:00:00,32
4:00:00,43
2:00:00,31
S,53
system,143
facil,45
oper,82
nf,9
OS,12
sitara,35
Y,28
T,29
L,29
2001,4275
edi,30
5:00:00,31
dual,6
boot,6
old,58
malcolm,18
well,197
713-345-3716,16
sif,6
unix,6
cpu,14
michael,18
unifi,34
hard,58
help,169
on-cal,41
853-9797,30
W,14
K,24
N,21
D,14
M,27
V,18
B,16
F,20
O,25
R,19
11,50
5:00pm,19
14,28
12:00am,14
ardmor,18
azurix,17
eb34,15
south,45
north,64
american,45
6:15:00,4
7:00:00,33
4:15:00,4
12:15:00,5
1:00:00,21
trader,54
df,3
re-configur,3
continu,70
eneh,3
frank,13
cole,3
406-0470,3
john,161
cheng,3
853-1672,3
field,42
servic,133
market,163
os/2,15
3:00:00,22
11:00:00,21
gfp1,3
infin,6
develop,36
establish,19
redund,5
reinstal,5
6:00:00,43
calvin,3
hobb,3
weather,49
infif,3
ad,30
compon,6
allow,46
nt/unix,3
We,191
revert,6
sever,26
previou,16
version,12
12:00:00,43
neutron,3
boardd,3
increas,46
remov,15
/,16
replac,17
board,29
adam,5
deridd,3
713-853-1428,3
barber,6
713-853-5530,3
wilford,3
steven,7
713-853-7564,3
abov,41
sun/oss,15
telephoni,23
termin,23
3:30:00,9
1:30:00,10
9:30:00,7
new,356
instal,14
softwar,6
power,148
settlement,6
re-instal,4
fall,18
stand-bi,3
resort,3
cuccia,3
713-853-6629,3
assist,48
853-1411,15
specif,33
risk,55
manag,161
853-5536,15
sap/isc,15
345-4727,15
284-3757,15
288-0101,15
rus/gops/geotools/apr,15
639-9726,15
oss/ua4/tarp,15
285-3165,15
cpr,19
284-4175,15
327-3893,15
ee,41
desk,72
888,18
mike,7550
good,355
talk,350
free,71
call,256
addit,59
thought,177
regard,72
jim,26
jame,22
gillespi,14
senior,22
execut,46
recruit,14
robert,23
walter,9
telephon,16
212-704-9900,12
fax,66
212-704-4312,9
james.gillespi,18
robertwalters.com,18
caution,13
electron,24
secur,58
intercept,14
third,39
parti,58
transmit,20
entiti,30
footnot,13
confirm,43
swept,13
mimesweep,9
presenc,10
virus,17
g051101.pdf,6
children,56
ticket,73
program,105
camp,58
famili,64
summer,49
employe,166
star,19
war,21
episod,19
cafe,16
friday,1169
houston,137
offer,126
monday,2183
usa,18
7:30,16
p.m.,83
walk,66
particip,69
concert,17
activ,64
astro,12
min,12
11:00,82
a.m.,47
event,53
age,24
a=20,12
kidsav,18
child,25
visit,67
big,204
celebr,18
splash,13
kid,79
includ,83
park,47
cost,51
bring,84
21,465
discount,11
special,31
film,9
brown,59
auditorium,9
admiss,10
museum,10
cystic,9
fibrosi,9
everi,51
the=,9
young,15
leadership,18
project,75
blueprint,10
give,80
profession,21
jazz,9
volunt,40
miracl,12
parent,31
percent,53
session,45
step,29
lunch,191
health,19
shop,51
bodi,24
complimentari,6
fun,153
upper,6
deck,17
price,120
at=20,6
begin,48
scroll,6
b2b,6
look,280
screen,25
georg,53
luca,6
12,23
19,1099
1999,13
booth,6
show,33
wiess,6
law,28
build,105
gener,40
35,9
r=20,6
cure,8
host,16
rais,11
diseas,6
affect,20
the=20,6
unit,65
arthriti,7
join,50
20,356
skill,13
way,219
texa,22
design,31
y=20,6
deadlin,11
symphoni,6
opportun,55
music,11
han,7
graf,6
piano,6
pre-concert,6
live,65
reserv,47
It,134
commit,45
attend,39
older,10
adopt,10
find,205
t=,6
o=20,6
tonya,8
kidventur,8
per,50
transport,23
regist,14
energ,8
outsid,66
fresh,5
air,17
entertain,9
pappa,3
serv,12
burger,3
trim,5
latin,3
beat,9
norma=20,3
zenteno,3
band,4
custom,61
cruiser,3
raffl,10
sunshi=,3
ne=20,3
test,47
strength,10
sun,98
ski,35
sport,22
rock,24
climb,3
wall,31
conjunct,3
nation,33
fit,9
body=20,3
anniversari,3
sponsor,7
variou,12
activities=,3
soul,3
chair,11
massages=20,3
koala,3
care,53
muscl,6
analysis=20,3
blood,5
pressur,4
assessments=20,3
club,51
11:30am-1:00pm,3
antioch,8
5=20,3
half-pric,3
excit,104
watch,66
san,19
diego,3
padr,3
23,110
purchas,17
mezzanine=,3
half,15
ticketmaster.com/jackpot/enron,3
//www.ticketmaster.com/jackpot/enron/,3
14th,6
9,22
end,58
21st,5
P=,3
M.,7
instruct,16
link,41
hyperlink,3
not=20,3
retriev,7
page,24
extend,7
line,37
this=,3
occur,20
copi,35
text,4
th=,3
e=20,3
promot,7
baseball1,3
number,76
mezzanin,3
drop=,3
menu,4
method,5
7,20
=01,3
tickets=018,3
key,13
71=,3
259-8500,3
4-25,3
four,29
legendari,3
saga,4
big=20,3
mfah,3
present,75
iv-vi,3
in=20,3
newli,4
renov,3
dolbi,3
digit,11
dt,3
sound,36
stadi=,3
um=20,3
seat,26
iv-a,3
hope,121
1977,3
125,3
v-the,3
empir,3
strike,9
irvin,4
kershner,3
1980,3
120,5
vi-return,3
jedi,3
richard,12
marquand,3
1983,3
132,3
18,36
i-th,3
phantom,3
menac,3
133,3
25,53
26,1222
sale,16
level,21
carolin,21
matine,4
5:00,21
is=,3
pass,55
10=20,3
40,12
nonmemb,3
member,46
unde=,3
caroline=,3
1001,4
bissonnet,3
713-639-7515,3
websit,84
www.mfah.org,3
foundat,10
annual,21
great,81
stride,3
on=,3
hermann,4
foundation=01,3
major,30
grassroot,3
fundrais,7
0.92,3
dollar,14
walk=,3
goe,15
directli,10
research,32
effect,24
treatment,4
common,16
fatal,4
genet,3
caucasian=,3
popul,4
30,000,5
adult,3
state,78
median,13
surviv,6
CF,3
patient,3
31,401
years=,3
would,431
like,422
sponsori=,3
ng=20,3
walker,8
jeff,23
poch,3
X,10
6-9530,3
peopl,80
thousand,12
greater,11
houstonian,34
5-mile,3
kelsey-seybold,3
clinic,10
along,29
braes=20,3
bayou,5
713-529-0800,4
gulf,7
coast,16
9-week,3
cours,28
ethnic,3
divers,5
nonprofit,3
sector,13
train,38
enhanc,15
an=,4
turn,22
communit=,3
meaning,3
class,45
xxi,3
ana,4
eigler,3
coordin,8
713-685-2711,3
juli,25
impromptu,4
social,10
sambuca=,3
downtown,13
popular,3
restaur,3
networ=,3
k=20,3
casual,3
set,39
symphon=,3
final,75
perform,53
seaso=,3
n,5
director,23
conductor,3
leon,3
fleisher,3
medea,3
danc,22
vengeanc,3
mozart,3
concerto,3
strauss,3
hero,3
life,60
sambuca,3
909,3
jone,37
hall,3
615,3
louisiana,4
6:00,10
8pm,3
hors'doeuvr,3
blue,7
monk,3
door,30
prize,7
cash,9
bar,50
r.s.v.p,3
on-lin,5
www.houstonsymphony.org,3
713.238.1428,3
contemporari,3
art,5
cam,3
bore,109
8:00pm,3
picnic,3
dinner,62
artist-l,3
play=,3
2-12,3
much,162
short,21
membership,19
respond,12
by=,3
16,124
jennif,22
milligan,5
x35272,3
kidsave=01,3
enabl,6
orphan,4
1=,4
US,25
canada,11
problem,35
adopting=,3
chanc,22
meet,152
best-cas,4
scenario=,3
love,72
prospect,7
an=20,3
evalu,11
first-hand,6
challeng,11
reward,16
of=,3
agenc,16
partner,18
place,33
432,4
-=20,3
96,7
85,9
9=,3
0=20,3
easili,5
throu=,3
gh=20,3
remain,29
15,60
requir,50
believ,97
deserv,4
placin=,3
g=20,3
permanent=,3
family-lik,4
want,490
250,8
As,50
non-profit,7
organ,29
depend,21
donat,15
money,27
hopp,4
281.286.8948,4
tonya.cc,4
involv,18
houston=01,3
kidsave=20,3
proud,7
provid,96
summer=,3
5-13,4
contractors.=20,3
29-august,4
one-week,4
choos,7
camp=,3
friday.=20,3
150,7
trip,45
and=,3
deposit,9
50,31
you=,4
log,21
//www.kidventurecamp.com/camp_enron.htm,4
space,24
limit,27
ride,10
check,59
room,47
campers=,3
load,12
coach,25
buse,7
nearbi,15
en=,5
camper,5
brought,28
check=,3
easi,18
site,41
www.kidventurecamp.com,4
713.960.8989,4
kidventurecamp.com,4
post,25
news,38
eia,13
enron.com=20,3
later,53
12:00,38
noon,26
thursday,1739
monday=01,3
mailing=,3
earthsat,10
6-10,15
video,22
greet,45
11-15,10
map,9
tomorrow,198
afternoon,39
ga,226
fundament,41
jose,6
marquez,5
newpow,36
energi,147
solut,21
bill,21
area,33
thermostat,6
respect,27
anoth,63
rise,10
revolutionari,4
technolog,18
500,17
consum,13
control,9
adjust,6
anywher,26
internet-en,3
web-en,3
cell,14
phone,94
pocket,3
pc,3
sear,3
central,13
charg,26
throughout,14
durat,4
typic,5
household,4
three-month,3
util,35
base,15
usag,4
size,5
Be,8
among,11
absolut,37
enrol,7
month,74
tabl,10
plaza,24
escal,12
becom,11
homeown,3
electr,40
newpower.com,3
disclaim,4
contract,68
assum,7
oblig,8
behalf,5
represent,4
warranti,4
guaranti,3
home.enron.com,7
espeak,19
dr.,20
bloom,18
breakfast,13
n't,1252
emeet,7
tuesday,2041
joel,9
associ,44
professor,16
human,18
univers,15
ask,111
topic,13
water,16
myth,12
abdomin,6
exercis,21
rememb,65
Go,13
archiv,5
transcript,5
chairman,17
categori,8
're,143
ongo,9
discuss,36
hollow,3
core,13
fiber,3
stop,100
idea,48
vault,3
thinkbank,6
catch,28
ethink.enron.com,3
march,35
biomechan,6
He,40
ever,29
wonder,18
gatorad,3
bulk-up,3
creatin,3
safe,4
weight,14
gain,6
powder,9
diet,3
pill,10
10:00,17
//ethink.enron.com/,3
depart,23
medicin,3
aquat,3
therapi,3
strong,14
advoc,3
physic,19
school,21
commiss,7
bicycl,3
safeti,4
publish,57
numer,6
articl,10
injuri,3
vs.,8
water/,3
truth,26
stretching/truth,3
supplements/,3
benefit,38
food,12
label,4
reading/fact,3
fiction,3
So,62
mark,88
invit,42
ew,9
bag,7
seri,12
L.,4
miller,12
princip,6
invest,76
17,93
11:30,25
12:30,18
EB,19
C2,3
dessert,3
rsvp,13
kathi,5
grabstald,3
x,7
3-9610,3
natur,124
analysi,52
bob,63
mckinney,46
5-14-01,3
nat,47
gas.doc,42
dial,23
stentofon,12
chang,97
scheme,10
ec,25
rapidli,4
approach,5
forc,15
exist,18
capac,17
expans,7
valid,8
100,12
200,7
300,9
400,5
600,7
900,4
order,26
three,41
convers,19
18th,4
minim,5
confus,18
eb1,3
4000,3
i.e,4
stento,3
wa,962
364,3
4364,3
speed,8
reflect,11
within,39
understand,50
cooper,17
darren,7
adamik,3
mgr.-trade,3
net,13
llc,6
713.853.4764,3
713-853-9828,3
mailto,49
darren.p.adamik,3
summari,23
cftc,12
cftc-ng-5-14-01.doc,3
financ,15
carr,8
clear,27
busi,116
told,216
mayb,124
slow,7
eventu,9
tri,178
margin,24
nymex,35
e-nymex,2
renew,5
realtionship,2
and/or,21
particular,8
basic,31
let,314
definit,18
forward,42
S.,8
wacker,2
suit,17
1500,3
chicago,30
IL,2
60606,2
tel,5
312-368-2205,2
312-368-2281,2
mheffner,2
carrfut.com,2
//www.carrfut.com,2
enronxg,26
ina,25
rangel/hou/ect,6
05/14/2001,6
ice,8
01:01,3
kimberli,6
bate,3
12:52,36
tammi,22
depaolis/corp/enron,3
ect,15
airam,3
arteaga/enron,3
laura,37
vuittonet/enron,3
becki,25
young/enron,3
cc,9
subject,7624
pam,4
anderson,5
intercontinent,5
exchang,30
22,945
32c2,3
petro051401.pdf,6
g051401.pdf,6
ebiz,15
inclus,3
gay,3
financi,57
gfn.com,3
issu,63
fgt,3
phase,12
IV,3
clickpaper.com,3
two,73
industri,54
'net,4
learn,55
swap,13
latest,14
5-15-01,3
guest,40
sac,9
capit,34
catequil,9
asset,27
global,41
danni,6
master,18
jason,11
tudor,7
john/mike-,3
Hi,10
night,119
pm,20
6:30-7,3
detail,41
friday-,3
far,46
cap-,3
close,85
catequil-,3
pop,13
advisors-,3
jean,3
seks,3
russ,3
dyk,3
abramo,3
mraz,3
andrew,7
suckl,3
advisor,10
UK,9
steve,26
schmitz,3
brian,30
copp,3
8,29
andrea,4
hommert,3
rob,6
elli,15
hotra,3
harvard,6
compani,180
inc.,59
'd,5
fraser,3
robyn,29
zivic,3
paul,11
touradji,3
william,8
callanan,3
duquesn,3
advis,24
whether,28
avg,39
estim,24
aga,36
+46,6
lifetim,12
5yr,12
+/-,12
embed,20
imag,62
pic02040.pcx,6
pic15317.pcx,6
storag,25
stat,8
yr,8
+68,3
high,72
+114,3
1995,4
low,50
stge,6
958,3
1139,3
-159,3
-181,4
cst,29
g051501.pdf,6
condit,19
verifi,5
given,26
vol,9
skew,3
curv,3
arbitrag,3
strip,8
option,63
implement,6
lee,8
x35163,2
birthday,30
happi,123
kevin,10
knew,23
yesterday,78
forgot,42
40th,2
coal,75
said,240
brownout,21
wyom,18
plant,43
utah,15
stock,52
ton,12
railroad,12
hill,12
fuel,12
million,38
sloan,9
aci.n,9
largest,22
l.a.,9
MW,16
suppli,25
basin,9
mine,32
mee.n,9
timothi,7
gardner,6
york,61
shortag,9
northeastern,6
west,22
underinvest,6
oil,46
thin,6
led,9
california,17
still,256
arch,6
firm,44
situat,9
1,600,6
megawatt,15
intermountain,6
1,000,10
though,32
nation',6
river,8
midwest,16
hanou,6
analyst,36
+1,6
212,51
relat,44
code,22
rtr,6
By,33
reuter,34
stress,24
alreadi,27
frazzl,3
nationwid,3
spawn,3
expert,6
countri,36
51,3
record,14
compet,6
push,7
lowest,4
sinc,47
1974,3
januari,3028
govern,39
94,7
27,459
less,15
earlier,64
administr,29
cruncher,3
compound,3
u.s.,20
roll,9
winter,11
came,25
fail,10
deregul,8
amid,3
infrastructur,16
bottleneck,3
fallen,3
all-tim,3
nearli,6
twice,21
certain,30
region,16
expect,37
spokesman,4
second,21
seem,10
veri,144
likelihood,4
especi,12
reservoir,3
behind,16
hydro-dam,3
lo,6
angel,6
avoid,9
larg,14
becaus,209
cach,7
lesser,4
citi,6
anaheim,3
pasadena,3
part,33
nosanov,3
agent,8
700,000,3
60,11
enough,21
keep,50
troubl,127
mayor,4
riordan,3
governor,6
leavitt,3
overload,3
potenti,13
stem,4
produc,23
deliv,14
24,668
union,5
pacif,5
burlington,3
northern,5
santa,3
Fe,3
reach,33
64,4
probabl,98
carri,7
beyond,5
thirsti,3
propos,18
1.4,3
billion,35
rail,3
independ,9
consult,11
agre,22
solv,5
vice,16
presid,39
drought,3
danger,6
northeast,13
hotter,3
suffer,6
mix,5
massey,3
seventh-largest,3
experienc,4
flood,5
appalachia,3
atmospher,3
hell,7
stori,36
thompson,3
affili,33
burn,5
six,7
spot,12
jump,12
long-term,11
80,8
deal,109
mostli,6
protect,11
themselv,13
scrambl,3
tell,262
warn,9
spring,3
lehman,3
brother,4
peter,14
ward,18
gotten,5
complac,3
buyer,8
decad,7
suddenli,4
inventori,7
scari,3
spur,5
threat,12
we'r,5
least,30
859-1632,3
859-1629,3
timothy.gardn,3
reuters.com,4
U,9
mni,3
eln,3
cgo,3
G,12
rnp,3
dnp,3
pge,6
rrl,3
cru,3
prod,5
enr,3
env,3
elg,3
len,3
quot,16
03,473
18:04:52,3
gmt,9
nn27675175,3
volatil,55
histor,26
365.25,15
trade,121
impli,14
252,9
zimin,8
calcul,12
correct,15
matur,8
sqrt,6
griffith,25
daili,17
compar,17
iter,6
practic,15
valuat,4
eimpvol,2
appli,12
formula,3
05/03/2001,3
03:31,3
lu/hou/ect,3
paulo,3
issler/hou/ect,3
stinson,3
gibner/hou/ect,3
arnold/hou/ect,2
maggi/corp/enron,3
standard,31
deviat,13
return,25
settl,13
multipli,4
squar,3
root,3
howev,20
euro,3
straddl,9
eimvol,3
convent,2
demand,20
rang,17
season,10
economi,11
refin,7
neg,10
lead,34
anyway,81
huge,8
conflict,4
iran,2
larger,3
blend,2
soft,5
_____________________________________________________________________________________________________________________________________,150
seen,33
api,3
slightli,4
bearish,9
tone,8
nugget,4
gasolin,12
solid,7
heat,27
fell,16
colder,1
temp,2
surpris,5
game,33
geopolit,1
inact,1
opec,4
leak,1
1mmb/d,1
russian,4
overproduct,3
iraq,2
draw,4
militari,5
word,6
israel,1
downtrend,2
paper,9
spread,51
pin,10
nice,257
robust,3
abil,9
overal,10
uncertainti,2
due,16
unoc,1
debacl,1
blender,1
play,67
chemic,2
jet,21
wo,33
competiton,1
card,59
gut,1
say,145
spec,2
overblown,1
passeng,1
airlin,4
pre-sept,1
11th,2
necessarili,2
drive,88
rather,17
fli,3
cut,13
entir,11
budg,2
18-,1
april-jun,2
crack,11
7.00,4
6-,1
7.50,1
guess,220
'm,484
wear,22
often,20
-origin,7561
maggi,7490
februari,465
01,122
2002,3486
11:42,43
rybarski,2097
amanda,2577
glass,27
freak,77
job,118
novemb,3006
nelson,4886
michel,4891
RE,6478
right,150
10:59,26
10:58,17
um,87
10:57,33
nope,167
10:54,25
11:01,28
havent,59
yet,157
im,329
alway,131
'll,149
11:02,17
yep,126
11:04,11
wate,11
11:03,11
channel,22
announc,41
commun,33
//cr.enron.com/eia.html,5
win,13
cirqi,3
du,3
solei,3
saint,8
nichola,1
nutcrack,2
noah,3
daycamp,3
recov,6
disast,3
thanksgiv,21
holiday,37
fashion,3
luncheon,3
watcher,3
my.home.enron.com,5
set-up,5
top,47
wish,102
form,50
submit,14
rude,18
ny,181
choic,12
11:09,11
11:08,13
might,117
suppos,65
11:07,49
11:06,9
11:13,4
soon,76
antonio,5
vergara,3
monterrey,2
yahoo,2
messeng,35
transact,74
vergara-lop,2
anytim,35
floor,104
freeeez,2
11:16,15
11:14,8
11:34,64
11:37,46
funni,121
jerk,58
11:31,19
ya,30
11:41,6
11:39,20
realli,385
kill,34
11:48,33
weird,5
seriou,74
hate,41
sick,38
brat,92
11:56,21
11:53,9
pipelin,14
explos,3
border,3
caus,12
momentum,2
quit,55
corker,1
noth,38
run,85
expiri,1
caught,36
guard,1
19.40,4
unimport,1
albeit,1
choppi,1
increment,5
fund,24
posit,31
chop,1
extrem,3
kuwait/iraq,1
ran,2
20.03,1
hysteria,1
die,2
sold,9
19.09,1
light,42
calm,16
overreact,1
unchang,7
crude,22
worri,37
disrupt,13
teh,1
proxim,1
iraqi,1
wide,4
saw,56
mar/apr,2
-10,1
apr/may,2
-15,1
may/jun,1
-40,1
wane,1
hold,27
front,32
downward,2
comment,18
i.i,1
russia,3
threaten,2
refineri,3
worker,5
luck,12
12:04,24
12:02,6
oh,113
littl,167
man,51
sit,96
hang,24
lie,98
meant,21
buddi,12
drunk,17
12:16,19
12:15,22
12:06,4
12:05,7
12:18,20
didnt,86
12:17,19
wrong,26
never,76
12:26,11
12:24,20
whatev,190
admit,33
12:27,4
2-1-02,1
12:34,54
12:32,40
smart,33
'nelson,15
michelle',15
12:44,20
lot,74
ca,247
lose,25
12:53,13
12:50,11
12:49,6
12:40,55
12:39,64
12:38,8
kick,38
butt,32
12:57,30
wrer,12
got,194
nasti,27
1:02,18
dont,386
scare,15
12:59,14
harass,9
1:11,32
1:10,19
1:07,16
1:03,15
pretti,109
1:18,37
1:13,9
someth,68
1:42,21
coffe,8
1:31,12
1:23,61
cmon,7
co,4
1:19,8
frozen,22
1:44,1
1:43,17
msn,3
nois,10
mute,9
2:30,29
eol,19
beep,8
2:29,8
2:31,11
thaw,29
2:33,15
heater,13
2:41,37
2:38,15
withdraw,11
symptom,10
2:43,11
sweat,12
2:42,13
2:34,11
jealou,3
hot,55
arctic,11
breez,8
2:48,14
monitor,21
2:45,19
former,29
career,7
ghcf,4
transit,13
employ,12
resum,22
search,12
counsel,9
open,69
ex-employe,2
relief,2
account,52
request,17
mdpc,2
presbyterian,2
church,6
re-ent,2
workforc,6
friend,43
longer,13
overview,5
decemb,19
identifi,6
//careerservices.enron.com/,1
On,12
1,300,1
3,500,2
candid,3
collabor,1
urban,1
leagu,1
crisi,5
intervent,1
recoveri,12
dedic,6
mortgag,1
landlord,1
defer,1
monthli,7
interest,75
tax-deduct,1
713-268-6458,1
4550,1
oak,2
317,1
TX,6
77027,2
made,53
payabl,2
713-533-4598,1
1-800-493-4598,1
seven,2
humbl,1
bank,32
//www.eerfa.com,1
grant,17
eerfarequest,1
surfmk.com,1
non-memb,4
two-day,5
workshop,4
assess,3
discretionari,1
short-term,4
accept,37
holist,1
713-953-2550,1
ext,11
180,1
lazi,11
2:53,13
2:52,10
babi,79
2:54,4
true,27
2:55,3
whine,5
wait,115
silli,30
chocol,30
cold,54
3:10,31
3:07,36
cute,53
3:12,23
3:11,37
3:23,15
3:20,18
ignor,47
pattern,16
sell,33
hourli,4
2037,2
signal,7
scenario,2
recent,37
1/28,1
1950,1
better,153
diverg,1
minimum,9
target,11
1856,1
highest,1
410-308-0245,4
3:14,8
3:13,56
3:48,19
replay,7
drunken,7
3:47,9
figur,163
bcfd,21
temperatur,16
cool,18
bottom,10
anomali,7
wet,16
rain,18
snow,7
persist,3
cooler,2
middl,6
east,25
arriv,11
overnight,5
NO,3
storm,6
mon,18
tue,6
62,3
fall/earli,1
term,42
1-5,4
rocki,2
tonight,114
mercuri,1
dalla,43
mid-30,3
43,2
upper-40,2
freez,6
mid-20,2
progress,4
wednesday,803
philli,2
degre,6
easterli,2
moder,4
variabl,1
stormi,1
entrench,1
heavi,2
warm,7
toward,13
earli,74
western,6
widespread,1
surg,1
track,12
horizon,2
averag,9
drop,17
across,19
elev,8
bcf/d,2
plu,5
regim,2
11/18,2
47,4
11/19,2
54,3
11/20,2
67,2
wed,8
11/21,2
69,2
thu,11
11/22,2
65,9
11/23,2
11/24,2
61,1
11/25,2
11/26,2
11/27,2
63,3
till,2
dakota,2
mid-teens.bi,1
mid-40,1
shot,19
midwest/east,1
southeast,1
11/17,1
52,3
55,2
ON,5
IN,6
2:00,38
AT,3
6th,12
IT,5
IF,4
rangel,13
america,29
713-853-7257,1
voic,6
713-646-3604,1
3:50,10
bye,18
3:49,6
blackberri,104
3:52,3
3:51,3
someon,80
2/2/2002,12
2/1/2002,9
mainten,21
envis,4
filenet,4
panagon,4
idm,4
9:00:00,20
thur,37
1/31/2002,9
_________________________________________________________________,6
5:30:00,12
sql,4
corporate-wid,2
queri,7
R3,2
captur,2
ibuyit,2
ipayit,2
sap,4
invoic,11
vollmer,3
mari,6
713-853-3381,3
rye,2
gregori,3
713-345-3022,2
2/4/2002,1
7:30:00,8
11:30:00,7
2/3/2002,1
nahou-squfy04,1
05,229
estat,29
cluster,4
skinner,1
toni,6
713-345-9334,1
jordan,2
713-286-5308,1
warner,2
713-345-1756,1
eeshou-dbrg,1
w2k,1
tape,5
backup,17
nguyen,4
713-345-6137,1
repair,3
bad,93
reindex,1
frosti,9
snowman,5
.....,46
predic,1
pout,1
jack,7
frost,7
ass,32
4:03,5
miser,9
4:02,4
4:05,1
cftc-ng-11-19-01.doc,1
11-19-01,1
welcom,28
smith,28
agreement,35
4:22,2
.thank,2
4:17,3
FW,46
4:14,3
building~,3
themarkreport111901.pdf,3
privat,34
recipi,52
disclos,14
without,18
written,5
consent,4
indic,17
upon,9
liquid,8
negoti,3
mutual,3
satisfactori,3
credit,33
arrang,21
sheet,10
bind,14
enforc,17
ena,26
act,9
fiduciari,3
thereto,3
D.,8
713-853-6601,5
mark.smith,5
consid,23
appropri,15
recogn,9
difficult,6
everyth,65
insid,3
world,21
honest,1
feedback,5
uniqu,2
togeth,8
spirit,3
felt,12
improp,1
circumst,7
weigh,3
point,43
ultim,2
decid,43
all-enron,1
transpir,1
imprud,1
incur,4
expens,27
regret,2
merit,2
attempt,9
outstand,3
ken,25
lay,27
fair,19
hungov,1
4:26,2
12:45,27
readi,119
okay,65
12:46,13
perfect,59
sore,41
12:36,48
12:35,51
crazi,5
12:51,4
wont,29
anymor,51
hint-hint,12
12:43,13
hung,14
12:42,13
headach,17
creep,15
12:41,16
boss,47
12:37,24
treat,54
chri,108
scott,39
neal,27
kina,28
NG,55
propt,20
p/l,48
//trv.corp.enron.com/linkfromexcel.asp,28
report_cd=11,20
report_name=ng+-+propt+p/l,20
category_cd=5,48
category_name=financi,48
toc_hide=1,48
stv1=5,48
tv1exp=i,48
current_efct_date=11/19/2001,2
11/19/2001,2
report_cd=10,27
report_name=ng+-+price+p/l,27
yummi,2
wireless,103
handheld,99
www.blackberry.net,99
shirt,25
sir,86
97,2
daryl,10
dworkin,10
commod,37
alon,5
ention,3
traffic,8
02_1.jpg,2
02_2.jpg,2
02_3.jpg,2
02_4.jpg,2
02_5.jpg,2
02_6.jpg,2
02_7.jpg,2
10:10,42
brawner,2
sandra,19
F.,2
gloat,2
face,24
turret,6
nec,3
display,6
audio,3
avaya,5
stentophon,3
cnn,4
notic,83
guid,5
reduc,9
televis,2
coverag,3
consist,8
amtel,2
orient,32
occup,3
guidebook,1
handi,1
contain,33
printer,1
keyboard,1
procedur,10
intern,39
anti-glar,1
eye,41
strain,1
elimin,4
cover,18
speaker,6
An,10
allianc,2
MX,1
quick,7
refer,11
caller,3
voicemail,5
plasma,2
5th,27
equip,9
ipc,1
12401,1
801,1
headlin,3
12402,1
802,1
12403,1
803,1
cnbc,1
12404,1
804,1
msnbc,1
12405,1
805,1
bloomberg,7
12406,1
806,1
12407,1
807,1
12408,1
808,1
fox,5
12409,1
809,1
espn1,1
12410,1
810,1
cellular,4
virtual,7
multi-network,1
in-build,1
qualiti,3
campu,1
touch,12
multi,1
encrypt,1
intellectu,2
properti,23
eavesdropp,1
hacker,1
flexibl,1
plug,3
footprint,1
one-touch,1
extern,6
forum,1
suggest,15
enron.center.south.technolog,1
goofbal,18
11:15,13
11:19,13
11:17,39
heard,87
nowlan,1
gone,18
11:24,11
11:20,29
crap,79
pappadeaux,14
eat,58
piglet,15
11:36,20
went,75
peon,11
wig,11
guy,94
11:38,12
ill,42
11:40,18
salad,7
long,101
11:43,7
11:44,30
derek,9
fred,68
out-law,5
pick,37
til,22
done,42
11:47,17
porch,11
11:45,45
mention,10
instead,9
drag,6
12:19,7
12:08,17
12:23,3
cook,20
scoop,1
k,16
11:49,19
cna't,27
flight,34
afganistan,4
airport,21
pakistan,20
2028.00,4
pay,20
obvious,6
prefer,8
jackass,5
tour,2
buy,42
donkey,3
commut,3
turkey,22
pack,30
dummi,19
12:55,35
tree,39
rockefel,10
psych,10
12:54,61
12:56,32
12:58,30
dad,31
teach,7
mad,52
fault,12
forget,61
enjoy,11
ring,6
winckowski,1
octob,704
4:16,1
cubicl,1
hurdles.mpeg,1
hallway,1
races.mpeg,1
rowing.mpeg,1
1:00,28
isnt,4
17th,7
1:06,22
3rd,8
miss,112
hey,45
2:22,13
2:04,47
heath,7
smoke,32
howcom,6
yellow,7
offici,14
22nd,4
23rd,1
reopen,1
7:00,11
p.m,10
11-20-01,1
street,31
5:30,3
elpaso,7
corpor,31
andi,31
jeffrey,1
sprecher,1
jeffrey.sprech,1
intcx.com,1
4:54,1
zipper,22
offend,1
pull,6
found,28
knock,3
repeat,4
best,48
veronica,6
espinoza,6
x6-6002,6
revis,10
11/19/01,1
yuma,1
column,1
personnel,12
insur,5
R.,9
x5-3923,3
vanek,3
x3-1436,3
stuff,61
3:16,52
everybodi,5
3:25,1
3:21,29
charli,52
color,2
3:40,1
3:28,14
3:24,16
stole,1
ago,23
teas,11
10:21,40
hurri,1
10:34,16
9:35,1
8:27,2
4:23,1
3:59,3
-105,3
-111,1
Re,8
sort,1
chew,1
gum,1
10:29,50
2:17,2
2:15,9
11:29,3
10:48,3
10:46,2
10:43,5
10:42,21
10:41,7
ofcours,19
10:40,8
10:19,20
10:23,73
bit,10
10:22,44
10:18,12
peppermint,10
10:15,25
10:12,10
fast,12
10:07,42
mouth,25
10:03,11
9:57,41
9:51,63
10:02,8
10:01,21
9:55,16
9:52,13
9:36,11
joke,18
9:20,19
appar,4
babbl,26
9:33,14
9:29,25
w/alcohol,3
9:26,36
alcohol,4
9:24,14
9:23,5
9:22,6
patch,16
9:18,12
9:17,23
wasnt,55
9:16,26
engag,15
9:13,19
cough,2
9:19,9
stupid,4
damn,52
9:14,8
hmmm,9
9:11,51
werent,46
exactli,15
innoc,11
9:09,10
kori,29
9:07,18
heck,13
9:03,13
bed,35
8:54,7
8:56,2
8:52,18
8:51,10
8:50,22
8:49,21
8:48,9
8:46,24
7pm,11
movi,11
9.,11
outlaw,12
8:44,11
anyth,194
8:43,31
backward,17
8:41,14
terribl,14
8:40,21
8:39,22
current_efct_date=11/20/2001,2
11/20/2001,2
2-6-02,2
11/21/01,1
nevermind,4
snooz,3
behavior,6
michelle.nelson,1
mike.maggi,24
nov,1
08:00:39,1
Um,9
8:15,3
8:13,3
8:19,1
w/sarah,2
cheer,17
9:02,10
9:05,18
9:04,9
9:12,8
wrote,18
rumor,24
9:10,26
sing,75
song,31
mood,31
eve,28
christma,16
dumb,12
laugh,41
9:38,13
9:30,43
kind,51
9:43,10
incred,20
marci,3
patti,4
stepper,4
9:46,4
lawyer,9
wade,72
irrit,9
in-law,14
disappear,18
cri,9
10:13,25
10:11,8
italian,17
10:16,12
jersey,6
soprono,6
10:14,12
retard,3
somebodi,14
meal,2
tighten,3
9:54,48
smell,9
fire,14
brain,10
mom,28
side,11
grandfath,3
hi,111
mafia,5
10:17,6
ill.,5
11:12,30
10:30,58
maryland,11
virginia,11
10:47,10
disgust,3
shouldnt,4
lap,4
extra,8
11:18,24
11:21,26
11:23,12
fink,19
maker,3
11:33,26
impress,6
11:35,12
puff,2
break,4
goal,11
hmm,17
plenti,4
12:03,6
perfectli,7
glad,62
hear,70
sister,9
dell,4
austin,3
12:01,5
11:59,12
handl,11
spend,8
cloth,12
dress,2
ax,2
12:14,19
god,9
12:20,6
gross,7
ami,14
ear,4
hand,15
kidnap,5
12:21,4
deli,2
12:22,17
tempt,1
downstair,4
hotel,6
almost,16
concret,1
baracad,1
please-53847,1
whoopi,3
1:04,15
woman,3
polit,8
1:12,25
drug,6
portland,9
onboard,1
payrol,5
process,31
HR,10
bcf,4
....,41
fact,52
plane,7
inject,1
+10,1
3.132,1
tcf,1
484,1
313,1
1:49,22
1:48,24
1:50,17
sad,16
conro,8
11-21-01,2
aga.doc,9
0,7
-1,1
w/o,10
44,2
+25,1
-94,1
1:52,29
1:51,7
toy,9
gave,18
gift,15
stack,16
diamond,8
dl-netco,4
mandola,9
teresa,9
mcquad,8
daniel,6
2:58,2
Cc,23
forster,5
david,27
correctli,5
nativ,4
repli,30
correspond,3
x39673,3
x39807,3
x53614,3
2:01,37
1:58,28
beg,1
2:03,66
bum,8
2:02,68
bet,11
2:14,35
2:09,60
2:05,28
a020502.pdf,2
01_1.jpg,1
01_2.jpg,1
01_3.jpg,1
01_4.jpg,1
01_5.jpg,1
01_6.jpg,1
01_7.jpg,1
1-31-02,1
api012902.pdf,2
fat,10
healthi,4
habit,4
calori,4
five,9
bodyshop,3
cooki,3
sugar,2
weekli,7
massag,3
10:28,67
dear,5
ole,4
object,13
clip,5
galleri,1
tip,6
5-minut,1
recharg,1
batteri,1
relax,2
comfort,1
slowli,2
deep,3
breath,2
inhal,1
nose,1
exhal,1
focu,11
beauti,1
scene,2
moment,4
occas,1
mini-break,1
focus,11
collect,10
fool,4
myriad,1
concentr,3
fatti,1
counterpart,3
calor,1
intak,1
shopper,1
content,16
workout,33
apparel,1
badg,11
check-in,4
congrat,1
pete,8
prelli,1
-winner,1
kenneth,2
mathi,1
winner,3
9:15,4
g013002.pdf,2
8:07,1
write,5
8:01,1
ray,4
postpon,5
confer,14
media,14
reschedul,3
listen,6
//www.corporate-ir.net/ireye/ir_site.zhtml,2
ticker=en,2
script=2400,2
item_,1
7:52,4
7:47,3
7:42,1
nervou,5
preoccupi,1
hole,26
heaven,2
lost,17
compliment,13
head,10
stay,92
ahhh,1
current_efct_date=11/21/2001,2
11/21/2001,6
11/25/2001,18
11/22/2001,14
11/24/2001,11
layout,18
11/23/2001,6
disklayout,6
dolan,6
michael713-345-3251,6
malcolm713-345-3716,6
enpow,5
dev,6
equiti,26
siebel,3
06:00,3
04:00,3
4:00,12
00:00,3
4:30:00,7
backed-up,2
cei,2
estrem,2
reloc,3
affair,3
om,2
yantra,2
rm,3
ecm,2
10:30:00,4
6:30:00,8
8:30:00,9
12:30:00,3
eeshou-fs2,1
713-562-4247,1
roder,3
H,13
gerlach,3
713-345-3077,3
hugh,1
713-345-8809,1
tom,8
novark,1
713-345-4962,1
nahou-msmbx01p,1
02p,1
nahou-msdog01v,1
hotfix,4
exifs.si,1
lin,1
713-345-1619,1
11/26/2001,11
pwrprod1,1
re-org,2
berger,1
713-345-3190,1
281-960-5571,1
oracl,1
dba,1
n/a,6
888-993-3793,1
charl,1
brewer,1
713-345-4868,1
281-960-7066,1
tantra,1
invedi,1
713-853-4304,1
281-960-7184,1
croaker,1
erp/trv,1
etalk,1
itop,1
izzi,1
webmod,1
remedi,1
test/dev,2
salmon,1
dcaf-2,1
eim,13
mkm,1
pep,2
charon,1
opm,1
enlighten,2
ram,11
ferrari,1
power-exot,1
astral,1
dcaf3,1
phoenix,3
oltp,1
titania,1
td,10
-trader,10
327-6032,10
match,8
vip,3
clickathom,2
suspend,6
honor,5
discontinu,3
subsid,4
unpreced,1
adapt,3
suspens,2
subscrib,3
switch,13
regular,4
commerci,7
rate,46
incent,4
indefinit,1
charit,2
submiss,1
son,2
women,9
shoe,3
fgo,1
NY,20
lsat,7
bare,3
studi,6
altern,7
........,2
hush,39
8:30,19
8:29,19
brush,16
teeth,20
8:33,22
toothpast,38
8:31,17
8:35,19
8:34,16
8:36,3
8:37,31
8:38,11
honestli,8
crown,9
aga012502.pdf,2
8:42,5
everyon,43
fine,14
goodby,12
mr.,86
depress,47
mess,6
needl,7
drove,13
fix,21
9:34,23
arent,5
9:31,5
foil,5
curiou,9
9:27,32
9:37,20
screw,2
besid,7
8:57,4
9:58,34
explan,53
10:06,34
9:59,27
10:08,40
10:09,34
co-work,3
10:24,92
10:20,49
orthodontist,11
closenc.pdf,4
-110,2
-109,1
-145,1
-60,1
-128,3
10:26,34
10:25,67
serious,17
10:27,50
hire,25
worth,29
10:32,21
10:35,24
promis,40
patrick,7
dave,9
hotmail.com,12
kammer,4
elpaso.com,4
vanderbilt,2
davi,6
moving.com,2
anthoni,4
loyola.edu,2
kenni,2
aol.com,6
pat,2
ryan,4
o'reilli,2
'duffi,2
'dunn,2
HA,2
pic00041.jpg,2
transmiss,9
mkammer,1
tradespark.com,1
'gmorgan,1
gmorgan,1
natsource.com,1
'john,1
john.knock,1
faist,1
mark.faist,1
matt,12
cuocci,8
mattc,8
elitebrokers.net,9
1:33,10
conlon,1
hultman,1
eric,10
maguir,1
philip,1
corio,1
mcgee,1
sorkin,2
elliot,1
goldwir,1
hal,1
dunlap,1
pizzuti,1
mcgowan,1
hadwin,1
stewart,1
montgomeri,2
ben,1
trenton,1
carlitz,1
marsden,1
jon,5
windsor,1
moor,4
mclean,1
digor,1
booger,1
gozycki,1
chill,1
'daniel,1
dathan,1
J.,3
hartl,1
digior,1
gloid,1
jharris3,1
jimmi,1
clausman,1
luckysul,1
sofia,1
nick,1
carrillo,1
packi,1
o'day,1
feeley,1
flanneri,1
raszkler,1
boyl,1
salata,1
schrubb,1
scotti,1
sheist,1
Fw,14
thoma,10
toreilli,1
interpublic.com,1
'anderson,1
danderson,1
minolta.com,1
'bellomo,1
chrissi,3
cbellomo,1
nb.com,1
'dolan,1
thomas.dolan,1
jwt.com,1
'doyl,1
kevin.doyl,1
gehfs.com,1
jack.duffi,1
xo.com,1
elizabeth,1
elizabeth.dunn,1
nautica.com,1
edward,4
edward.dunn,1
cna.com,1
'farrel,1
patfarrel,1
'gallagh,1
briangallagher1,1
'kelleh,1
diarmuid,1
dkelleh,1
bear.com,1
'kelli,1
sean,2
seantkelly7,1
'mccarthi,1
brendan,1
brendan.m.mccarthi,1
gs.com,3
o'brien,1
hotmail,1
mobrien94,1
terri,1
terry.oreilli,1
qwest.com,1
'rella,1
keith,1
keith_rella,1
yahoo.com,3
1:41,1
anybodi,4
copyright,22
tradespark,1
error-fre,2
liabil,5
omiss,2
aris,5
verif,3
hard-copi,2
although,13
routin,4
absenc,3
regulatori,8
complianc,8
//www.tradespark.com/full-disclaimer.html,1
10:37,10
10:50,7
errand,1
10:55,9
annoy,5
1:27,77
1:38,2
1:30,64
1:53,4
mmmm,5
2:18,1
2:12,30
explain,3
worst,3
3:33,2
12:47,3
carolyn,2
stare,93
1:45,15
8:22,1
8:09,1
8:03,1
7:56,4
afraid,1
3:37,1
corp.,82
foster,4
he',1
loc,1
13,6
7:02,2
foster.smith,3
2:13,26
tim,8
bourn,2
relev,16
privileg,14
materi,19
review,27
strictli,13
author,17
enron.messaging.administr,14
hereto,11
evid,12
reli,11
basi,16
estoppel,11
g020502.pdf,2
mcmahon,2
bowen,2
11:00am,1
onto,1
've,51
merger,7
Q,9
//home.enron.com/updates/mergerqa.html,1
dynegi,7
immigr,1
statu,8
tune,3
Or,4
tie,5
cliff,3
baxter,1
inspir,2
lieu,1
flower,2
cancer,5
societi,3
6301,1
richmond,1
ave.,1
77057,1
1-800-227-2345,1
junior,6
achiev,5
2115,1
circl,2
77092,1
682-4500,1
held,19
hometown,1
throw,10
towel,1
realiti,2
bite,2
flat,4
weakest,1
reassert,1
bear,8
medium,3
sometim,3
14.00,3
damper,1
weaker,1
dampen,2
econom,8
-124,2
1-30-02,2
arthur,4
gonzalez,1
bankruptci,7
judg,5
southern,2
district,1
herebi,2
court,3
debtors-in-possess,1
jointli,1
administ,1
chapter,2
proceed,6
preserv,4
refrain,1
destroy,6
dispos,3
violat,6
consequ,6
compli,5
fulli,5
g012902.pdf,2
stand,44
away,54
cafeteria,46
poor,31
3:27,9
nightmar,3
cranki,11
joey,6
k.,9
smiley,9
1:34,23
privledg,14
1:22,45
1:20,29
excus,18
stood,19
enterag,17
broken,17
1:14,27
32nd,19
1:09,26
1:01,30
ub,55
eap,5
onsit,3
counselor,8
eb32c2,2
appoint,7
innov,2
facilit,3
9:00,9
3:30,34
4:30,6
advanc,8
registr,12
conveni,7
hotlin,1
varieti,3
neighborhood,2
speak,9
713-853-6057,1
24-hour,1
1-800-345-1391,1
brochur,3
kitchen,2
www.stress.org,1
institut,3
www.wellnessjunction.com,1
trend,4
29,40
11:27,29
superbowl,9
bid,8
1300/,1
sec,5
122,1
row,2
reader,3
781-830-9199,1
chief,16
restructur,6
netco,4
resign,14
ahead,5
committe,13
interim,3
ceo,6
warburg,10
greg,4
undoubtedli,1
structur,15
regroup,1
rebuild,3
creditor,9
retain,9
valu,47
viabl,3
stephen,8
zolfo,1
reorgan,4
comprehens,2
emerg,10
wholesal,17
prepar,13
whalley,3
coo,2
role,13
everyday,3
coupl,4
constant,1
scrutini,2
devis,1
strategi,8
releas,13
//www.enron.com/corp/pressroom/releases/2002/ene/012902release.html,1
pic25996.pcx,2
-142,1
-242,1
-78,1
2405,1
1801,1
+1036,1
+604,1
1-29-02,1
g012802.pdf,2
lavorato,6
06980,3
kim,19
x30681,1
goofi,1
PA,17
onlin,25
eta,8
timelin,2
packet,20
volount,2
frequent,6
www.ubswenergy.com,2
feb.,7
hart-scott-rodino,1
shift,2
jan,24
28,8
originators/trad,1
faq,2
counterparti,12
checklist,1
letter,52
pa/registr,1
redirect,2
www.enrononline.com,2
pend,7
admin,2
sub,2
approx,2
3,000,3
450,2
packag,6
simpl,3
determin,9
gtc,4
trading/origin,2
initi,24
previous,6
assign,10
trader/origin,1
ubswenergi,6
marketing-specif,2
shult,3
30397,3
31861,3
39807,2
53614,2
39673,2
pictur,21
metafil,6
nymexweeklystats.xl,4
martin,9
mercantil,4
avenu,10
10282,9
299,2
2337,2
301,2
4570,2
e,9
tmartin,2
nymex.com,5
cftc-ng-1-28-02.doc,1
bullish,4
stubborn,1
facad,1
mount,1
cap,2
leason,1
fo,1
equat,1
bull,2
trap,2
real,15
depreci,1
sens,6
amiss,1
technic,8
decidedli,1
neutral,3
petrologist,1
657,000,1
b/d,1
quota,3
bandi,1
relationship,2
mid/high,1
cftc-ng-1-22-02.doc,1
02_8.jpg,1
1-28-02,1
fyi,5
energy012702.doc,1
quarantin,6
853,6
mailsweep,3
jphnell,1
garmany.com,1
02:21:56,1
+0000,1
scenarios/incoming/inbound,36
exe,3
catcher,36
filenam,3
mask,3
detect,3
'sulfnbk.ex,1
business-rel,3
inbox,6
scan,12
viru,7
suspect,3
malici,3
1411,3
european,6
0044,3
207,3
78,3
36777,3
9797,3
345,7
4745,3
402,4
398,3
7454,3
omaha,5
DO,8
1/25/2002,7
1/24/2002,3
1/27/2002,3
1/28/2002,1
palo,1
02,19
cabl,5
nilson,1
busto,1
55-11-5503-1347,1
1:45:00,2
2:45:00,1
11:45:00,3
12:45:00,1
7:45:00,2
8:45:00,2
NA,1
brennan,2
713-853-4545,2
7138536744,1
brook,1
713-345-8077,1
pic17279.pcx,2
-113,1
-227,1
1996,1
-75,1
1997,3
2294,1
1654,1
+1053,1
+640,1
rigs012502.pdf,2
assembl,2
subpoena,1
congress,4
justic,2
3-6239,1
g012502.pdf,2
investig,10
fbi,4
feder,12
bureau,3
o012502.pdf,2
transfer,16
mile,11
onepass,5
earn,15
bonu,4
10,000,2
mileag,2
exampl,10
40,000,1
120,000,1
promo,1
redeem,4
continent,6
1-800-346-6090,1
20006,1
1-800-axp-earn.top,1
regboxtop.gif,1
regboxbottom.gif,1
1-25-02,1
g012402.pdf,2
opportuinit,1
inv,1
smtp,15
04,469
2:08,19
'mmaggi,5
enron.com',5
i'v,5
accross,11
messagelab,4
//www.messagelabs.com/stats.asp,4
1400,4
713-646-3239,3
mother,4
maiden,3
birth,3
dutch,15
quigley,11
ubswenergy.com,5
tami,3
shortli,5
713-853-7204,1
281-937-9840,1
713-304-4479,1
michael.maggi,1
usbwenergy.com,1
bevilaqua,1
5-2-66,1
henri,10
713-853-9216,3
713-533-0882,1
713-301-2530,1
dutch.quigley,1
gress,1
5-28-73,1
713-853-6247,1
713-527-8743,1
713-569-6435,1
john.griffith,3
simmer,1
2/15/65,1
pl,1
school/colleg,1
section,2
college/not,1
working/,1
karen,2
buckley,2
05845,1
heff,4
'select,33
dlevin,2
greenwoodking.com,2
07:50:56,1
-0600,2
homeshow,2
debbi,3
levin,3
'htmlshow.ex,2
golf,21
8:47,1
3:09,30
07:40:29,1
heavili,2
stick,7
react,6
bearishli,1
distil,2
export,3
tradit,6
Q1,2
ralli,3
usual,3
combin,4
flow,6
fight,7
currenc,6
slick,14
9:50,16
9:45,23
9:44,27
9:39,36
9:32,50
9:53,4
9:49,13
9:48,10
duh,13
9:41,21
9:40,16
Ok,19
piss,23
reali,24
ugli,24
lame,27
simul,30
mid/back-offic,4
staff,15
restrict,13
legal,22
profil,4
anticip,8
enron/ub,1
0900,1
1100,1
setup,2
demonstr,1
role-play,1
back-offic,1
profit,10
trade-data,1
handout,1
re-launch,1
appreci,9
713.853.1861,1
david.forst,1
energy020302.doc,1
couch,6
9:08,2
kitti,4
awak,2
88,2
sneez,2
vet,2
lion,2
embarress,2
current_efct_date=11/26/2001,4
4th,6
quarter,19
tubbi,4
tortur,2
bath,2
bother,2
motiv,4
soccer,2
8:14,2
left,12
1or2,2
took,2
singl,3
alot,15
ive,17
nut,10
11-26-01,2
cave,14
osama,6
padron,4
brad,7
omar,4
cheez-it,4
patrol,4
gfi,4
thomas.padron,2
gfinet.com,3
2:19,2
larri,8
stalford,2
robert.stalford,2
banki,2
doyl,2
drew,2
wood,6
zeigfing,2
stevenson,2
bin,2
laden,2
8:17,2
cavem,2
poster,2
cat,2
hilari,3
jihad,2
frankli,4
cruis,2
missil,4
scorpion,2
stung,2
neither,5
sweep,2
main,8
i'm,2
earth,2
razor,2
scooter,2
background,5
touchi,2
edict,2
shave,8
beard,2
hygien,2
mealtim,2
fourth,4
bought,5
clearli,4
shelf,2
gone.consider,2
soldier,2
disguis,2
infiltr,2
rank,2
muham,2
abdul,2
akbar,2
gfinet,2
reproduc,2
retransmit,2
errol,18
asleep,14
8:59,10
sleep,22
shitti,12
bday,46
9:06,9
spoil,8
thunderstorm,2
dork,1
skip,14
punish,1
oppos,12
10:31,6
rode,3
bu,10
enorm,5
withyour,2
10:44,1
couldnt,6
resist,4
fang,11
tear,10
10:49,6
11:10,32
figurin,15
gout,15
sheetal,15
patel,8
713-853-6740,3
713-408-6443,3
mountain,4
hello,4
bluemountain.com,2
//www7.bluemountain.com/cards/boxg227542p2/6fccgx43xv466r.html,2
90,6
________________________________________________________________________,2
//www.bluemountain.com/home/websiterules.html,2
//www.bluemountain.com,2
sleet,13
11:28,9
hurt,6
11:32,8
3:00,24
.............................,1
'M,4
yuck,1
shovel,3
throat,3
11:05,43
drown,1
sorrow,1
10:56,11
bulletin,2
bug,18
wan,6
na,6
1:32,29
town,9
1:37,7
1:36,5
black,15
lab,11
lauer,3
kara,5
sharma,1
shifali,1
shawn,1
broussard,1
vitali,1
lisa,8
carpool,1
banner,1
ladi,6
await,3
velasco,1
campbel,2
meredith,2
schultea,1
adrian,2
713-706-2929,1
heintzelman,1
713-345-7024,1
713-553-4353,1
lucki,3
red,11
2:07,36
murphi,7
z69945,6
steve.murphi,4
pinnaclewest.com,4
75,6
fortun,1
tee,7
boat,2
canyon,2
lake,5
wild,3
sight,7
rainbow,4
forti,2
feet,2
saguaro,2
cactu,2
lock,6
folk,2
percentag,2
natgas/pow,2
7:40,2
5:50,3
clcot012502.pdf,2
ngcot012502.pdf,2
interview,10
levi,2
alleg,1
destruct,3
encourag,9
swidler,1
berlin,1
shereff,1
friedman,1
matter,15
attorney,3
ned,2
cradi,1
3-4558,1
washington,16
d.c.,2
202-295-8414,1
multipl,3
inquiri,4
attent,5
stakehold,2
begun,5
specialist,4
truli,5
wit,1
tremend,5
rigor,1
grow,8
safest,1
becam,4
passion,1
observ,6
creativ,1
enrononlin,24
tirelessli,1
fellow,1
regardless,2
accomplish,2
split,4
divid,4
alpha-ord,3
10am-1pm,1
2pm-5pm,1
valuabl,4
driver,3
licens,2
10am,4
A-,3
2pm,5
l-z,3
junip,1
java,2
ground,25
8:45am-9am,1
12:45pm-1pm,1
copier,4
bankrupt,2
non-bankrupt,2
leas,6
rent,2
harri,4
grubb,2
713-853-5417,2
harry.grubb,2
paula,2
corey,3
713-853-9948,1
paula.corey,1
esop,3
otc,4
401,2
nyse,5
counter,1
began,7
urg,3
elect,4
report-,1
gasp,1
ubs/enron,1
pleasur,1
humor,1
commentari,4
hedg,16
phrase,1
outa-her,1
1-23-02,1
greenwood,1
king,9
713.524.0888,1
713.942.6857,1
713.870.4645,1
-129,2
-130,1
-87,2
-90,2
-137,1
knowledg,3
resolv,3
8.30am,1
9.30am,1
9.30,1
approxim,5
1pm,2
9am,1
sandwich,1
afterward,1
suffici,1
grand,5
ballroom,5
schopp,1
litig,5
imposs,1
manner,2
eager,4
all-employe,4
hyatt,5
regenc,4
frenzi,1
certainli,2
surround,1
privaci,2
logist,1
organiz,3
memo,2
2:47,2
2:16,14
2:06,59
haircut,38
hair,5
cp,7
mind,27
shoot,12
//energycommerce.house.gov/107/news/layletter.pdf,1
chees,87
youll,26
1:26,47
1:29,24
1:28,26
ooohhh,17
1:25,20
11:46,25
prove,30
dream,34
2:50,2
1:24,10
blond,4
ta,6
unlead,3
local,22
advisori,6
april,8
212-841-3333,1
recommend,3
ratif,1
harm,2
marketplac,1
particularli,5
transpar,2
cross,2
cell-713-569-4684,1
home-713-571-6004,1
jligum,1
houston.rr.com,3
10:45.,1
garag,23
tire,7
corner,2
9:42,1
FI,2
jon.b.davi,1
ssmb.com,2
domest,2
zero,2
balanc,5
reinstat,3
enron/american,1
paid,6
accru,2
1-800-the-card,1
843-2273,1
cardmemb,1
redempt,1
1-800-297-3276,1
traci,3
ramsey,1
853-6457,1
midtown,1
ligum,4
jeb,4
wire,6
arnold,27
gym,1
dink,7
12:13,8
lavo,8
12:07,8
nrf,1
nicer,1
10:36,3
mission,7
mcdonald,2
10:33,5
1030.,3
10:05,5
713-345-8091,8
45,7
lack,6
resembl,2
turnaround,3
glanc,1
higher,7
stage,4
revers,2
nervous,2
spread-wis,1
mildli,1
oversea,1
-50,1
barrel,2
premium,3
squeez,3
overhang,2
padd,1
player,8
angl,1
case,17
reaction,1
decent,2
gas/heat,2
awar,6
ann,3
labb,1
5-7809,1
fallon,2
delainey,1
drank,1
tea,1
2:25,1
wine,3
2:10,35
nake,5
1:56,3
1:16,14
1:15,8
11:50,13
grandpa,3
grouch,3
diappoint,6
sweater,6
t-shirt,11
grouchi,1
dodg,1
accus,29
canari,1
mustang,1
SO,2
atleast,2
11:25,4
10:38,9
flake,10
06,65
4:30.,1
sleeper,8
-132,1
-133,1
-131,1
-175,1
-79,1
-103,2
champion,3
sweetwat,3
ayer,2
cayer,2
cmsenergy.com,2
titleist,2
975j,2
toast,2
cahon,2
oprah,1
criteria,2
quotat,2
over-the-count,1
symbol,2
enrnq,1
delist,1
appeal,2
www.nyse.com,1
1.00,1
consecut,1
trading-day,1
pink,1
-190,1
luther,2
labor,3
septemb,5
introduc,4
conferenc,1
Mt,1
calgari,8
111,2
lane,3
680-2626,1
lone,1
fitzpatrick,1
x52729,1
clyatt,1
x33256,1
komp,6
horticultur,3
sticker,4
tax,7
49,1
chosen,7
16th,1
guidelin,2
desk-top,1
pot,3
plastic,4
chrome,1
bronz,1
clay,8
pick-up,1
inspect,1
assur,6
premis,2
payment,9
hensch,1
35522,1
345-2402,1
ect.enron.com,4
ei.enron.com,3
ees.enron.com,2
firstname.lastnam,7
domain,6
decommiss,5
omin,1
weak,1
eros,1
vulner,3
laid,1
groundwork,1
sharp,2
gann,1
19.70,1
17.20,1
acceler,2
Q2,2
abund,1
sustain,3
taken,11
finsih,1
day',1
netcoonlin,10
sub-us,2
refresh,1
timet,1
sequenc,1
format,12
jan.,4
boudreau,1
30570,1
signatur,2
signatori,1
supersed,2
paintbrush,1
1/11/2002,5
randi,3
lord,3
713.345.7707,2
1/13/2002,1
back-up,1
chiller,1
AC,1
10:45,1
crac,1
shut,2
handler,1
belt,1
filter,2
drain,1
taxabl,2
incom,6
ecn,18
306,2
exclud,2
taxat,1
imput,1
subsidi,2
100.00,3
65.00,1
35.00,1
LV,20
nonstop,20
miles-,20
AR,20
denver,23
journey,20
araneda,8
connoisseur,8
houston/intcon,10
861,10
BY,11
express/awa,10
equip-ba146,10
126,10
aspen,10
:45,10
202,6
travel\,1
ctltd.com,5
itinerari,2
arnold/john,5
inc,11
1121,7
itin,7
5114,7
dtc22,7
1277,7
equip-bo,7
757,7
720a,7
841a,7
2:21,8
seat-23c,5
5653,7
940a,7
1025a,7
seat-14c,2
5662,3
320p,3
405p,3
seat-,3
8C,2
716,3
equip-airbu,3
a319,3
635p,3
946p,3
2:11,21
0167204376009,2
fare,4
refund,2
1325,3
NW,4
1010,3
DC,4
20005,3
628-0011,3
638-4197-fax,3
maggi/michael,2
seat-23a,2
seat-14a,1
8A,1
non-refund,1
0167204376005,1
allen,20
unreserv,3
31st,2
99,3
215,2
225,2
165,2
175,2
met,11
paycheck,2
37060,1
36399,1
katz,1
59322,1
casella,7
int,2
stephenc,2
manfinancial.com,2
5:18,3
5:16,1
rich,4
eb,13
europ,9
dimichel,1
broadband,8
maxim,9
gari,2
hickerson,1
egm,5
rodney,1
shaw,1
kyle,2
kitagawa,1
lanc,5
schuler,3
barri,2
pearc,1
gort,1
rac,3
kent,1
castleman,1
shanna,1
funkhous,1
MS,1
chart,7
2.0,2
tier,16
hub,14
2,000,6
NN,5
2,500,7
outright,4
2,750,3
3,375,3
2,200,3
2,700,3
leg,3
275,3
237,3
1st,6
2nd,7
7th,19
12th,2
1,500,3
1,650,2
2,025,2
13th,3
reduct,1
02-14,1
09,1
collin,1
jr.,7
divis,7
3,850,1
4,725,1
3,300,1
4,050,1
equal,2
2,500-,1
1,100,1
1,350,1
inter-month,1
550,5
675,1
110,2
135,3
inter-commod,1
mccoy,1
299-2928,1
joe,6
sanguedolc,1
299-2855,1
rest,9
pleasant,1
colleagu,7
donut,1
8:00,11
lobbi,2
-169,2
-170,1
-220,1
-125,1
-167,2
downsid,1
228,1
2005,1
2040,1
23+,1
early-mid,1
shrunk,1
wedneseday,1
sagel,4
msagel,5
home.com,6
08,15
16-17,2
psytech,2
G.,2
A.,4
kaminski,1
vinc,3
J,9
bennett,2
shive,2
hunter,3
villarr,1
alex,3
hilli,1
hogan,1
irena,1
tamara,2
jae,2
vuittonet,3
shore,1
geraldin,1
9th,20
conduct,4
ecs-06980,1
speaker/teach,1
.......,1
10:04,3
reliant,4
mckay,4
describ,7
movement,3
feb/mar,2
apart,5
lent,2
mightili,1
jan/feb,1
hors,1
down-hom,1
metaphor,1
justif,1
c,6
urv,1
dec/dec,1
+12,1
brent,4
bleed,1
07,248
1:57,43
refus,26
2:49,3
2:40,9
disagre,6
2:32,7
ypu,9
insight,18
1:54,26
suck,16
wife,12
bitch,12
psycho,13
mtm,15
shape,16
pound,17
barnabi,16
people~,20
jar,14
pebbl,12
sand,10
com,4
student,8
pour,5
hous,47
small,8
o~xxxxxxx,4
xxxxxxx~o,4
2:35,1
alan,4
alacartesw,1
aol,12
artis_rebinov,1
aigi,1
askiba,1
geoquest,1
slb,1
beth,1
cuocci-horan,1
blair,2
germano,2
chuck,1
mcfadden,1
shaul,1
derosa,2
davecrumbaugh,1
andon,1
eaton,1
farrac,2
flemer,2
gerardo,1
ruiz,1
johnel,1
garmani,1
JT,2
katrina,2
palandri,2
lito,1
loui,9
mastro,1
masek,1
mcginn,3
mckenna,1
bachman,3
popkin,2
gibb,1
rafael,1
oconnor,2
shawna,2
sirchio,2
spagnoli,2
sonni,1
strubl,2
varma,2
philosophi,2
wordlessli,2
empti,2
mayonnais,2
diamet,2
shook,2
lightli,2
Of,2
smaller,3
scale,2
repres,12
first-th,2
prioriti,5
purs,2
coin,2
shine,2
pane,2
heart,6
irish,2
bless,2
friendship,2
bracelet,2
OK,6
..................,2
person~,2
10:39,2
doesnt,14
stuck,2
interst,1
argument,1
Ed,9
re-establish,9
mcmichael,7
ditto,2
closur,2
4:04,2
'brian.manoli,2
americas.bnpparibas.com',2
mktg,2
desir,4
w,2
713-853-7657,2
713-582-8379,2
meet021102.doc,2
prevail,2
1012,2
2:39,3
2:36,4
2:28,4
2:27,6
supris,5
2:23,5
impati,9
louis,15
urgent,13
5-8091,1
2:37,1
1/4/2002,1
18.00,3
domin,2
pic05882.pcx,2
tough,2
mire,1
somewhat,6
counterbalanc,1
widen,1
iran/iraq,1
elig,2
coldest,1
doubt,1
cheat,2
shoulder,1
necklin,1
thew,1
inevit,2
difficulti,1
20.00,1
17.25,1
6.00,1
shorter,1
upsid,1
constel,1
dominion,1
morgan,3
stanley,1
goldman,1
sempra,1
allegheni,2
grief,4
3.,9
dog,9
1:21,9
shadow,1
hawk,2
memeb,1
greatli,1
ball,7
1:17,7
surgeri,7
w/you,1
wow,10
hunt,2
tore,3
bicep,3
2-5-02,1
awesom,3
ubsw,10
3-1411,3
1:39,1
ate,1
tha,5
huh,8
1:05,14
justr,10
wherev,10
distract,1
machin,4
silver,2
jeep,1
cheroke,1
bullet,1
ruin,7
10am-12,2
2pm-,2
neil,1
fullenweid,3
624-4123,1
jonda,1
stowel,1
assistantto,1
donn,1
C.,3
4265,1
felip,1
624-4100,1
624-4141,1
facsimil,1
jl,1
fullenweider.com,1
petro052301.doc.pdf,2
cqg,3
goto,3
deploy,5
x31411,1
technician,1
275.,1
auto,1
tab,2
......,3
yyyymmddnn.zip,1
//trv.dev.corp.enron.com/linkfromexcel.asp,20
current_efct_date=05/22/2001,3
05/22/2001,3
current_efct_date=05/23/2001,1
05/23/2001,1
GD,1
opt,1
report_cd=12,1
report_name=gd+-+opt+p/l,1
7:49,18
hubl,479
bail,13
patriot,4
kept,6
thouht,5
possess,8
11:26,6
orlean,7
bunch,7
threw,7
slept,8
footbal,10
stripe,8
11:22,25
tast,4
8:28,6
comeback,20
hint,22
12:10,6
12:09,4
12:11,1
4:10,11
K.,32
853-4384,33
877,33
482-0772,33
646-8453,33
4:35,3
4:37,2
4:36,2
aga052301.pdf,2
g052301.pdf,2
g052401.pdf,2
8:02,1
7:55,3
12:31,1
12:25,2
upstair,14
hook,3
oberg,1
plausibl,1
apolog,2
inconveni,1
strip52501.pdf,2
+112,3
+144,1
+77,1
+56,4
clcot052901.pdf,2
ngcot052901.pdf,2
g052501.pdf,2
g052901.pdf,2
options052401.pdf,2
rigs052501.pdf,2
+118,1
pic04691.pcx,2
pic04710.pcx,2
+83,1
+120,1
1994,4
1182,1
1284,1
-36,1
-102,1
petro052901.pdf,2
millionth,2
june,133
5-,2
grasshopp,2
506,2
prairi,2
//207,1
193.94/invitation/,1
//207.21.193.94/invitation/,1
11:54,6
forest,5
freight,4
otr,2
bandwidth,6
highlight,7
saltiel,1
pursu,2
supply/offtak,1
pulp,3
newsprint,1
recycl,1
linerboard,1
lumber,1
unavail,1
over-the-road,1
truck,2
outbound,2
1.65,1
comparison,1
1.05-,1
1.10,1
one-millionth,1
web-bas,2
e-commerc,2
energy-rel,1
metal,2
petrochem,3
deriv,4
statist,3
notion,4
merchant,1
anything.com,1
foot,6
businessweek,1
e.biz/may,1
14,2001,1
cho,1
rosi,1
carrizal-moulinet,1
mathieu,1
poppa,1
brandi,2
powel,1
rhonna,1
palmer,1
elit,3
flyer,1
distanc,2
examin,2
newslett,6
proprietari,4
dow,32
interact,16
esourc,19
eb564,4
tool,11
stephani,9
E.,12
taylor,15
5-7928,7
25.00,1
50.00,3
//esource.enron.com/training.doc,4
vendor,5
//esource.enron.com,5
sdc,3
platinum,4
techniqu,2
acquisit,2
syndic,1
loan,9
strateg,11
analyz,1
agenda,5
introduct,3
-11:30,1
eb552,2
Ca,2
//ethink.enron.com/espeak/exec/default.asp,2
//nahou-lnapp01.corp.enron.com/ethink/thinkbank.nsf/homepag,2
openpag,2
tuck,1
braini,1
fiesti,1
//nahou-lnapp01.corp.enron.com/ethink/emeet.nsf,1
carlyl,44
chung,50
korea,25
seoul,13
boast,8
bedroom,13
sexual,9
secretari,8
privateequitycentral.net,6
lavish,7
baker,8
merril,6
lynch,6
chick,11
rubenstein,4
sourc,14
exploit,5
stud,13
brag,4
incid,4
mba2002.hbs.edu,13
anand,4
british,6
johnson,6
sq,5
harem,4
lifestyl,4
banker,7
cater,4
whim,4
eva,4
pao,4
radhakrishnan,3
aradhakrishnan,4
defens,3
carlucci,2
prime,3
minist,8
whose,2
graduat,2
princeton,2
chung',2
spank,3
brand,4
apt,4
1,000,000,000,3
chicki,3
quickli,9
cohen,2
dismiss,2
5-8,3
explicit,2
hundr,5
sex,2
levitt,2
koram,2
condom,3
buysid,5
d.c.-base,2
buy-sid,2
mock,2
satir,2
raunchi,2
norton,4
rose,5
617,3
epao,2
imceanotes-+22eva+20pao+22+20+3cepao+40mba2002+2ehbs+2eedu+3e+40enron,2
11:58,3
jarnold,2
7:07,1
gkoundinya,1
donald,1
lacey,1
catherin,2
olson,4
eileen,1
shi,1
hay,2
crossland,1
heidi,1
von,1
allmen,1
stanton,1
ewong,1
thecarlylegroup.com,1
everywher,2
scarlet,1
lloyd,1
grove,3
writer,1
c03,1
washington-bas,1
enviabl,1
roster,1
world-class,3
budget,4
darman,1
fame,1
rival,1
elder,1
24-year-old,1
shockingli,1
vulgar,1
ambit,1
prolifer,1
grayli,1
emin,2
blush,1
crimson,1
dozen,2
queen,2
bleep,1
bleeper,1
headquart,1
post',1
puzzl,1
statement,2
1998,2
full-tim,1
younger,1
ross,1
click-happi,1
mous,1
24-,1
year-old,1
wound,3
retitl,1
amaz,1
cautionari,1
tale,1
meander,1
n.y.c.,1
terrac,2
devast,1
string,1
publicli,3
embarrass,3
in-box,1
boyfriend,1
founder,1
known,2
iii,1
prophet,1
i.b,1
nyt,1
14:47:08,1
-0400,2
2001-05-21,1
13:36,1
three-bedroom,1
conway,1
private-equ,1
spent,2
stake,3
eighth-largest,1
lender,15
owner,4
retir,1
count,3
bush,19
britain,2
finest,3
seek,11
fee,6
weekday,3
zoom,1
partli,1
co.,9
welch,1
citigroup,2
sanford,1
I.,1
weill,1
philippin,1
fidel,2
ramo,1
airplan,1
factori,1
complex,5
northrop,1
grumman,1
1.2,1
lamin,1
panolam,1
pittman,1
newsroom,1
893-3767,1
mpittman,1
bloomberg.net/jk/jdh/bw,1
'S,4
byte,1
dust,1
erica,1
copulski,1
awri,1
streeter,1
victim,1
peril,1
reportedli,1
risqu,1
chain,1
staffer,1
obtain,3
lewd,1
conclud,2
fedex,3
purportedli,1
deni,3
spark,7
controversi,3
circul,1
'pimpin,1
aint,1
uberconsum,1
lesson,3
entitl,3
giant,4
bawdi,1
conquest,1
familiar,1
inappropri,1
accompani,1
lengthi,1
arrog,2
hoard,2
similar,9
clair,1
lover,1
tabloid,1
subsequ,1
disciplin,2
trowbridg,1
cambridg,1
MA,1
02138-5307,1
491-0525,1
mobil,13
899-0026,1
winmail.dat,1
westheim,2
sam,1
tollway,1
59,2
closer,4
anomoli,1
portion,2
nw,1
northwest,5
kinda,3
teala,1
3210,1
6-10pm,1
farewel,1
_____________________,1
T.,1
hoskin,1
713-853-0380,1
713-412-3667,1
713-646-5745,1
brian_hoskin,1
enron.net,1
5-30-01,2
aga053001.pdf,2
g053001.pdf,2
petro052401.pdf,2
aa053001.pdf,2
deffner,2
ownership,4
veloc,1
polici,25
outlin,1
separ,10
pure,1
essenti,1
market-bas,1
optim,3
853-7117,1
quaintanc,1
345-7731,1
balloon,8
2:56,4
swing,13
grass,8
hazard,6
penalti,6
3:19,17
bryan_d_lewi,2
email.whirlpool.com,2
imceanotes-bryan+5fd+5flewis+40email+2ewhirlpool+2ecom+40enron,2
6:46,2
bryan,3
lewi,4
golfweb,2
______________________________,2
_________________________________,2
05/29/2001,2
instructor,2
visual,2
eb560,7
intens,2
16-hour,1
nine,5
peer,2
videotap,1
question-and-answ,1
model,6
self-improv,1
one-on-on,1
sit-down,1
rapport,1
persuas,1
dynam,1
style,1
investinm,4
//www.corptraining.com/index.cfm,4
company=enron,4
853-0357,2
3:41,13
3:43,8
g060101.pdf,2
rigs060101.pdf,2
ngcot060101.pdf,2
clcotb060101.pdf,2
g053101.pdf,2
cftc-ng-5-29-01.doc,1
6/1/2001,21
6/2/2001,14
router,8
interconnect,18
aep,3
reboot,11
EI,10
en,5
rout,6
garhett,3
clark,3
713-345-9953,3
humlicek,2
713-853-6366,2
713-406-8293,2
interv,5
i/t,6
backbon,6
alert,6
hardwar,9
shutdown,8
34th,7
castrejana,6
713-410-0642,6
9:45:00,1
5:45:00,1
ecn-34-cor-ccr1,1
shishido,2
713-853-9780,2
2:30:00,5
1201,1
occupi,1
ens/gco,1
7/4/2001,1
hpl,1
gco,1
10:45:00,1
4:45:00,1
edg,1
corrupt,4
intermett,1
shupak,1
713-853-7943,1
aubuchon,1
713-345-8446,1
cnote,2
mailserv,3
trey,2
rhode,2
345-7792,2
local/domestic/foreign,2
ricafrent,2
713-646-7741,2
5/26/2001,12
5/25/2001,6
eb28,3
5/27/2001,2
anti-viru,2
dss,2
11:15:00,1
9:15:00,2
5:15:00,1
intermit,1
construct,4
tele-commun,1
closet,2
trevino,2
713-345-9954,2
installation-phas,1
email-bas,1
un-instal,1
hudson,3
713.853.9289,1
ot,1
2001/2/2001,1
gthou-appsq03p,1
eneds01_adapt,1
outdat,1
hellsten,1
713-853-7346,1
713-545-4164,1
logic,1
eba,1
werner,1
713-853-6742,1
current_efct_date=06/01/2001,2
06/01/2001,2
current_efct_date=05/31/2001,2
05/31/2001,2
current_efct_date=05/25/2001,2
05/25/2001,2
freetim,4
current_efct_date=05/30/2001,1
05/30/2001,1
current_efct_date=05/24/2001,1
05/24/2001,1
rsco.com,4
jeevarathnam,3
korean,3
unbeliev,2
cthomson,2
kosti,2
gili,2
brijesh,2
justin,2
pollack,2
pride,2
vast,2
bolster,2
roughli,2
dome,2
1009,2
ccmm,2
bldg,2
yoido-dong,2
youngdeungpo-ku,2
150-010,2
pchung,2
thecarlylegroup.co.kr,2
ivisionary.com,2
goldpocket.com,2
exchange.ml.com,2
onebox.com,2
ubsw.com,2
microsoft.com,2
csfb.com,2
webvision.com,2
avenuea.com,2
fucker,2
822,2
7:24,1
float,1
cohort,1
thomson,1
7:05,1
kgili,1
6:48,1
j.r.,1
mconnolli,1
jrousseau,1
jcrisan,1
entireti,1
bjeevarathnam,1
5:28,1
hira,1
verma,1
monahan,1
cureton,1
genstil,1
kolodkin,1
joon,1
hyon,1
carlo,1
hernandez,1
hawkin,2
dobbin,1
bookman,1
b.j,1
mba,1
493-8008,1
5:13,1
quak,1
judi,1
Lu,1
roger,1
land,2
catharon,1
johnston,1
BJ,1
lester,1
Ip,1
eisner,1
lou,1
dilorenzo,1
d'agostino,1
christian,12
van,2
tienhoven,1
albe,1
wald,1
simon,1
zack,1
kramer,1
legend,1
comedi,1
jake,3
auda.net,1
devilish,1
bigger,19
ego,1
fewer,1
rare,3
brethren,1
mistakenli,1
wealth,1
talent,11
charm,1
karl,2
marx,1
astut,1
plight,1
two-year,2
stint,1
persuad,3
asian,2
classifi,1
brothel,1
3-4,1
nightli,3
self-describ,1
island,1
foreign,36
men,11
capita,1
resid,5
12,600,1
excess,1
wage,1
attract,11
wallet,2
citizenship,1
rendezv,1
cement,1
legaci,2
quixot,1
allud,1
predat,1
femal,1
compris,2
1/3,1
exhaust,1
sadli,1
prophylact,1
claim,2
quest,1
infami,1
valiant,1
fda-approv,1
courier,1
verg,1
pennsylvania,1
220,1
20004-2505,1
spokesperson,1
herbert,1
white,13
goodwil,1
std,1
romeo,1
travelogu,1
debonair,1
modest,1
'james_graff,1
james_graff,1
'lgreer,1
lgreer,1
'matt.harti,1
matt.harti,1
'kevin_matto,1
kevin_matto,1
'wrobertson,1
wrobertson,1
'pstanberri,1
pstanberri,1
'shiv.vasisht,1
shiv.vasisht,1
'johnmin,1
johnmin,1
'brandon.park,1
brandon.park,1
'jose.park,1
jose.park,1
'kevin.woo,1
kevin.woo,1
20:26:21,1
length,4
overlook,1
nightlin,1
fuck,1
loung,1
nyc,1
opportunti,1
chilll,1
VP,1
porsch,1
asap,1
info,3
Oh,2
2004-8412,1
2004-8440,1
8216-478-5175,1
oral,4
cultur,4
vision,2
joseph,3
pratt,2
cullen,2
co-director,2
5c2,6
3-1941,2
accommod,2
3-9390,2
failov,1
nahou-msmbx01v,1
unlock,1
nahou-msmx01v,1
albright,2
713-345-9381,2
10:15:00,1
intermitt,1
nahou-msmbx05v,2
713-853-9289,2
refract,1
dpr,1
entellig,1
modul,10
forecast,10
trough,2
dig,3
primari,5
ridg,2
southwest,3
interior,2
spike,2
mid-week,2
prolong,2
//www.earthsat.com/misc/enron/,1
midwest/,2
unlik,3
warmer,1
=09sunday,3
=09,13
06/03,2
bennett/na/enron,2
06/03/2001,2
ronxgat,2
pereira,2
ay,2
sur=,1
=09bennett,1
8:53,1
=09robert,1
08:53,1
08:37,1
am=,1
=09=09,1
phil,1
pallen70,1
arnol=,1
d/enron,1
grigsby/enron,1
enro=,1
nxgate,1
grigsbi,1
mikegrigsbi,1
ke=,1
avey,1
pkeavey,1
kelli,7
hom=,1
rjkdsteven,1
lavorato/enron,1
ahl-34,1
maggi/enron,1
marquez/enron,1
martin/enron,1
tmartin3079,1
msn.com,2
neal/=,1
sneal12,1
mindspring.com,1
enronxga=,1
te,1
susan,1
R=,1
uscitti/enron,1
schwieger/enron,1
schwieger,1
H=,1
ome,1
jim.schwieg,1
rr.houston.com,1
hunter-jessica,1
shively/enron,1
donoho,1
tomcdonoho,1
netzero.net,1
=09=20,1
abou=,1
a=,1
nother,1
w=,1
ith,1
mi=,1
dwest,1
muc=,1
h,1
m=,1
ost,1
coast=,1
tod=,1
//www.earthsat.com/misc/enron/=,1
e=,1
nron,1
d=,1
warm=,1
unlik=,1
eli,1
warmer=,1
bitmap,1
90041267,1
//pep.enron.com/,1
acc,1
345-3751,1
basinski,1
mon-fri,1
lragest,1
5-25-01,1
6-4-01,1
6-1-01,1
5-31-01,1
5-29-01,1
5-24-01,1
heffner/icf,2
05/29/01,2
nghv.xl,2
02:26,1
SW,1
icf,1
pano,1
312-762-1143,1
3-7204,1
3-7257,1
31-june,1
700.00,1
xm,4
8:30am-11:30am,1
19th,1
1:00pm-4:00pm,1
intranet,2
friendli,1
accur,1
receipt,1
translat,2
reimburs,1
853-1816,2
use=,1
days.=20,1
calenda=,1
r,3
=3d,1
E=,1
impvol,1
helps.=20,1
=09zimin,1
=09paulo,1
arnold/hou=,1
/ect,1
enron=20,1
=09histor,1
calcula=,1
ting,1
log=,1
wi=,1
th,1
u=,1
im=,1
pli,1
volat=,1
iliti,1
I=,1
conv=,1
compar=,1
daily=,1
whenev,2
feed,1
asia-pacif,1
europe/ci,1
energy24x,1
bbc,4
AP,2
afp,1
all-in-on,1
directori,1
//home.enron.com:84/messaging/globalenergymarkets.pdf,1
TD,6
itali,5
emden/oud,4
steel,3
flatb,2
seminar,4
bluga,2
municip,3
incumb,2
uog,2
portfolio,3
papier,1
masson,1
ltee,1
mill,2
quebec,2
engin,1
expand,7
georgia,2
efm,1
bilater,2
planet,1
eprm,1
volum,20
3.5,1
revenu,2
cheryl,1
lindeman,1
bystrianski,1
craft,3
eugen,1
bhalachandra,1
mehendal,1
wooddi,1
grace,1
dina,1
drake,2
8th,6
pena,3
3-5376,2
cocktail,2
recept,5
atlanta,2
francisco,7
150,000,1
1,015,000,1
610,1
flash,1
pioneer,1
spa.,1
cremona,1
lodi,1
mantova,1
pavia,1
north-eastern,1
100,000,5
cubic,1
metr,1
germani,1
switzerland,1
despit,2
fierc,1
ruhrga,1
transitga,1
asid,1
isol,1
lng,2
monopoli,1
liberalis,1
august,2
06.00,1
residenti,1
congratul,4
fabio,1
greco,1
carsten,1
haack,1
didier,1
magn,1
schuh,1
marco,1
lantieri,1
daniela,1
uguccioni,1
relinquish,1
dolphin,1
ventur,10
qatar,1
24.5,2
cent,1
arab,2
emir,1
offset,1
sharehold,2
elsewher,1
mileston,1
evolut,1
dutch-german,1
zeebrugg,1
framework,1
entrant,1
6/4/01,1
truequot,1
savita,1
x31787,1
woohoo,1
fabul,1
french,1
gehri,1
opera,6
outdoor,7
boy,12
girl,11
carmen,4
theatr,4
6:00pm,8
uscaa,6
championship,6
8-10,3
scholar,2
jumper,4
rice,7
cindi,8
richardson,5
//home.enron.com:84/erc/index.html,5
5K,6
lombardi,5
armand,2
multimedia,2
modular,2
kwillar,2
cote,4
athlet,4
colleg,1
scholarship,1
runner,3
sprinter,2
discu,2
thrower,2
co-e,2
relay,2
showcas,2
competit,8
teambuild,2
camaraderi,2
x3-4770,2
sprint,2
prostat,2
713-853-4770,3
713-345-5841,3
caladium,2
4.00,3
Up,4
archaeolog,1
ephriam,1
dickson,1
prehistor,1
discov,2
archeologist,1
reconstruct,1
artifact,1
sensat,1
bizet,1
fieri,1
gypsi,1
favorit,3
femm,1
ignit,1
powerhous,1
audienc,3
unveil,1
mm,1
hydraul,1
rotat,1
onstag,1
farthest,1
venu,1
viscer,1
11:30am,1
1:00pm,1
hgo,1
www.houstongrandopera.org,1
fear,5
melinda,1
pharm,1
educ,1
mpharm,1
713/853-3866,1
33866,1
willard,1
713/646-7341,1
67341,1
methodist,1
1320,1
st.,4
7-9pm,1
danceart,1
//www.danceartsballroom.com,1
9pm-12,1
.chuck,1
trio,1
proce,3
bird,1
aid,6
disadvantag,1
elderli,1
childcar,1
5-6528,1
hannon,2
spous,3
willi,2
6-8,2
chaperon,2
7-16,2
cano,2
hike,2
fish,3
show/bonfire/ghost,2
obstacl,2
softbal,2
basketbal,2
archeri,2
clean-up,3
33830,2
polic,2
dept,2
stranger,2
fingerprint,2
spca,2
pet,4
etiquett,2
sales/coordin,2
8:30pm,1
duti,2
stagebil,1
insert,1
subscript,1
giveaway,2
fan,2
cup,1
intermiss,1
lashabriel,1
713.546.0283,1
lkey,1
houstongrandopera.org,1
6:30pm,1
tent,3
voucher,1
upcom,2
timer,2
score,2
x3-8491,2
height,3
marathon,5
bbq,2
ato,2
dublin,2
honolulu,2
texan,1
11am,1
delici,1
plate,1
krbe,1
gabe,1
DJ,1
peac,1
injur,1
disabl,2
motion,1
align,2
oct.,3
29th,1
workperks.enron.com,1
perman,2
formerli,1
met-busi,1
tuesday-wednesday,1
29-30,1
gold,1
referr,7
713-652-0700,1
fogo,1
3-5609.,1
//home.enron.com:84/messaging/siggoldcourses.pdf,1
contractor,4
saturn,2
exit,3
bell,2
777,1
165.00,1
94.00,1
parker,1
entranc,3
stairway,1
transpond,1
transportation/corp/enron,1
713-853-7060,1
pedestrian,1
stairwel,1
acquir,3
trofholz,4
entergi,2
cftc-ng-6-4-01.doc,1
www.truequote.com/tqenron.htm,1
current_efct_date=06/04/2001,2
06/04/2001,14
6a-3p,3
1:47,1
india,75
dabhol,25
saudi,21
indian,19
rove,17
reform,18
prabhu,16
06/04/01,15
arabia,15
Mr,13
republican,13
english,11
rupe,11
moodi,11
disput,11
debt,11
fitch,10
maharashtra,9
economist,8
fiscal,8
investor,10
mseb,7
spectron,6
singapor,6
japan,6
exxon,6
cheap,6
C,6
stabl,6
1975,5
glut,5
bombay,5
sovereign,5
cite,5
deterior,5
china,5
alli,5
idbi,5
pact,4
chronicl,4
nigerian,4
kingdom,4
petroleum,4
aramco,4
enemi,4
boom,4
privatis,4
climat,4
P,4
asia,4
loss,12
programm,4
lago,4
obasanjo,4
ctbt,4
religi,4
hindu,3
salvag,3
hirl,3
legisl,3
250,000,3
ethic,7
BP,3
royal,3
dutch/shel,3
buddha,3
bureaucrat,3
1990,3
consumpt,3
deficit,3
gdp,3
dealer,3
contractu,3
deter,3
abn,6
amro,3
ministri,3
afford,3
seb,3
ipp,3
kashmir,3
persecut,3
weapon,3
delhi,3
defenc,3
biggest,3
spiritu,2
teacher,2
gloom,2
harshly-analyst,2
fwd,3
post-neta,2
1-india,2
slam,2
assumpt,2
diversifi,2
permit,2
unclear,3
green,2
dick,2
cheney,2
El,3
paso,3
condoleezza,2
chevron,2
plc,5
ghawar,2
totalfinaelf,2
conoco,2
phillip,3
occident,2
state-own,2
tension,2
hydrocarbon,2
saud,2
longwel,2
aggress,2
compens,5
carrol,2
perhap,2
stronger,2
contempt,2
ourselv,2
somehow,3
wash,2
villain,2
commerc,2
means-test,2
moral,2
blame,10
foolish,2
suv,2
blackout,2
sacramento,2
daschl,2
slump,2
discourag,2
portney,2
inflat,2
soar,2
btu,2
specul,2
disappoint,2
nagarajan,2
ltd,3
state-run,2
growth,7
suiss,2
boston,2
stream,3
six-month,2
treasuri,2
+91,2
neta,2
powergen,2
therm,2
2300,2
0600,2
standardis,2
2.9,2
citibank,2
2,184,2
offshor,2
lift,2
default,2
48,2
arbitr,2
slippag,2
suresh,2
favour,2
overhaul,2
tariff,2
charter,2
guardian,2
take-off,2
grid,2
declar,2
dirti,2
exorbit,2
tinubu,2
isolationist,2
cabinet,4
fundamentalist,2
interven,2
missionari,2
aliv,2
fallaci,2
nuclear,3
convinc,2
2001-06-04,2
agarw,2
sydney,2
japanes,2
schmidt,1
vandehei,1
A4,1
strategist,1
pfizer,1
boe,1
broad,2
industry-ori,1
health-car,1
capital-gain,1
meantim,2
dec.,1
certif,7
divestitur,1
spokeswoman,1
womack,1
insist,1
conflict-of-interest,1
influenti,1
liaison,1
recus,1
democrat,1
behest,1
backlog,1
lindsey,1
draft,1
50,000,1
libbi,1
texaco,1
chesapeak,1
presidenti,1
LP,1
500,000,1
60,000,1
a17,1
jeddah,1
1970,1
natural-ga,1
water-desalin,1
sea,1
shaybah,1
SA,1
embargo,1
c-2,1
mirror,5
jiddah,1
desalin,1
oil-burn,1
12-billion-to-,1
16-billion,1
princ,1
al,2
faisal,1
franc,1
bartlesvil,1
okla.,1
tight,7
recognit,1
ali,1
ibrahim,1
naimi,1
repossess,1
irv,1
texas-bas,1
datebook,1
e.10,1
wisdom,1
adversari,1
greed,1
toxic,1
upward-flow,1
path,1
minion,1
satan,1
pillag,1
ascend,1
cordwood,1
ordinari,1
citizen,1
cower,1
meekli,1
tribut,1
pray,1
jail,1
enslav,1
sloth,1
pander,1
eaten,1
drip,1
gob,1
infinit,1
mere,1
alchemist,1
repeal,1
crumbl,1
inadequ,1
volunteer,1
prais,1
relentlessli,1
materialist,1
seduc,1
wast,1
stone,1
quarter-ful,1
unoccupi,1
applianc,1
straight,1
pension,1
PG,1
dimbulb,1
crimin,2
villaini,1
wise,1
bread-and-butt,1
blind,1
editori,1
lochhead,1
a.19,1
UP,1
prone,1
bust,1
imagin,1
hangov,1
sink,1
plung,1
downturn,1
just-complet,1
alaskan,1
bright,1
peak,2
lawmak,1
argu,1
claw,1
flee,1
lobbyist,1
gray,1
supplier,2
agog,1
burst,1
seam,1
environmentalist,1
tank,1
tend,1
400-a-month,1
likewis,1
seed,1
cyclic,1
stabil,2
1949,1
oxygen,1
rock-bottom,1
ditch,1
ceil,1
sprout,1
stove,1
melt,1
aluminum,1
summertim,1
refriger,1
grown,1
biomass,1
wind,3
long-delay,1
alaska,1
200,000,1
2004,1
new-ag,1
superconduct,1
bulb,1
ebel,1
slope,1
vidya,1
ranganathan,1
downgrad,1
bb-plu,1
notch,1
fallout,1
exagger,1
mohan,1
provoc,1
unreason,1
u.s.-bas,1
ba2,1
BB,1
overst,1
fiscal-monetari,1
unfavor,1
overshot,1
2000/01,1
april-march,1
5.2,1
5.6,1
parliament,1
burgeon,1
fastest,1
bb+,1
ratio,1
p.k,1
basu,1
2.2,1
1.56,1
42.8,1
yield,1
rbi,1
eas,1
stanc,1
prop,1
benign,1
hardest,1
inertia,1
faster,3
superfici,1
emphasis,1
consolid,3
saumitra,1
chaudhari,1
icra,1
ltd.,2
slip,2
47.04,1
jewelleri,1
steadi,1
d47.01/02,1
47.085,1
tussl,1
houston-bas,2
bond,2
gap,1
annualis,1
5.10,1
4.95,1
265-9000,1
264-1699,1
vidya.ranganathan,1
brokerag,1
broker,11
gas-electr,1
21.42,1
24.85,1
penc,1
specifi,1
mid-jun,1
aquila,1
aim,5
sriram,1
ramakrishnan,1
icici,1
forg,1
740,1
slate,1
backdrop,1
bulk,1
638,1
backfoot,1
output,1
complain,1
costli,1
preliminari,2
provok,1
haul,1
merc,1
temporari,3
credibl,2
dispel,1
clarenc,1
fernandez,1
sputter,1
afoot,1
debt-ridden,1
recraft,1
squabbl,1
sanctiti,1
vow,1
preoccup,1
realis,1
hail,1
verdant,1
coastal,1
strand,1
co-op,1
foray,1
errant,1
stray,1
forehead,1
eschew,1
politician,1
uniform,1
starch,1
handspun,1
cotton,1
shirtsleev,1
trouser,1
technocrat,1
curb,1
hobbl,1
decade-old,1
third-parti,1
stumbling-block,1
spotti,1
wari,1
wrangl,1
pace,2
tackl,1
crush,25
lure,1
2001/02,1
hurdl,1
panel,1
thirdli,1
eight,1
feasibl,1
unviabl,1
eastern,5
boost,1
modernis,1
1=47,1
jun,2
01/bbc,1
monitoring/,1
franci,1
obinor,1
chide,1
newspap,1
olusegun,1
2-3,1
conclus,1
faith,1
ostens,1
angri,1
vice-presid,1
ambler,1
nigeria,1
lagosian,1
commenc,2
bola,1
contrari,1
frustrat,1
setback,1
ae,1
trevi,1
transmitt,1
kasturi,1
ksl,1
TM,1
intellig,1
W.,1
proclaim,1
bode,1
pester,1
tougher,1
jaswant,1
singh,1
Ms,1
fals,2
euphoria,1
narrow,1
ideolog,1
bjp,1
backyard,1
wing,1
attorney-gener,1
ashcroft,1
'born,1
teenag,1
pregnanc,1
dare,1
instanc,1
imprison,1
religion,1
burnt,2
nun,1
rape,1
attribut,1
element,1
pope,1
atal,1
bihari,1
vajpaye,1
self-profess,1
born-again,1
trump,1
extent,3
jewish,1
freedom,2
ban,1
treati,1
oppon,1
safeguard,1
unsaf,1
anti-prolifer,1
re-align,1
policy-mak,1
unreconstruct,1
'cold,1
warrior,1
post-cold,1
era,2
desper,1
thinker,1
soviet,1
abandon,1
proven,1
primarili,3
deterr,1
arm,2
buildup,1
closest,1
fowl,1
rejoic,1
anti-china,1
ponder,1
unexamin,1
precipit,1
shriller,1
oilman,1
beholden,1
contributor,1
campaign,1
influenc,3
regul,1
lean,1
neglect,1
satisfact,1
opinion,3
colour,1
giridhar,1
srinivasan,1
08:41,1
mumbai,1
24-25,1
pit,2
r.,1
outcom,1
NV,1
crucial,1
board',1
strengthen,1
invok,1
pradyumna,1
kaul,1
activist,1
virodhi,1
andolan,1
non-,1
supervis,1
linger,1
exposur,4
21.58,1
460,1
15.28,1
n.a.,1
favor,1
170,1
complic,1
unpaid,1
impos,1
debt-rat,1
kristin,1
lindow,1
grade,1
bbb,1
junk,1
bb2,1
06:29,1
spoke,2
coaltran,1
relianc,2
genuin,1
it',1
1994-95,1
1996-97,1
perspect,2
export-l,1
malais,1
california-styl,1
meti,1
real-tim,6
enrononline.com,4
midpoint,2
deem,2
analyt,1
seafreight,1
emiss,1
www.reuters.com/enrononlinequot,1
1-800-226-3955,1
constitut,1
expressli,1
therein,1
qualif,2
sharon,2
ethink,1
butcher,1
4:24,1
4:12,2
exempt,2
pursuant,1
paraleg,1
tana,1
intercompani,1
853-3399,1
current_efct_date=06/05/2001,1
06/05/2001,1
petro060401.pdf,2
6-5-01,2
intraday,5
update.doc,3
eliot,11
0401.doc,9
eliotlevin,6
cs.com,6
imceanotes-eliotlevin+40cs+2ecom+40enron,6
6:11,4
florida,5
well-behav,5
drill,2
ceas,1
12.30pm,1
10:53,5
rid,3
2:51,1
capston,5
apologis,1
texas.net,1
imceanotes-+22capstone+20trading+20advisors+22+20+3ccapstone+40texas+2enet+3e+40enron,1
enymex,1
korn,1
299-2316,1
mkorn,1
ng060701.pdf,2
6-6-01,2
ng060601.pdf,2
mp3.com,8
my.mp3,4
mp3,3
singleserv,2
hottest,2
unsubscrib,3
pitch,1
sexi,1
sexiest,1
CD,1
artist,1
artistsar,1
olivia,1
shea,1
seger,1
carli,1
hennessi,1
wreck,1
mmaggi,3
1996-2001,1
supervisor,1
travi,1
Sr,3
supervisori,1
cpe,1
cornerston,1
readili,1
maximum,1
built,1
succeed,1
self-assess,1
6-7-01,1
current_efct_date=06/06/2001,1
06/06/2001,2
craig,5
mcmurtri,1
lmcmurtri,1
mdck.com,1
imceanotes-+22mcmurtry+2c+20lee+22+20+3clmcmurtry+40mdck+2ecom+3e+40enron,1
block,1
jkredneckhorseshoes.jpg,1
6/10/2001,12
6/9/2001,24
6/8/2001,29
6/11/2001,3
403,2
sybas,2
pdx-ad-03.ebs.enron.net,1
DS,1
7:15:00,1
3:15:00,1
enron_comm,1
deinstal,1
marlin,1
gubser,1
713-853-4281,1
fractur,1
rack,1
d1000,1
array,3
canada-calgari,1
pbx,1
partnership,4
processor,1
974-6922,1
212-9280,1
reliabl,7
scalabl,1
insurmount,1
ripley,1
713-345-4709,1
713-345-4209,1
ramesh,1
rao,1
713-349-4207,1
713-345-4409,1
drnking,5
patten,3
policastro,2
williams.com,2
robin,2
robinson,2
8:06,1
dudley.poston,1
charles.carlton,1
wolkwitz,1
rick,1
11:51,19
richi,1
johnni,1
klo,1
marc,1
coadi,1
roch,1
robbi,1
betz,1
timmi,1
zisa,1
fitz,1
simpson,1
poliscastro,1
i-net,1
212-686-0567,1
x228,1
212-686-0627,1
brianp,1
inettec.com,1
bip1036,1
dbake19,1
johnferro,1
matt1024,1
lt56nyg,1
rlj171,1
zaky34,1
tdavey35,1
dmf136,1
JB,1
ponytail,1
ratliff,1
jdm,1
b,1
ron,1
wiley,1
20:12:28,1
-0700,1
hops,1
download,2
//explorer.msn.com,1
pic04084.jpg,1
battl,2
petro060701.pdf,2
2250,21
2200,17
335,4
Z,8
102,3
101,2
325,9
87,4
0.4776,2
340,4
z02,5
0.0000,5
10/29/01,3
0.0027,2
535,2
560,5
62.5,2
63.5,1
0.8266,1
0.0207,1
87.5,1
89,1
0.8085,1
0.0054,1
101.7,1
0.7527,1
0.0129,1
0.6800,1
0.0156,1
86,2
0.5409,1
0.0072,1
0.5034,1
0.0225,1
330,7
91,2
93,1
0.0069,2
x/h,3
337,1
88.22,1
0.4803,2
0.0168,1
j/v,3
339.2857,1
106.07,1
104,2
108,1
0.4778,1
0.0126,1
109,1
113,2
0.4829,1
0.0066,1
114,2
0.0141,1
360,2
124,1
131,2
0.4784,1
365,1
142,1
0.3950,1
f02,1
375,1
strke,3
185,1
195,1
0.4986,1
0.0085,1
320,6
0.5185,1
415,1
430,1
0.5139,1
-0.0024,1
470,1
485,2
0.4992,1
0.0030,2
505,1
510,2
0.4703,1
520,1
0.4440,1
0.4230,1
-0.0018,2
540,5
545,4
565,2
0.3825,1
-0.0036,1
570,3
580,1
555,4
585,1
0.1700,2
-0.1500,2
co-steel,1
cftc-ng-10-29-01.doc,1
10-29-01,1
scienc,1
crate,1
preview,1
aero,2
carwash,2
cpr/first,1
mammogram,4
lung,2
fore,3
tournament,2
2-4-02,1
current_efct_date=10/26/2001,1
10/26/2001,18
ident,1
10/27/2001,47
3ac,17
10/28/2001,19
vpn,3
trizechan,4
io,2
nortel,2
713-345-8269,2
713-853-5337,2
3:30-4:00,2
2ac,2
telco,2
beforehand,2
jael,2
713-336-2300,2
eeshou-fs1to,2
10/287/2001,1
ei-dns01,1
ei-dns02,1
35th,1
dn,2
nov.1,1
T1,1
brumbaugh,1
800-486-9999,1
male,62
embarras,27
3:46,5
skull,6
3:45,13
looker,8
3:38,9
admir,10
infatu,31
3:18,35
slap,2
3:29,4
3:26,13
shit,10
3:22,19
3:17,19
flatter,21
3:15,22
acus,25
nobodi,29
3:08,29
allergi,30
wouldnt,31
ummm,1
helloooooooooooooooooooooooooo,1
g020102.pdf,2
sware,1
exp,2
315,3
84,2
0.4629,2
106,3
10/26/01,2
-0.0009,2
60.5,1
0.8080,1
0.0330,1
0.8034,1
0.0096,1
98.5,1
0.7389,1
0.0090,1
97.5,1
0.6632,1
0.0036,1
83,3
0.5340,1
0.0045,1
81,1
-0.0063,1
321,1
0.4698,1
-0.0012,1
280.7143,1
95.36,1
92,1
103,1
0.4037,1
0.4763,1
v02,2
x02,2
355,1
134,1
196,1
206,1
0.4902,1
-0.0459,1
0.5158,1
-0.0106,1
425,1
437,1
0.5160,1
-0.0051,1
475,2
0.4959,1
-0.0060,1
515,1
0.4670,1
-0.0108,1
525,2
0.4455,1
547,1
0.4254,1
0.4047,1
0.0006,1
0.3870,1
adventur,1
12:28,2
clcot020102.pdf,2
ngcot020102.pdf,2
25th,2
nonspecif,1
unsubstanti,1
nonetheless,1
suspici,1
3-6200,1
8:32,5
8:26,9
alright,4
wherear,6
co-chairman,2
hess,1
mcnamara,1
eaccess,1
matthew,1
schaefer,1
299-2612,1
mschaefer,1
biolsi,1
299-2610,1
bbiolsi,1
7:53,1
10-26-01,1
ljm,4
defend,2
lawsuit,2
accordingli,2
handwritten,1
civil,1
vigor,1
derrick,1
713-853-5550,1
3:00pm,3
8:00am,2
hewitt,1
jeopard,1
reconcili,1
vehicl,1
toler,1
ed,2
mammographi,2
studio,1
12-16,1
retire,1
713-745-4000,1
//www.mdanderson.org/departments/mobilemamm/dindex.cfm,1
pn=29c87a2e-b66a-11d4-80fb00508b603a14,1
medic,1
//www.the-rose.org/,1
current_efct_date=10/25/2001,2
10/25/2001,2
4:57,2
adio,2
4:55,5
4:56,2
liar,3
sysadmir,2
edi_qa,1
kratzer,1
713-345-7672,1
tino,1
valor,1
713-853-7767,1
hr-db-4,1
db-4,1
brandon,2
bangert,2
713-345-4904,2
calkin,2
713-345-7831,2
raj,2
perubhatla,2
713-345-8016,2
281-788-9307,2
2:15:00,1
8:15:00,1
clock,1
daylight,1
precaut,1
lindsay,1
713-853-6225,1
bruce,3
713-853-6551,1
lucent,1
cynthia,1
siniard,1
713-853-0558,1
10-25-01,1
mid-market,3
redmond,2
vari,1
producer/wellhead,1
wellhead,1
lagrasta,1
u.,1
whitt,1
luce,1
vicker,1
tycholiz,1
11:55,5
current_efct_date=10/24/2001,1
10/24/2001,4
confid,2
unparallel,1
thorough,3
fastow,1
treasur,1
cfo,1
excel,4
10-24-01,2
palestenian,7
moon,6
att279523.txt,4
whypales.mp,4
'mattc,1
elitebrokers.net',1
etjmoon,2
prodigy.net,2
turner,2
papa,2
granni,2
jimenez,2
nymexweekly.xl,2
reclaim,2
heal,1
6:15,1
6:50,1
JW,1
marriott,1
galleria,1
713-303-3966,1
www.enronoperationhope.com,1
3:31,4
stomach,3
dr,4
2:20,9
ugh,3
4:15,4
doctor,4
appt,4
messagefromboeing.pp,4
9:25,1
chris_spagnoli,2
rcn.net,2
nothig,1
1:55,1
nonchalantli,2
elabor,3
resend,4
10-19-01,3
4943,1
341,1
79,1
tag,6
photo,8
identif,2
wright,2
tags-off,1
slide,1
lace,1
eyelet,1
snap,1
receptionist,1
non-standard,2
cut-off,2
firstnam,2
lastnam,2
non-support,2
firstname.middleinitial.lastnam,1
announcements/corp/enron,1
10/15/2001,1
abbrevi,1
acronym,1
new/exist,1
append,1
robert.alan.smith,1
meanwhil,3
imper,1
jokingli,4
babysitt,2
tinight,2
+50,6
12:43:01,1
bcc,1
+74,2
+30,2
+71,3
+63,1
sullivan,4
telecom,4
retail,4
ercot,2
telecom/broadband,2
dialogu,1
summit,1
telecom/bandwidth,1
harper-slaboszewicz,1
rod,1
woodward,1
trading/brokering/onlin,1
//esource.enron.com/hot_topics.asp,1
3:30-4:30,1
meter,1
4:30-5:30,1
utilicom,1
/energi,1
current_efct_date=10/23/2001,2
10/23/2001,2
ricki,1
collier,1
1:35,1
followup,2
mid-rang,2
rational,2
ascertain,2
mkt,2
10-23-01,2
cdt,1
imperi,2
toronto,2
//home.enron.com/employeemeet,1
deduct,3
vanguard,1
lifestrategi,1
re-open,1
3-7979,1
jdrf,7
auction,5
cyber,4
5.00,3
diabet,4
caf,2
26th,2
roundtrip,2
enron/jdrf,2
sneaker,2
28th,2
juvenil,2
greenspoint,1
mall,1
a.m,2
24th,1
//ecpdxapps01.enron.net/apps/auction.nsf,1
eg,1
fajita,1
taquera,1
del,1
sol,1
mango,1
punch,1
airway,2
10.00,1
drawn,1
bake,1
cake,1
halloween,2
blast,1
janic,1
riedel,1
x-37507,1
cathi,1
x-36898,1
generos,1
mcconnel,1
current_efct_date=10/22/2001,2
10/22/2001,3
310,3
95,2
0.4806,2
107,2
10/22/01,3
280,1
0.9243,1
0.0750,1
61.5,1
0.7960,1
0.0435,1
84.5,1
0.7805,1
0.0387,1
0.7242,1
0.0180,1
96.5,1
0.6515,1
0.0153,1
0.5376,1
0.0108,1
0.4950,1
-0.0033,1
312,1
72.45,1
0.4838,1
0.0024,1
318.571429,1
97.71,1
0.0084,1
0.4853,1
0.0120,1
0.4844,1
0.0099,1
116,1
0.4866,1
0.0111,1
238,1
248,1
0.5395,1
-0.0094,1
0.5167,1
-0.0042,1
420,1
435,1
0.4901,1
0.0100,1
490,1
0.4818,1
0.0075,1
495,1
0.4517,1
0.4368,1
0.0123,1
532,1
0.4098,1
0.0060,1
538,1
0.3879,1
0.0063,1
0.3699,1
Z2,1
562,1
568,1
2:44,1
cftc-ng-10-22-01.doc,1
measur,2
teleconfer,2
patienc,1
audio/video,1
//home.enron/employeemeet,1
follow-up,1
teleconferenc,1
sao,1
bueno,1
dubai,1
rio,1
janeiro,1
bothel,1
wash.,1
ramon,1
calif.,1
yvonn,1
francoi,1
345-8725,1
10-22-01,1
mtg,1
4:00-5:00,1
all-new,4
7.0,4
1000,5
trial,4
radio,2
surcharg,2
aim=20,1
ge=,1
fre=,1
built-in,1
station,2
pe=,1
rk,1
madonna,1
befor=,1
sneak,1
blockbust,1
movie=,1
potter,1
your=,1
7.0=,1
pain,1
p.,2
G=,1
message=,1
sign-on,1
AK,1
tel=,1
ephon,1
info=,1
rmation,1
e-ma=,1
ame=,1
rica,1
promotio=,1
ns,1
blank,1
flu,1
immun,1
bazaar,1
alumni,2
monster,1
bash,1
current_efct_date=10/19/2001,2
10/19/2001,36
10/20/2001,58
10/21/2001,30
46,3
10/18/2001,5
idf,4
sp2,2
riser,2
tropic,2
allison,2
unaffect,2
stuart,2
fieldhous,2
713-853-5699,2
jameson,2
713-345-4423,2
eeshou-dbpcc,1
8-10am,1
eestest-dbpcc,1
9:30-11:30,1
eestest-wbpcc,1
10am-12pm,1
eeshou-eei,1
6-8pm,1
eeshou-wbpcc,1
8:30-10:35am,1
eeshou-dbrps3,1
9-10am,1
eeshou-oms01,1
5:30-7:30pm,1
uninstal,2
devol,1
713-345-8970,1
animesh,1
solanki,1
713-853-5147,1
port,1
nahou-wwirf01t,1
nahou-wwirf01d,1
nahou-wwjrn01d,1
nahou-wwjrn01tnahou-wwiwn01d,1
301625,1
wins-dn,1
tester,1
rollback,1
clint,1
tate,1
713-345-4256,1
rmsprod,1
table/index,1
reorg,1
fragment,1
emmett,1
cleveland,1
713-345-3873,1
triniti,1
madrid,1
sitaraoncal,1
713-288-0101,1
oigin,1
powerdown,2
pearson,2
830-34238,2
autohedg,2
5000,2
round,1
2499,1
2500,1
5499,1
5500,1
6499,1
6000,1
current_efct_date=10/18/2001,2
IP,4
sombra,4
acta,4
ecach,4
pariti,4
reconfigur,2
regress,2
enw,4
prowler,1
firewal,1
shirkoff,1
713-853-1111,1
micah,1
stagg,1
713-345-1696,1
ein,1
static,1
denni,1
mcgough,1
713-345-3143,1
hr-db-1,1
dalak,1
malik,1
713-345-8219,1
adcupkilo,1
adcupklima,1
quark,1
automount,1
neptun,1
tagg,1
emerald,1
spectr,1
2924,1
token,1
config,1
2948,1
rebecca,1
sutherland,1
713-345-7192,1
mikulski,1
713-853-7409,1
713-853-0691,1
10-18-01,1
current_efct_date=10/17/2001,2
10/17/2001,2
10-17-01,3
+51,2
+52,1
+92,1
+35,1
+29,2
pancanadian,2
ldc,2
hsu,4
david_hsu.vcf,2
+65,1
iri,1
mack,1
mba/phd,1
x3-6711,1
10-16-01,1
baker-hugh,1
rig,1
sep,1
production.doc,1
strongli,1
employee-focus,1
oxley,3
overse,1
staf,3
redeploy,1
worklif,1
joyc,1
//home.enron.com:84/messaging/hrorgchart18.ppt,1
radar,1
pipe,1
t'co,1
sketchi,1
oct,4
whisper,1
pine,1
tourney,1
outing,1
x30622,1
inlin,6
/o=enron/ou=na/cn=recipients/cn=rziv,6
/o=enron/ou=na/cn=recipients/cn=jarnold,6
cal,17
pwr,2
novdec,2
3:27:08,1
mgmt,1
swithc,1
stimul,1
feb,1
spead,1
3:27:19,1
calif,1
shud,1
abt,1
3:22:26,1
cinergi,1
25.75,1
30.75,1
38.51,1
pjm,1
27.31,1
35.14,1
39.12,1
overbuild,1
cycl,1
ng-,1
oversuppli,1
3:22:14,1
1.3,1
mar,1
2.5,1
inj,1
0.4,1
hydro,1
gen,1
3.8,1
needpric,1
shock,2
3:11:05,1
cdn,1
alberta,1
gom,1
3:10:56,1
changed-,1
2.45,2
2.20,1
q2,1
2.30,1
q3,1
2.57,1
q4,1
2.73,1
tommorrow,2
5:54,1
thansk,1
5:22,2
shepperd,4
10-10-01,1
jemmina,2
rita,2
marisa,4
sturm,1
nagl,1
rita.nagl,1
guali,1
harrison,1
you/oth,1
8:58,2
dial-in,2
bradford,1
fusco,1
800.486.2726,1
353763,1
547763,1
liz,1
713.853.1935,1
713.853.1838,1
713.854.3056,1
icap,3
balloonist,2
paul.bachman,1
'marcott,1
tmarcott,1
powermerchants.com,2
'mcauley,1
rori,1
rory.mcauley,1
'policastro,1
tonyp,1
duffi,1
nour,1
beyhum,1
nour.beyhum,1
g-icap.com,1
realiz,2
altitud,1
hover,1
ft,1
41,1
latitud,1
56,1
57,1
longitud,1
risen,1
quantiti,1
www.icap.com,1
unauthoris,1
omit,1
unlaw,1
advic,1
current_efct_date=11/27/2001,2
11/27/2001,2
antitrust,2
eickenroht,2
haedick,2
competitor,1
undertaken,1
unaffili,1
notwithstand,1
muller,1
forego,1
713/853-5419,1
713/853-3155,1
713/853-6544,1
713/646-6017,1
give-up,1
hosuton,1
aggrav,1
peop,1
sept,1
-88,1
-85,1
-143,1
-61,1
nymex/comex,4
02-38,1
stu,1
preced,1
palladium,1
propan,1
sweet,1
brent/wti,1
pi,1
tabli,1
truir,1
imm,1
diatement,1
l'exp,1
diteur,1
l'int,1
grit,1
cline,1
l'hypoth,1
protocol,4
\estate\,1
AG,1
retent,1
linda,1
guinn,1
3829a,1
853-6401,1
pinto-leit,1
345-7942,1
\research,1
kyle.m.coop,1
4:40,1
9-11,1
3-9555,1
3-7533,1
non-ub,1
e.g,1
inactiv,1
713.584.4444,1
compliant,1
midnight,1
ubs-w,7
regularli,1
enthusiasm,1
____________________________________________________________________,1
photograph,1
simultan,1
713-853-5360,1
8535360,1
mcauliff,1
713-853-7468,1
visa,1
energy020502.doc,1
917,1
523,1
6132,1
puca,1
3989,1
//www.ubswarburg.com,1
mistak,1
incomplet,1
constru,1
solicit,1
instrument,3
pre-clos,2
immin,1
www.enron.com,1
varga,1
3-5280,1
georgann,1
hodg,1
3-0430,1
cftc-ng-2-4-02.doc,1
05852,1
hamburg,1
2/01/02,1
void,1
stub,1
payroll/benefit,1
lastli,1
ehronlin,2
jarrett,1
3-,1
7829,1
'julie.dematteo,1
ubsw.com',1
caiafa,2
212-841-3366,2
dowdel,2
212-590-1251,2
fimat,2
reid,2
maurer,2
212-590-1748,2
silverman,2
212-738-6651,2
212-590-3054,2
edf,2
cox,2
212-738-6890,2
mahar,2
212-590-3484,2
waldman,2
212-590-3533,2
hefner,2
646-658-2970,2
clarion,3
590-1410,3
crw,3
590-4128,3
sc,3
590-4080,3
738-6838,3
590-1676,3
energex,3
590-1394,3
HQ,3
738-5757,3
vtm,3
590-3911,3
paramount,3
590-3731,3
nova,3
738-6610,3
todd,2
warwick,2
mrg.,2
713-853-9380,2
gerri,2
gosnel,2
713-853-4849,2
281-252-9292,2
cernosek,2
713-853-1581,2
3.50,2
//fundamentals.netco.enron.com/main.asp,1
560-0934,1
mann,1
590-1388,1
refco,1
590-1307,1
273-6808,1
590-4932,1
5,000,1
//enron.referrals.com/promo.asp,1
easier,1
referral.st,1
345-3254,1
carber,4
sabr,2
carbertravel,1
jlynch,1
gate,1
MY,1
VT,1
//www.virtuallythere.com/cgi-bin/nph-itinerari,1
pnr=xfiwiy,1
name=mag,1
GI,1
language=0,1
email=2,1
part=aa,1
ph=1w,1
www.virtuallythere.com,1
xfiwiy,1
passenger',1
718-457-1000,1
tutori,1
//www.truequote.com/tqtutorial.htm,1
7/20/01,1
7/21/01,1
7:20,1
7/2201,1
ng060501.doc,1
ews/rac/egf,4
non-publ,2
kc,2
thereof,1
privately-held,1
tec,1
tten,1
acpw,1
adrrf,1
terravis,1
ter,1
canfibr,1
cfgl,1
carrizo,1
crzo,1
catalytica,1
cesi,1
croe,1
cynet,1
cyne,1
enserco,1
erc,1
espe,1
espd,1
fuelcel,1
fcel,1
hanov,1
compressor,1
HC,1
enterpris,1
iey,1
ihii,1
kafu,1
environment,1
KS,1
nakornthai,1
Co,1
nsm,1
paladin,1
plr,1
LD,1
royalti,1
swroy,1
syntroleum,1
synm,1
tejon,1
ranch,1
trc,1
transcoast,1
marin,1
tcm,1
verado,1
vrdo,1
clearanc,1
ii,1
index,1
amend,1
forth,1
31939,1
donna,1
lowri,1
sr.,1
853-1939,1
646-4039,1
current_efct_date=06/07/2001,2
06/07/2001,2
unsecur,1
tribolet,1
mellencamp,1
promptli,1
aga020402.pdf,2
6-8-01,1
esearch,3
librari,3
exceed,2
illinoi,2
overwhelmingli,1
lexis-nexi,12
piranha,1
investext,1
230,000,1
34,1
cost-effect,1
constantli,1
fulfil,1
good-old-fashion,1
borrow,1
trailblaz,1
invent,1
intranet-bas,1
attende,1
shell,1
halliburton,1
exxonmobil,1
duli,1
suburb,1
-the,1
suburban,1
ene,1
commonwealth,1
edison,1
exelon,1
exc,1
landfil,1
coalit,1
fossil,1
240,1
daley,1
morri,1
reen,1
fuller,1
patern,1
carol,1
langston,1
morrow,1
harlan,1
petitt,1
emili,1
schwarzbach,1
alic,1
allyson,1
zykori,1
kalb,1
debra,1
brannen,1
juan,1
camarillo,1
orellana,1
joana,1
bekerman,1
tipp,1
metcalf,1
ricardo,1
charvel,1
andrad,1
jaim,1
araoz,1
gabriel,1
chavez,1
enriqu,1
cadena,1
rosalinda,1
castillo,1
morena,1
grisela,1
escamilla,1
burkhart,1
jodi,1
coulter,1
dougla,1
mcdowel,1
pernot,1
katherin,1
born,1
tap,1
clicktrip,1
carrier,1
delta,1
10-28,1
twa,1
19-25,1
1,045,000,1
630,1
experience.enron.com,1
//www.chron.com/cs/cda/story.hts/metropolitan/935345,1
ssp,7
e10k,3
moe,3
gothard,2
713-345-7387,2
nahou-msmbx03v,2
namex-ln1,2
crash,2
vlan,1
468,1
/27,1
aext,1
aein,1
AX,1
aeinfw,1
05v,1
TV,1
sieckman,1
713-345-7862,1
namty-ln1-,1
reload,1
netiq,1
namty-ln1,1
wilma,1
bleshman,1
713-853-1562,1
tremor,1
downtim,1
aftershock,1
entail,1
solari,1
current_efct_date=06/08/2001,2
06/08/2001,2
gear,2
novic,2
nexis.com,2
eb572,2
dilig,2
no-show,2
200.00,2
placewar,2
dji,2
aspect,2
713-345-7928,1
stephanie.e.taylor,1
zone,1
personalizing/custom,1
tailor,1
//esource.enron.com/training.htm,1
current_efct_date=10/29/2001,2
10/29/2001,2
crenshaw,3
shirley,3
psim,2
coneway,1
betti,1
consider,2
monte-carlo,1
eb5c2,1
huang,1
3-5290,1
pizza,1
crow,1
2.00,1
onward,2
gss,2
800-97-enron,2
worldphon,2
1-800-97-enron,2
wherebi,1
mci,1
worldcom,1
telecommun,1
c.s.t,1
//home.enron.com:84/messaging/mciannouncement.doc,1
1-800-973-6766,1
0-800-97-enron,1
800-973-6766,1
U.,1
713-345-5552,1
hasan,1
imam,1
713-345-8525,1
adriann,1
x57302,1
ibit,10
segment,3
significantli,2
cloud,2
write-down,2
recur,1
dilut,1
0.43,1
0.45,1
1.80,1
2.15,1
minor,1
754,1
88.2,1
trillion,1
thermal,1
equival,1
tbtue/d,1
701,1
26.7,1
tbtu/d,1
77,2
290,1
mwh,1
53,1
71,1
95,000,1
74,1
elektro,1
tg,1
investment-rel,1
unalloc,1
one-tim,1
1.01,1
287,1
183,1
544,1
superb,1
www.enron.com/corp/pressroom/releas,1
dinardo,1
PO,1
rowayton,1
06853,1
g020602.pdf,2
y/i,2
3-10,2
pira,2
3.84,2
7:01,1
2/10,1
pira',1
2.99,1
3.00,1
3.31,1
3.70,1
3.40,1
3.48,1
4.10,1
3.57,1
4.20,1
3.66,1
4.30,1
3.75,1
3.60,1
transalaska,1
highway,1
3.80,1
3.93,1
3.59,1
pronounc,1
duke,1
40,000/d,1
25,000/d,1
7-10,1
4-5,1
seller,1
was/i,1
road,1
easier/cheap,1
isc,1
713-345-4727,1
p00502593,1
reset,1
to:14435971,1
nfl'2001.xl,2
imceanotes-+22matt+20cuocci+22+20+3cmattc+40elitebrokers+2enet+3e+40enron,2
award,1
//ehronline.enron.com,1
//hrweb.enron.com,1
painewebb,1
istaffinggroup.com,2
distinct,1
marketing/origin,1
sincer,1
pitt,1
850-8399,1
850-7746,1
281,1
467-0022,1
intelligentietest.htm,1
prebon,1
sendomatic.com,1
//www.sendomatic.com/servlets/v,1
e=63433,1
u=761191,1
//www.sendomatic.com/servlets/l,1
u=mike.maggi,1
//www.sendomatic.com,1
energy111901.doc,5
//remoteservices.netco.enron.com/ica/ubswenergy.ica,1
ubswenergy/enron,1
q,1
9M,1
npx,1
www.ubsenergy.com,1
//www.ubswenergy.com/site_index.html,1
fb-financi,1
mus85730,1
x33465,1
713-584-4444,1
713-853-3465,1
5:20,1
4:08,2
ela,1
832-274-6528,1
aound,1
summar,1
capstone.doc,1
11-27-01,1
hahaha,1
cftc-ng-11-27-01.doc,1
3com,3
cn=mike,5
maggi/ou=corp/o=enron,5
omni,2
palm.net~,2
omnitodo,2
updatedbi,2
/omni,2
/omnitodo,2
omninot,1
/omninot,1
omnipab,1
person~~~~~accessories~~~~~~~~~~~~~~~~~~~~palm,1
company~~~~~~~~~~~~~~~~~~~~~~~~~~~~~~~,1
person~~~~~custom,1
care~~~~~~~~~~~~~~~~~~~~palm,1
company~~~~~~~~~~~~~~~~~~~~~~~~~~~~~~custcar,1
person~~~~~techn,1
support~~~~~~~~~~~~~~~~~~~~palm,1
company~~~~~~~~~~~~~~~~~~~~~~~~~~~~~~support,1
/omnipab,1
omnistartdatetim,1
/omnistartdatetim,1
omniduedatetim,1
/omniduedatetim,1
omniduest,1
/omniduest,1
omnisubject,1
www.palm.net,1
/omnisubject,1
omnibodi,1
/omnibodi,1
omniimport,1
/omniimport,1
omniassignst,1
/omniassignst,1
omniassignedto,1
/omniassignedto,1
omnifrom,1
/omnifrom,1
omniorgt,1
T0,1
/omniorgt,1
omnicalendarentri,1
/omnicalendarentri,1
7:57,1
daren,1
noweakstomach,1
kick-breaknosound.mpg,1
disclaim.txt,1
4:32,3
outfit,2
4:33,1
skirt,1
2:26,1
seats.xl,1
capstone-ta.com,1
7:35,1
david_hsu,1
pancanadianenergy.com,1
luara,1
6:23,1
lopez,1
raquel,1
hamilton,1
deshonda,1
6,2001,1
18,2001,1
