enron,916
=20,720
look,54
us,120
=01,69
busi,152
new,242
2001,260
find,48
trade,618
take,114
detail,1092
feast,6
eye,9
',33
cool,12
color,6
'll,33
find=,6
mailbox,36
home,21
onlin,45
home.enron.com,15
public,30
volum,63
1,1254
're,18
houston,107
might=,6
extra,6
copi,24
plaza,12
java,6
lobbi,6
buildin=,6
g.,6
In,83
thi,2544
issu,48
industri,36
market,234
invigor,3
old,33
economi,6
marketplac,3
by=20,6
creat,24
transpar,3
system,322
paper,12
pulp,3
steel,6
jeff,39
skill,54
back,111
2000,48
tell,21
expect,51
20=,3
01=20,3
give,42
intim,3
lng,3
becom,48
promis,6
option,21
salut,3
100th,3
anniversari,3
spindletop,3
insid,9
ga,21
book,57
work,197
told,3
year,75
resolut,60
enter,39
word,27
search,9
win,18
50,30
american,45
express,12
gift,9
certif,15
Do,167
n't,65
dalli,6
deadlin,30
entri,75
friday,81
march,87
30,36
got,3
extrem,18
hobbi,3
We,327
want,65
know,162
start,1071
reading=01,3
outag,765
schedul,3942
No,1895
PM,687
fri,324
3/16/2001,93
thru,459
713,357
sat,420
3/17/2001,69
impact,321
CT,294
PT,294
london,291
pager,225
server,226
AM,446
E,180
see,141
origin,142
report,189
patch,45
S,111
data,864
center,217
corp,129
time,408
10:00:00,51
4:00:00,60
environ,174
purpos,165
backout,159
contact,252
Y,72
T,84
L,72
facil,87
oper,1899
edi,72
also,159
exchange/outlook,15
8:00:00,57
chassi,6
problem,66
6:00:00,84
12:00:00,60
unix,12
o/,12
fddi,75
migrat,138
develop,75
group,198
stabil,12
reinstal,9
previou,24
wilford,9
steven,33
713-853-7564,9
lakshminarasimhan,6
srinivasan,6
713-345-8490,6
sun,171
3/18/2001,18
sitara,78
unifi,102
help,144
on-cal,72
853-9797,72
W,36
K,36
N,36
D,39
M,42
V,36
B,45
F,36
O,1110
R,42
16,96
5:00pm,39
19,84
12:00am,39
ardmor,39
azurix,36
eb34,36
north,57
lan,39
field,78
servic,314
internet,51
messag,1077
5:15:00,9
3:15:00,6
11:15:00,6
swap,12
nahou-msmsw03v,3
users-corp,3
current,90
hardwar,18
sawp,3
test,27
fail,144
one,70
cluster,9
node,3
ani,204
NA,6
dalak,6
malik,6
713-345-8219,6
NT,42
os/2,36
upgrad,36
fava,3
navi,3
europa,3
electron,18
spectra,3
genesi,3
sdv1tib1,3
level,21
5:00:00,72
3:00:00,84
11:00:00,75
instal,6
eclips,3
sunray,3
madrdid,3
quark,3
modena,3
version,21
sun/oss,36
telephoni,36
termin,45
assist,81
853-1411,36
853-5536,36
inform,308
risk,96
manag,186
specif,39
284-3757,36
288-0101,36
rus/gops/geotools/apr,36
639-9726,36
oss/ua4/tarp,36
285-3165,36
cpr,36
284-4175,36
support,110
327-3893,36
ee,212
desk,180
OR,63
888,36
ibuyit,233
invoic,225
payabl,222
approv,154
code,152
respond,72
e-mail,179
pleas,501
mari,33
To,190
enron.com,110
unit,140
newhous,27
exampl,57
import,123
train,96
yes/no,51
enronxg,50
employe,110
state,123
subject,132
repli,85
request,80
Or,56
name,92
corpor,83
ye,90
remot,32
user,128
thank,258
On,61
process,145
houston-bas,43
account,131
If,316
may,181
1st,49
list,94
newhouse/enron,12
04/11/2001,28
09:38,6
imceanotes-ibuyit+40enron,32
smtp,22
cc,97
RE,30
alreadi,27
previous,21
sheila,71
knudsen,49
maria,9
E.,12
marie.newhous,9
BU,9
NO,23
Am,12
sometim,12
ext,15
54185,9
-origin,17
announcements/corp/enron,17
mailto,29
imceanotes-enron+20announcements_corp_enron+40enron,17
behalf,23
Of,17
sent,67
wednesday,53
april,215
11,104
12:42,14
good,83
read,74
ole,14
object,26
pictur,14
metafil,14
activ,65
organ,41
submit,47
via,47
AP,35
drop,29
box,65
600,26
jefferson,47
project,37
team,126
ha,248
share,59
transit,29
identifi,41
futur,31
coder,23
upon,26
receipt,38
follow,113
full,26
first,74
middl,38
last,86
address,125
et,35
ew,25
eb,38
dialup,17
access,107
network,74
ensur,47
receiv,104
respons,113
attach,47
file,1100
information.doc,14
ME,7
....,8
prashant,2
bhairgond,2
broadband,22
milli,2
gautam,2
04/11/01,8
09:41,2
onli,85
send,87
keep,38
.....,2
DO,5
hit,5
TO,50
worldwid,5
mean,17
everyon,42
sender,2
jonathan,8
anderson,2
email,94
fyi,12
everi,27
ask,48
taken,21
stop,24
slow,6
remov,21
mail,64
histori,4
tri,40
differ,19
unfortun,5
think,23
primari,32
howev,38
note,122
use,197
select,26
reason,20
get,77
unsolicit,2
becaus,38
inappropri,5
distribut,72
therefor,14
answer,53
jack,2
f.b,2
netek,2
specialist,20
deploy,2
integr,38
tel,12
713-345-8677,2
cell,23
713-539-5539,2
877-237-4815,2
jacknetek,2
pagenetips.com,2
well,109
beat,2
two,56
thing,35
excel,38
victori,2
conceptu,2
distinct,2
experienc,2
alfi,2
kohn,2
chri,55
nowak/enron_develop,4
enron_develop,4
hello,8
energi,541
ana,2
castanon,2
10:47,2
phone,53
713-345-5841,2
idea,42
espeak,42
've,20
week,60
post,24
vault,15
make,138
avail,129
today,62
perspect,6
investor,18
relat,63
mug,6
mous,6
pad,6
five,6
rout,18
review,21
includ,102
airlin,12
offic,121
locat,54
geostationari,3
satellit,6
meter,3
success,36
stori,12
toni,3
pickett,3
suggest,21
compil,3
glossari,3
term,33
abbrevi,6
acronym,3
jargon,3
hire,30
step,3
realiti,3
visit,15
thinkbank,15
releas,18
audienc,3
chang,165
veri,33
subtl,6
ad,30
featur,18
stamp,3
abil,12
format,9
even,51
put,51
speaker,3
photo,3
transcript,18
window,12
case,24
forget,15
host,3
event,51
smooth,3
behind,3
scene,3
hope,21
site,33
let,114
next,39
place,36
thursday,57
mar,9
29,18
10,123
a.m.,18
mark,42
koenig,9
execut,33
VP,15
discuss,21
function,36
provid,135
stock,12
updat,66
hey,9
check,30
stainless,3
It,57
almost,3
signatur,9
shop,6
lot,12
realli,12
neat,3
ethink,9
stuff,3
buy,93
ethink.enron.com,15
cours,57
class,42
ami,78
particip,54
negoti,24
either,42
outlin,21
interest,90
attend,57
present,27
date,1101
9:00,24
5:00,18
pm,21
Be,21
determin,36
size,18
limit,21
program,72
remind,45
forward,81
fitzpatrick/pdx/ect,9
08:49,6
fitzpatrick,45
04/04/2001,30
04:23,3
portland,108
west,75
opportun,75
offer,15
2,2205
13th,9
trick,6
analyst,36
biz,6
koomey,6
phd,6
staff,12
scientist,6
lawrenc,6
berkeley,6
nation,39
lab,6
18th,6
fact,27
fingertip,6
key,24
refer,36
sourc,21
understand,33
pitfal,6
acquisit,6
handl,12
introduct,6
envelop,24
calcul,18
summari,18
US,12
western,18
electr,30
still,21
trial,6
phase,39
requir,237
feedback,6
content,12
overal,12
deliveri,12
15,84
fight,9
fire,6
without,24
burn,6
bridg,9
cohen,6
presid,42
compani,90
tuesday,39
8th,9
9th,6
pre-work,6
questionnair,6
concern,33
roger,9
fisher,6
william,51
uri,6
workshop,6
introduc,12
interest-bas,6
reinforc,6
care,18
structur,39
interact,9
tool,57
increas,24
collabor,6
reduc,48
conflict,9
18,102
question,228
regard,48
hesit,12
need,204
mw,99
st-cali,42
long,45
short,51
HE,165
sp-15,24
zero,21
enpow,45
imbal,24
purchas,132
sale,81
tomorrow,39
deal,117
made,45
counterparti,51
7-22,9
turlock,12
vari,6
price,228
per,27
instruct,18
100,21
7,129
220,9
cap,27
25,36
np-15,21
290,3
move,60
modesto,3
dynegi,6
number,108
sheet,45
newest,3
snpd,3
790617,3
flat,6
8,126
171,3
579037,3
st-whourli,6
st_wbom,3
20,90
mead,6
230,9
11-16,3
transmiss,72
nevp,9
input,6
power,177
ncpa,60
run,21
across,27
path,27
sell,87
outright,3
150,9
epmicalpoo,3
st-wbom,27
call,120
503-887-3449,15
advanc,12
bill,183
survey,15
improv,39
custom,147
commit,12
continu,117
focus,6
desktop,12
order,93
hear,6
5,141
minut,33
complet,48
return,6
appreci,12
http,52
//nahou-webcl1.corp.enron.com/inquisite/quarterlysurveymarch2001/quarterl,3
ysurveymarch2001.html,3
iso,699
januari,15
preliminari,12
wa,93
notic,36
fund,9
settlement,36
advic,6
iii/pdx/ect,21
04/12/2001,6
caiso,9
invo,6
ice,6
woertz,6
byron,6
caiso.com,9
section,12
total,60
916,12
alway,9
doe,36
matter,18
beep,3
print,15
unless,12
negative-then,3
bet,6
charg,27
08:29,6
ect,48
daniel,6
kang/hou/e,3
jubran,3
whalan/hou/e,3
bad,636
posit,156
abl,45
length,57
real,96
given,12
statement,9
would,143
trader,63
aggress,3
possibl,54
ie,6
cent,6
dollar,9
sound,6
proposit,6
welcom,24
nfb,3
neil,3
bresnan/hou/e,3
07:22,3
bwoertz,3
06:31:30,3
imceaex-_o=caiso_ou=corporate_cn=distribution+20lists_cn=iso+20market+20parti,3
cipant,3
SC,405
imceaex-_o=caiso_ou=corporate_cn=distribution+20lists_cn=scsettlecontact,3
cai,6
so.com,6
cash,12
clear,6
3,123
due,48
shortfal,3
debtor,3
perform,471
accord,9
tariff,6
protocol,3
sabp,3
6,141
appropri,24
pro-rata,3
coordin,3
5,980,329,3
835,450,697,3
result,21
pay-out,3
percentag,3
0.7,3
collect,15
12,952,985,3
5,940,329,3
cover,9
gmc,3
short-pay,3
adjust,15
comprehens,12
later,42
thereaft,3
amount,36
owe,6
phil,3
leiber,3
dir,3
financi,60
plan,30
treasur,3
california,126
351-2168,3
916-351-2259,3
fax,16
B.,3
jr.,3
director,18
client,36
608-7066,3
800,6
481-7037,3
IS,17
log-in,6
solut,39
713-345-4727,6
kathi,9
night,21
days/night,3
5/1,3
5/3,3
day,108
5/4,3
5/17,3
realtim,12
coupl,15
ago,3
crawler,9
birthday,6
month,42
hard,27
happi,12
lunch,6
13,84
tim,24
belden,3
calger,9
floor,36
done,15
celebr,3
cooki,9
associ,30
ted,12
within,51
/,1524
traci,9
hemispher,9
anna,12
assum,12
join,84
held,12
recent,51
human,6
resourc,18
europ,15
like,71
announc,30
effect,45
immedi,30
warner,3
recruit,3
1995,3
america,24
bland,3
career,3
rotat,9
sinc,33
1989,3
sever,35
role,24
wholesal,12
assign,18
commerci,21
jansson,3
base,21
lead,22
effort,15
eastern,3
past,27
three,6
set,36
billi,12
lemmon,6
vice,24
holiday,9
fit,3
impuls,3
easter,3
basket,3
come,63
littl,12
someth,12
sweet,9
C,24
engin,21
eeo,12
better,18
capabl,21
align,6
construct,12
EE,6
CC,6
nepco,6
brian,24
chief,18
keith,9
stand-alon,6
asset,15
around,24
world,27
e=20,42
global,37
t=,39
he=20,9
followin=,3
g=20,12
organiz,3
form,39
wi=,3
ll=20,3
exist,21
compa=,3
ny=20,3
oec,3
producti=,3
on=20,18
stanley,9
dodson,3
as=20,6
leadership,9
new=20,9
chairman,21
wholesale=20,3
under=,3
john,36
gilli,3
major,9
oec=01,3
and=20,18
effort=,3
s=20,12
a=,15
closely=,3
direct,39
realign,3
central,12
capabiliti=,3
es=20,9
singl,6
segment,6
innov,15
best=20,3
practic,6
implement,18
mani,54
al=,3
so=20,3
allow,33
identif,15
prioriti,6
allocation=,3
consist,6
approach,9
development=,3
dual,9
units=20,3
extens,9
portfolio,6
wid=,3
varieti,9
critical=,3
maintain,33
best,21
design,12
commiss,6
enron=01,42
assets=,3
a=20,9
basi,27
insur,9
enhanc=,3
demonstr,9
sustain,3
advantage=,3
strategi,18
congratul,24
frevert,3
dave,30
delainey,6
sorri,6
late,18
peopl,24
suit,12
UO,3
mba,9
student,3
learn,45
expens,15
benefit,15
claim,6
incur,3
dure,36
flexibl,6
spend,18
health,6
depend,6
transport,15
medic,3
dental,3
decemb,6
31,15
vision,24
six,3
disrupt,15
4/15/2001,12
gener,480
mainten,66
databas,474
7:00:00,81
dn,21
restart,12
malcolm,42
cst,6
prepar,27
4:45:00,3
dserv2,3
backup,12
IP,36
172.16.2.166,3
nic,3
shutdown,15
4/13,3
4/14,3
9:00am,3
descript,12
cut-ov,3
weekend,30
4/20-,3
4/22,3
product,39
MS,60
sql,48
technic,15
desc,3
undergo,6
stabl,6
regan,6
smith,9
713-853-9291,6
ripley,6
713-345-4709,6
ramesh,6
rao,6
713-345-4207,6
sap/isc,21
345-4727,24
mike,21
purcel,6
leav,18
hi,51
vacat,9
mid,3
replac,27
midc,3
apx,18
load,528
MW,57
sierra,12
light,12
185,3
stan,18
np15,360
DA,3
jeremi,6
ectrt,303
zone,9
pge3,111
whatev,6
cob,6
straight,3
export,36
maxim,6
581335-purchas,3
581356-desk,3
sure,63
cheer,9
jess,12
np,6
figur,6
go,60
sc,3
So,9
netiquett,9
point,18
confidenti,18
tip,6
way,42
reader,6
angri,6
exclam,6
document,21
rememb,33
proper,3
larg,15
portion,6
commun,71
vendor,24
co-work,3
polish,3
concis,3
cluless,3
line,27
phrase,3
hint,3
uppercas,3
text,3
equival,6
yell,3
lower,15
thu,6
voic,21
watch,6
excess,15
punctuat,3
whenev,3
bodi,3
rather,6
recipi,12
disk,597
space,573
clutter,3
inbox,3
unnecessarili,3
spellcheck,3
Is,12
friend,9
deserv,6
assur,9
grammar,3
spell,21
correct,12
privaci,3
net,3
privat,9
never,9
anyth,21
front,3
page,6
newspap,3
secur,57
guarante,6
cyberspac,3
avoid,9
sensit,3
easi,6
someon,9
els,21
consid,18
quick,15
refin,3
paragraph,3
break,6
smaller,3
sentenc,3
minim,6
outsid,18
plain,6
simpl,18
elabor,3
bold,3
indent,3
etc,27
normal,15
person,49
letter,12
e.g.,6
bob,3
ms.,3
sarcasm,3
danger,6
convey,3
emot,3
pnm,12
35,6
park,30
off-peak,9
monday,42
4C,3
PV,30
nice,3
split,12
upsid,3
ST,3
SW,18
annuiti,9
581199,3
shape,3
he1,3
he2,6
he3,6
he4,6
he5,6
45,3
he6,6
he23,3
he24,6
350,3
varianc,2334
final,3780
4/16/01,108
hour,2496
detect,1584
import/export,396
trans_typ,1665
sc_id,1665
mkt_type,1665
trans_dat,1665
hourahead,1197
ancillari,912
award,912
log,975
pars,939
\portland\westdesk\california,1071
scheduling\iso,1071
schedules\2001041607.txt,3
found,1041
tabl,786
tblintchg_impexp,135
prefer,1065
12.00,78
11.98,66
tie_point,366
pverde_5_dev,186
interchg_id,366
epmi_ciso_lucki,3
engy_typ,366
wheel,156
+++,630
epmi,1095
trading_sc,762
pgae,42
pnt_of_intrc,762
sched_typ,762
engi,762
purch_sal,762
deal_no,762
committe,51
prc,30
chair,21
membership,18
analyst/associ,15
decis,24
member,18
serv,27
promot,12
david,18
broaden,6
evalu,6
recommend,30
addit,66
criteria,9
rick,12
shankman,6
janet,6
sherriff,6
shive,6
joe,6
kevin,6
=09,6
jackson,6
=09ed,6
attract,12
talent,9
the=,30
charlen,6
cultur,6
valu,15
divers,6
task,15
launch,6
across=20,3
breadth,3
nonhierarch,3
mak=,3
e,9
it=20,9
increasingli,3
necessari,12
next=20,3
affect,18
as=,3
extend,6
working=,3
relationship,6
influenc,3
throughout,3
charter,3
forth,6
everyone=,3
urg,3
all=20,3
o=,21
f=20,15
and=,33
wil=,6
l=20,18
propos,21
evaluation=,3
follow=,3
belden=09ben,3
glisan=09danni,3
mccarti,3
michael,15
brown=09jo,3
gold=09jeff,3
mcmahon,3
buy=09mark,3
haedicke=09rob,3
milnthorp,3
colwell=09jim,3
hughes=09matthew,3
scrimshaw,3
cox=09louis,3
kitchen=09jeff,3
dietrich=09michael,3
kopper=09richard,3
shapiro,3
duran=09john,3
lavorato=09marti,3
sund,3
jim,21
fallon=09dan,3
leff=09,3
divid,3
will=,3
be=20,12
pierr,3
aury=09kevin,3
heffron=09andrea,3
radmach,3
rob,3
bayley=09jo,3
hirl=09stuart,3
rexrod,3
paul,9
chivers=09chri,3
mahoney=09marcello,3
romano,3
marku,3
fiala=09christoph,3
mckey=09bjarn,3
schieldrop,3
gallagher=09roy,3
poyntz=09ron,3
slimp,3
bruce,3
garner=09paul,3
quilkey=09rob,3
stewart,3
horton,6
its=,6
salli,3
beck,3
=09troy,3
henry=09kevin,3
presto=20,3
blachman=09sean,3
holm,3
=09brad,3
richter=20,3
black=09sean,3
=09stewart,3
seeligson,3
dan,6
castagnola,3
=09rodney,3
malcolm=09hunt,3
deffner=09scott,3
neal,3
=09jim,3
steffes=20,3
garland=09john,3
nowlan,3
=09andi,3
zipper=20,3
gorte=09ozzi,3
pagan,3
steve,18
kean,3
its=20,3
federico,3
cerisoli,3
=09mark,3
=09everett,3
plante=20,3
jennif,3
fraser,3
=09ben,3
jacobi,3
=09paul,3
racicot=20,3
derrick,3
davies=09stev,3
jernigan,3
=09angela,3
schwarz,3
scott,18
gahn,3
=09jay,3
lewi,3
smida=20,3
rod,3
hayslett=09cheryl,3
lipshutz,3
=09jon,3
thomsen=20,3
herndon,3
=09michael,3
mann=09emilio,3
vicens=20,3
brenda,3
herod,3
mcmichael,3
=09frank,3
vickers=20,3
howard,3
=09steve,3
meyer,6
essenti,9
growth,6
abilit=,3
to=20,21
biggest,3
contributor,3
area,51
current=,3
ly=20,9
in=,12
ees=01,6
wo=,6
rk=20,6
contribut,18
be=,12
administ,15
ceo,15
currently=,3
day-to-day,3
operations=,3
1992,3
of=,12
capac,18
participant=,3
/analyst,3
phillip,3
allen=09andi,3
fastow=09er,3
shaw,3
robina,3
barker-bennett=09kevin,3
garland=09hunt,3
causey=09ken,3
rice=09stu,3
staley,3
deffner=09=09,3
combin,6
corporate=20,3
chaired=,3
ken,6
lay,3
cindi,3
olson,3
beth,3
tilney,3
kelli,3
kimberli,3
focu,3
work-lif,3
easier,3
retain,6
forc,12
this=20,3
greg,6
adams=09louis,3
kitchen=09mark,3
palmer,6
shelley,3
corman=09michael,3
kopper=09paula,3
rieker,3
dietrich=09richard,3
lewis=09jeff,3
donahue=09sean,3
long=09mitch,3
taylor,3
gene,12
humphrey=09dan,3
mccarty=09mik,3
terraso,3
robert,3
jones=09jean,3
mrha=09,3
polici,21
conduct,24
MD,3
the=20,36
substanti,3
defer,3
th=,18
o=20,30
signific,6
face,9
schedules\2001041608.txt,3
9,117
schedules\2001041609.txt,3
belden/hou/ect,6
bpa,54
ca_sales_tp3.doc,6
pleasur,3
04/16/2001,3
07:25,3
alan,3
comn,3
04/13/2001,3
01:50,3
gfergu,3
brobeck.com,3
rcarrol,3
bracepatt.com,3
ray,3
alvarez/na/enron,3
susan,3
J,6
mara/na/enron,3
Fw,3
cal,3
studi,3
bonnevil,3
administr,24
l.a.,3
articl,3
assert,3
among,6
manipul,3
ae,3
cae,3
parti,15
believ,12
oliv,3
503,6
230-3295,3
schedules\2001041610.txt,3
schedules\2001041611.txt,3
50.00,18
49.99,9
fcornr_5_psuedo,111
epmi_ciso_south,6
firm,180
12,84
schedules\2001041612.txt,3
schedules\2001041613.txt,3
14,87
tblload,312
load_id,312
137.52,6
schedules\2001041614.txt,3
5.76,3
5.75,3
pge2,60
sdg1,45
period,21
candid,42
debra,21
complex,6
extern,30
of=20,27
absenc,9
close,495
experi,24
davidson,6
fo=,6
r=20,12
duti,18
compos,3
memo,3
correspond,3
brief,6
sketchy=018,3
draft,3
verbal,9
greet,3
employee=20,3
timekeep,3
sap,21
travel/meet,3
arrang,3
independ,3
travel,24
schedules=,9
mode,9
accommod,3
monitor,15
control,36
accuraci,9
efficient=20,3
retriev,42
occasion,3
microsoft,18
powerpoint,3
switchboard,3
receptionist,3
coverage=,3
orient,15
organizational=,3
possess,6
fast-pac,3
with=20,3
multipl,12
concurr,3
At,18
least,18
secretarial/administr,3
abov,39
averag,9
interperson,3
type,93
proofread,3
spelling=,3
grammat,3
strong,9
PC,6
powerpoi=,3
nt=20,6
must,75
benefici,6
with=,3
supervis,3
intern,33
f=,9
or=20,12
no=,3
23,114
feel,21
free,30
miss,12
ear,3
w/molli,3
ebiz,33
click,36
york,3
deregul,12
opinion,3
bush,3
latest,15
Go,15
schedules\2001041615.txt,3
schedules\2001041616.txt,3
17,381
schedules\2001041617.txt,3
tblgen_schedul,153
45.00,12
44.90,3
delano,15
unit_id,225
pandol_6_unit,12
schedules\2001041618.txt,3
rey,3
financ,30
He,18
throught,3
VM,3
familiar,3
moment,9
murray,3
o'neil,3
schedules\2001041619.txt,3
tie,9
pac,15
right,30
pacif,9
12mw,6
silverpeak,9
spp,6
hilltop,6
snoho,6
BE,15
much,21
powerex,18
guy,21
south,24
17mw,3
sp15,408
FC,6
www.swoasis.com,3
6.90,3
on-peak,9
3.90,3
mal2,3
mal5,3
5.84,6
anoth,21
sink,21
bounc,3
befor,21
malin,15
tag,21
piss,3
templat,6
SO,3
IT,33
confirm,24
especi,6
sleev,6
anybodi,3
competit,6
socal,3
edison,3
flow,6
cali,3
opposit,3
24hr,3
advantag,9
853724,3
spp-snoho,3
853703,3
spp-puget,3
853725,3
geir,9
schedules\2001041620.txt,3
21,369
schedules\2001041621.txt,3
22,69
schedules\2001041622.txt,3
great,30
yo=,6
ur=20,6
28,12
idea=,3
talk,6
on=01,6
famou,3
ingrained=20,3
characterist,6
natural-born,3
adrenalin,3
junki,3
we=20,3
eco-challeng,3
driving=,3
monster,3
truck,6
archeolog,3
dig,3
siberia,3
abou=,3
t=20,6
unusu,3
pastim,3
missionary=,3
congo,3
chase,3
tornado,3
film,3
shark,3
sarah.palm,3
713-853-679=,3
0=20,3
sarah,3
eb4703d,3
texas=,3
77002,3
choos,12
favorit,9
publish,3
issu=,6
newli,3
//home.enron.com/pubs/enronbiz/2001/vol1/index.ht=,3
schedules\2001041623.txt,3
24,117
schedules\2001041624.txt,3
ferc,3
commission,3
PG,30
bankruptci,3
transwestern,3
arizona,6
expans,3
fortun,15
smile,3
u.k.,6
rule,6
4/17/01,405
schedules\2001041702.txt,3
epmi_ciso_erni,108
schedules\2001041703.txt,3
4,108
schedules\2001041704.txt,3
schedules\2001041705.txt,3
schedules\2001041706.txt,3
tblint_interchang,150
-100.00,6
-98.00,3
aei1,27
104.88,3
102.88,3
schedules\2001041707.txt,3
schedules\2001041708.txt,3
session,51
depart,21
hold,27
3/23,9
Mt,36
hood,36
10:00,24
senior,18
fundament,24
analysi,9
heizenrad,9
10:30,21
specialist/analyst,9
iii,9
11:00,27
specialist/senior,9
stokley,9
12:00,9
research,15
renew,15
elliot,9
mainzer,9
2:30,9
preschedul,30
cara,30
semperg,15
mention,15
delet,21
schedules\2001041709.txt,3
error,717
record/key,6
record,21
0.00,225
epmi_ciso_scout,33
schedules\2001041710.txt,3
sylmar_2_nob,3
50.05,3
50.02,6
schedules\2001041711.txt,3
50.79,3
50.76,3
disput,36
interfac,39
real-tim,45
group=20,6
on=,15
anyon,30
amy=20,6
physic,27
transact,27
curtail,6
schedul=,6
preserv,12
non-perform,12
trading=20,18
update=20,6
explain,9
suppli,30
interrupt,6
minimize=,6
hourli,15
bilater,12
initi,24
profit,18
accept,36
risk=,6
exposur,15
settlements=20,6
is=20,6
extern=,6
al=20,6
inquiri,6
contract,36
which=,6
for=20,9
customer=01,12
gathe=,6
ring=20,6
derat,21
job,30
groups=,12
aid,6
resolution=,6
volume/pric,6
discrep,24
resolv,15
real-tim=,6
concerns=20,12
fsp,9
oati,6
technolog,27
mainta=,12
in=20,21
qualif,12
bachelor,18
wscc,15
solv,12
knowledg,21
visual,12
basic,15
self,12
motiv,12
schedules\2001041712.txt,3
download,135
manual,138
intervent,135
schedules\2001041714.txt,3
schedules\2001041715.txt,3
epmi_ciso_tobi,3
schedules\2001041716.txt,3
aep,24
apx1,39
aqpc,24
detm,36
ech1,48
epp,36
ipc1,24
petp,24
scem,27
setc,33
wesc,48
ectstsw,30
calp,21
cpsc,18
crlp,36
nes1,54
pwrx,42
slvrpk_7_spp,60
nfrm,69
epmi_ciso_7000,12
azua,12
ket3,12
miec,12
sel1,12
wamp,12
mid1,12
pac1,12
schedules\2001041717.txt,3
epmi_ciso_spp,3
epmi_ciso_4000,15
ectstca,69
epmi_ciso_4001,9
pse1,6
cdwr,6
emmt,6
nei1,6
rvsd,6
sce1,48
sdg3,6
sdg4,6
pay,48
autom,6
payment,27
indulg,3
sens,6
//home.enron.com:84/messaging/index.html,3
schedules\2001041718.txt,3
9.46,3
9.45,3
buy-resal,18
pacificorp,12
nightli,6
agre,15
resal,3
sar,3
numer,6
listen,3
tape,21
spread,12
establish,6
separ,6
schedules\2001041720.txt,3
dinner,6
6pm,6
26th,9
oritalia,3
westin,6
hotel,24
indic,9
meal,3
meat,3
beef,3
veggi,3
pasta,3
entre,3
morn,55
grace,15
x8321,3
schedules\2001041721.txt,3
schedules\2001041722.txt,3
schedules\2001041723.txt,3
4/18/01,114
schedules\2001041801.txt,3
3/23/2001,99
3/24/2001,48
3/25/2001,27
9:00:00,75
DC,6
en,12
vlan,6
shishido,12
713-853-3780,9
redund,6
router,15
goe,9
cdpd,6
air,9
card,9
configur,21
master,9
machin,9
1600,6
OS,12
26,9
decommiss,6
corphou-02b,3
login,9
sam,3
beyond,6
anymor,6
bring,27
meurer,3
713-853-1743,3
1:00:00,51
part,18
re-design,3
oc3',3
add,36
172.30.10.0,3
link,18
switch,15
entir,12
none,15
edg,3
faster,3
io,3
softwar,9
potenti,15
vulner,3
shupak,3
713-853-7943,3
bryan,3
aubuchon,3
713-345-8446,3
9:45:00,3
7:45:00,3
3:45:00,3
cqg_dda,3
cqg,3
digit,3
enabl,12
legaci,3
n/a,9
sieckman,3
713-345-7862,3
cleanup,6
corp.,6
clean,12
router/,3
method,6
translat,3
aircard,3
jw918,3
appli,24
config,3
jon,3
werner,3
713-853-6742,3
sysadmir,15
occur,9
3448,3
rail,3
rack,6
reus,6
rewir,3
rerack,3
rusti,6
cheve,6
713-345-3798,6
t-3,6
titania,3
oracl,6
storag,15
reconnect,3
restor,18
713-345-3716,36
schedules\2001041802.txt,3
schedules\2001041803.txt,3
schedules\2001041804.txt,3
schedules\2001041805.txt,3
epmi_ciso_desert,30
schedules\2001041806.txt,3
zp26,24
schedules\2001041807.txt,3
schedules\2001041808.txt,3
epmi_ciso_monkey,12
schedules\2001041809.txt,3
schedules\2001041810.txt,3
schedules\2001041811.txt,3
info,9
03/23/2001,12
12:18,6
03/22/2001,6
02:47,6
walk,96
pledg,54
walker,42
t-shirt,36
turn,39
registr,27
prize,24
pick,27
societi,21
judi,15
winner,18
begin,75
salmon,15
oregon,18
end,36
street,18
meet,45
match,21
timson,12
elig,12
overnight,12
packag,18
saturday,33
caus,18
dog,9
prior,27
tax-deduct,9
notif,12
draw,9
kid,12
rain,6
shine,6
rais,6
regist,6
year=01,6
near,15
spring,6
directli,21
10k,6
downtown,21
sign,15
variou,12
deliv,18
n=20,15
8:00-8:30,6
er=20,9
sponsor,6
captain,6
wa=,9
encourag,12
yellow,6
for=,12
thought,15
pri=,6
carri,9
etc.,6
75,6
503/886-0501,6
judy_timson,6
enron.net,6
parkway,6
round-trip,6
ticket,33
continent,6
grand,6
lucki,6
marriott,6
sharp,3
center=20,3
121,6
largest,6
achiev,15
an=,9
d=20,21
proud,3
cure,3
scleros=,3
approxim,15
have=,3
Q,3
instructions/direct,3
orde=,3
salmon=,3
waterfront,3
acr=,3
oss=20,3
build,36
pge=01,3
2nd=20,3
far,3
elect,15
5k=20,3
decid,6
day=,3
constraint,3
walkers=,3
arriv,9
8:00,15
owner,3
leash,3
alo=,3
ng=20,12
pooper-scoop,3
purpose.=20,3
8:30,3
look=20,3
this=,3
ahead,45
fellow,3
later=,3
8:45,3
haven=01,3
walker=,3
betwee=,3
pick-up,3
cent=,3
top,18
escal,3
suppos,6
wear,3
As,39
titl,3
show,9
lk,3
registratio=,3
y=,3
ou=20,3
white,12
ms=,3
collected=,3
dollars/check,3
white=20,3
table.=20,3
receiv=,3
pledges=,3
pre-regist,3
to=,24
pledge=20,3
onc,15
ha=,3
ve=20,3
isn=01,3
regist=,3
absolut,3
s=018,3
regi=,3
stration=20,3
wallet,3
lk=20,3
water,3
umbrella,3
camera,3
munchi,3
backpack,3
employee=,3
contact=,3
up=20,3
easili,9
greater,6
less,15
ms=20,3
at=20,3
forgotten,3
m=20,6
worri,6
dolla=,3
rs=20,3
ey=20,6
chapter,3
1650,3
NW,3
naito,3
190,3
97209,3
503/223-9511,3
IF,9
get=20,3
earlier,6
two=20,3
eligible=,3
april=,6
30th.=20,3
away,9
may=,3
walker=20,3
ze=20,3
via=,3
luck,12
could,30
wonder,6
pr=,3
ize,3
incent,6
I=,6
benson,3
riverplac,3
resid,3
inn,3
by=,6
25=,3
toys-r-u,3
gift=,3
v=,3
ia=20,3
5K,3
people=01,3
walkin=,3
difficult,3
gather,12
afterward,3
we=,15
enjoy,12
booth,3
music,3
refresh,3
food,3
specialist=20,3
2100,3
river,6
97201,3
503-886-0501,3
503-886-0102,3
schedules\2001041812.txt,3
schedules\2001041813.txt,3
schedules\2001041814.txt,3
schedules\2001041815.txt,3
schedules\2001041816.txt,3
schedules\2001041817.txt,3
15.00,3
6.20,3
5.81,3
5.01,3
53.03,3
45.06,3
schedules\2001041818.txt,3
schedules\2001041819.txt,3
schedules\2001041820.txt,3
demand,33
util,42
spot,33
prevent,27
regul,27
california=01,18
crisi,24
volatil,18
rate,27
retail,15
state=01,12
cost,42
protect,18
open,27
percent,12
built,12
shortag,9
peak,51
market=,9
instead,12
permit,9
heat,6
debat,6
straightforward,6
grew,6
factor,12
led,9
imagin,9
high,9
maker,6
polit,6
fix,6
seller,6
media,6
procur,12
relianc,6
plant,15
invest,6
that=,6
wors,9
sector,6
seve=,3
ral=20,3
crisis.=,3
overview,6
situation=,3
happen,9
supp=,3
1998,6
incr=,3
eased=20,3
regulatory=20,3
restrict,3
so=,3
resul=,3
predict,3
summer,21
10=20,3
shi,3
blackout,3
related=,3
regulations=,3
extraordinarili,3
behav,3
lo=,3
medium,3
mortgag,3
everyth,18
fine=20,3
surplu,3
persist,6
ensu,3
megawat=,3
sky,3
rocket,3
second,3
remain=,3
ed=20,3
strand,3
recoveri,3
keep=20,3
meant,3
wholesa=,3
le=20,6
recov,3
nearli,3
bankrupt,3
deregulat=,3
ion,3
competitor,3
new=,3
prudent,3
hedg,12
volatile=,3
restructur,6
warned=,3
altern,15
w=,3
hich,3
adopt,3
avert,3
leader,3
blame,3
ix=20,3
vilifi,3
politician,3
small,18
wind,18
megawatt,3
sold,60
bought,9
bias,3
toward,3
ar=,3
produc=,3
ts=20,3
end-us,3
from=,9
states=01,3
supply=20,3
earli,6
mischaracter,3
turnback=018=,3
our=20,3
california=20,3
direct=,3
them=,3
energy-rel,3
particularli,3
enron=20,6
captur,6
western=,3
custom=,3
ers=20,3
more=,6
summary=,3
mark=,3
et=20,3
shore,3
nothing=,3
byzantin,3
elsewher,3
countri,6
les=,3
often,12
simpl=,3
y=20,6
streamlin,3
iron,3
regulations=20,3
overcom,3
aim,3
environment,3
qualiti,6
displac,3
emit,3
40,6
nox,3
can=,3
abund,3
cleaner,3
expedit,3
shift,36
An,18
retail=,3
trigger,3
balanc,6
deman=,3
fulli,3
truli,3
themselv,9
from=20,3
longer=,3
fixed-pric,3
left,15
han=,3
ds=20,3
exclus,3
ir=20,3
institut,3
uncertainti,3
higher,3
recov=,3
is=,3
matters=,3
don=01,3
work=,3
ed,3
succeed,6
shortages=,3
alloc,9
compet,3
how=20,3
ineffect,3
govern,3
whether,9
imperi,3
vall=,3
silicon,3
valley,3
surefir,3
current=20,3
doubt,3
tax,3
revenu,9
spent,3
power=20,9
educ,3
road=,3
it=01,3
enron=,9
will=20,3
real=20,3
regulatori,6
counsel,6
england,6
My,12
wish,27
hain,3
inc.,9
sullivan,3
road,3
holyok,3
MA,3
01040-2841,3
413,3
535-4000,3
mhain,3
iso-ne.com,3
schedules\2001041821.txt,3
schedules\2001041822.txt,3
wsengy_1_unit,3
schedules\2001041823.txt,3
schedules\2001041824.txt,3
4/19/01,429
schedules\2001041902.txt,3
schedules\2001041903.txt,3
schedules\2001041904.txt,3
schedules\2001041905.txt,3
schedules\2001041906.txt,3
schedules\2001041907.txt,3
reschedul,6
2:00pm,3
rodriguez/pdx/ect,9
12:29,3
10:11,3
schedules\2001041908.txt,3
weeekend,3
ryan,6
schedules\2001041909.txt,3
epmi_ciso_donkey,9
schedules\2001041910.txt,3
schedule=,3
11:00am,3
23rd,6
04/19/2001=,3
07:51,3
04/17/2001,3
08:39,3
schedules\2001041911.txt,3
epmi_ciso_zebra,12
bookmark,3
border,3
SP,3
pgt-malin,3
NP,9
//www.enernetdaily.com/,3
schedules\2001041912.txt,3
16.00,3
15.97,3
schedules\2001041913.txt,3
schedules\2001041914.txt,3
mon,24
3/26/2001,12
10:30:00,15
multicast,12
correctli,9
calgari,27
12:30:00,9
8:30:00,6
4:30:00,9
6:30:00,6
172.30.0.0,3
2:00:00,51
redirect,3
codeset,3
northwest,3
fine,9
repres,18
pressur,3
roll,3
schedules\2001041915.txt,3
schedules\2001041916.txt,3
schedules\2001041917.txt,3
schedules\2001041918.txt,3
-144.00,6
-125.00,9
0.52,6
0.35,6
pge1,33
5.77,3
3.98,3
52.62,3
35.61,3
04_20,6
ees2,6
schedules\2001041919.txt,3
-145.00,3
5.74,3
3.76,3
52.43,3
34.61,3
04-20,3
04_21,3
pge,39
mirant,39
tep,15
gen,6
epe,18
xchang,6
srp-mirant-ciso,6
pvd/sp15,6
cut,51
ciso,18
3205,3
revis,6
spoke,6
awar,12
staci,12
schedules\2001041920.txt,3
0.51,6
0.34,6
5.65,3
3.70,3
51.56,3
34.71,3
chose,9
emeet,15
quiz,6
rest,3
belong,3
handi,3
appear,18
kind,3
well-develop,3
bottom,9
save,24
C.,3
D.,3
deposit,6
ca,21
live,30
pre-submit,9
schedules\2001041921.txt,3
5.67,3
3.91,3
51.68,3
36.64,3
schedules\2001041922.txt,3
-700.00,12
-699.21,3
50.91,3
50.12,3
schedules\2001041923.txt,3
dbcapspmidata,3
unrecogn,3
\enpowercaps\caps97data.mdb,3
4/20/01,114
schedules\2001042002.txt,3
schedules\2001042004.txt,3
schedules\2001042005.txt,3
schedules\2001042006.txt,3
44.21,3
44.18,3
schedules\2001042007.txt,3
schedules\2001042008.txt,3
craig,12
advisor,6
dean,6
statist,3
H,12
block,3
morgan,6
'96,3
graduat,9
washington,3
univers,15
degre,12
schedules\2001042009.txt,3
schedules\2001042010.txt,3
schedules\2001042011.txt,3
-800.00,6
-799.97,6
climb,12
congratulations.,3
longer,9
party.,3
prospectu,6
roster.,3
snail,3
mail.,3
acknowledg,3
prospectus.,3
hallock,3
prospectus.wyeast.doc,3
climb.party.roster.wy'east.doc,3
schedules\2001042012.txt,3
model,27
third,6
row,3
4th,6
resent,3
typo,3
caught,3
carp,3
spin,24
sum,3
regular,3
reconcili,3
feb,3
haunt,3
impress,3
attent,15
mistak,3
procedur,9
schedules\2001042013.txt,3
scl,15
unwil,6
dec,9
bid,6
puget,3
882716,3
wwp,3
681713,3
882790,3
tacoma,3
882791,3
realiz,6
unabl,6
buy/resal,12
snohomish,12
790612,3
RT,27
spreadsheet,12
P,3
/realtim,3
schedules\2001042014.txt,3
44.98,3
epmi_ciso_vick1,12
-450.00,3
-449.97,3
schedules\2001042015.txt,3
harbgn_7_unit,75
carla,3
hoffman,3
endeavor,6
richter,15
schedules\2001042016.txt,3
80.00,6
79.97,6
56,6
04-23,3
81,3
seattl,3
reach,21
4/20/2001,9
4/23/2001,9
icon,6
2.3.11,3
schedules\2001042017.txt,3
willamett,33
le,15
touch,3
78,000,3
lester,3
rawson,6
04/20/2001,3
02:36,3
ind,3
4/21,3
doug,3
reiner,3
Mw,9
1-6,6
25mw,6
3316,3
8mw,12
schedules\2001042018.txt,3
schedules\2001042020.txt,3
schedules\2001042021.txt,3
morning/afternoon,3
03/28/01,3
4:30,6
-887-3449,3
schedules\2001042022.txt,3
schedules\2001042023.txt,3
epmi_ciso_5001,54
epmi_ciso_5000,3
-699.97,9
schedules\2001042024.txt,3
4/21/01,204
schedules\2001042102.txt,3
0.42,12
0.39,12
schedules\2001042103.txt,3
schedules\2001042105.txt,3
schedules\2001042106.txt,3
schedules\2001042107.txt,3
-50.00,3
-49.59,3
-825.00,9
-816.60,3
4.76,3
3.97,3
43.57,3
35.98,3
1.98,3
1.58,6
pge4,39
schedules\2001042108.txt,3
-824.97,6
apolog,3
worksheet,3
yesterday,3
cosmet,3
accur,6
ees-epmi,3
column,3
head,3
3/27,3
3/2,3
kang,3
foster,18
kate,3
syme,3
503-464-7486,3
schedules\2001042109.txt,3
harbor,60
schedules\2001042110.txt,3
schedules\2001042111.txt,3
schedules\2001042112.txt,3
schedules\2001042113.txt,3
schedules\2001042114.txt,3
schedules\2001042115.txt,3
schedules\2001042116.txt,3
46.41,3
46.38,3
schedules\2001042117.txt,3
4.00,9
3.53,3
sierrapow,9
vestal_6_wdfir,9
schedules\2001042118.txt,3
13.00,9
12.89,6
wheelabrat,6
martel_2_amfor,6
schedules\2001042119.txt,3
schedules\2001042120.txt,3
schedules\2001042121.txt,3
'm,18
roster,3
glad,3
cancel,6
carpool,3
drive,9
catch,3
ride,12
merriss,6
schedules\2001042122.txt,3
5.22,3
4.89,3
schedules\2001042124.txt,3
29.00,24
28.97,9
arco,36
carbgn_6_unit,30
4.83,3
4.80,3
4/22/01,219
schedules\2001042201.txt,3
5.33,3
5.30,6
schedules\2001042202.txt,3
1.94,3
1.91,6
schedules\2001042203.txt,3
1.92,3
1.89,3
donna,6
cake,3
wed,9
schedules\2001042204.txt,3
1.88,6
schedules\2001042205.txt,3
4.62,3
4.59,3
schedules\2001042206.txt,3
68.61,3
68.58,3
schedules\2001042207.txt,3
55.71,3
55.69,3
schedules\2001042208.txt,3
60.53,3
60.50,3
schedules\2001042209.txt,3
62.44,3
62.41,3
schedules\2001042210.txt,3
63.68,3
63.65,3
schedules\2001042211.txt,3
6.74,3
6.21,3
schedules\2001042212.txt,3
-99.97,3
64.64,3
64.59,3
schedules\2001042213.txt,3
64.68,3
64.26,3
formerli,24
individu,33
diomed,6
sanjay,6
regret,6
emphasi,6
infrastructur,3
certain,6
christodoul,3
jame,3
bannantin,3
bhatnagar,3
east,3
asia,3
pursu,3
very=,3
excit,6
challeng,3
life,3
nevertheless,3
i=01,3
exci=,3
ted=20,3
shall,3
peopl=,3
honor,3
invalid,60
added=,3
tom,6
delaney,3
1929,3
seminol,3
dr.,3
phoenix,9
85022,3
tomdelaneyaz,3
aol.com,3
602-321-5017,3
schedules\2001042214.txt,3
64.70,3
64.67,3
schedules\2001042215.txt,3
64.48,3
63.99,3
schedules\2001042216.txt,3
-20.00,6
-19.97,6
64.73,3
64.61,3
schedules\2001042217.txt,3
65.05,3
64.65,3
dbcaps97data,2049
insuffici,1617
memori,1332
alia,1902
schedules\2001042218.txt,3
schedules\2001042219.txt,3
schedules\2001042220.txt,3
sherri,9
categori,12
sera,3
becam,3
saturn,3
ring,3
connect,12
reduct,12
rental,27
alamo,21
car,18
vehicl,12
enrol,12
rent-a-car,6
secondari,6
agreement,6
provis,6
statu,12
rent,6
regardless,6
damag,6
properti,6
coverag,9
intent,3
consolid,3
leverag,3
favor,6
non-pric,3
i.e,3
choic,3
sister,3
reflect,15
low,3
puerto,3
rico,3
canada,9
l/dw,3
loss/damag,3
waiver,6
collis,3
auto,3
liabil,3
100,000,3
300,000,3
occurr,3
50,000,3
ID,18
reserv,39
5000838,3
143974,3
highest,3
supplier,3
emerald,3
club,6
quicksilv,3
speed,3
counter,3
bypass,3
rapid,3
fee,3
waiv,3
packet,3
cardhold,3
intranet,9
gss.enron.com,3
//gss.enron.com/,3
comment,9
leath,3
713-646-6165,3
schedules\2001042221.txt,3
volume_management_portland,3
greatli,3
kourtney,15
schedules\2001042222.txt,3
schedules\2001042223.txt,3
schedules\2001042224.txt,3
70.85,3
70.82,3
4/23/01,171
schedules\2001042303.txt,3
schedules\2001042304.txt,3
4.68,3
4.65,3
schedules\2001042305.txt,3
4.70,3
4.67,3
schedules\2001042306.txt,3
schedules\2001042307.txt,3
schedules\2001042308.txt,3
26.40,3
40.80,3
0.03,6
25.00,6
22.66,3
-25.00,6
-24.60,6
-175.00,6
-172.60,3
adam,6
herbert,6
tod,6
nole,3
retir,3
umanoff,3
wind-america,3
peel,3
manufactur,3
wind-europ,3
lindholm,3
complianc,9
schedules\2001042309.txt,3
27.00,6
42.00,3
23.40,3
-172.20,3
-550.00,3
-547.86,3
5.43,3
5.38,3
schedules\2001042310.txt,3
comput,33
first-,3
wheelabratorshasta,3
tosco,3
otherwis,6
second-,3
sit,3
lisa,9
necessarili,3
cleanli,3
reset,3
probabl,9
lose,3
priviledg,3
schedules\2001042311.txt,3
day-ahead,12
apri=,6
more=20,6
fitzpatrick=,6
27,15
scheduling/analyst=20,6
broker,9
profitable=20,6
nd=20,6
interfaci=,6
desk=20,6
purchasin=,6
respons=,6
ible=20,6
line=,6
daili,18
involv,15
day-ahea=,6
applic,48
enhanc,6
analysis=20,6
basi=,6
c=20,6
schedules\2001042312.txt,3
ap,3
lost,6
etr,6
forum,3
significantli,3
quit,3
room,3
highli,3
notifi,33
region,15
readi,3
pass,9
poor,3
simpli,18
foolish,3
justli,3
solid,6
reput,3
schedules\2001042313.txt,3
schedules\2001042314.txt,3
output,18
actual,21
gray,21
trip,15
attempt,18
clarifi,3
exactli,6
smoothli,3
306-418-2277,3
16211,3
met,3
compar,3
mwh,3
four,3
overlook,3
alarm,3
emphasis,3
usernam,12
password,60
gorup,3
web,21
//westdesksupport,3
w2k,3
pre,3
sched,3
tulli,3
schedules\2001042315.txt,3
schedules\2001042316.txt,3
schedules\2001042317.txt,3
0.53,6
0.32,3
6.49,3
7.04,3
schedules\2001042318.txt,3
badlnd_7_pl1x2,90
5.85,3
6.96,3
8.06,3
266,6
04/24/01,3
long/short,3
50/50,3
imbalance/sel,3
kit,9
blair,3
starbuck,3
coffe,3
store,6
'00,3
MO,3
parent,15
rsvp,6
age,6
tour,6
11:30,6
theresa,3
villeggiant,3
guest,9
breakfast,3
9:45,3
fun,3
2wtc,3
demo,3
dispatch,12
12:15,3
sandwich,3
chip,3
12:30,3
1:00,3
imago,3
theatr,3
delight,3
frogz,3
w/pge,3
2wtc-auditorium,3
suitabl,3
remaind,3
afternoon,18
child,3
ren,3
molli,6
occas,3
histor,3
scrape,3
econ,3
frustrat,3
......,6
consum,3
besid,3
annoy,3
wrong,9
sloppi,3
unaccept,3
.......,3
schedules\2001042320.txt,3
28.45,3
schedules\2001042321.txt,3
3.45,3
schedules\2001042322.txt,3
3.89,3
schedules\2001042323.txt,3
28.89,3
schedules\2001042324.txt,3
28.48,3
4/24/01,243
schedules\2001042401.txt,3
schedules\2001042402.txt,3
schedules\2001042403.txt,3
schedules\2001042404.txt,3
schedules\2001042405.txt,3
43.07,3
42.52,3
27th,6
28th,6
non-engin,6
highlight,6
overhead,6
underground,6
switchgear,6
voltag,6
purportedli,6
fossil,6
fuel,9
hydro,6
nuclear,6
econom,6
equip,6
safeti,12
along,3
soon,21
schedules\2001042406.txt,3
103.69,3
103.14,3
schedules\2001042407.txt,3
-575.00,12
-574.98,3
2.13,3
schedules\2001042408.txt,3
2.22,3
1.67,3
schedules\2001042409.txt,3
125.12,3
124.57,3
schedules\2001042410.txt,3
2.29,3
1.74,3
known,15
colorado,9
missouri,9
salt,6
lake,6
citi,6
upper,6
loveland,6
below-list,3
wapa,3
red,6
wapa-colorado,3
manang,3
crsp,3
wapa-desert,3
southwest,3
wapa-rocki,3
mountain,3
loveland-fort,3
collin,3
wapa-upp,3
MT,3
pick-sloan,3
schedules\2001042411.txt,3
132.77,3
132.70,3
schedules\2001042412.txt,3
133.85,3
133.30,3
mpc,15
04/24,3
04/26,3
schedules\2001042413.txt,3
-600.00,12
-595.03,9
134.50,3
129.13,3
voicemail,30
telephon,30
pennzoil,18
emerg,21
avaya,15
durat,12
500/600,9
10:00pm,9
II,18
allen,6
500,21
formal,6
lucent,12
pbx,9
convers,72
3ac/2ac,3
7:00pm,3
6:00am,3
4:00am,6
30th,6
7:00,3
6:00,3
31st,3
stairwel,3
713-853-2580,3
6th,6
4:00,6
7th,6
patient,3
wait,3
infor=,3
few=20,3
04/24/2001=20,3
10:57,3
04/23/2001,3
09:04,3
schedules\2001042414.txt,3
2.38,3
134.45,3
129.51,3
schedules\2001042415.txt,3
133.40,3
127.91,3
schedules\2001042416.txt,3
-599.97,3
0.37,3
inc,21
wesco,12
sempra,18
pspl,9
checkout,6
dear,18
montana,3
overwhelm,3
fair,3
trust,9
pull,15
troubl,3
notebook,3
say,6
asap,3
3/01/01,3
guzman,3
3/02/01,3
causholli/salisburi,3
holden,3
3/06/01,3
meyers/salisburi,3
solberg/harasin,3
3/08/01,3
meyers/harasin,3
3/10/01,3
causholli/solberg,3
slinger/guzman,3
slod,3
3/11/01,3
meyers/guzman,3
3/13/01,3
causholli/port,3
3/14/01,3
salisbury/meyers/lind,3
3/16/01,3
salisbury/port,3
causholli,6
3/21/01,3
porter/guzman,3
3/23/01,3
meyers/lind,3
3/28/01,3
salisbury/sling,3
dusput,3
chack,3
virginia,18
schedules\2001042417.txt,3
-270.00,3
-265.52,3
126.61,3
121.96,3
upstream,6
downstream,6
llh,9
4-6,6
23-24,6
lotu,24
symbol,6
04/24/2001,12
semperger/pdx/ect,6
03:00,3
02:52,3
donald,3
robinson/pdx/ect,3
sweater,6
ski,6
februari,6
03:04,3
02:54,3
piec,6
logowar,3
paycheck,3
delay,6
4/3/01,3
inconveni,3
schedules\2001042418.txt,3
-574.97,9
125.69,3
125.38,3
schedules\2001042419.txt,3
2.41,3
2.32,3
schedules\2001042420.txt,3
9.71,3
9.47,3
schedules\2001042421.txt,3
9.08,3
8.49,3
schedules\2001042422.txt,3
7.65,3
7.19,3
schedules\2001042423.txt,3
-525.00,6
-522.24,3
5.37,3
4.63,3
48.96,3
46.36,3
schedules\2001042424.txt,3
-511.10,3
0.47,3
0.31,3
5.07,3
3.34,3
46.37,3
33.78,3
4/25/01,99
schedules\2001042503.txt,3
1.96,9
1.93,9
schedules\2001042504.txt,3
-725.00,3
-724.97,3
sunday,18
shown,9
pst,3
El,3
paso,6
schedules\2001042505.txt,3
schedules\2001042506.txt,3
schedules\2001042507.txt,3
schedules\2001042508.txt,3
-625.00,3
-624.97,3
schedules\2001042509.txt,3
schedules\2001042510.txt,3
schedules\2001042511.txt,3
schedules\2001042512.txt,3
schedules\2001042514.txt,3
3/31/2001,138
4/1/2001,39
boot,6
zodiac,6
3/30/2001,18
3ac,6
EB,6
eb4,3
personel,3
ebb1-eb4,3
172.16.231.0,3
trevino,3
713-345-9954,3
4/2/2001,3
172.16.63.63,3
astral,3
limbo,3
172.16.2.157,3
lim,3
ocs-m.,3
172.16.2.158,3
ossprod,6
172.16.2.159,3
utopia,3
172.16.2.163,3
rm,3
172.16.2.160,3
gemini,3
172.16.2.162,3
sysamin,3
atm,6
2ac,3
bandwidth,3
ec,3
revert,3
fiber,3
cynthia,9
siniard,9
713-853-0558,9
schedules\2001042517.txt,3
wednesday-donald,3
dian,3
susi,3
schedules\2001042518.txt,60
empti,132
lifetim,6
exceed,6
schedules\2001042519.txt,3
-250.00,3
-200.00,3
schedules\2001042523.txt,3
causey,3
special,3
compon,6
budget,3
menu,3
and/or,9
view,21
imag,6
elimin,3
sourcenet,3
august,3
3/30,3
4/25,6
6:30,9
ruth,3
ash,3
2pm,6
4/26,3
503-464-8663,3
503-323-1254,3
4/26/01,132
schedules\2001042601.txt,3
112.00,3
111.97,3
97.03,3
96.84,3
schedules\2001042602.txt,3
114.00,6
113.97,6
schedules\2001042604.txt,3
schedules\2001042605.txt,3
113.00,3
112.97,3
96.98,3
96.86,3
schedules\2001042606.txt,3
104.00,3
103.97,3
46.69,3
46.48,3
schedules\2001042607.txt,3
glenn,9
surowiec,3
smu,3
1999,3
commod,9
pleae,3
todd,6
A.,8
perri,3
503.464.8122,3
503.807.6106,3
503.464.3740,3
3wtc,3
0306,3
todd.perri,3
97204,3
schedules\2001042610.txt,3
schedules\2001042611.txt,3
schedules\2001042614.txt,3
ciso_epmi_desert,30
schedules\2001042615.txt,3
20mw,9
he23-24,3
gave,3
115,3
594190,3
594203,3
10-,3
yourslev,3
schedules\2001042616.txt,3
4/27/2001,33
4/28/2001,39
ecom,3
mission,3
cirit,3
app,6
nat,3
accomod,3
acl,3
denni,3
mcgough,3
713-345-3143,3
complinac,3
standard,9
repair,3
charl,3
ballmer,3
713-853-0684,3
darryl,3
vinson,3
713-345-8726,3
ehronlin,24
url,12
intend,15
aka,3
//ehronline.enron.com,3
browser,6
schedules\2001042617.txt,3
schedules\2001042618.txt,3
schedules\2001042619.txt,3
schedules\2001042620.txt,3
heard,9
VA,3
enough,294
schedules\2001042621.txt,3
schedules\2001042622.txt,3
schedules\2001042623.txt,3
schedules\2001042624.txt,3
26.97,3
4/27/01,84
schedules\2001042702.txt,3
2-24,3
mst,3
he1-6,23,24,3
125,3
566175,3
creativ,6
schedules\2001042703.txt,3
schedules\2001042704.txt,3
schedules\2001042705.txt,3
schedules\2001042706.txt,3
5.93,3
5.90,3
schedules\2001042707.txt,3
schedules\2001042708.txt,3
minu,3
schedules\2001042709.txt,3
websit,21
HR,18
webi,9
gc,6
gi,9
expertfind,6
brandon,12
bangert,12
elli,12
713-345-8017,9
713-446-6193,12
raj,12
perubhatla,12
713-345-8016,9
281-788-9307,12
5:30:00,9
3:30:00,9
schedules\2001042712.txt,3
schedules\2001042713.txt,3
schedules\2001042714.txt,3
schedules\2001042715.txt,3
game,48
beaver,21
timber,15
affair,6
seat,3
entitl,3
compris,3
togeth,9
equit,3
write,9
soccer,3
basebal,3
mind,12
schedules\2001042717.txt,3
clearcas,6
mvf,3
troy,3
beyer,3
713.345.8316,3
713.406.1782,3
isdn,3
display,9
perman,3
unbusi,3
trunk,3
harold,3
713-345-8917,3
schedules\2001042718.txt,3
prospect,15
entellig,12
penetr,6
erequest,6
dji,6
sampl,6
dealt,6
commercia=,3
mid-market,3
management=,3
analyz,3
se=,3
rve,3
acquir,3
potential=,3
combines=20,3
credit=20,3
aggreg,3
erm,3
dun,3
bradstreet,3
i.h.,3
By,9
filter,6
consumpt,6
shorten,3
prospects=,3
prospectin=,3
g,3
comparison,3
profil,6
famili,3
tree,3
inact,3
natur,9
are=,3
other=20,3
homepag,7
either=,3
Sr,3
dow,6
jone,6
report=20,3
count,3
enr=,6
yet,3
p=20,3
helpdesk,3
713-853-3147,3
link=,3
//entelligence.enron.com,3
avril=20,3
sdge,6
4/28,3
pv-nevp-cps-e-spp-ipc-pac-sdge-ciso,3
pvn.gila/sp15-,3
ok,3
schedules\2001042719.txt,3
outlook,102
folder,6
transfer,6
loss,3
steiner,6
3701,3
schedules\2001042720.txt,3
schedules\2001042722.txt,3
-682.00,3
-702.00,3
schedules\2001042723.txt,3
62.91,3
72.91,3
schedules\2001042724.txt,3
5.03,3
5.00,3
4/28/01,90
schedules\2001042801.txt,3
schedules\2001042802.txt,3
...........,3
schedules\2001042803.txt,3
schedules\2001042804.txt,3
schedules\2001042805.txt,3
schedules\2001042806.txt,3
schedules\2001042807.txt,3
schedules\2001042808.txt,3
schedules\2001042809.txt,3
schedules\2001042810.txt,3
schedules\2001042811.txt,3
schedules\2001042812.txt,3
brett,15
hunsuck,6
ercot,3
texa,9
holli,6
fond,3
farewel,9
schedules\2001042813.txt,3
schedules\2001042814.txt,3
43.01,3
43.00,3
malin_5_rndmtn,6
340,3
schedules\2001042815.txt,3
schedules\2001042816.txt,3
schedules\2001042817.txt,3
schedules\2001042818.txt,3
schedules\2001042820.txt,3
schedules\2001042821.txt,3
anonym,18
violat,9
crimin,9
investig,6
manner,6
are=20,3
suspected=20,3
agent,6
also=20,3
e-mail=,3
describ,3
suspect,3
an=20,3
1.,6
affairs=20,3
P.,3
1188=20,3
77251-1188,3
chairman=01,3
chairman=018,3
address=20,3
completely=20,3
els=,3
voice=,3
713=,3
853-7294,3
message=,3
box=,3
lette=,3
acte=,3
contain,15
pride,3
law,6
moral,3
honest,3
schedules\2001042822.txt,3
schedules\2001042823.txt,3
schedules\2001042824.txt,3
2.03,3
2.00,3
4/29/01,144
schedules\2001042902.txt,3
51.42,3
51.39,3
schedules\2001042903.txt,3
9.16,3
194.00,12
190.19,3
4.37,3
4.34,3
schedules\2001042904.txt,3
41.00,6
19.00,3
175.00,9
127.00,6
126.97,6
4.61,6
4.26,3
42.26,3
39.67,3
4.30,3
4.27,3
schedules\2001042905.txt,3
19.20,3
4.42,3
42.61,3
40.03,3
schedules\2001042906.txt,3
38.00,3
12.80,3
4.64,3
4.06,3
43.10,3
37.51,3
4.81,3
4.78,3
schedules\2001042907.txt,3
schedules\2001042908.txt,3
georg,9
gss,6
apr,18
wasaff,3
strateg,3
fiscal,3
roll-out,6
schedules\2001042909.txt,3
10.00,6
9.79,3
schedules\2001042910.txt,3
9.92,3
schedules\2001042911.txt,3
bert,6
04/29/2001,6
gaizler,6
17th,6
outing,12
privileg,6
meyers/pdx/ect,3
kalman,3
kgaizler,3
sempratrading.com,3
08:17:45,3
'bert.mey,3
bert.mey,3
Hi,3
10:30am,3
stay,6
750,3
alder,3
St,3
crew,3
restaur,3
what-so-ev,3
nearbi,3
colleagu,3
sempratrad,3
attorney-cli,3
unintend,3
constitut,3
disclosur,3
dissemin,3
strictli,3
prohibit,3
materi,9
sdg,3
socalga,3
schedules\2001042912.txt,60
schedules\2001042914.txt,3
schedules\2001042915.txt,3
schedules\2001042916.txt,3
schedules\2001042917.txt,3
EI,18
tibco,9
reboot,18
interv,12
teler,6
plu,6
equiti,6
cnote,6
mailserv,9
trey,6
rhode,6
345-7792,6
local/domestic/foreign,6
ricafrent,6
713-646-7741,6
2:30:00,3
11:30:00,6
monthli,12
FX,3
jordan,3
713-853-0320,3
7:15:00,3
1:15:00,3
rendezv,3
tdslaunchpad,3
tdstradeblott,3
quicktrad,3
moneypenni,3
hous,3
v,3
5.x,3
\\enehou-appw1\apps_admin\scripts\tibco.vb,3
\\enehou-appw1\apps_admin\scripts\script,3
delete\tibco.vb,3
edit,3
\\enehou-appw1\apps_admin\scripts\setupsvc\setupsvc.ini,3
tibco=,3
szappinst,3
\tibco\5.2\tibco_lm.ex,3
713-398-6602,3
713-708-9841,3
Vu,3
713-345-5574,3
nf,3
calvin,3
hobb,3
barber,3
713-853-5530,3
rmsprod,3
maintenc,3
emmett,3
cleveland,3
713-345-3873,3
postpon,3
3-30-01,3
confront,3
situat,3
might,9
action,9
decreas,3
spirit,3
conserv,3
press,9
button,21
cooper,9
methan,3
manur,3
quarter,3
earn,6
3.6,3
trillion,3
2005,3
u.s.,3
secretari,3
armi,3
offshor,3
farm,3
bit,3
poetri,3
play,9
debut,3
e=,3
dge,3
meteorologist,3
brew,3
scienc,3
'd,9
sprechen,3
zie,3
earthquak,3
victim,3
india,3
cartoon,3
crazi,3
con=,3
test=20,3
chanc,3
200,3
schedules\2001042918.txt,3
schedules\2001042919.txt,3
schedules\2001042921.txt,3
schedules\2001042922.txt,3
schedules\2001042923.txt,3
epmi_ciso_4c,3
schedules\2001042924.txt,3
insert,12
4/30/01,123
schedules\2001043001.txt,3
variant,54
lock,3
'admin,3
'nahou-trdts4,3
rank,6
elite=20,3
stun,3
companies.=,3
propel,3
enorm,3
enrononlin,3
billion,3
grow,3
amaz,3
have=20,3
world=01,3
company.=,3
dedic,6
realize=20,3
stellar,6
compel,3
newsstand,3
read=,3
www.fortune.com,3
schedules\2001043002.txt,3
schedules\2001043003.txt,3
schedules\2001043004.txt,3
schedules\2001043005.txt,3
schedules\2001043006.txt,3
schedules\2001043007.txt,3
6.40,3
6.30,3
schedules\2001043008.txt,3
epmi_ciso_guzman,3
schedules\2001043009.txt,3
survivor,3
episod,3
conting,6
60,9
ramp,6
1400,6
saw,3
-bill,3
suppl,3
1333,3
maximum,6
repaid,3
168,3
UC,3
eweb,3
pacw,3
bpat,3
10mw,6
remain,3
139990,3
2.72,3
vs,3
non-firm,15
money,3
1-hour,3
inner,3
similar,3
except,3
.43,3
30mw,3
130/135,3
leg,3
135,6
130,3
neg,3
paid,3
schedules\2001043010.txt,3
pizza,9
10th,3
particular,6
scid,27
04/30/2001,6
08:34,3
imceaex-_o=caiso_ou=corporate_cn=system_cn=marketopshourahead,3
08:30:22,3
hour-ahead/real-tim,3
imceaex-_o=caiso_ou=corporate_cn=distribution+20lists_cn=mktstathourahead,3
valid,3
submiss,3
pcg1=pcgb,3
pgae=pgab,3
cotp=cotb,3
stoup,3
facilit,6
351-4409,3
schedules\2001043011.txt,3
schedules\2001043013.txt,3
deriv,12
curv,12
embed,9
june,6
mitig,6
disciplin,6
index,6
on-sit,3
21st,3
paradigm,3
5th,8
obtain,6
seminar,3
formul,3
capit,6
interpret,3
context,3
arbitr,3
diverg,3
distort,3
assembl,3
benchmark,3
devis,3
cost-reduc,3
exploit,3
insight,3
transportation/transmiss,3
risk/reward,3
alter,3
attain,3
fluenci,3
languag,3
concept,3
strip,3
zero-premium,3
collar,3
sub-index,3
recogn,3
common,6
implic,3
swing,3
double-up,3
schedules\2001043014.txt,3
schedules\2001043015.txt,3
tonight,15
vs.,3
fresno,3
grizzli,3
civic,3
stadium,3
carolin,9
buy/resel,9
emmert/hou/ect,3
04/02/2001,3
03:14,3
emmert,3
09/07/2000,3
12:22,3
forney/hou/ect,3
stokley/hou/ect,9
avista,3
ultim,3
BR,6
recaptur,3
allevi,3
schedules\2001043016.txt,3
schedules\2001043017.txt,3
schedules\2001043018.txt,3
schedules\2001043019.txt,3
9.25,3
8.53,3
folk,3
item,15
100mb,6
convert,6
old/un-need,3
emai=,3
migration.,3
space.,3
sen=,3
limit.,3
now=,3
platform,3
ou=,3
tlook=20,3
email=20,3
functions.=20,3
whi,5
promin,3
wit=,3
h=20,3
explor,15
effici,9
roam,3
palm/c,3
devic,3
instant,3
thirti,3
journal,15
calendar,21
ten,3
i=,3
re-creat,3
permiss,6
email/calendar,6
mm/dd/yy,6
fill,6
finish,3
'repli,3
'send,3
automat,3
laptop,3
pda,3
ipaq,3
palm,3
pilot,3
jornada,3
mass,3
exact,3
date/tim,3
signer,6
critic,3
OF,9
pre-migr,3
pop-up,3
prompt,6
abort,3
re-ad,3
failur,6
todo,3
encount,6
713-853-1411,6
owa,36
5.0,6
reciev,3
to-do,3
abroad,3
//nahou-msowa01p/exchange/john.do,3
substitut,3
john.do,3
corp/your,3
id,15
logon,6
ok.,3
checker,3
offlin,3
expir,3
vote,3
flag,3
recal,15
deleg,3
outlook.2000,3
dell,9
dell.com,9
premier,6
recap,3
verifi,6
5/1/01,24
7:34:51,3
enterprise_onlin,3
695-8133,3
66402,3
sincer,6
cart,3
uniqu,6
saguaro,9
04/03/01,3
schedules\2001050108.txt,6
epmi_ciso_pv,6
schedules\2001050110.txt,9
ibuyit.pay,6
librari,3
//sap.enron.com/sap_doclib/user/file_list.asp,3
cabinet_id=265,3
isc,9
853-7127,3
toll,3
866,3
schedules\2001050109.txt,6
avalanch,6
climber,3
weather,3
friday.,3
snow,3
melt,3
crust,3
concern.,3
hill,3
matter.,3
condit,3
modifi,3
side,12
shovel.,3
more.,3
transceiv,3
AA,3
batteri,3
doubletree.,3
directions.,3
schedules\2001050114.txt,6
pavilion,3
short-term,6
follow-up,6
weight,6
track,6
long-term,3
clarif,3
rectifi,3
intercontinent,3
exchang,3
mishap,3
personnel,3
programm,3
attribut,3
attitud,3
aptitud,3
Mo,9
moham,3
elafandi,3
charlott,3
carolina,3
union,3
naval,3
academi,3
annapoli,3
maryland,3
marin,3
fuqua,3
school,9
duke,3
goal,6
//172.28.92.190/bowne/,3
gain,3
inspir,3
accomplish,3
van,3
gelder,3
ebs-portland,3
began,3
mechan,3
kansa,3
michigan,3
05/02,3
212,3
interchang,3
label,3
epmi_ciso_,3
ciso_epmi_,3
prm,3
incorrectli,3
outstand,3
==========================================================,3
eprocur,12
seen,3
causey=01,3
ibuyit=,3
n=,3
ow=20,3
vis=,3
//ibuyit.enron.com,3
customize=,3
juli,3
octob,3
charact,9
english,6
stupid,3
guidlin,3
sur=,3
sticki,3
slap,3
08,3
4:42,3
authent,3
only=20,3
well-select,3
guard,3
li=,3
ne=20,3
defens,3
stronger,3
passwords=01,3
eight,3
length.=20,3
2.,3
userid,3
dictionari,3
3.,3
alphanumer,3
special=20,3
fifti,3
4.,3
cyclical.=20,3
5.,3
6.,3
publicli,3
7.,3
common=20,3
everyday,3
hacker=01,3
secon=,3
down.=20,3
ethic,3
responsib=,3
audit,3
policy.=20,3
//itc.corp.enron.com/data/policiesandprocedures/itpasswordscreensaver/,3
your=,6
24hrs./day,3
days/week,3
margin,6
400,6
guidelin,6
import-thi,3
export-thi,3
bilat,3
partner,3
impli,3
nonfirm,3
fault,6
04/03/2001,3
10:24,3
wolfe/hou/ect,3
argu,3
minimum,3
fuller,3
ena,3
barri,3
tycholiz,3
u.,3
thereabout,3
till,3
thereaboot,3
written,3
binder,3
rerat,3
greenizian,3
zufferli,3
la,6
vega,6
reachabl,3
gone,3
pre-schedul,18
monika,18
causholli/pdx/ect,15
01:34,6
10:43,6
izarrai,6
bp.com,6
nelson/pdx/ect,6
tuesday/w,9
buyback,9
alicia,6
225,6
29mw,6
13-24,6
deviat,6
quantiti,6
215,6
110,6
disregard,3
04:54,3
01:26,3
07:08,3
nelson,3
07:59,3
hors,3
brass,3
pub,3
kick,3
festiv,3
6:00pm,3
adventur,3
4534,3
SE,3
belmont,3
schneider,3
bryson,3
WE,3
IN,6
volleybal,3
fan,3
7pm,3
wilson,3
choi,3
social,6
company-sponsor,6
drink,6
edgefield,3
post-quarterli,3
thoroughli,3
act,3
profession,3
soft,3
beer,3
wine,3
beverag,3
specifi,3
bar,3
assis,3
taxi,3
fare,3
reimburs,3
jeopardi,3
eid,42
non-purchas,15
PO,9
information=018,6
TX,6
houston-based=,3
centers=20,3
previously=20,3
organizations=,3
payable=,3
scan,3
recei=,3
pt=20,3
author,3
resolution.=20,3
change=,3
ibuyit=20,3
system.=20,3
when=,3
legal,3
entiti,3
name=20,3
order=,3
p.o,3
number=20,3
you=,3
do.=,3
u=20,3
choose=20,3
left=,3
screen,3
other=018,3
s=,3
pid,3
4734,3
77210-4734,3
=018,3
mail=20,3
directly=,3
departme=,3
following=,3
3724,3
dacoma,3
77092,3
order=20,3
local,3
separate=20,3
4/7/2001,108
4/6/2001,69
4/8/2001,57
ssp,15
eol,9
corona,9
sendmail,9
ema12000,6
713-345-4904,6
e10k,6
deathstar,6
cpu,6
telco,6
RP,3
redesign,3
dens,3
flood,3
713-853-9780,3
nahou-msmbx02v,3
albroght,3
713-345-9381,3
firmwar,3
compaq,3
713-345-5017,3
713-345-5016,3
yoda,3
skywalk,3
chewbacca,3
erms/tagg,3
pacth,3
adcupkilo,3
postmast,3
regress,3
cm,3
re-boot,3
annual,3
spare,3
circuit,3
ipc,3
dietrich,3
713-345-8836,3
bowen,3
403-974-6951,3
clayton,3
rondeau,3
403-974-6904,3
8-april-2001,12
sydney,12
gmt,6
australia,3
remount,3
plug,3
elliott,3
katz,3
+61-408-277-123,3
colin,3
wood,3
+61-416-248-353,3
path15,9
21mw,6
congest,6
zp26/np15,3
25/mw,3
grandfath,3
sp15/np15,3
calpool,3
786-3520,3
415,3
973-1969,3
rhawk1,12
epelectric.com,12
5.0.6a,9
mailman.enron.com,9
esmtp,9
-0500,9
nahou-msmsw03px.corp.enron.com,9
04/07/2001,9
4/6,6
postmaster.enron.com,6
cdt,6
serial,6
mail/epec,6
|januari,6
4_06act.xl,6
c.dtf,3
192.152.140.9,3
mail.epelectric.com,3
domino,3
2001040706491852:16994,3
06:49:18,3
-0600,3
192.168.189.66,3
8.10.1/8.10.1/external_corp-1.08,3
f37cnh620604,3
07:49:17,3
172.28.10.39,3
8.10.1/8.10.1/corp-1.05,3
f37cngl18130,3
07:49:16,3
ene-mta01.enron.com,3
unverifi,3
smtpr,3
4.1.5,3
tac1c0a2713a52c41ff6cd,3
07:49:07,3
kpeterso,3
x-mailer,3
5.0.3,3
message-id,3
offb624550.f9de44c1-on88256a27.004560b7,3
steven.merri,3
05:40:36,3
-0700,3
mime-vers,3
1.0,3
x-mimetrack,3
ene-mta01/enron,3
5.0.6,3
|decemb,3
07:45:11,3
06:49:29,3
06:49:33,3
content-typ,3
multipart/mix,3
boundary=,3
0__=88256a27004560b78f9e8a93df938690918c88256a27004560b7,3
content-disposit,3
inlin,3
//www.ets.oatiinc.com/cgi-bin/webplus.dl,3
script=,3
2fet,3
2fets-main.wml,3
evil,9
cast,6
witch,6
lockhart,3
newpow,3
Ca,3
utter,3
absurd,3
exorcis,3
workplac,3
gotten,3
ytd,3
improvi,3
hot,3
lip,3
noon,3
11th,6
04/10,6
whole,3
mayb,3
1-24,3
574640,3
574629,3
oasi,3
//www.tsin.com/nodes/wscc.html,3
quarterli,3
invit,3
timer,6
stress,6
imper,6
re-cap,6
loos,6
neither,6
clearli,6
reli,6
04/09/2001,6
habit,3
inadvert,3
confus,3
05:42,3
thompson,3
05:32,3
577883,6
56mw,6
EL,3
04/11,3
st-sw.,3
aepco,3
mwd,3
tnp,3
ldwp,3
6mw,3
gang,3
holdenn,3
ann,5
sheila.knudsen,5
knudsen/enron,22
11/04/2001,2
14:31,2
disciplinari,3
allan,3
sommer,3
............,2
ckl,10
09:14,2
marc,16
pederson,8
09:12,8
barb,2
chad,10
landri,6
09:17,6
pederson/contractor/enron,8
imceanotes-ibuyit/40enron,2
AS,2
eighth,2
yan,2
jin,2
09:24,2
landry/hou/ect,4
Re,2
ibm,8
mine,4
anthoni,6
tran,6
mid-rang,4
1-800-759-8888,4
pin,4
1030383,4
713-345-3002,6
713-345-3337,4
tonytran,4
us.ibm.com,4
//www.geocities.com/u69076/,4
09:35,2
