card,30
new,99
access,27
enron,241
employe,95
center,37
ubs-w,7
issu,24
floor,30
secur,8
south,9
avail,42
ub,89
warburg,31
monday,31
februari,23
5th,5
area,9
allow,15
enter,16
6th,7
pick,13
7,51
collect,6
We,86
human,7
resourc,12
inform,72
offic,40
space,2
friday,31
work,58
transit,30
11,61
requir,290
p.m.,8
8th,4
build,9
arrang,10
plaza,3
north,15
restrict,5
estat,19
regular,2
dear,2
colleagu,2
know,69
mani,11
question,66
benefit,13
plan,36
payrol,15
chang,39
occur,10
next,29
week,46
commun,15
prepar,8
thorough,1
Q,1
send,17
tomorrow,8
regularli,1
updat,55
meanwhil,1
pleas,174
read,8
announc,5
obtain,1
confid,3
share,8
enthusiasm,1
opportun,20
look,20
forward,21
along,3
side,4
come,23
day,70
david,12
oxley,1
head,22
____________________________________________________________________,1
two-day,2
begin,20
a.m.,5
recept,1
thursday,35
7th,3
produc,3
exist,4
photograph,1
simultan,1
old,18
without,6
soon,15
possibl,23
gain,3
fail,283
contact,57
gener,82
number,70
713-853-5360,1
staff,4
point,27
ec,4
5,54
help,40
ani,113
problem,22
might,11
It,37
suggest,7
wear,1
time,95
premis,1
ski,1
ring,1
bodi,2
shop,2
therefor,8
credit,12
union,2
cafeteria,1
either,12
must,29
submit,8
request,27
form,27
call,72
713,42
8535360,1
sign,15
bob,7
mcauliff,1
713-853-7468,1
9th,2
22nd,1
34th,1
ardmor,4
data,94
stay,8
visa,1
complet,25
thi,1315
group,40
assign,26
way,18
If,104
base,7
talk,9
counterpart,1
approv,18
ubsw,12
HR,12
contractor,1
addit,14
badg,1
hourahead,1151
start,891
date,885
2/6/02,31
hour,998
10,49
schedul,1479
download,282
manual,283
intervent,281
No,1183
2/2/02,24
24,56
ancillari,595
award,593
varianc,755
detect,671
log,761
messag,808
pars,749
file,776
O,768
\portland\westdesk\california,755
scheduling\iso,755
final,1139
schedules\2002020224.txt,1
1/2/02,73
18,57
schedules\2002010218.txt,1
health,5
insur,5
hello,4
happi,6
year,21
regard,51
2002,64
arriv,2
home,11
address,13
temporari,1
cigna,1
unit,29
healthcar,1
merck/medco,1
prescript,1
drug,2
metlif,1
dental,1
websit,15
http,48
//benefits.enron.com,1
need,55
ssn,2
4-digit,1
pin,1
system,33
onc,13
select,11
scroll,1
desir,1
note,47
may,64
also,41
site,13
depend,2
care/health,1
care,10
parking/mass,2
spend,3
account,20
reimburs,10
let,43
us,52
thank,75
team,28
grace,17
x8321,5
juli,11
x7404,4
17,54
schedules\2002010217.txt,1
tonight,8
network,6
go,58
print,4
materi,6
take,47
whatev,3
step,10
provid,34
back,26
run,13
El,25
paso,28
ryan,10
16,41
schedules\2002010216.txt,1
15,43
schedules\2002010215.txt,1
14,45
schedules\2002010214.txt,1
13,44
12,41
schedules\2002010212.txt,1
sheet,23
deal,90
epe,36
binder,2
current,74
hourli,1
kept,7
miss,2
12/30/01,1
01/01/02,1
lookout,1
shift,7
period,4
coordin,5
done,12
reconstruct,1
main,3
sourc,3
settlement,9
clear,9
concis,1
energi,76
type,1
deliveri,8
spoke,8
anoth,13
email,30
procedur,9
model,9
bill,55
23,47
schedules\2002020223.txt,1
counterparti,23
cut,105
attempt,28
reconcil,1
daili,8
activ,11
includ,27
move,19
To,75
facilit,3
effort,13
put,29
accordion,3
RT,4
overflow,1
desk,25
kate,11
use,47
sit,4
tune,3
appar,2
toni,7
wa,100
correct,7
fair,2
amount,30
recent,10
track,1
off-schedul,1
So,4
unabl,28
respons,12
find,14
replac,2
phone,17
switch,1
schedules\2002010211.txt,1
tnp,4
MW,18
pnm,17
sp,8
130,2
verifi,7
per,14
follow,48
get,60
pass,17
receiv,38
first,19
ha,84
75,4
see,42
commit,5
behalf,4
keep,12
check,21
real-tim,4
minim,3
inadverd,1
sale,11
second,6
exchang,5
light,2
load,175
eddi,2
tie,7
return,6
power,55
100,13
PV,11
30,17
FC,2
real,26
sps/psco,3
deliv,7
hidalgo,2
25,13
firm,75
like,63
last,36
two,31
50,7
econ,1
vari,1
ask,17
9,44
schedules\2002010209.txt,1
8,47
schedules\2002010208.txt,1
schedules\2002010207.txt,2
user,118
found,177
prefer,197
detail,181
trans_typ,183
sc_id,177
mkt_type,183
2,269
trans_dat,177
transact,91
alreadi,93
progress,77
load_id,116
enrj,117
tie_point,61
interchg_id,61
engy_typ,61
',77
ectstsw,24
sql,66
error,1142
could,60
n't,83
lock,43
'admin,31
machin,34
'ecthou-bps4,6
tabl,126
import/export,46
ectstca,9
malin_5_rndmtn,37
enrj_ciso_3001,6
fcornr_5_psuedo,7
enrj_ciso_7000,7
mead_2_walc,12
enrj_ciso_8000,8
pge1,11
pge2,16
pge3,23
sce1,17
sdg1,27
6,52
schedules\2002010206.txt,1
22,42
schedules\2002020222.txt,1
schedules\2002010205.txt,1
4,65
3,67
schedules\2002010203.txt,1
schedules\2002010202.txt,1
1,116
schedules\2002010201.txt,1
1/1/02,22
schedules\2002010124.txt,1
locat,34
revised_pref,23
match,23
individu,32
interchang,23
pverde_5_ng-plv,5
epmi_ciso_sw,5
enrj_ciso_8001,5
schedules\2002010123.txt,1
schedules\2002010122.txt,1
21,46
schedules\2002010121.txt,1
20,46
schedules\2002010120.txt,1
schedules\2002020221.txt,1
craig,1
wednesday,25
01/02/02,2
import,26
ID,10
wrong,7
on-peak,2
35mw,1
off-peak,4
45mw,1
want,39
zone,8
sp15,7
make,48
flat,4
posit,21
manag,48
bert,89
meyer,68
apx,9
januari,40
DA,4
cali,9
HA,11
market,26
-origin,43
albert,17
sent,49
tuesday,16
01,11
12:27,1
PM,81
solberg,1
geir,4
william,12
iii,7
Cc,4
dl-portland,9
volum,8
mgmt,1
subject,52
ahead,7
taken,8
concern,20
order,12
phase,5
II,3
within,4
ciso,13
agre,15
np15,6
17mw,2
peak,4
built,6
ST,3
took,5
trade,92
zero,22
sure,21
reempliment,2
origin,15
max,4
becaus,18
custom,8
sierra,2
pacif,4
hold,7
give,33
committe,31
bankruptci,26
creditor,24
court,16
outsid,16
financi,26
advisor,5
relat,13
parti,14
member,16
attorney,6
organ,8
ensur,10
notifi,8
dave,13
In,28
better,6
expens,14
chapter,13
repres,6
multipl,9
among,7
thing,11
certain,15
task,2
perform,1073
analysi,1
busi,58
overse,3
process,40
list,20
directli,11
anyon,15
prior,4
personnel,7
relationship,3
i.e,4
motion,5
etc,8
u.,1
truste,2
ernst,1
young,1
houlihan,1
lokey,1
howard,1
zukin,1
blackston,1
batcheld,1
partner,6
weil,2
gotshal,2
mang,2
milbank,1
tweed,1
andrew,1
kurth,1
corp,15
ray,10
bowen,4
chairman,4
butt,3
jim,15
fallon,5
glassford,1
gort,1
mark,11
muller,2
julia,1
murray,1
lou,1
stoler,1
initi,7
meet,39
basi,13
well,30
priorit,1
extrem,7
compani,54
accur,2
accordingli,2
assist,27
newli,2
dynegi,25
said,29
billion,12
claim,12
sever,20
bid,13
judg,9
houston,23
gonzalez,6
york,12
natur,17
ga,17
u.s.,3
contract,26
jan.,4
state,19
pipelin,9
su,3
denn,3
4,500,3
polici,15
payment,9
pay,22
say,8
befor,16
would,75
part,23
lawyer,10
bienenstock,4
potenti,5
bidder,5
book,18
auction,12
full,11
trader,17
feder,3
rule,5
rival,2
right,16
northern,10
texa,5
1.5,4
8.4,2
case,7
harmon,2
former,14
largest,2
dec.,3
nearli,5
worker,2
revel,2
entitl,3
earn,4
stock,19
cent,2
decemb,19
5:39,1
AM,42
ET,1
open,14
By,5
kristen,1
hay,1
associ,5
press,7
writer,1
AP,1
set,8
embattl,1
corp.,24
once-domin,1
oper,1082
wall,5
street,8
insid,4
fetch,1
hear,7
arthur,3
wholesal,9
martin,4
J.,4
none,5
far,5
express,13
interest,16
valu,14
due,14
held,9
wari,1
liabil,1
short,10
frame,1
doe,10
review,17
howev,15
avoid,4
lose,1
decid,6
whether,6
inc.,4
key,4
away,6
co.,1
prize,1
16,500-mile,1
midwest,1
invest,6
propos,6
merger,2
competitor,2
collaps,3
late,3
novemb,17
smaller,2
illeg,1
termin,14
argu,1
massiv,1
district,2
melinda,1
suit,3
heard,5
core,2
element,2
giant,1
seek,3
protect,2
predict,1
burn,1
lawsuit,2
turn,8
promptli,1
acceler,1
trial,1
spokeswoman,1
karen,1
declin,1
comment,8
decis,12
one,65
histori,2
breach,1
800,1
consid,7
40,3
laid,2
gather,3
headquart,1
discuss,10
complaint,1
lack,4
carri,3
display,1
word,2
moron,1
logo,1
think,20
wore,1
t-shirt,1
exec,1
stole,1
christma,3
short-term,2
financ,3
afloat,1
fund,11
600,2
deem,1
critic,2
surviv,3
million,1
retent,7
upset,1
money,3
elig,1
partial,1
employ,7
10,000,2
salari,4
maximum,2
26,2
honor,5
pete,4
chase,2
31,6
servic,33
month,20
abov,8
instruct,11
web,13
www.enron.com,2
assess,2
condit,2
asset,9
everi,8
absolut,2
free,14
formerli,1
fortun,2
500,1
near,6
90,3
ago,4
plummet,2
hidden,1
debt,3
overst,1
octob,6
siphon,1
investor,2
prompt,2
flee,1
world,13
buyer,5
seller,1
abandon,1
buy,13
continu,23
reveal,1
seriou,2
downgrad,1
junk,1
rose,1
3.08,1
close,1078
23.98,1
44,1
nyse,6
park,38
deduct,16
mass,11
89,7
lot,12
tri-met,5
valid,5
503,5
reach,10
resolut,8
otherwis,9
subsidi,2
stop,4
12/31/01,2
12/15,2
incur,4
out-of-pocket,5
cost,9
dure,22
wtc,3
mail,11
1/15/02,26
paycheck,4
action,3
req,2
'd,9
choic,2
pocket,2
debra,3
davidson,3
extra,3
option,16
12/21/01,2
eob,2
monthli,6
longer,8
abl,20
ena,5
kearney,4
464-7404,3
rodriguez,4
464-8321,2
inc,3
profit/loss,2
made,14
style,7
futur,15
color,2
littl,8
simplifi,3
broken,1
similar,6
differ,4
worksheet,1
improv,2
obvious,2
neither,1
fulli,4
integr,6
yet,6
bit,2
rusti,3
excel,6
skill,2
especi,2
macro,1
later,7
today,24
togeth,10
lunch,16
christian,12
yoder,7
enron.com,29
steve,25
join,17
Me,1
blackberri,1
wireless,1
christian.yod,1
dl-portlandworldtradecent,1
tue,1
dec,3
19:12:23,1
2001,33
friend,12
co-work,3
herebi,4
cordial,3
invit,8
pre-holiday,3
approxim,5
11:30,4
a.m,3
courtesi,3
legal,11
notic,8
hall,8
hereinaft,3
intend,28
food,5
probabl,12
necessarili,3
pizza,5
salad,5
post-petit,3
dollar,10
respect,5
bank,14
meal,4
expos,3
retroact,3
claw-back,3
risk,13
cash,17
investig,10
limit,6
quantiti,5
kind,5
beverag,3
beer,6
provision,3
waiver,3
defunct,3
pre-petit,3
drink,5
liquor,3
control,6
board,13
sought,4
expedit,4
feel,18
modest,3
holiday,7
gestur,3
reason,14
pleasur,3
past,30
optimist,3
prospect,3
upcom,3
american,28
forgot,3
cancel,9
corpor,11
hope,25
prosper,3
'm,6
5:12,1
schedules\2002020220.txt,1
reorgan,13
netco,15
As,34
program,10
develop,17
maxim,4
jeff,10
execut,9
vice,4
presid,7
role,10
organiz,2
matter,7
variou,9
emerg,11
flow,5
project,6
retain,3
wider,2
treasur,2
unfortun,3
calm,1
somewhat,1
event,4
compris,1
bondhold,1
monitor,1
liquid,4
ultim,1
sell,20
perspect,1
begun,4
overhead,1
reduc,2
dramat,1
place,17
veri,19
furthermor,8
stage,2
senior,3
formul,1
strategi,3
healthi,2
mean,7
valuabl,5
america,9
re-build,1
ownership,2
expect,11
49,4
percent,8
perhap,5
less,25
non-control,1
becom,13
win,1
anticip,3
closur,1
sometim,9
remain,5
result,3
situat,7
mcmahon,2
chief,6
ad,6
ken,6
lay,6
greg,4
whalley,3
primari,1
elect,2
lead,8
appoint,3
dispos,2
preserv,3
leadership,3
eb,1
eim,1
egm,1
direct,21
determin,1
departur,1
left,5
leav,6
end,10
michael,8
brown,1
frevert,1
kean,1
mike,8
mcconnel,1
shankman,1
john,25
lavorato,2
louis,4
kitchen,2
resign,5
joint,7
ventur,9
uncertainti,2
surround,1
unsettl,1
aspect,1
term,17
everyon,16
patienc,1
support,16
strong,1
achiev,6
goal,12
guy,11
IS,8
TO,49
ie,4
IN,10
WE,6
actual,1
nytimes.com,4
proceed,8
chri,25
negoti,3
're,19
creditworthi,3
advertis,7
tim,21
kit,2
paul,12
susan,12
quick,5
news/quot,2
onlin,7
commod,2
involv,10
quickli,9
stalk,2
hors,2
compet,2
creat,12
sold,12
alyson,2
comn,3
alan,5
8:58,1
alonso,3
tom,20
alvarez,1
badeer,2
robert,2
belden,7
blair,1
calger,5
christoph,2
F.,2
choi,2
dasovich,1
driscol,5
M.,4
fischer,3
foster,4
H.,2
gang,3
lisa,4
gilbert,3
scotti,6
guzman,1
C.,2
heizenrad,1
kaufman,1
mainzer,2
elliot,2
mallori,6
malowney,3
mara,2
motley,4
matt,6
perrino,2
platter,3
phillip,4
ranc,3
rawson,3
lester,2
richter,4
rosman,2
stewart,4
savag,1
gordon,2
scholt,3
diana,5
semperg,3
cara,10
stokley,1
swain,1
swerzbin,3
syme,7
thome,2
jennif,2
walton,1
FW,9
articl,5
jonathan,1
D.,1
glater,1
least,5
enough,8
line,12
fallback,1
paper,4
afternoon,7
earlier,6
51,1
stake,1
rang,1
steel,2
complex,1
instrument,1
prevent,3
deterior,1
drop,6
P.,1
morgan,3
mention,2
whose,1
law,2
realli,9
mr.,3
guidanc,1
intellectu,1
properti,6
percent-51,1
split,10
structur,4
conduct,2
typic,4
benchmark,1
evalu,2
tri,35
fast,2
He,3
realist,1
banker,1
act,5
capac,2
lure,1
warn,1
maintain,3
client,2
fear,1
strength,1
told,8
institut,2
bankrupt,3
proce,3
dividend,1
profit,4
//www.nytimes.com/2001/12/17/business/17enro.html,1
ex=1009608777,1
ei=1,1
en=b3d1db086c32264d,1
e-mail,20
newslett,1
creativ,2
racer,1
visit,4
media,6
//www.nytimes.com/adinfo,1
write,7
copyright,2
503-810-1105,1
remid,1
1st,2
2nd,3
vacat,3
previous,4
fsp,8
test,16
bug,4
rebuild,7
releas,8
databas,3202
templat,3
poston,2
amador,3
go-liv,2
enhanc,2
fix,4
3:20,1
bishop,1
serena,1
nat,1
davi,1
burleigh,1
readi,4
product,19
good,21
finish,4
comprehens,2
rais,5
previou,3
capabl,2
robust,1
hundr,2
scenario,1
stress,7
identifi,4
and/or,8
interfer,1
pwrtestn,1
pwrtestp,1
setup,2
rolled-out,1
latest,1
curv,1
abil,6
export,10
wheel,8
applic,15
util,11
oracl,1
compon,1
faster,1
higher,1
reliabl,4
elimin,2
deadlock,1
aggreg,1
scout,1
stream-lin,1
confirm,22
1min,1
heavi,1
small,22
unidentifi,1
excit,6
newest,1
feedback,1
coupl,11
best,8
anytim,4
713-345-7834,1
sunday,12
around,22
clock,3
tag,45
6mw,3
4mw,4
2mw,2
roger,1
10th,1
appear,4
though,4
e-tag,1
referenc,1
39501,1
39499,1
39500,1
andrea,1
woodland,1
cell,13
AT,6
T,4
attent,5
4:33,1
RE,5
Hi,4
author,6
deposit,4
balanc,6
0.00,8
800.298.2158,1
800.888.7600,1
dob,1
etc.,1
3:51,1
kathryn,3
wish,8
cours,3
4:30,3
outlook,2
13th,2
19,48
schedules\2002020219.txt,1
tep,5
much,16
fred,2
springervil,1
rather,2
costli,1
bring,5
shorter,1
easi,3
modif,1
usual,6
caus,5
fewer,2
dispatch,5
peopl,31
name,23
chen,2
eric,2
steven,2
hardest,1
ever,9
experienc,2
talent,1
unfold,3
realiti,2
settl,4
gratitud,1
gone,3
layoff,1
west,10
coffer,1
walter,1
alport,3
kysa,3
ausenhu,1
kara,1
axford,2
kathi,8
bryson,1
jess,1
burri,1
jessica,1
butler,1
emili,1
cadena,1
angela,1
andi,1
lei,1
cock,6
stan,3
cox,1
chip,1
dalia,1
minal,1
dea,1
patti,1
frost,2
fuller,2
guillaum,1
erin,2
harasin,2
leaf,6
linder,2
maxwel,1
dan,1
mccarrel,1
mehrer,1
anna,1
merriss,4
merten,1
mile,3
darryl,2
mullen,1
mumm,2
nalluri,2
susmitha,2
porter,1
presto,1
darin,1
soderquist,2
larri,3
tulli,1
van,3
gelder,3
warner,2
nichola,1
wilson,1
browner,1
victor,1
calvert,1
gray,2
carranza,1
octavio,1
Ha,1
vicki,1
sue,1
qureishi,1
ibrahim,1
turnipse,1
edith,1
wong,1
50mw,11
13mw,3
iid,2
HE,63
lost,1
turbin,1
17:30,1
almost,1
exept,1
53.00,1
3/4,1
100mw,4
120mw,1
115mw,1
whole,4
forc,6
25mw,10
purchas,18
32.00,1
bought,12
40.00,1
plea,1
notebook,1
remedi,2
login,9
password,16
beatla1,1
SC,5
effect,9
11th,3
path,25
california,10
group-,2
refin,1
techniqu,4
ye,2
workspace-pleas,1
sort,8
-and,1
section,3
On,6
epmicalpool,11
epmi,1
imbal,3
rememb,4
price,23
po,1
IF,6
nightmar,1
weekend,12
particularli,2
mw,16
enpow,32
tell,6
underschedul,2
appli,2
hint,2
notat,1
folder,4
bow,1
L,2
D,1
generator/util,1
increment,1
exampl,6
resuppli,19
post,8
LC,1
long,4
cover,7
staci,1
jan,12
saturday,6
06,6
fun,1
appreci,9
letter,6
11:15,1
buerkl,1
postlethwait,2
lackey,1
crandal,2
sean,5
brackett,1
debbi,1
R.,1
bradford,2
S.,1
mcginni,1
stephani,2
radou,1
sack,1
edward,2
monica,1
high,6
advis,2
via,6
fax,7
646-3227,1
calcul,4
unwind,1
null,1
void,2
still,10
liabl,1
govern,4
7086,1
//news.moneycentral.msn.com/ticker/article.asp,1
symbol=u,1
ene,1
feed=rtr,1
date=20011130,1
id=1264846,1
hewitt,7
gari,5
ehr,3
watsonwyatt.com,3
mailto,15
gary.hewitt,2
ehr/benefit,2
ehr.com,2
mkt,1
9:25,1
meyers-,1
morn,11
________________________________________,1
content,1
watson,1
wyatt,1
worldwid,1
1717,1
H,16
NW,3
washington,1
DC,1
20006,1
tel,1
202-715-7098,1
202-715-4953,1
//www.watsonwyatt.com,1
gary_hewitt,1
10:56,1
titl,3
specialist,3
addr,1
121,5
SW,9
salmon,5
3wtc0306,1
citi,4
portland,22
OR,9
zip,1
97204,5
bert.mey,7
telephon,3
1-800-684-1336,2
wantcal,1
schedules\2002020218.txt,1
congest,12
mpc,11
onli,28
ap,7
transmiss,16
reliev,2
he2,1
southwest,3
aep,4
sleev,1
annuiti,9
document,21
LD,1
normal,2
longterm,1
particular,2
uniform,1
guidelin,2
handl,1
manner,1
prioriti,1
fill,8
person,25
altern,2
sink,5
workspac,4
indic,4
X,1
dilig,1
ladwp,7
srp,17
pac,12
29,4
2:05,1
statu,7
fyi,7
three,9
format,3
show,14
hey,4
night,15
anyway,7
sorri,4
didnt,1
realiz,8
ant,1
hi,14
came,2
24th-27th,1
30th,1
-jan,1
cheap,1
flight,1
damn,2
unus,1
expir,1
dont,2
learn,10
shit,8
environ,16
luck,1
job,9
dude,2
Oh,9
grab,7
enrononlin,7
bmeyer,2
cluster,4
stack,1
713-853-3465,1
helpdesk,2
www.enrononline.com,1
//www.enrononline.com,1
eol59876,1
welcom,3
upper,5
713-853-4357,1
cecil,1
x3-6259,1
IT,17
38616,2
mead,6
mwd,2
calpin,3
suppli,11
nevp,6
16.00,2
dawn,2
thought,11
wierd,2
even,18
wapa,2
05,3
ON,11
ME,11
net,1
OF,14
AS,8
chelsea,8
hillari,4
hit,5
plane,6
attack,5
apart,3
knew,4
=20,5
9/11,2
coffe,2
clinton,1
total,6
dirtbag,1
ha=,1
low,1
endang,1
gave,4
contradictori,1
interview,8
wa=,1
tched,1
=09porter,1
V.,1
=09tuesday,1
2:39,3
=09'dvpdawg99,1
yahoo.com',1
=09hillari,1
elit,1
ignor,1
drudg,1
wash,1
NY,9
fox,1
highlight,7
contradict,1
stori,3
an=,1
experi,3
ja=,1
ne,1
pauley,1
great,7
jog,1
batteri,1
towe=,1
rs,1
went,6
cup,2
hilla=,1
ry,3
saw,6
smoke,3
ho=,1
wever,1
pen,1
piec,3
magazin,1
mornin=,1
g,1
happen,7
nicol,1
davison,1
squ=,1
manhattan,1
gotten,1
the=,3
n,1
subway,1
her=,1
walk,2
jus=,1
crash,3
she'=,1
televis,1
watch,3
a=,4
spent,1
nightmarish,1
t=,2
twin,1
tower,1
mental,1
chao,1
roam,1
obsess=,1
ing,1
W,1
tax,2
sing,2
humpti,1
dumpti,1
she=,1
nation,2
tragedi,1
inject,1
partisan,1
polit,1
click,14
icon,4
screen,6
preschedul,5
lotu,9
row,3
checkout,4
local,6
menu,2
box,4
save,15
inbox,2
describ,2
major,8
aes-new,1
aquila,1
avista,11
constel,1
coral,1
duke,6
merchant,1
exelon,1
meico,1
mirant,2
ncpa,3
reliant,3
pplmontana,1
powerx,1
sempra,1
smud,2
transalta,1
pinnacl,1
psco,11
pacificorp,1
northwest,6
bpa,18
scl,1
tcl,1
pspl,1
bpap,1
gcpud,1
eweb,2
ipc,3
snpd,1
wwp,9
psw,1
launchpad,1
programs/busi,1
applications/enpower/enpow,1
pointer,1
hand,8
tool,1
default,1
choos,3
okay,1
shown,1
yellow,2
blue,1
drag,1
thin,1
button,4
appropri,12
minut,1
scissor,1
left-hand,1
corner,12
relev,9
region,1
turret,2
doubl,3
anywher,1
oati,1
adjust,3
nightli,1
record,5
eol,4
26th,1
live,5
7-22,1
practic,5
attend,12
malin,7
np-15,5
sp-15,5
four,11
cob,2
n/,2
s/n,2
nob,4
newer,2
remind,6
crusti,1
veteran,1
thanksgiv,6
protocol,8
special,2
basic,5
buy-resal,1
method,1
epmicalpool-no,1
exceptions-,1
0,8
portion,1
cascad,4
captain,1
jack,1
summit,6
345,4
230,4
paloverd,1
zp-26,1
bad,14
mid-c,2
hotspr,1
BC,1
border,1
simul,17
iso,22
seper,1
b,1
captur,3
across,2
20th,1
report,11
input,2
copi,23
purpos,14
thru,34
chanc,1
girl,28
face,16
pull,13
punch,10
cum,10
ass,10
mouth,9
woman,10
blow,9
finger,8
known,9
stick,6
stamford,6
CT,24
hot,5
An,5
jerk,5
doggi,5
've,6
arm,9
behind,6
drunk,5
suck,5
chick,5
fuck,5
man,7
midtown,5
sexual,4
chest,4
someon,9
dick,4
got,8
yell,4
spew,4
lip,4
jism,4
nose,5
eye,4
hole,4
fat,4
navistaff,4
turkey,3
shoot,3
rear,3
admir,3
bag,3
fall,3
donkey,3
asshol,3
room,9
sex,3
cheek,3
ram,3
dog,3
nut,3
hard,6
enjoy,5
onto,5
ride,3
dirti,3
ball,3
forehead,3
toss,3
sauc,3
dump,3
anyth,8
push,4
fart,3
chin,3
stovepip,3
angri,3
-when,3
-the,3
stomach,3
slap,3
maneuv,3
danza,3
blowjob,3
toilet,3
rocki,3
balboa,3
sr.,3
-invest,3
staten,3
island,4
qualiti,3
mehok,2
pm,13
navistaff.com,2
god,2
shanghai,2
shampoo,2
impress,2
girlfriend,2
definit,2
spicey,2
stanley,2
men,3
tea,2
repeatedli,2
water,4
favorit,2
els,6
bang,2
knock,2
shower,2
whenev,2
beauti,2
skank,2
wrap,2
purpl,2
mushroom,2
oral,2
peni,2
deeper,2
penetr,2
proper,2
bronco,2
tit,2
pink,3
glove,2
thu,2
eat,2
bed,2
trail,2
starfish,2
wipe,2
western,2
grip,2
thumb,3
rodeo,2
henc,2
bismark,2
shove,2
fur,2
throat,2
titti,2
knuckl,2
anal,2
pitcher,2
corn,2
hip,2
trip,6
plug,2
Do,5
fire,2
french,2
beat,2
till,3
seem,7
women,2
nippl,2
flame,2
jizz,2
stream,2
refer,3
syndrom,2
semen,2
-to,2
spit,2
pour,3
shut,4
gag,2
-thi,2
hammerhead,2
success,6
victim,2
armpit,2
muscl,2
dragon,2
boss,2
alaskan,2
firedragon,2
u,2
hummer,2
bird,2
bloodi,2
mari,5
upperdeck,2
tank,2
instead,7
bowl,2
flush,2
draw,5
window,4
airtight,2
lightn,2
abe,2
spread,2
gift,5
candl,2
analyst,3
equiti,3
voic,3
9:03,1
09,6
4:11,1
peep,1
scooter,1
babar,1
blotter,1
anthoni,1
coz,1
byrn,1
cib,1
cooter,1
doyl,1
fern,1
fellrath,1
fonz,1
gimp,1
hoss,1
juic,1
kiwi,1
knute,1
klondik,1
kuna,1
moss,1
pap,1
rammer,1
rosi,1
royer,1
russ,1
ryb,1
saylor,1
scarecrow,1
spider,1
sweetj,1
verlin,1
rick,1
bless,1
bunthau,1
condon,1
except,3
mayb,16
fairli,1
extens,1
compil,1
extraordinari,1
dip,1
scrotum,1
a.k.a,1
cleveland,2
steamer,1
stranger,1
asleep,1
elicit,1
moment,1
tremend,2
sensat,1
correctli,1
tighten,1
golden,1
pee,1
aka,1
watersport,1
pearl,1
necklac,1
neck/cleavag,1
jewelri,1
coyot,1
wake,1
nasti,1
slip,2
gnaw,1
pain,1
withdraw,1
poke,1
fli,3
camel,1
lie,2
hammer,1
knee,1
prop,2
flap,1
shriek,1
howl,1
strictli,6
class,4
fishhook,1
doggy-styl,1
hook,1
pinki,1
rhythmic,1
handi,1
lull,1
penil,1
sensit,1
bathtub,1
insert,21
tub,1
bath,1
classic,1
tightli,1
buck,1
frequent,1
wet,1
twat,1
hog,1
fountain,1
madman,1
pressur,1
vener,1
geyser,1
neck,1
taco,1
puke,1
sanchez,1
deep,1
residu,1
mustach,1
toward,2
folk,1
blumpkin,1
tramp,1
shitter,1
smear,1
blood,1
jelli,1
doughnut,1
deriv,2
woodi,1
woodpeck,1
tap,1
prison,1
chow,1
condiment,2
jello,1
fish,1
pooper,1
thereupon,1
one-ey,1
wink,1
hell,1
tuna,1
melt,1
lap,1
discov,1
whale,1
tartar,1
raspberri,1
smother,1
chomp,1
mighti,1
zena,1
mane,1
leg,1
size,1
lionel,1
richi,1
afro,1
mammoth,1
lodg,1
27,3
chili,1
28,3
gaylord,1
perri,1
probe,1
wimp,1
famou,1
knuckle-bal,1
proud,3
digit,1
virgin,1
minimum,1
blast,1
stand,2
bent,1
drive,22
backsid,1
momentum,1
attain,1
glass,2
bottom,2
boat,1
saran,1
ban,2
socket,1
anatom,1
imposs,1
worth,1
32,2
snowmobil,1
sweep,1
33,1
dutch,1
oven,1
hump,1
movement,1
ceas,1
34,1
pole,1
self,1
explanatori,1
35,1
trombon,1
reacharound,1
milk,6
prostat,1
36,1
drip,1
red,1
37,1
tush,1
38,1
anchor,1
recipi,21
fudgesicl,1
39,1
sandpip,1
beach,1
desert,1
playground,1
sandbox,1
sandblast,1
lucki,1
pierr,1
middl,3
buttfuck,1
sandwich,2
41.divortex-,1
mystic,1
marri,1
42.blump-,1
43.bustard-,1
rude,1
bu,2
driver,2
44.cold,1
faithful-,1
visibly-steam,1
winter-tim,1
ski-lift,1
45.grand,1
pappi,1
smash-,1
meat,1
hardcor,1
chafe,1
bleed,1
46.esplanade-,1
explan,1
47.flatulence-,1
vehicl,1
steamrol,1
48.butt,1
rodeo-,1
flip,1
loud,1
ya,1
49.bargoyle-,1
hideou,1
hair-spray,1
hag,1
endlessli,1
video-pok,1
threaten,2
frighten,1
colleg,1
freshmen,1
50.pasteurize-,1
hairi,1
bush,1
pasteur,1
lick,1
51.beerelevant-,1
given,3
52.mangry-,1
anger,1
specif,7
bitch,1
plain,1
mangri,1
53.clitourist-,1
wo,2
foul,1
foreplay,1
suzi,1
boyfriend,1
bedroom,1
travel,4
mere,1
clitourist,1
54.stuffucking-,1
stuf,1
limp,1
helpless,1
ugli,1
fugli,1
55.antlers-,1
wide,1
flapjack,1
sharp,1
56.the,1
kangmin,1
recit,1
poetri,1
57.the,1
amazon-,1
pyromaniac,1
screw,1
nearest,1
lighter,1
pube,1
extinguish,1
58.the,1
screwnicorn,1
dyke,1
strap-on,1
dildo,1
craze,1
unicorn,1
59.split,1
pisson,1
leak,1
60.a,1
cord-,1
code,3
phrase,1
common,7
testicular,1
tendon,1
tangl,1
Ex,1
My,4
kill,1
cord,1
61.old,1
ooz,1
fellat,1
citizen,2
62.abdic,1
63.lymph,1
lisp,1
64.anal,1
boot-,1
boot,1
stir,1
mixtur,1
crack,1
wait,4
loser,1
bet,1
game,2
65.australian,1
death,1
grip-,1
haunches/crotch,1
stare,1
deepli,3
kiss,1
recommend,3
tactic,1
crowd,1
bar,1
wager,1
66.fumilingu,1
cunnilingu,1
his/her,1
67.intoxicourse-,1
intercours,1
whilst,1
piss-drunk,1
68.valsalva,1
pinch,1
forefing,1
fellatio,1
reflex,1
ensu,1
swallow,1
breath,1
ploy,1
engag,2
69.insta-gasm,1
-pre-matur,1
ejacul,1
sight,1
fine,3
insta-gasm,1
cloth,1
70.manual,1
deconstip,1
cream,1
break,3
chunk,1
71.post,1
poodum,1
depress,1
felt,1
remov,7
someth,5
occupi,1
72.the,1
homol,1
-use,1
dislodg,1
object,2
block,1
choke,1
windpip,1
73.peg,1
femal,1
strap,1
74,2
underdog,1
session,14
gym,1
twitch,1
twinkler,1
69ing,1
a-hol,1
twinkl,1
76,1
77,1
takeoff,1
shout,1
78,1
unexpectedli,1
whisper,1
ear,1
syphili,1
79,1
walru,1
unexpectadli,1
80,1
poison,1
ivi,1
labia,1
swell,1
la,1
81,1
sleep,1
enorm,1
roll,1
82,1
bite,1
83,1
84,1
houdini,1
accomplish,3
bam,1
bust,1
aim,1
doug,1
hen,1
copperfield,1
85,1
crap,1
rancid,1
wast,1
play,2
ferment,1
86,1
journey,1
dark,1
disturb,1
entail,1
beginn,1
87,1
diarrhea,1
88,1
non-show,1
sascha,1
zach,1
kid,1
mcdonald,1
intercom,1
falatio,1
beefi,1
chunk-load,1
upon,4
eachoth,1
uncl,1
jemima,1
chef,1
denni,1
low-class,1
establish,6
occasion,1
disgruntl,1
frustrat,1
toast,1
strut,1
seen,3
road,1
91,1
92,1
throne,1
dunk,1
turd,1
river,1
confus,3
metallica,1
album,1
93,1
lincoln,1
swift,1
unconsci,1
shave,1
beaver,1
clip,1
beard,1
ol,1
honest,1
94,1
big,7
ham,1
overcook,1
95,1
peum,1
acronym,1
coin,1
defin,3
annoy,1
uncontrol,1
tendenc,1
piss,1
raucou,1
post-ejaculatori,1
urinari,1
misfir,1
96,1
beverli,1
hill,1
whiffer,1
descript,1
corkscrew,1
scrape,3
nostril,1
stink,1
97,1
larg,2
paint,1
hair,1
rub,1
thoroughli,1
dri,1
resembl,1
crunchi,1
noodl,1
often,1
serv,2
chop,1
suey,1
98,1
cake,1
evenli,1
breast,1
birthday,1
99,3
technic,1
recruit,2
332,1
springfield,1
ave,1
210,1
NJ,1
07901,1
p:908.273.6960,1
ext,3
104,1
f:908.273.6940,1
www.navistaff.com,1
profession,3
staf,1
industri,5
incent,1
referr,1
item,3
panason,1
portabl,1
dvd,1
player,1
dvdlv75,1
palm,1
vii,1
tivo,1
hdr-112,1
ping,1
i3,1
iron,1
shaft,1
3-pw,1
GT,1
backwood,1
mountain,1
bike,1
1,000,1
qualifi,1
candid,2
placement,1
excess,1
render,1
technician,1
nyfix/brass,1
cisco,1
ccna,1
quantit,1
unix/c++,1
apps.,1
perl,1
C,1
unix,1
sybas,1
turrets/pbx,1
6.voic,1
mgr.-invest,1
7.,1
conitnu,1
analyst.-invest,1
specialist-invest,1
sr./lead,1
security-,1
implement,4
provis,1
oasi,8
tranni,10
palo,5
verd,4
15mw,1
26810,1
02,5
47mw,1
26812,1
03,5
20mw,3
26813,1
26814,1
mistak,1
04,4
26816,1
26817,1
503-880-5315,3
flu,2
shot,2
jarnagin,2
josi,2
particip,10
clinic,2
11:16,1
reminder-flu,1
shots-pleas,1
respond,1
11/6/01,1
sponsor,1
8:30,1
a.m.-10:30,1
3wtc,5
spous,1
domest,1
bruce,1
jame,2
clark,1
Ed,5
cutsforth,1
dian,1
elafandi,1
Mo,1
eriksson,1
fredrik,1
gustafson,1
molli,19
wayn,1
nelson,4
kourtney,5
rasmussen,1
dale,1
sheppard,1
shield,1
slaughter,1
jon,1
villeggiant,1
theresa,3
laura,1
//westpower.enron.com/dailybook/,1
tab,4
cwi,2
morrow,2
estim,2
page,3
//taim.transmission.bpa.gov/cwi/ancsch,1
interfac,1
goe,3
Go,1
lrawson1,1
joshua11,1
unclick,1
-5,1
+5,1
'll,2
416401,1
415501,1
frontier,9
top,2
1/13,1
simpli,2
green,1
edit,1
refresh,2
white,1
rod,1
le,7
slinger,1
5:45,1
mier,1
//oasis.caiso.com/,2
//dotect.ect.enron.com/genstat/epe/status/,1
//iso_si/iso/,2
//www.ets.oatiinc.com/,1
///w|/iso_si/isolocation.html,1
//www.tsin.com/nodes/wscc.html,2
accommod,1
train,6
trick,1
math,1
DO,1
BY,7
nativ,2
exactli,2
sheri,2
frank,1
IM,1
quit,1
meant,1
info,4
chuck,1
22.00,1
fact,3
difficult,2
whi,4
pirat,1
US,1
chain,1
damag,5
35091,1
walc,2
loss,8
add,25
1.00,2
elsewher,1
virginia,1
although,2
specifi,1
everyth,3
ee,8
wesco,2
terrorist,1
increas,9
rate,6
mmeyer,7
kptv.com,7
journal,3
oregon,3
petit,3
commiss,3
opuc,3
bizjournals.com,3
pricier,2
delay,4
deni,4
3:16,1
sender,6
brian,3
J,1
despit,1
11th-hour,1
clamor,1
consum,2
electr,3
public,2
reconsid,1
shock,1
debilit,1
ail,1
economi,2
reconsider,1
conclud,2
petition,1
irrepar,1
harm,1
pge,5
reflect,2
leap,1
offer,15
audit,1
conserv,1
backer,1
intel,1
competit,1
factor,1
distributor,1
commerci,1
c,1
reserv,3
view,11
//portland.bcentral.com/portland/stories/2001/10/01/daily4.html,1
non-firm,5
1.9,2
caiso,2
6.26,2
2.92,1
interti,1
3.34,1
singl,2
pge-tranni,1
NO,1
LT,1
snopud,1
charg,3
3.25,1
plu,7
reciev,2
UP,1
60,1
oblig,1
ongo,6
regardless,2
onpeak,1
schedules\2002020215.txt,1
convers,1
output,1
immedi,9
length,1
revis,2
believ,6
sinc,11
inconveni,3
33086,2
45.00,2
33079,1
5mw,1
08,4
nobodi,3
counter,3
25minut,1
meanmn,1
25.00,1
44.00,1
8:00,2
eras,1
re-ent,3
research,2
countri,5
canadian,4
technocraci,3
troubl,9
tribut,2
broadcast,2
radio,2
earth,2
germani,2
franc,2
earthquak,2
gloat,2
land,2
moon,2
broke,2
race,2
msn,4
explor,2
emmert,1
carolin,1
septemb,4
2:43,1
uplift,1
sinclair,1
1973,1
//sinclair.quarterman.org/sinclair/who/gordon.html,1
speak,5
japan,1
lesser,1
extent,1
britain,1
itali,1
lift,1
debri,1
war,1
forgav,1
danger,1
1956,1
reward,8
insult,1
swindl,1
pari,1
distant,1
hurri,1
spring,1
59,1
flatten,1
tornado,1
marshal,1
truman,1
pump,1
discourag,1
newspap,1
decad,1
warmong,1
eros,1
airplan,1
equal,1
boe,1
jumbo,1
jet,1
lockhe,1
tri-star,1
dougla,1
dc10,1
intern,3
russia,1
japanes,1
german,1
automobil,1
-not,1
safe,3
scandal,1
store,1
everybodi,1
draft-dodg,1
pursu,4
hound,1
unless,1
pa,1
railway,1
india,1
age,1
rebuilt,1
pennsylvania,1
railroad,1
central,1
loan,1
caboos,1
5000,1
san,4
francisco,5
neighbor,2
alon,1
tire,1
kick,1
flag,2
present,11
canada,1
+++++++++++++++++++++++++++++++++++++++++++++++++,1
editori,1
nice,1
rest,5
alway,1
blame,1
never,1
_________________________________________________________________,13
//explorer.msn.com/intl.asp,1
_____,1
//explorer.msn.com,1
0.1,9
tier,5
125,2
150,2
200,2
200.01,2
249,2
monoton,1
149,1
174,1
199,1
incorrectli,1
subsequ,2
771251,1
771253,1
//www.ets.oatiinc.com/cgi-bin/webplus.dl,1
script=,1
2fet,1
2fets-main.wml,1
colstrip,2
2:45,1
19mw,1
07,2
764045,764203,1
764168,1
accordian,1
expresspip,1
holnam,1
luzenac,1
louisiana,1
ashgrov,1
sept,2
apolog,1
overlook,1
ten,1
15th,2
schedules\2002020609.txt,1
schedules\2002020214.txt,1
SO,2
09/02/01,1
1mw,3
resubmit,1
31482,1
rt0902a,1
desert.,1
spp,1
norman,1
administr,5
regist,1
rxtime12,1
epmipow,1
kxsymes1,1
realtim,3
sept.,1
anderson,2
stsw,2
transfer,7
bom,2
740456,1
wbom,2
740455,1
740457,1
minor,2
alter,1
august,2
meir,1
town,1
affect,7
conflict,3
12th,1
3:10,1
//dotect.ect.enron.com/genstat/epe/status/recent.csv,1
ran,1
june,3
march,4
alright,1
sar,1
lend,3
727440,1
72741,1
43.00,1
resal,3
274,1
724362,1
62,2
approx,2
13:20,1
sy,1
41mw,1
711291,1
709803,1
714148,1
714150,1
16:20,1
fulfil,1
LV,5
cogen,5
3:05,1
07/21/01,1
15:00,2
vanessa,2
conting,3
27662,1
27665,1
powerex,1
ash,1
7:40,1
pre-schedul,1
8mw,2
remaind,1
bonni,1
curtail,1
27456,1
21:00,1
70.00,1
EL,1
70,1
3.50,1
674830,1
674831,1
epec,2
674832,1
674833,1
25883,1
leon,1
duplic,1
25825,1
4c345,3
666385,2
666387,2
23841,1
walli,1
heard=,1
23:30,1
06/27/01,1
neglect,1
abo=,1
ut,1
po=,1
wer,1
grid,2
notif,1
01:20,1
P=,1
sco,1
deals=,1
nd,1
ps=,1
CO,1
hap=,1
pene,1
b=,1
ack,1
resold,3
are=,1
28th,1
R=,1
yan,1
0=,1
06:00,1
25430,1
666355,1
66356,1
knowledg,3
demonstr,3
consist,4
willing,1
idea,2
favor,1
extracurricular,1
onsit,4
two-way,1
bloomberg,1
platform,2
wscc,3
duti,1
rapport,1
understand,12
function,5
no-tag,1
no-flow,1
cap,4
eventu,1
toler,7
empow,1
mo,1
fundament,1
ie.read,1
constraint,1
weather,1
pool,2
awar,8
wife,5
pack,1
unpack,1
downtown,6
consider,1
greatli,2
4:17,1
503-813-5389,1
503-813-5374,1
tone,1
donald,3
ralph,1
alberta,1
22872,1
wonder,1
certainli,1
bother,1
05/06/01,5
05/07/01,5
9mw,4
21mw,4
5:59,1
courtney,2
numer,3
correspond,2
14987,2
psco_aepmwe_epmiwe_epmewe_avwp00,2
19-24,2
14988,2
psco_epmi_mecolb_avstwe_chpd,2
chpd,2
schdule,2
epmi_ciso_5000,2
epmi_ciso_5001,2
5.00,2
602984,2
602985,2
nes1,3
histor,3
search,4
schedules\2002020210.txt,1
schedules\2002020209.txt,1
schedules\2002020208.txt,1
schedules\2002020207.txt,1
schedules\2002020206.txt,1
schedules\2002020205.txt,1
schedules\2002020608.txt,1
schedules\2002020204.txt,1
schedules\2002020203.txt,1
schedules\2002020202.txt,1
schedules\2002020201.txt,1
2/1/02,25
schedules\2002020124.txt,1
schedules\2002020123.txt,1
schedules\2002020122.txt,1
schedules\2002020121.txt,1
schedules\2002020120.txt,1
schedules\2002020119.txt,1
schedules\2002020607.txt,1
schedules\2002020118.txt,1
schedules\2002020117.txt,1
schedules\2002020116.txt,1
schedules\2002020115.txt,1
schedules\2002020114.txt,1
schedules\2002020113.txt,1
w-2,1
statement,1
schedules\2002020112.txt,1
schedules\2002020111.txt,1
macadam,2
rosendahl,5
thoma,5
G.,5
breakfast,8
thomas.rosendahl,5
ira,8
level,10
quarter,8
affili,13
feb,2
7:00,5
buffalo,7
gap,7
restaur,1
blvd,1
taylor,3
ferri,1
5:53,1
delight,2
ubspw.com,2
12:44,3
bertmeist,3
fold,3
2/5,3
2/6,3
2:18,3
ubspainewebber.com,3
paperwork,6
warbug,4
bond,4
hat,4
bonu,4
contribut,9
incom,7
roth,4
fourth,4
famili,11
sincer,4
contain,6
confidenti,7
privileg,5
sole,5
distribut,7
disclosur,5
prohibit,5
repli,6
enron.messaging.administr,7
delet,8
attach,17
hereto,5
accept,31
evid,5
bind,5
enforc,5
reli,5
estoppel,5
schedules\2002020606.txt,1
schedules\2002020110.txt,1
schedules\2002020109.txt,1
schedules\2002020108.txt,1
schedules\2002020107.txt,1
schedules\2002020105.txt,1
schedules\2002020104.txt,1
schedules\2002020103.txt,1
schedules\2002020102.txt,1
schedules\2002020605.txt,1
1/31/02,24
schedules\2002013124.txt,1
schedules\2002013123.txt,1
schedules\2002013122.txt,1
schedules\2002013121.txt,1
schedules\2002013120.txt,1
schedules\2002013119.txt,1
schedules\2002013118.txt,1
career,5
ghcf,4
greater,4
foundat,3
donat,7
resum,4
counsel,4
ex-employe,2
relief,2
mdpc,2
memori,3
presbyterian,2
church,2
workforc,2
overview,5
throughout,1
//careerservices.enron.com/,1
1,300,1
3,500,1
collabor,1
gulf,1
coast,1
urban,1
leagu,1
crisi,2
recoveri,2
dedic,4
mortgag,1
landlord,1
defer,1
tax-deduct,1
713-268-6458,1
4550,1
oak,1
317,1
TX,2
77027,1
payabl,1
design,5
713-533-4598,1
1-800-493-4598,1
seven,3
humbl,1
//www.eerfa.com,1
grant,3
eerfarequest,1
surfmk.com,1
non-memb,1
consult,1
seri,2
workshop,1
topic,1
discretionari,1
holist,1
approach,1
713-953-2550,1
180,1
schedules\2002013117.txt,1
regulatori,5
physic,5
separ,5
name=09first,4
entir,6
disposit,4
brad,4
4th,4
3rd,6
war=,1
burg,1
affair,2
=09belden,1
=09thursday,1
12:01,1
=09dl-portland,1
=09offic,1
what=,2
transpir,2
apologi=,2
zing,2
broad,2
peo=,2
ple,2
through=,2
explain,5
wh=,2
do=,2
happen=,2
addi=,2
tion,2
portland-bas,2
ac=,2
cept,2
name=09last,2
name=09,2
amador=09susan=09oh=09john=09,2
anderson=09john=09platter=09m=09,2
bulbes=09victor=09postlethwaite=09john=09,2
chang=09fang-tzu=09richter=09jeffrey=09,2
chatterton=09jill=09robinson=09donald=09,2
crandall=09sean=09salisbury=09holden=09,2
cutsforth=09diane=09scholtes=09diana=09,2
dasovich=09jeff=09semperger=09cara=09,2
davidson=09debra=09sheidun=09donna=09,2
dean=09craig=09shields=09jeffrey=09,2
dunton=09heather=09slinger=09ryan=09,2
etringer=09michael=09solberg=09geir=09,2
gilbert=09michael,2
=09steiner=09david=09,2
gustafson=09mollie=09stokley=09marlin,2
=09,2
hall=09stephen=09swain=09stephen=09,2
heizenrader=09timothy=09swerzbin=09michael=09,2
kandaswamy=09balachandar=09thomas=09jacob=09,2
lackey=09christopher=09thome=09stephen=09,2
lee=09eugene=09van,2
houten=09maria=09,2
mallory=09patrick,2
=09villeggiante=09theresa=09,2
mcdonald=09michael=09wente=09laura=09,2
meyer=09james=09williams=09william,2
j=09,2
meyers=09albert=09woodland=09andrea=09,2
mier=09michael=09yoder=09christian=09,2
nelson=09kourtney=09=09=09,2
mind,3
no=,2
lo=,2
ok,2
prima=,2
of.=,2
already=,2
parquet,2
effor=,2
co=,2
mmoditi,2
company.=,2
miller,2
racicot,2
ric=,2
hter,2
baughman,2
to=,2
advic,2
ta=,2
lking,2
coordinate=,2
procur,2
loca=,2
ted,2
occoupi,2
hop=,2
e,2
within=,2
pro,2
forma,2
hur=,2
dle,2
exact,2
on=,2
cooperation=,2
horribl,2
enr=,2
news,2
f=,2
ind,2
sadden,2
breakup,2
wesom,2
remai=,2
ning,2
this=,2
endeavor,2
distinct,2
schedules\2002013116.txt,1
sat,30
2/2/2002,12
2/1/2002,9
impact,21
PT,18
london,18
fri,23
5:00:00,8
outag,72
mainten,6
backout,9
envis,4
filenet,4
panagon,4
idm,4
server,16
3:00:00,6
9:00:00,6
thur,7
1/31/2002,3
12:00:00,10
5:30:00,2
11:00:00,2
1:00:00,4
upgrad,2
2000,2
7:00:00,3
disk,2
corporate-wid,2
queri,2
desktop,3
R3,2
ibuyit,2
ipayit,2
sap,2
invoic,4
vollmer,2
713-853-3381,2
rye,2
gregori,2
713-345-3022,2
2/4/2002,1
7:30:00,2
3:30:00,2
11:30:00,1
sun,4
2/3/2002,1
1:30:00,1
nahou-squfy04,1
unifi,7
skinner,1
713-345-9334,1
jordan,1
713-286-5308,1
713-345-1756,1
eeshou-dbrg,1
NT,5
w2k,1
standard,5
restor,1
configur,1
tape,1
backup,1
nguyen,1
713-345-6137,1
repair,1
6:00:00,3
4:00:00,1
reindex,1
schedules\2002013114.txt,1
schedules\2002013113.txt,1
schedules\2002013112.txt,1
signific,1
onboard,1
schedules\2002013111.txt,1
schedules\2002020603.txt,1
outstand,2
05852,1
hamburg,1
noon,3
2/01/02,1
stub,1
payroll/benefit,1
orient,2
lastli,1
ehronlin,1
resid,1
jarrett,1
3-,1
7829,1
schedules\2002013110.txt,1
schedules\2002013108.txt,1
schedules\2002013107.txt,1
schedules\2002013106.txt,1
schedules\2002013104.txt,1
schedules\2002013103.txt,1
schedules\2002013102.txt,1
schedules\2002020602.txt,1
schedules\2002013101.txt,1
1/30/02,24
schedules\2002013024.txt,1
schedules\2002013023.txt,1
schedules\2002013022.txt,1
schedules\2002013020.txt,1
schedules\2002013019.txt,1
schedules\2002013018.txt,1
schedules\2002013017.txt,1
postpon,4
confer,6
reschedul,1
5:00pm,1
cst,6
link,6
listen,2
//www.corporate-ir.net/ireye/ir_site.zhtml,2
ticker=en,2
script=2400,2
item_,1
schedules\2002020601.txt,1
schedules\2002013016.txt,1
schedules\2002013015.txt,1
preschedulng,1
schedules\2002013014.txt,1
schedules\2002013013.txt,1
cooper,9
11:00am,1
schedules\2002013011.txt,1
B,4
7:49,1
6181,2
75mw,2
130mw,2
screw-up,2
hurt,2
schedules\2002013010.txt,1
cliff,3
baxter,1
inspir,2
spirit,1
lieu,1
flower,1
cancer,1
societi,1
6301,1
richmond,1
ave.,1
77057,1
1-800-227-2345,1
junior,1
2115,1
east,1
governor,1
circl,1
77092,1
682-4500,1
hometown,1
privat,1
schedules\2002020617.txt,1
'nahou-trdts4,5
ectstnw,28
enrj_ciso_3000,30
2/5/02,43
schedules\2002020524.txt,1
schedules\2002013009.txt,1
+++,11
schedules\2002013008.txt,1
schedules\2002013007.txt,1
schedules\2002013005.txt,1
schedules\2002013004.txt,1
schedules\2002013002.txt,1
field,44
schedules\2002013001.txt,1
1/29/02,24
schedules\2002012924.txt,1
schedules\2002020523.txt,1
schedules\2002012923.txt,1
schedules\2002012921.txt,1
schedules\2002012920.txt,1
schedules\2002012919.txt,1
P,5
rt-,2
url,10
//172.17.172.62/rt/,1
current.asp,1
automat,1
current.txt,2
ison,1
\trading\california\realtim,1
503.464.5066,4
503.860.7983,1
0306,4
503.464.3740,4
john.oh,4
//172.17.172.62/rt/current.asp,1
503.701.1160,3
schedules\2002012918.txt,1
southern,1
debtors-in-possess,1
jointli,1
administ,1
shall,1
refrain,1
destroy,2
electron,3
violat,1
consequ,2
compli,5
schedules\2002012917.txt,1
schedules\2002020522.txt,1
eap,5
counselor,3
eb32c2,2
circumst,2
innov,1
challeng,1
9:00,2
10:00,3
11:00,4
12:00,2
1:30,1
2:30,3
3:30,1
advanc,2
registr,1
necessari,2
conveni,1
/,169
hotlin,1
varieti,2
neighborhood,1
713-853-6057,1
24-hour,1
1-800-345-1391,1
brochur,1
third,1
www.stress.org,1
www.wellnessjunction.com,1
publish,1
target,1
trend,1
promot,1
schedules\2002012916.txt,1
schedules\2002012915.txt,1
schedules\2002012914.txt,1
schedules\2002012913.txt,1
schedules\2002012912.txt,1
restructur,4
director,4
interim,5
ceo,4
undoubtedli,1
answer,4
regroup,1
focu,3
viabl,1
stephen,1
zolfo,1
agreement,9
coo,1
assum,2
everyday,1
constant,1
scrutini,1
devis,1
//www.enron.com/corp/pressroom/releases/2002/ene/012902release.html,1
schedules\2002012909.txt,1
schedules\2002020521.txt,1
schedules\2002012907.txt,1
schedules\2002012906.txt,1
schedules\2002012905.txt,1
schedules\2002012904.txt,1
schedules\2002012903.txt,1
schedules\2002012902.txt,1
schedules\2002012901.txt,1
'nahou-trdts5,12
1/28/02,31
tblload,75
schedules\2002012824.txt,1
tblintchg_impexp,1
61.00,1
15.19,1
pge4,25
356.26,1
2.45,1
40.26,1
360.24,1
116.60,1
schedules\2002012823.txt,1
schedules\2002020520.txt,1
schedules\2002012820.txt,1
schedules\2002012819.txt,1
schedules\2002012818.txt,1
schedules\2002012817.txt,1
schedules\2002012815.txt,1
schedules\2002012814.txt,1
schedules\2002012813.txt,1
schedules\2002012812.txt,1
schedules\2002012811.txt,1
schedules\2002012810.txt,1
schedules\2002012809.txt,1
schedules\2002012808.txt,1
schedules\2002012807.txt,1
schedules\2002012806.txt,1
schedules\2002012805.txt,1
schedules\2002012804.txt,1
schedules\2002012803.txt,1
schedules\2002020517.txt,1
schedules\2002012802.txt,1
schedules\2002012801.txt,1
1/27/02,24
schedules\2002012724.txt,1
schedules\2002012723.txt,1
schedules\2002012722.txt,1
schedules\2002012721.txt,1
schedules\2002012720.txt,1
schedules\2002012719.txt,1
schedules\2002012718.txt,1
schedules\2002012717.txt,1
schedules\2002012716.txt,1
schedules\2002012715.txt,1
schedules\2002012714.txt,1
schedules\2002012713.txt,1
schedules\2002012712.txt,1
schedules\2002012711.txt,1
schedules\2002012710.txt,1
schedules\2002012708.txt,1
schedules\2002020518.txt,1
schedules\2002012706.txt,1
schedules\2002012705.txt,1
schedules\2002012704.txt,1
schedules\2002012701.txt,1
1/26/02,31
schedules\2002012623.txt,1
schedules\2002012622.txt,1
schedules\2002012621.txt,1
schedules\2002020515.txt,1
schedules\2002012620.txt,1
schedules\2002012619.txt,1
schedules\2002012618.txt,1
schedules\2002012617.txt,1
enrj_cis0_3000,1
schedules\2002012616.txt,1
schedules\2002012614.txt,1
schedules\2002012613.txt,1
schedules\2002012612.txt,1
schedules\2002012611.txt,1
06980,2
divid,1
alpha-ord,1
10am-12,1
2pm-,1
encourag,2
speed,1
10am,2
A-,1
K,1
2pm,1
l-z,1
rsvp,2
schedules\2002020514.txt,1
schedules\2002012609.txt,1
schedules\2002012608.txt,1
schedules\2002012607.txt,1
schedules\2002012606.txt,1
schedules\2002012605.txt,1
schedules\2002012604.txt,1
schedules\2002012603.txt,1
schedules\2002012602.txt,1
schedules\2002012601.txt,1
schedules\2002020513.txt,1
1/25/02,26
schedules\2002012524.txt,1
schedules\2002012522.txt,1
schedules\2002012520.txt,1
schedules\2002012519.txt,1
schedules\2002012518.txt,1
schedules\2002012517.txt,1
1/25/2002,7
1/24/2002,3
1/27/2002,3
10:00:00,2
1/28/2002,1
internet,9
cabl,1
nilson,1
busto,1
55-11-5503-1347,1
1:45:00,1
2:45:00,1
11:45:00,1
12:45:00,1
7:45:00,1
8:45:00,1
NA,1
brennan,3
713-853-4545,3
7138536744,1
brook,1
713-345-8077,1
assembl,2
subpoena,1
congress,1
sec,1
depart,2
justic,1
3-6239,1
schedules\2002020512.txt,1
schedules\2002012516.txt,1
schedules\2002012515.txt,1
fbi,3
agent,1
bureau,2
schedules\2002012514.txt,1
hire,3
lue,2
3:00,3
yesterday,2
unsur,1
asap,1
julie.kearney,1
schedules\2002012513.txt,1
schedules\2002012512.txt,1
schedules\2002012509.txt,1
schedules\2002020511.txt,1
schedules\2002012507.txt,1
schedules\2002012506.txt,1
schedules\2002012505.txt,1
361.31,1
361.28,1
schedules\2002012504.txt,1
schedules\2002012503.txt,1
schedules\2002012502.txt,1
schedules\2002012501.txt,1
1/24/02,25
schedules\2002012424.txt,1
schedules\2002012423.txt,1
schedules\2002012422.txt,1
schedules\2002012421.txt,1
schedules\2002012420.txt,1
schedules\2002012418.txt,1
schedules\2002012417.txt,1
schedules\2002012416.txt,1
schedules\2002012415.txt,1
12:10,2
schedules\2002012414.txt,1
10:24,1
entri,1
epmi-west-perform,1
pre,1
schedules\2002012412.txt,1
schedules\2002012408.txt,1
schedules\2002012406.txt,1
schedules\2002020508.txt,1
'ecthou-bps3,8
schedules\2002012402.txt,1
schedules\2002012401.txt,1
1/23/02,25
schedules\2002012324.txt,1
schedules\2002012323.txt,1
schedules\2002012321.txt,1
themselv,2
inquiri,2
concentr,1
stakehold,2
truli,1
wit,1
rigor,1
grow,2
effici,2
safest,1
becam,1
passion,1
observ,4
smart,1
solut,2
tirelessli,1
fellow,1
schedules\2002020507.txt,1
schedules\2002012320.txt,1
schedules\2002012319.txt,1
gabriel,2
hagel,2
2:00,2
Mt,8
hood,8
asid,1
enrol,1
//172.17.172.22/elpaso/,1
schedules\2002012317.txt,1
schedules\2002012316.txt,1
copier,4
non-bankrupt,2
leas,2
rent,2
harri,2
grubb,2
713-853-5417,2
harry.grubb,2
entiti,4
paula,1
corey,1
713-853-9948,1
paula.corey,1
esop,3
otc,4
401,2
k,2
pend,5
suspend,2
chair,1
began,1
urg,1
schedules\2002012315.txt,1
schedules\2002020506.txt,1
dbcaps97data,3191
unknown,2128
alia,2128
schedules\2002012314.txt,1
schedules\2002012313.txt,1
schedules\2002012312.txt,1
schedules\2002012310.txt,1
schedules\2002012308.txt,1
schedules\2002012305.txt,1
schedules\2002020505.txt,1
schedules\2002012304.txt,1
schedules\2002012303.txt,1
schedules\2002012302.txt,1
schedules\2002012301.txt,1
1/22/02,26
schedules\2002012223.txt,1
resolv,5
categori,1
buse,1
transport,2
java,1
8.30am,1
9.30am,1
9.30,1
1pm,1
hotel,1
9am,1
afterward,1
independ,2
suffici,1
grand,1
ballroom,1
id,5
licens,1
tammi,1
schopp,1
schedules\2002012222.txt,1
schedules\2002020616.txt,1
schedules\2002020504.txt,1
schedules\2002012219.txt,1
video,1
adam,1
//localhost/elpaso/current.asp,1
//localhost/elpaso/,1
schedules\2002012218.txt,1
ticket,4
blazer,4
vs.,3
king,3
7:30,1
schedules\2002012217.txt,1
schedules\2002012216.txt,1
schedules\2002012215.txt,1
schedules\2002012214.txt,1
schedules\2002012213.txt,2
schedules\2002020503.txt,1
schedules\2002012212.txt,1
schedules\2002012210.txt,2
schedules\2002012211.txt,1
schedules\2002012209.txt,1
schedules\2002012208.txt,1
schedules\2002012206.txt,1
schedules\2002020502.txt,1
schedules\2002012203.txt,1
schedules\2002012202.txt,1
schedules\2002012201.txt,1
1/21/02,24
schedules\2002012124.txt,1
schedules\2002012123.txt,1
schedules\2002012122.txt,1
schedules\2002012121.txt,1
schedules\2002012120.txt,1
schedules\2002012119.txt,1
schedules\2002020501.txt,1
schedules\2002012118.txt,1
schedules\2002012117.txt,1
schedules\2002012116.txt,1
schedules\2002012115.txt,1
schedules\2002012114.txt,1
schedules\2002012113.txt,1
schedules\2002012111.txt,1
schedules\2002012110.txt,1
schedules\2002012109.txt,1
2/4/02,24
schedules\2002020424.txt,1
schedules\2002012107.txt,1
schedules\2002012106.txt,1
schedules\2002012105.txt,1
schedules\2002012104.txt,1
schedules\2002012103.txt,1
schedules\2002012102.txt,1
schedules\2002012101.txt,1
1/20/02,24
schedules\2002012024.txt,1
-0800,8
hotmail.com,7
laid-off,7
noth,7
server2,4
5.5.2653.19,4
linda,6
huey,4
'mollyadams123,2
mollyadams123,3
16:56:38,2
mime-vers,2
1.0,2
208.252.88.163,2
3.2,2
esmtp,2
mhotmailbe120f4800194004379fd0fc58a30a390,2
16:56:40,2
dcndpdch,2
16:56:39,2
16:57:03,2
message-id,2
66daecdaaa5ed011a1cf00009296074201b73c47,2
x-mailer,2
4:50,2
marco,2
coleman,2
//www.oddtodd.com/index2.html,2
chat,2
messeng,2
//messenger.msn.com,2
schedules\2002020423.txt,1
schedules\2002012023.txt,1
schedules\2002012022.txt,1
schedules\2002012021.txt,1
schedules\2002012020.txt,1
schedules\2002012019.txt,1
schedules\2002012018.txt,1
schedules\2002012017.txt,1
schedules\2002012016.txt,1
schedules\2002012015.txt,1
schedules\2002012014.txt,1
schedules\2002012013.txt,1
schedules\2002012012.txt,1
schedules\2002012011.txt,1
schedules\2002012010.txt,1
schedules\2002012009.txt,1
schedules\2002012008.txt,1
schedules\2002012007.txt,1
schedules\2002012006.txt,1
schedules\2002012005.txt,1
migrat,9
x,2
3-1411,3
global,2
infrastructur,2
schedules\2002012003.txt,1
schedules\2002012002.txt,1
schedules\2002012001.txt,1
1/19/02,24
schedules\2002011924.txt,1
schedules\2002011923.txt,1
schedules\2002011922.txt,1
schedules\2002011921.txt,1
schedules\2002011920.txt,1
schedules\2002011919.txt,1
schedules\2002011918.txt,1
schedules\2002020421.txt,1
schedules\2002011917.txt,1
schedules\2002011916.txt,1
schedules\2002011915.txt,1
schedules\2002011914.txt,1
schedules\2002011913.txt,1
schedules\2002011912.txt,1
schedules\2002011911.txt,1
schedules\2002011910.txt,1
schedules\2002011909.txt,1
schedules\2002011908.txt,1
schedules\2002020420.txt,1
schedules\2002011907.txt,1
schedules\2002011906.txt,1
schedules\2002011905.txt,1
schedules\2002011904.txt,1
schedules\2002011903.txt,1
schedules\2002011902.txt,1
schedules\2002011901.txt,1
1/18/02,24
schedules\2002011824.txt,1
schedules\2002020615.txt,1
focus,1
distract,3
schedules\2002011820.txt,1
schedules\2002011819.txt,1
schedules\2002011818.txt,1
cow,11
bbagley,2
bullish.org,2
capit,2
hala,1
habal,1
hhabal,1
2:08,1
bobbagley,1
bagley,1
children,2
feudal,1
lord,3
fascism,1
totalitarian,1
draft,1
armi,2
bull,1
herd,1
multipli,1
retir,1
publicli,1
brother-in-law,1
debt/equ,1
swap,3
exempt,1
five,2
six,1
intermediari,1
cayman,1
secretli,1
sharehold,1
annual,1
eight,1
1/20,1
eddy/pv,1
suppos,1
schedules\2002011817.txt,1
schedules\2002011816.txt,1
membership,6
redeem,3
reinstat,2
enron/american,1
paid,1
accru,1
1-800-the-card,1
843-2273,1
cardmemb,1
redempt,1
1-800-297-3276,1
traci,1
ramsey,1
853-6457,1
schedules\2002011815.txt,1
schedules\2002020419.txt,1
//westdesksupport/rt/atcfinalcomp/,7
starthour=1,6
endhour=24,6
reportdate=01/18/2002,1
schedules\2002011811.txt,1
ami,6
6:18,1
fitzpatrick,2
schedules\2002011808.txt,1
schedules\2002011807.txt,1
schedules\2002011806.txt,1
schedules\2002011805.txt,1
schedules\2002011804.txt,1
complimentari,1
receptionist,1
schedules\2002011803.txt,1
schedules\2002011802.txt,1
schedules\2002011801.txt,1
1/17/02,24
schedules\2002011724.txt,1
schedules\2002011723.txt,1
reportdate=01/17/2002,1
schedules\2002011722.txt,1
analyt,1
summari,2
pertin,1
broker,1
schedules\2002011721.txt,1
schedules\2002011720.txt,1
schedules\2002011719.txt,1
schedules\2002011718.txt,1
schedules\2002011717.txt,1
from_location_id,6
int_intrchng,4
trading_sc,4
sched_typ,4
engi,4
purch_sal,4
ech1,3
S,2
\netco,2
finals\ha0116,2
finals.txt,1
gen_schedul,1
carbgn_6_unit,1
getfieldvalu,1
power_qti,1
3.5,1
0.8,1
0.7,1
schedules\2002020418.txt,1
finals_load.txt,1
load_schedul,1
schedules\2002011714.txt,1
schedules\2002011713.txt,1
schedules\2002011712.txt,1
schedules\2002011711.txt,1
schedules\2002020417.txt,9
empti,8
schedules\2002011710.txt,1
schedules\2002011709.txt,1
schedules\2002011708.txt,1
schedules\2002011707.txt,1
9:31,1
schedules\2002011705.txt,1
schedules\2002011703.txt,1
schedules\2002011702.txt,1
schedules\2002011701.txt,1
1/16/02,25
schedules\2002011624.txt,1
schedules\2002011623.txt,1
reportdate=01/16/2002,1
schedules\2002011622.txt,1
schedules\2002011621.txt,1
schedules\2002011620.txt,1
24th,1
schedules\2002020416.txt,1
ann,1
labb,1
5-7809,1
delainey,1
schedules\2002011618.txt,1
schedules\2002011615.txt,1
schedules\2002011614.txt,1
schedules\2002020415.txt,1
schedules\2002011613.txt,1
admin,3
ca,1
expensexms.com,1
isc,1
713-345-4727,1
concur,1
workflow,1
jill,3
schedules\2002011612.txt,1
schedules\2002011611.txt,1
schedules\2002011610.txt,1
schedules\2002011608.txt,1
schedules\2002020414.txt,1
schedules\2002011609.txt,1
criteria,3
quotat,2
over-the-count,1
symbol,1
enrnq,1
delist,1
appeal,1
www.nyse.com,1
fell,1
averag,1
consecut,1
trading-day,1
llc,3
schedules\2002011607.txt,2
schedules\2002011606.txt,1
schedules\2002011605.txt,1
schedules\2002020413.txt,1
schedules\2002011604.txt,1
schedules\2002011603.txt,1
schedules\2002011602.txt,1
schedules\2002011601.txt,1
schedules\2002011524.txt,1
schedules\2002011523.txt,1
schedules\2002020412.txt,1
reportdate=01/15/2002,1
schedules\2002011522.txt,1
schedules\2002011521.txt,1
schedules\2002011520.txt,1
luther,2
labor,1
schedules\2002011519.txt,1
car,5
leo',1
librari,1
5:01,1
wrote,2
easier,2
unexpect,2
PA,2
anymor,2
schedules\2002011518.txt,1
schedules\2002011517.txt,1
schedules\2002011516.txt,1
schedules\2002011514.txt,1
schedules\2002011513.txt,1
schedules\2002011512.txt,1
schedules\2002011511.txt,1
schedules\2002011510.txt,1
schedules\2002011509.txt,1
schedules\2002011508.txt,1
schedules\2002011506.txt,1
schedules\2002011505.txt,1
schedules\2002020410.txt,1
schedules\2002011504.txt,1
schedules\2002011503.txt,1
schedules\2002011502.txt,1
schedules\2002011501.txt,1
1-4,1
wont,1
1/14/02,24
schedules\2002011424.txt,1
schedules\2002011423.txt,1
schedules\2002011422.txt,1
schedules\2002011421.txt,1
schedules\2002011420.txt,1
schedules\2002020409.txt,1
schedules\2002011419.txt,1
schedules\2002011418.txt,1
schedules\2002011417.txt,1
345-2402,1
storag,1
westdesk,1
flooroverview,1
schedules\2002011416.txt,1
schedules\2002011415.txt,1
schedules\2002011414.txt,1
schedules\2002011413.txt,1
schedules\2002011412.txt,1
schedules\2002020408.txt,1
schedules\2002011411.txt,1
ect.enron.com,4
ei.enron.com,4
ees.enron.com,4
firstname.lastnam,4
domain,2
decommiss,2
18th,2
schedules\2002011410.txt,1
schedules\2002011409.txt,1
schedules\2002011408.txt,1
schedules\2002011406.txt,1
schedules\2002011403.txt,1
schedules\2002020407.txt,1
schedules\2002011402.txt,1
schedules\2002011401.txt,1
1/13/02,24
schedules\2002011324.txt,1
schedules\2002011322.txt,1
schedules\2002011320.txt,1
colorado,1
feb.,4
dean,1
503.880.5303,1
schedules\2002011319.txt,1
schedules\2002011318.txt,1
schedules\2002020406.txt,1
schedules\2002011317.txt,1
schedules\2002011316.txt,1
schedules\2002011315.txt,1
schedules\2002011314.txt,1
schedules\2002011313.txt,1
schedules\2002011312.txt,1
schedules\2002011311.txt,1
schedules\2002011310.txt,1
schedules\2002011309.txt,1
schedules\2002011308.txt,1
schedules\2002020405.txt,1
schedules\2002011307.txt,1
schedules\2002011305.txt,1
schedules\2002011304.txt,1
schedules\2002011303.txt,1
schedules\2002011302.txt,1
schedules\2002011301.txt,1
1/12/02,24
schedules\2002011224.txt,1
schedules\2002011223.txt,1
schedules\2002011222.txt,1
schedules\2002011221.txt,1
schedules\2002011220.txt,1
schedules\2002011219.txt,1
schedules\2002011218.txt,1
schedules\2002011217.txt,1
schedules\2002011216.txt,1
schedules\2002011215.txt,1
schedules\2002011214.txt,1
schedules\2002011213.txt,1
schedules\2002011212.txt,1
schedules\2002020403.txt,1
schedules\2002011211.txt,1
schedules\2002011208.txt,1
schedules\2002011207.txt,1
schedules\2002011206.txt,1
schedules\2002011204.txt,1
schedules\2002011203.txt,1
schedules\2002020402.txt,1
schedules\2002011201.txt,1
1/11/02,24
schedules\2002011123.txt,1
schedules\2002011121.txt,1
schedules\2002011120.txt,1
schedules\2002011119.txt,1
schedules\2002011117.txt,1
schedules\2002011116.txt,1
schedules\2002020401.txt,1
schedules\2002011115.txt,1
seminar,2
12:15,1
schedules\2002011114.txt,1
spot,1
89.00,2
clarifi,1
2wtc/outsid,1
2wtc,1
fee,1
schedules\2002011113.txt,1
inde,1
winner,1
gas/pow,1
loop,1
front,1
schedules\2002011112.txt,1
schedules\2002011111.txt,1
schedules\2002011110.txt,1
2/3/02,24
schedules\2002020324.txt,1
pager,21
1/11/2002,5
facil,9
on-cal,9
p.m,2
exercis,5
randi,2
713.345.7707,2
edi,6
sitara,6
853-9797,6
1/13/2002,1
back-up,1
chiller,1
routin,1
AC,1
equip,1
6:00,1
10:45,1
crac,1
air,1
handler,1
belt,1
filter,1
drain,1
azurix,3
eb34,3
lan,3
os/2,3
sun/oss,3
telephoni,3
853-1411,3
853-5536,3
sap/isc,3
345-4727,3
284-3757,3
288-0101,3
rus/gops/geotools/apr,3
639-9726,3
oss/ua4/tarp,3
285-3165,3
cpr,3
284-4175,3
327-3893,3
888,3
td,3
-trader,3
327-6032,3
schedules\2002011109.txt,1
schedules\2002011108.txt,1
schedules\2002011107.txt,1
schedules\2002011105.txt,1
schedules\2002011103.txt,1
schedules\2002011102.txt,1
schedules\2002011101.txt,1
schedules\2002020323.txt,1
1/10/02,24
schedules\2002011024.txt,1
schedules\2002011023.txt,1
schedules\2002011020.txt,1
schedules\2002011019.txt,1
rey,1
congratul,1
schedules\2002011017.txt,1
schedules\2002011016.txt,1
schedules\2002020322.txt,1
schedules\2002011015.txt,1
schedules\2002011014.txt,1
schedules\2002011013.txt,1
schedules\2002011012.txt,1
6pm,1
netco/est,3
hardwar,3
re-boot,1
503.464.8681,1
schedules\2002011011.txt,1
schedules\2002011010.txt,1
schedules\2002011009.txt,1
schedules\2002011008.txt,1
schedules\2002011007.txt,1
schedules\2002020321.txt,1
schedules\2002011006.txt,1
schedules\2002011005.txt,1
schedules\2002011004.txt,1
schedules\2002011003.txt,1
schedules\2002011002.txt,1
schedules\2002011001.txt,1
1/9/02,24
schedules\2002010924.txt,1
schedules\2002010923.txt,1
schedules\2002010922.txt,1
schedules\2002010921.txt,1
schedules\2002010920.txt,1
schedules\2002010919.txt,1
//biz.yahoo.com/apf/020109/enron_auction_1.html,1
schedules\2002010918.txt,1
schedules\2002010917.txt,1
schedules\2002010916.txt,1
schedules\2002010914.txt,1
schedules\2002010913.txt,1
schedules\2002010912.txt,1
schedules\2002020319.txt,1
wwilliamsiii,2
palm.net,2
BW,1
schedules\2002010911.txt,1
schedules\2002010910.txt,1
schedules\2002010909.txt,1
schedules\2002010908.txt,1
schedules\2002010907.txt,1
schedules\2002010906.txt,1
schedules\2002010905.txt,1
schedules\2002010903.txt,1
schedules\2002020318.txt,1
reportdate=01/09/2002,1
schedules\2002010902.txt,1
1/8/02,39
schedules\2002010824.txt,1
376.39,1
376.36,1
schedules\2002010823.txt,1
reportdate=01/08/2002,2
schedules\2002010822.txt,1
schedules\2002020317.txt,1
schedules\2002010820.txt,1
17.98,1
17.95,1
schedules\2002010819.txt,1
schedules\2002010818.txt,1
1/9/01,1
schedules\2002020316.txt,1
schedules\2002010817.txt,1
schedules\2002010816.txt,1
190.17,1
190.14,1
schedules\2002010815.txt,1
20.53,1
20.50,1
starthour=12,1
endhour=15,1
schedules\2002010814.txt,1
199.88,1
199.85,1
schedules\2002010813.txt,1
20.75,1
20.72,1
schedules\2002010812.txt,1
20.86,1
20.83,1
schedules\2002010811.txt,1
20.82,1
20.79,1
schedules\2002010810.txt,1
187.97,1
187.94,1
schedules\2002010809.txt,1
schedules\2002010808.txt,1
schedules\2002010807.txt,1
152.25,1
152.22,1
schedules\2002010806.txt,1
139.23,1
139.20,1
schedules\2002010804.txt,1
2.25,1
2.22,1
schedules\2002010803.txt,1
119.37,1
119.34,1
schedules\2002010802.txt,1
13.84,3
13.81,2
schedules\2002010801.txt,1
123.09,1
123.06,1
1/7/02,30
schedules\2002010724.txt,1
schedules\2002020314.txt,1
schedules\2002010723.txt,1
41.91,1
41.88,1
schedules\2002010722.txt,1
schedules\2002010721.txt,1
schedules\2002010719.txt,1
schedules\2002010718.txt,1
schedules\2002010717.txt,1
schedules\2002010716.txt,1
var,1
JP,1
riskmetr,1
\midmarketing\riskmetr,1
Of,1
schedules\2002010715.txt,1
schedules\2002020313.txt,1
schedules\2002010714.txt,1
schedules\2002010713.txt,1
schedules\2002010712.txt,1
schedules\2002010711.txt,1
schedules\2002010710.txt,1
schedules\2002010709.txt,1
schedules\2002010708.txt,1
schedules\2002010706.txt,1
373.79,1
373.76,1
schedules\2002020312.txt,1
schedules\2002010704.txt,1
343.86,1
343.83,1
schedules\2002010703.txt,1
340.92,1
340.89,1
schedules\2002010702.txt,1
339.57,1
339.54,1
schedules\2002010701.txt,1
339.53,1
339.50,1
1/6/02,39
schedules\2002010624.txt,1
schedules\2002010623.txt,1
443.74,1
443.71,1
schedules\2002010622.txt,1
schedules\2002010621.txt,1
schedules\2002010620.txt,1
schedules\2002010619.txt,1
schedules\2002020311.txt,1
schedules\2002010618.txt,1
schedules\2002010616.txt,1
schedules\2002010614.txt,1
401.05,1
401.02,1
schedules\2002010613.txt,1
354.08,1
354.05,1
schedules\2002010612.txt,1
352.73,1
352.70,1
schedules\2002010611.txt,1
413.54,1
413.51,1
schedules\2002010610.txt,1
14.31,1
14.28,1
schedules\2002010609.txt,1
13.92,1
13.89,1
schedules\2002020310.txt,1
schedules\2002010608.txt,1
448.26,1
448.23,1
schedules\2002010607.txt,1
456.70,1
456.67,1
schedules\2002010606.txt,1
463.23,1
463.20,1
schedules\2002010605.txt,1
12.69,1
12.66,1
schedules\2002010604.txt,1
12.63,1
12.60,1
schedules\2002010603.txt,1
111.74,1
111.71,1
schedules\2002010602.txt,1
471.55,1
471.52,1
schedules\2002010601.txt,1
465.48,1
465.45,1
1/5/02,31
schedules\2002010524.txt,1
schedules\2002010523.txt,1
2.16,1
2.13,1
schedules\2002020309.txt,1
schedules\2002010522.txt,1
schedules\2002010521.txt,1
schedules\2002010520.txt,1
schedules\2002010519.txt,1
schedules\2002010518.txt,1
schedules\2002010517.txt,1
schedules\2002010516.txt,1
schedules\2002010515.txt,1
schedules\2002010514.txt,1
schedules\2002010513.txt,1
schedules\2002020308.txt,1
schedules\2002010512.txt,1
schedules\2002010511.txt,1
schedules\2002010510.txt,1
schedules\2002010509.txt,1
schedules\2002010507.txt,1
insret,1
studd,1
schedules\2002010506.txt,1
35.75,1
35.72,1
schedules\2002010505.txt,1
35.00,1
34.97,1
schedules\2002020307.txt,1
schedules\2002010504.txt,1
34.88,1
34.85,1
schedules\2002010503.txt,1
35.24,1
35.21,1
schedules\2002010502.txt,1
35.85,1
35.82,1
schedules\2002010501.txt,1
36.57,1
36.54,1
1/4/02,37
schedules\2002010424.txt,1
118.26,1
118.23,1
schedules\2002010423.txt,1
126.40,1
126.37,1
schedules\2002010422.txt,1
136.08,1
136.05,1
schedules\2002010421.txt,1
144.52,1
144.49,1
schedules\2002010420.txt,1
432.07,1
432.04,1
schedules\2002010419.txt,1
158.87,1
158.84,1
schedules\2002020306.txt,1
hous,1
bois,1
radic,1
scale,1
rudimentari,1
catalog,1
schedules\2002010418.txt,1
454.14,1
454.11,1
litig,3
disput,2
acquir,2
substanti,2
protract,2
et,2
possess,3
dismiss,1
extend,1
repurchas,1
9,000,1
interst,1
horton,1
weigh,1
turmoil,1
contest,1
larger,1
burden,1
steer,1
day-to-day,1
satisfact,1
smooth,1
align,1
assur,1
consciou,1
1/5/2002,18
nahou,5
fault,8
df,4
sysadmir,6
nahou-bpms01p,4
nahou-bpmsft01p,4
1/4/2002,2
1/7/2002,2
2:00:00,2
8:00:00,2
brief,2
master,2
database/mast,2
replic,2
reenabl,2
tolernac,2
lindsay,2
713-853-6225,2
9:30:00,1
deploy,1
de-commiss,1
instanc,1
revert,1
cheng,1
7138531672,1
mcnair,1
darren,1
7138537955,1
schedules\2002010417.txt,1
schedules\2002010416.txt,1
schedules\2002010415.txt,1
schedules\2002010413.txt,1
schedules\2002020305.txt,1
11-12,3
dunton,1
heather,1
1:27,1
MT,2
1/4,2
1/7,2
1/8,2
1/9,2
1/10,2
fundi,2
1/11,2
1/14,2
1/15,2
1/16,2
1/17,2
1/18,2
1/22,2
todd,2
schedules\2002010412.txt,1
breakroom,1
fridg,1
clean,2
schedules\2002010411.txt,1
schedules\2002010410.txt,1
schedules\2002010409.txt,1
schedules\2002010408.txt,1
schedules\2002010406.txt,1
15.12,1
15.09,1
schedules\2002010405.txt,1
362.32,1
362.29,1
schedules\2002020304.txt,1
schedules\2002010404.txt,1
13.87,1
schedules\2002010403.txt,1
359.14,1
359.11,1
schedules\2002010402.txt,1
115.48,1
115.45,1
schedules\2002010401.txt,1
365.91,1
365.88,1
1/3/02,40
schedules\2002010324.txt,1
schedules\2002010323.txt,1
15.61,1
15.58,1
schedules\2002010321.txt,1
17.51,1
17.48,1
schedules\2002010320.txt,1
18.07,1
18.04,1
schedules\2002010319.txt,1
18.53,1
18.50,1
schedules\2002020303.txt,1
erron,1
disregard,1
regret,1
intranet,1
benefits.enron.com,1
resources.hewitt.com/enron,1
log-in,1
800-332-7979,1
schedules\2002010318.txt,1
19.16,1
19.13,1
schedules\2002010317.txt,1
schedules\2002010316.txt,1
schedules\2002010315.txt,1
schedules\2002010314.txt,1
schedules\2002010313.txt,1
refriger,1
thrown,1
throw,1
schedules\2002020302.txt,1
schedules\2002010312.txt,1
schedules\2002010311.txt,1
schedules\2002010310.txt,1
schedules\2002010309.txt,1
19.88,1
19.85,1
schedules\2002010308.txt,1
schedules\2002010307.txt,1
schedules\2002010306.txt,1
15.18,1
15.15,1
schedules\2002010305.txt,1
14.21,1
14.18,1
schedules\2002010304.txt,1
13.80,1
13.77,1
schedules\2002010303.txt,1
schedules\2002020301.txt,1
schedules\2002010302.txt,1
14.00,1
13.97,1
schedules\2002010301.txt,1
38.22,1
38.19,1
schedules\2002010224.txt,1
schedules\2002010223.txt,1
schedules\2002010222.txt,1
schedules\2002010221.txt,1
schedules\2002010220.txt,1
schedules\2002010219.txt,1
steiner,2
elv,3
packag,2
lower,2
receipt,2
certif,6
cavali,1
minnesota,1
timberwolv,1
salvat,1
recogn,2
//172.17.172.62/inf/default.html,1
st.,1
helen,1
complianc,4
batch,1
freeland,1
BE,1
M,7
Z,4
cheat,2
\estate\,2
AG,2
agenc,2
guinn,2
EB,2
3829a,2
michel,2
853-6401,2
pinto-leit,2
345-7942,2
tip,1
compliant,1
midnight,1
sixteen,1
prc,1
WO,1
half,1
crandall/scholt,1
richter/mallori,1
belden/swerzbin,1
xm,2
pre-clos,2
immin,1
entertain,1
varga,1
3-5280,1
georgann,1
hodg,1
3-0430,1
schedules\2002020622.txt,1
ubswenergi,3
launch,3
mid/back-offic,3
profil,4
enron/ub,1
0900,1
1100,1
extern,1
role-play,1
back-offic,1
technolog,1
trade-data,1
handout,1
re-launch,1
shult,1
30397,1
31861,1
forster,1
713.853.1861,1
david.forst,1
map,3
//172.17.172.62/rt/tips/maphdrive.html,1
10:49,1
janders3,1
johnanderson,1
evit,4
suz,3
kati,3
warjon,2
sullivan,2
evite.com,2
privaci,2
housewarm,1
//www.evite.com/r,1
iid=jmuaqtlsybcyfvuesrdj,1
guest,1
//www.evite.com/privaci,1
browser,1
03/15/01,1
8:15,1
appet,1
fernando,1
hideaway,1
824,1
avenu,1
upstair,1
schedules\2002020621.txt,1
schedules\2002020620.txt,1
schedules\2002020619.txt,1
dial-in,2
commenc,1
alex,1
fusco,1
800.486.2726,1
host,1
353763,1
547763,1
liz,1
713.853.1935,1
713.853.1838,1
713.854.3056,1
mobil,1
schedules\2002020618.txt,1
/trading/r,1
time/el,1
schedules/admin/el,1
schedules/2002/feb02/epe_feb_02,1
/electric/epe/ep,1
2002/models/february02/,1
enclos,1
01/25/02,1
9:22,1
fwd,1
52159,1
epmiw,1
pse,1
cab,1
