ga,52
natur,21
agustin,18
sign,31
mexico,7
isda,260
stephani,707
perez,14
enron,846
receiv,154
comercializadora,3
metroga,3
paul,85
de,21
copi,188
soon,28
also,97
send,97
new,126
compani,107
servicio,2
regard,137
To,554
cc,19
subject,523
want,57
We,199
today,54
let,124
know,154
need,142
execut,115
onli,39
draft,74
veri,34
fast,4
becaus,15
alrreadi,1
aprov,1
attorney,4
radou,23
prepar,61
credit,214
worksheet,44
s.a.,15
c.v,3
panu,463
01/11/2001,1
08:59,1
AM,293
perez/na/enron,1
Re,11
check,35
statu,18
agreement,406
email,219
dec.,4
22,34
thank,316
12/22/2000,1
12:10,1
PM,529
radous/corp/enron,1
brent,53
hendri,38
samantha,43
boyd/na/enron,1
panus/na/enron,2
jaim,6
william,133
good,33
ha,127
approv,64
ceo,2
return,24
holyday,1
jan,2
8,8
2,40
sent,556
anoth,14
corpor,51
document,110
thi,503
forward,94
pleas,514
tell,15
us,74
use,117
format,52
go,69
provid,64
guaranti,162
confirm,104
ena,78
ken,61
trade,217
counterparti,114
long-form,3
look,56
would,130
swap,20
01/29/2001,2
ee,27
like,61
inform,114
type,47
depend,4
done,22
rube,2
Hi,31
harrah,1
oper,27
inc.,133
rate,7
bbb-,1
domesticli,1
base,7
buy,3
year,20
plain-vanilla,1
fix,2
price,18
volum,1
small,15
10,000,15
mmbtu/month,1
understand,6
send-out,1
11:58,1
rubeli/hou/e,1
sampl,9
see,170
In,28
speak,3
group,45
befor,16
anyth,18
form,59
vari,2
may,99
differ,17
term,40
name,78
counterparty/trad,1
If,179
ani,389
question,106
contact,222
11:40,1
As,30
discuss,38
standard,12
custom,23
potenti,8
'd,6
review,122
possibl,21
help,47
migrat,18
embed,7
outlook,13
messag,588
attach,285
exelon,16
sara,216
darren,41
gener,42
-origin,483
vanek,28
wednesday,79
octob,320
17,25
2001,618
llc,32
shackleton,152
traci,34
FW,144
sack,30
edward,31
conwel,31
wendi,205
ngo,30
guy,26
regulatori,11
provis,20
713,126
fine,8
5:46,1
itrust,1
Ed,8
opinion,17
one,71
5:37,3
RE,128
reg,1
applic,15
municip,1
cp,3
-e,1
5:21,3
input,1
unfamiliar,1
-d,1
5:16,1
Cc,183
've,18
first,34
Is,10
mac,5
appropri,16
familiar,6
busi,44
event,16
wa,69
northwest,2
util,7
wholesal,146
servic,203
1400,133
smith,148
street,130
eb3801a,7
houston,159
TX,22
77002,124
Ph,23
853-5620,7
fax,203
646-3490,12
csfb,10
tom,84
scott,41
kreuzing,3
doc,12
jeff,17
kinneman,4
abl,29
hi,7
suppli,5
advis,38
tuesday,62
16,23
11:14,2
douka,7
heard,52
mari,110
suiss,3
boston,1
account,9
agre,25
juli,24
6,18
never,13
version,11
feel,24
free,36
phone,58
617-556-5730,1
617-542-1814,1
ensur,6
duplic,6
eci,1
perhap,4
assist,28
unabl,5
extract,1
respons,17
tree,5
lumber,6
jason,80
S.,144
north,126
number,81
georgi,35
landau,33
kimberli,68
dian,57
melissa,42
ann,57
rodriguez,45
johnson,54
master,159
entiti,78
america,118
corp.,217
special,64
handl,55
fyi,10
contract,89
tall,2
96083921,1
CP,21
ID,21
115069,1
-g,7
net,34
work,125
713/345-4435,10
Fx,14
713/646-2495,10
=09panu,20
=20,59
=09monday,3
2:35,2
=09adam,14
laurel,24
allen,34
anderson,51
bell,25
jean,21
bowen,24
B=,9
ob,9
cason,20
sharen,19
cisnero,21
celest,24
fischer,20
garcia,20
jorg,20
A.,23
he=,10
aney,7
gordon,24
hundl,19
hunter,28
larri,41
joe,23
murphi,18
orne=,7
la,8
bianca,22
piwetz,19
seib,24
diann,22
tackett,18
theriot,19
kim,23
brackett,53
debbi,51
R.,60
bradford,87
brown,31
A=,8
ngela,7
Y.,10
curri,56
espinoza,40
veronica,59
gonzalez,25
veronic=,7
rudwel,25
landri,25
shemeika,23
lebrocq,156
mendoza,51
nidia,51
M=,7
onterrey,7
maribel,65
moran,59
carol,19
otto,26
randi,25
radou=,7
rajaram,43
aparna,50
rohauer,153
tanya,217
sonnonstin,20
max,31
R,49
campo,29
anthoni,22
crawford,21
sharo=,7
n,23
ebow,60
amber,58
ellstrom,24
gerard,15
camil,20
hare,53
bill,49
D.,95
C=,13
heryl,7
lambert,53
karen,83
lee,53
lisa,63
moor,30
neuner,20
da=,7
le,7
reev,24
lesli,64
richardson,25
stacey,24
bernic,26
schott,53
samuel,57
sever,72
shiver,24
lynn,24
sietzema,17
linda,25
southard,24
carri,25
bailey=,7
susan,62
boyd,63
cook,48
gray,35
barbara,32
N.,29
hendry=,7
jone,107
tana,105
keiser,45
holli,49
koehler,25
C.,36
leit,43
francisco,61
pin=,7
nelson,32
cheryl,79
sayr,71
frank,71
taylor,68
mark,119
E,88
legal,233
=09tall,1
financi,77
=09=09isda,9
multicurrency-cross,17
border,17
effect,30
date,87
=09=09=09septemb,2
27,11
=09=09=09enron,9
=09=09=09tall,2
transact,96
cover,43
=09=09approv,9
product,90
except,19
foreign,17
exchang,45
=09=09enron,10
govern,30
law,36
=09=09=09texa,5
=09=09no,5
requir,51
distribut,60
ph,127
713.345.3249,123
713.646.3490,123
septemb,29
texa,119
No,124
matt,3
entergy-koch/ena,1
request,68
troubl,1
access,56
http,68
//edms.livelink.enron.com/ena/livelink.exe/96057022_base_contract_02_01_01_a.pdf,1
func=doc.fetch,6
nodeid=10191237,1
doctitle=96057022+base+contract+02,1
2f01,1
2f01+a,1
shell,10
canada,35
limit,34
dean,7
yet,8
tri,36
week,52
monday,208
4:11,4
drozdiak,4
ecc,20
trader,5
wonder,10
comment,65
told,24
3:56,2
dean/randi,3
complet,56
senior,118
specialist,108
eb3803c,106
stephanie.panu,144
enron.com,266
clark,88
eol,100
call,222
global,100
hello,10
gcp,25
adjust,13
highlight,19
blue,26
give,45
N,19
counterparty_enron,11
345-8331,1
646-5797,1
friday,97
19,171
5:44,2
cynthia,30
europ,35
claudia,29
fayett,29
juana,29
Le,29
trang,29
maley,29
o'day,29
lombardi,33
kelli,48
lindsay,32
brian,32
center,77
heffernan,19
ami,19
lafuz,29
molli,29
danni,29
mandola,29
teresa,29
coleman,38
tandra,34
campbel,33
lauer,29
kara,29
banner,29
mcquad,32
jennif,51
georg,32
fraisi,29
guillori,29
michael,55
monterrey,51
lebeau,29
maria,29
escamilla,34
albert,34
clickpap,32
10-19-01,2
file,147
10-19-01.xl,1
3-3835,39
updat,31
vpn,5
web,9
year-end,2
TD,1
font-siz,1
10pt,1
color,2
black,4
background-color,1
white,6
imag,48
follow,77
without,15
calendar,10
pep,2
xm,1
expens,13
report,39
come,12
ehronlin,2
benefit,6
elect,1
oct.,5
29,36
electron,16
pay,4
stub,1
much,15
clickathom,3
portal,10
internet,33
still,29
believ,13
remot,2
home,19
network,27
must,14
valid,3
reason,19
supervisor,1
monthli,1
cost,23
ye,3
NO,2
sure,30
answer,5
survey,2
comput,1
via,28
signatur,13
final,35
resolut,21
doe,38
courier,1
deliveri,19
address,58
thursday,56
18,28
9:04,4
pizzolato,1
wall,2
david,51
import,71
high,75
suggest,20
could,90
scan,10
edit,11
page,21
oppos,2
recreat,2
sinc,37
word,8
howev,17
decid,4
pursu,5
prioriti,15
shut,3
time,159
frame,2
expect,14
walk,13
jdrf,7
join,14
auction,5
ticket,7
cyber,4
sale,9
donat,9
big,4
fun,11
take,23
5.00,3
entertain,3
raffl,4
t-shirt,3
great,22
diabet,4
activ,7
place,18
detail,32
click,38
caf,2
26th,3
p.m.,12
lunch,2
two,40
roundtrip,2
avail,25
enron/jdrf,2
25,37
sneaker,2
continu,57
collect,2
support,61
walker,2
particip,11
sunday,8
28th,2
juvenil,2
research,2
foundat,2
cure,2
greenspoint,1
mall,1
8:00,7
a.m,1
schedul,182
24th,1
25th,2
//ecpdxapps01.enron.net/apps/auction.nsf,1
direct,8
link,20
host,2
eg,1
11:30,7
1:00,5
andrew,7
front,1
build,13
fajita,1
trim,1
taquera,1
del,1
sol,1
live,6
mango,1
punch,1
continent,1
airlin,1
british,2
airway,2
10.00,1
win,6
drawn,1
2:00,6
bake,1
cake,2
cooki,3
halloween,10
treat,6
purchas,1
paper,3
competit,1
unit,10
watch,17
although,19
day,23
remain,11
late,5
It,39
moment,3
fill,10
get,85
hundr,2
employe,31
thousand,1
houstonian,1
blast,1
tent,1
lot,11
food,1
everyon,7
park,5
site,9
attend,9
local,2
fundrais,3
keep,9
stand,4
team,11
gulf,1
coast,1
area,4
entir,13
southern,2
region,9
u.s.,15
well,49
top,6
10,25
nation,5
janic,1
riedel,1
x-37507,1
cathi,1
phillip,12
x-36898,1
make,44
ask,35
generos,1
mike,18
mcconnel,1
cst,9
fund,26
novemb,279
save,7
plan,19
invest,13
option,19
26,33
3:00pm,3
contribut,8
chang,159
20,74
approach,1
move,23
administr,9
last,30
transfer,3
balanc,1
alloc,2
15th,2
payrol,1
deduct,1
enrol,1
hire,1
1,59
remind,3
vanguard,1
lifestrategi,1
replac,24
fidel,1
freedom,1
chosen,2
At,3
system,63
re-open,1
featur,1
dure,16
transit,8
period,13
ext,7
3-7979,1
press,5
8:00am,2
5:00pm,7
pace,1
lifestyl,1
all-employe,3
meet,31
a.m.,14
cdt,5
hyatt,4
regenc,3
imperi,2
ballroom,4
locat,24
london,154
calgari,12
toronto,2
omaha,16
york,15
portland,4
//home.enron.com/employeemeet,1
e,62
prime,53
guarante,59
energi,152
physic,29
gti,53
wherea,12
addit,38
market,69
add,29
claus,13
cap,44
insert,8
2nd,6
matter,22
whether,14
jay,9
million,7
revis,42
ok,5
substanti,3
made,20
written,9
accordingli,7
appear,10
current,41
intend,119
sole,39
jrw,5
3:28,3
coupl,12
excel,4
xcel,4
header,4
fka,3
capit,56
resourc,44
4th,4
short,4
On,13
paragraph,24
defin,5
parti,111
mean,14
repres,15
specifi,8
certain,20
none,7
realli,6
unless,8
11:59,3
charl,5
H.,8
ortiz,4
luci,4
find,55
complex,3
30,8
upon,9
relationship,4
far,5
exist,12
record,32
mucho,3
care,10
side,6
especi,11
refer,37
loan,3
advanc,6
simipli,3
previou,10
present,14
second,7
simpler,3
amount,33
thieir,3
convers,5
structur,4
desir,4
parent.doc,5
marketing.doc,5
partner,13
me=,4
',38
96084111,1
76651,1
1:18,1
brewer,9
garcia=,2
heaney,17
lissa,2
ornela,12
di=,6
willi=,2
angela,13
go=,2
nzalez,2
ndoza,2
ott=,2
son=,2
nonstin,2
sharon,25
bill=,6
ja=,1
son,1
dale,17
bailey,41
heard=,1
leite=,1
pinto,39
=09energi,1
ltd.,16
=09=09=09octob,3
15,15
=09=09=09energi,3
ltd,23
quadra,20
annex,49
letter,50
ross,23
gari,31
gross,13
quadraenergy.com,13
ms.,18
accept,63
13,20
250,000,14
x3-4868,3
10:52,2
9:01,3
3:59,6
patrick,17
J.,13
loftu,6
simpson,6
month,24
ago,11
spoke,29
depart,33
problem,16
respond,18
e-mail,117
hope,30
altern,12
bank,17
exhibit,8
ad,18
guard,7
disallow,7
latter,7
dollar,9
point,12
b,22
iv,7
D,18
reduc,11
threshold,19
larg,12
consid,13
paid,8
interest,13
held,8
excess,7
typic,11
hous,19
size,10
thought,17
abov,22
item,13
403,11
215-7451,7
mailto,51
3:54,7
reve,11
brant,11
mr.,30
note,36
actual,18
preprint,8
therefor,15
packag,10
overnight,8
counsel,31
713-853-7124,7
hear,17
163ctr,7
.doc,34
omnibu,14
bois,7
cascad,6
M,30
offic,78
853-9048,9
853-9476,10
maribel.monterrey,9
flu,5
shot,6
vaccin,3
round,11
next,6
back,57
announc,16
wait,5
list,32
unfortun,2
appoint,10
full,6
whi,7
.....,2
Do,33
n't,27
despair,1
supplier,1
notifi,18
shipment,6
end,22
start,7
're,6
eye,1
appreci,8
patienc,5
action,18
instruct,14
seem,25
error,16
apolog,5
inconveni,1
cnn.com,32
cnn,38
break,20
log,25
latest,19
news,25
cb,1
say,16
dan,4
rather,22
test,24
posit,10
skin,1
anthrax,5
associ,6
//cnn.com,10
/aol,10
keyword,10
develop,15
strike,5
includ,46
morn,56
paula,9
zahn,5
in-depth,10
weeknight,5
p.m,6
ET,5
aaron,5
unsubscrib,12
alert,11
//cnn.com/email/breakingnews.html,10
subscrib,9
daili,13
overview,7
weekli,6
polit,6
//cnn.com/email,10
c,12
cabl,13
An,11
aol,10
warner,10
interact,16
id:561009330123688,1
dominion,2
deliv,9
john.speci,2
newdominion.net,2
confidenti,84
prior,10
statement,2
john,34
p.o,1
drawer,1
369,1
405-377-1177,1
405-377-2822,1
He,32
rusti,1
.i,1
'll,13
chri,11
amend,127
corp,83
=09tuesday,13
23,20
1:42,4
=09vermont,6
bet=,7
ween,7
vermont,11
provision=,7
due,20
cor=,2
p.,2
2:42,21
right,19
=09otto,1
2:47,1
=09re,10
10:08,2
els,10
outstand,10
please=,2
stop,38
funer,9
relat,35
to=,1
retu=,1
rn,1
issu,109
bring,13
fil=,1
=09cook,1
2:51,1
inc,28
found,4
mail,13
facil,20
serv,3
id:244181600042996,1
afternoon,17
x5-8331,10
5:33,17
emerg,24
10-22-01,1
10-22-01.xl,1
8:30,2
doctor,3
commun,17
even,4
rsvp,4
invit,1
expert,1
concern,19
11th,3
ongo,1
face,1
reclaim,3
futur,293
step,5
cooper,29
effort,8
famili,5
age,2
5,14
heal,2
blueprint,1
adapt,2
challeng,3
sponsor,3
registr,2
6:15,1
6:50,1
program,22
7:00,2
9:00,5
JW,1
marriott,1
across,3
galleria,1
westheim,1
admiss,1
space,8
713-303-3966,1
Or,3
www.enronoperationhope.com,1
minut,15
industri,9
analyst,5
capabl,4
frost,3
sullivan,3
telecom,4
bandwidth,3
insight,3
lead,10
agenda,2
speaker,2
retail,5
offer,39
ercot,2
telecom/broadband,2
dialogu,1
1st,2
esourc,5
summit,1
share,6
telecom/bandwidth,1
patti,18
harper-slaboszewicz,1
rod,1
woodward,1
author,27
trading/brokering/onlin,1
download,1
//esource.enron.com/hot_topics.asp,1
3:30,1
5:30,3
EB,20
5c2,1
35,2
Q,2
3:30-4:30,1
electr,13
acquir,3
quick,7
onlin,7
meter,1
forecast,1
load,2
4:30-5:30,1
role,5
utilicom,1
/energi,1
overal,7
perspect,1
data,42
E.,13
5-7928,3
leav,5
earli,9
tomorrow,15
6:23,2
rozycki,4
joann,4
24,30
shortnam,9
erm,13
IT,16
earlier,10
purpos,64
alreadi,8
noth,7
confus,4
caus,2
overlay,4
TO,1
55727,1
midcoast,3
enbridg,7
fetch,8
view,16
//nahou-dmagn01p/ena/livelink.ex,8
func=ll.login,4
username=gcpguest,4
password=,4
nexturl=,4
2fena,8
2flivelink.ex,8
func=ll,4
26objid=11965334objaction=brows,4
sort=nam,4
coordin,9
inactiv,8
manag,80
713.853.3103,8
6:02,1
mors,6
jana,6
10-15-01,1
10-15-01.xl,1
B,29
b-1,6
1:40,2
'twise,3
gasbiz.com',3
forgot,3
8:29,2
rebecca,11
conner,2
/o=3denron=,23
/=,22
/o=3denron/ou=3dna/cn=,31
/o=3denron/ou=3dn=,23
/o=3d=,14
/o=3denron/ou=3d=,15
/o=3denron/ou=3dna/cn=3d=,19
/o=3denron/ou=3dna/cn=3drecipients=,18
/o=3denron/ou=3dna/cn=3drec=,19
/o=3denron/ou=3dna/cn=3drecipien=,11
/o=3denron/ou=3dna/cn=3drecipients/cn=3d=,13
/o=3denron/ou=,22
inlin,12
/o=3denron/ou=3dna/cn=3drecipients/cn=3dspanu,10
adam,11
/o=3denron/ou=3dna/cn=3drecipients/cn=3dladam,10
/o=3denron/ou=3dna/cn=3drecipients/cn=3dgwaddr/cn=3dpsc.ps1.kimbe=,9
rli,9
/o=3denron/ou=3dna/cn=3drecipients/cn=3ddander=,9
S2,6
/o=3denron/ou=3dna/cn=3drecipients/cn=3djbel,9
bob=,9
/o=3denron/ou=3dna/cn=3drecipients/cn=3dbbowen,9
julie.bre=,6
wer,6
/o=3denron/ou=3dna/cn=3drecipients/cn=3dscas=,6
ON,4
/o=3denron/ou=3dna/cn=3drecipients/cn=3dccisnero,6
/o=3denron/ou=3dna/cn=3drecipients/cn=3djfische2,6
/o=3denron/ou=3dna/cn=3drecipients/cn=3djgarci11,6
gordo=,6
/o=3denron/ou=3dna/cn=3drecipients/cn=3dgheaney,7
enron/ou=3dna/cn=3drecipients/cn=3dkhundl,6
/o=3denron/o=,9
u=3dna/cn=3drecipients/cn=3djhunte2,6
na/cn=3drecipients/cn=3dmmurphi,6
recipients/cn=3dbornela,6
/o=3denron/ou=3dna/cn=3drecip=,18
ients/cn=3dspiwetz,6
/cn=3dmrodrig3,6
/o=3denron/ou=3dna/cn=3drecipients/cn=3ddsei=,6
/o=3denron/ou=3dna/cn=3drecipients/cn=3dstackett,6
ther=,6
iot,6
/o=3denron/ou=3dna/cn=3drecipients/cn=3dktherio,6
de=,6
bbie,6
/o=3denron/ou=3dna/cn=3drecipients/cn=3ddbrack,6
willia=,6
/o=3denron/ou=3dna/cn=3drecipients/cn=3dwbradfo,6
Y,22
o=3denron/ou=3dna/cn=3drecipients/cn=3dabrown8,6
/ou=3dna/cn=3drecipients/cn=3dwconwel,6
=3drecipients/cn=3dkcurri,6
ipients/cn=3dvespino,6
ts/cn=3dvgonza2,6
/o=3denron/ou=3dna/cn=3drecipients/cn=,29
=3drjohnso2,6
slandri,6
/o=3denron/ou=3dna/cn=3drecipients/cn=3dwlebrocq,6
/o=3denron/ou=3dna/cn=3drecipients/cn=3dnmartin,6
monterr=,6
ey,6
/o=3denron/ou=3dna/cn=3drecipients/cn=3dmmonterr,6
/o=3denron/ou=3dna/cn=3drecipients/cn=3dtmoran,7
=3dna/cn=3drecipients/cn=3dtngo,6
ipients/cn=3dcnorth,7
rotto,7
/o=3denron/ou=3dna/cn=3drecipients/cn=3dprad,7
raj=,7
aram,7
/o=3denron/ou=3dna/cn=3drecipients/cn=3darajaram,7
T=,11
anya,7
/o=3denron/ou=3dna/cn=3drecipients/cn=3dtrohau,7
/o=,14
=3denron/ou=3dna/cn=3drecipients/cn=3desack,7
/ou=3dna/cn=3drecipients/cn=3dmsonnon,7
/o=3denron/ou=3dna/=,7
cn=3drecipients/cn=3ddvanek,7
a/cn=3drecipients/cn=3djwilli10,7
recipients/cn=3dacampo,7
/o=3denron/ou=3dna/cn=3drecipie=,12
nts/cn=3dscrawfo3,5
/o=3denron/ou=3dna/cn=3drecipients/cn=3dae=,5
bow,5
/o=3denron/ou=3dna/cn=3drecipients/cn=3ddellstr,5
ge=,6
rard,5
/o=3denron/ou=3dna/cn=3drecipients/cn=3dcgerard,5
/o=3denron/ou=3dna/cn=3drecipients/cn=3dbhar,5
enron/ou=3dna/cn=3drecipients/cn=3dcjohnso5,5
=3dna/cn=3drecipients/cn=3dklamb,5
=3drecipients/cn=3dglandau,5
/cn=3dllee,5
/o=3denron/ou=3dna/cn=3drecipients/cn=3djmoore1=,5
/o=3denron/ou=3dna/cn=3drecipients/cn=3ddneun,5
/o=3denron/ou=3dna/cn=3drecipients/cn=3dlreev,5
stace=,5
/o=3denron/ou=3dna/cn=3drecipients/cn=3dsrichar2,5
o=3denron/ou=3dna/cn=3drecipients/cn=3dbrodrig,5
/ou=3dna/cn=3drecipients/cn=3dsschott,5
a/cn=3drecipients/cn=3dssev,5
/o=3denron/ou=3dna/cn=3dreci=,10
pients/cn=3dlshiv,5
/o=3denron/ou=3dna/cn=3drecipients/c=,5
n=3dlsietz,5
/o=3denron/ou=3dna/cn=3drecipients/cn=3dcso=,5
utha,5
/o=3denron/ou=3dna/cn=3drecipients/cn=3dsbaile2,5
boy=,5
/o=3denron/ou=3dna/cn=3drecipients/cn=3dsboyd2,5
o=3denron/ou=3dna/cn=3drecipients/cn=3dmcook,5
/ou=3dna/cn=3drecipients/cn=3dbgray,5
=3drecipients/cn=3dmheard,5
ts/cn=3dbhendri,5
/o=3denron/ou=3dna/cn=3drecipients/cn=3dtjon=,5
ES,4
/o=3denron/ou=3dna/cn=3drecipients/cn=3dhkeis,5
koehl=,6
er,13
/o=3denron/ou=3dna/cn=3drecipients/cn=3dakoehl,5
franc=,5
isco,5
/o=3denron/ou=3dna/cn=3drecipients/cn=3dfleit,5
cheryl=,5
/o=3denron/ou=3dna/cn=3drecipients/cn=3dcnelson4,5
/o=3denr=,17
on/ou=3dna/cn=3drecipients/cn=3dfsayr,5
na/cn=3drecipients/cn=3dsshackl,5
a/cn=3drecipients/cn=3dmtaylo1,5
6:17:48,2
gmt,12
earliest,6
copamex,10
c.v.,9
/o=3denro=,6
n/ou=3dna/cn=3drecipients/cn=3dscason,3
na/cn=3drecipients/cn=3dccisnero,3
recipients/cn=3djfische2,3
ients/cn=3djgarci11,3
=3dgheaney,3
/o=3denron/ou=3dna/cn=3drecipients/cn=3dkhund=,3
L,29
/o=3denron/ou=3dna/cn=3drecipients/cn=3djhunte2,4
mu=,3
rphi,3
/o=3denron/ou=3dna/cn=3drecipients/cn=3dmmurphi,4
ornela=,3
/o=3denron/ou=3dna/cn=3drecipients/cn=3dbornela,3
steph=,3
/o=3denron/ou=3dna/cn=3drecipients/cn=3dspiwetz,3
/o=3denron/ou=3dna/cn=3drecipients/cn=3dmrodrig3,3
n/ou=3dna/cn=3drecipients/cn=3ddseib,3
/o=3denron/ou=3dna/c=,3
n=3drecipients/cn=3dstackett,3
ipients/cn=3dktherio,3
nts/cn=3ddbrack,3
/cn=3dwbradfo,3
/o=3denron/ou=3dna/cn=3drecipients/cn=3da=,3
brown8,3
/o=3denron/ou=3dna/cn=3drecipients/cn=3dwconwel,4
/o=3denron/ou=3dna/cn=3drecipients/cn=3dkcurri,4
ver=,3
onica,3
/o=3denron/ou=3dna/cn=3drecipients/cn=3dvespino,3
veronica=,3
/o=3denron/ou=3dna/cn=3drecipients/cn=3dvgonza2,3
enron/ou=3dna/cn=3drecipients/cn=3drjohnso2,3
on/ou=3dna/cn=3drecipients/cn=3dslandri,3
a/cn=3drecipients/cn=3dwlebrocq,3
/o=3denron/ou=3dna/cn=3dr=,8
ecipients/cn=3dnmartin,3
/o=3denron/ou=3dna/cn=3drecipi=,3
ents/cn=3dmmonterr,3
/o=3denron/ou=3dna/cn=3drecipients/cn=3dtm=,3
oran,3
/o=3denron/ou=3dna/cn=3drecipients/cn=3dtngo,3
ca=,3
rol,3
/o=3denron/ou=3dna/cn=3drecipients/cn=3dcnorth,3
on/ou=3dna/cn=3drecipients/cn=3drotto,3
=3drecipients/cn=3dprad,3
ients/cn=3darajaram,3
=3dtrohau,3
/o=3denron/ou=3dna/cn=3drecipients/cn=3desack,3
/o=3denron/ou=3dna/cn=3drecipients/cn=3dmsonnon,3
vane=,3
k,4
/o=3denron/ou=3dna/cn=3drecipients/cn=3ddvanek,3
jason=,3
/o=3denron/ou=3dna/cn=3drecipients/cn=3djwilli10,3
ant=,3
honi,3
/o=3denron/ou=3dna/cn=3drecipients/cn=3dacampo,3
o=3denron/ou=3dna/cn=3drecipients/cn=3dscrawfo3,3
u=3dna/cn=3drecipients/cn=3daebow,3
=3drecipients/cn=3ddellstr,3
ients/cn=3dcgerard,3
=3dbhare,3
/o=3denron/ou=3dna/cn=3drecipients/cn=3dcjohnso=,3
/o=3denron/ou=3dna/cn=3drecipients/cn=3dklamb,3
landa=,3
u,5
/o=3denron/ou=3dna/cn=3drecipients/cn=3dglandau,3
=3denron/ou=3dna/cn=3drecipients/cn=3dlle,3
=3dna/cn=3drecipients/cn=3djmoore1,3
recipients/cn=3ddneun,3
/o=3denron/ou=3dna/cn=3drecipient=,4
s/cn=3dlreev,3
=3dsrichar2,3
/o=3denron/ou=3dna/cn=3drecipients/cn=3db=,3
rodrig,3
/o=3denron/ou=3dna/cn=3drecipients/cn=3dsschott,3
/o=3denron/ou=3dna/cn=3drecipients/cn=3dssev,3
/o=3denron/ou=3dna/cn=3drecipients/cn=3dlshiv,5
o=3denron/ou=3dna/cn=3drecipients/cn=3dlsietz,3
on/ou=3dna/cn=3drecipients/cn=3dcsoutha,3
/o=3denron/ou=3dna=,4
/cn=3drecipients/cn=3dsbaile2,3
ipients/cn=3dsboyd2,3
/o=3denron/ou=3dna/cn=3drecipients/cn=3dm=,3
/o=3denron/ou=3dna/cn=3drecipients/cn=3dbgray,3
ard,4
/o=3denron/ou=3dna/cn=3drecipients/cn=3dmheard,5
/o=3denron/ou=3dna/cn=3drecipients/cn=3dbhendri,5
/o=3denron/=,5
ou=3dna/cn=3drecipients/cn=3dtjon,3
=3drecipients/cn=3dhkeis,3
pients/cn=3dakoehl,3
ients/cn=3dfleit,3
=3dcnelson4,3
/o=3denron/ou=3dna/cn=3drecipients/cn=3dfsayr,3
/o=3denron/ou=3dna/cn=3drecipients/cn=3dsshackl,3
taylo=,3
r,12
/o=3denron/ou=3dna/cn=3drecipients/cn=3dmtaylo1,3
7:35:05,1
7:42:04,1
7:50:12,1
per,6
enclos,9
yd2437.1,2
marcu,12
ena/epmi,3
torch,2
assign,22
ca,9
rememb,4
hey,16
3.0443,1
shortli,2
adrienn,9
jersey,6
notic,70
mega,45
merger,43
sterl,29
NA,34
na.doc,26
blk1.doc,26
transalta.com,23
person,68
koch,11
recipi,103
transalta,33
sterling_koch,10
403-267-6991,11
maureen,22
piercey,19
chanc,5
pic03449.pcx,5
successor,9
along,14
certif,33
thx,9
PS,10
403-267-7987,12
05,18
affili,50
11,19
4:09,3
urgent,3
eager,3
i'm,2
goe,2
expedit,2
process,11
bunch,2
2001/10/11,2
02:50,2
2001/10/05,6
03:59,5
tana.jon,6
katalin,6
kiss,6
secretari,9
state,20
canadian,2
registar,2
5:43,6
got,26
tran,6
alta,6
merg,4
'm,32
pass,7
403/267-6991,4
talk,19
mention,7
imceanotes-sterling+5fkoch+40transalta+2ecom+40enron,4
5:00,4
katalin_kiss,6
maureen_piercey,6
properti,33
and/or,26
relev,31
contain,33
privileg,38
materi,25
disclosur,25
strictli,25
prohibit,24
sender,41
repli,50
enron.messaging.administr,26
delet,27
hereto,24
creat,32
evid,25
bind,24
enforc,27
reli,24
anyon,37
basi,26
estoppel,24
otherwis,32
respect,12
collater,6
11:15,1
standbi,3
LC,1
incoming_f-mtm.doc,1
167conf,1
matrix,2
15mm,1
tie,5
disregard,3
20mm,1
10:50,1
wksh,1
newli,1
disput,1
audit,1
2000,8
quarterli,1
reevalu,1
pacificorp,11
w-8ben,2
normal,6
encount,2
9:40,2
adopt,4
board,5
055cert,2
055acert-bod,2
L.,28
hard,19
daniel,17
richard,13
=09johnson,10
print,13
printer,9
oil,13
bob,12
l,10
sy=,8
lvia,8
marilyn,11
sherri,9
control,16
kate,15
hall,20
M.,15
F.,8
jim,10
tammi,9
michel,10
jame,34
jr.,8
mill,8
jeremi,8
100,5
instea=,1
158,1
autom,1
proc=,1
ess,1
a=,6
nd,3
=09wednesday,6
7:41,3
up=,4
harbour,4
petroleum,5
EP,4
explor,4
dept,7
increas,15
memori,8
t=,7
5:55,6
alexand,4
lane,4
alport,4
kysa,4
bridgett,4
ar=,4
nold,4
thu,18
pham,4
aziz,8
arfan,8
balfour-flanagan,5
cyndi,5
baughman,4
baxter,4
bryce,4
bijuk,4
kristina,4
bike,4
blanchard,4
georgia,4
blaschk,4
jordi,5
blay,4
boa,4
fred,6
bryan,4
bussel,4
kathryn,4
carrington,4
cheung,4
cecilia,4
christi,4
zoe,4
cobl,4
co=,7
lbert,4
brad,5
cousino,4
croucher,4
jr.=,4
philippa,4
shonni,4
daw,4
denton,5
rhonda,5
l.=,4
diamond,8
russel,4
dickson,4
staci,4
dougla,4
ralph,4
d'souza,4
romeo,4
dug=,4
gan,4
carolin,4
dupont,5
eiben,4
elledg,4
ane,4
farmer,4
daren,4
fitzgerald,5
genia,5
foon,4
hoong=,4
P.,4
frayr,6
imelda,6
gardin,5
anna,6
garner,7
gay,4
randal,4
gilbert=,4
scotti,4
gillett,4
gilley,4
carolyn,4
gonzal,4
goodbodi,4
wins=,4
ton,4
gosalia,4
amita,4
palic,4
griffin,10
guillen,4
andrea,7
gup=,4
ta,7
sanjeev,4
todd,34
hardi,4
harmo=,4
kenneth,4
hedstrom,4
peggi,4
hernandez,5
elizabeth,5
herod,4
brenda,4
hilliard,4
marlen,4
hillman,4
liz,4
hlavati,4
nathan,4
homco,4
horn,15
cindi,40
nicol,4
huthmach,5
jafri,4
rahil,4
jaquet=,4
katherin,4
kettler,4
nanet=,4
te,5
klussmann,4
troy,4
knightstep,4
kyser,5
rubi,5
lamadrid,4
victor,4
lancast,4
cregg,4
lat=,4
ham,4
jenni,4
laurant,4
lew,4
elsi,4
lewi=,4
littl,10
loibl,4
kori,4
lowri,4
donna,6
ly=,4
tle,4
machado,4
matilda,4
mack,4
hillari,4
mallori,4
marron,4
jul=,4
issa,4
mckeel,4
mckinney,4
lara,5
mclaughlin,4
errol,4
nidi=,4
miley,4
bruce,8
mim,4
patric,4
mitchel=,4
glenda,4
morri,4
morr=,4
muniz,4
margaret,4
negret,4
flavia,4
newberg,4
tracy=,4
nguyen,5
margi,4
nichol,4
nowlan,4
oliv,4
alan,9
oliv=,4
palmer,4
B.,4
patton,4
anita,4
K.,4
perkins=,4
regina,4
perlingier,4
debra,4
pinion,4
platter,4
pollan,4
powel,7
joan,4
L=,5
esli,4
richter,5
riordan,4
sean,4
rive=,4
ra,4
oscar,4
schopp,4
scribner,4
shankl,4
moniqu,4
sheali,4
nelda,4
she=,4
eren,4
ryan,7
shirley,4
smith=,4
shelli,4
sorenson,4
jefferson,4
stewart,4
willi,4
storey=,4
geoff,4
suttl,4
swinney,4
syme,4
terri,5
diel,4
kim=,4
thorn,4
travi,5
philipp,4
trevino,5
valderrama,4
V=,4
anek,4
varga,4
viejou,4
clair,6
villarr,4
elsa,4
wallumrod,4
ellen,21
watson,4
steve,10
weinreich,4
colett,4
westin,4
W.,4
karin,4
winfre,4
o'neal,4
winfrey,4
hrista,4
wong,4
wynn,4
rita,4
zeman,4
angi,4
=09final,4
overl=,4
ay,4
amoco,5
BP,18
summari,5
m=,4
ade,4
10/15/01,5
bottom,8
tab,8
oct,16
func=3dll.login,4
username=3dgcpguest,4
password=3d,4
nexturl=3d,4
func=3dll,4
26objid=3d11965334obj=,4
action=3dbrows,4
sort=3dnam,4
pager,44
begin,14
noon,3
reach,3
877-855-2081,1
8778552081,1
pagenetmessage.net,1
cellular,1
713-206-8080,1
713-345-7893,11
713-646-3490,13
3887,11
holly.keis,11
termin,38
loss,35
definit,20
determin,14
hedg,8
case,9
valu,11
concept,4
obtain,8
bargain,5
damag,3
incur,6
result,12
reestablish,5
calcul,4
gain,5
commerci,5
o=,3
remov,6
real,2
ction,3
enter,12
loss=,2
non-default,2
default,5
hen,2
ent,3
faith,5
manner,5
total,4
express,11
neg,3
practic,4
agent,4
=09hendri,1
=09friday,2
21,38
2:25,1
=09'kimberly.donohu,1
saccapital.com',1
=09taylor,1
=09fw,1
definition.doc,1
languag,5
ur,5
but=,1
cos=,1
transa=,1
premium,1
off-market,1
pr=,1
emium,1
compon,1
remov=,1
al,1
liq=,1
uidat,1
al=,1
factor,1
the=,3
replacing=,1
furthermor,1
termi=,1
nate,1
offset,1
equival,1
f,1
outright,1
h=,1
edg,10
coin,1
sens,3
clarifi,3
which=,1
think,30
outsid,6
design,3
recov,4
th=,1
occas,1
failur,5
perform,19
object,38
negoti,6
litig,5
fina=,1
court,7
propos,29
modifi,2
read,14
part,11
thereof,1
shall,8
restat,3
entireti,2
fo=,2
llow,2
tran=,2
saction,2
currenc,3
equival=,2
mmercial,2
connect,11
wi=,3
th,4
tra=,2
nsaction,2
ele=,2
res=,3
ult,2
liquid,3
equal,2
re=,2
placement,2
liquidati=,2
ng,3
fu=,3
rthermor,2
fee,4
out-of-pocket,2
section,5
dete=,2
rmine,2
no=,2
thereaft,2
reasonab=,2
ly,3
reference=,2
quotat,4
dealers=,2
prefer,10
wil=,1
ling,1
origin,68
goldm=,1
sach,1
lieu,1
or=,1
amou=,1
nt,1
good=,1
c=,3
ost,1
connection=,1
D=,2
etermin,1
te=,1
rminat,1
individu,19
ermin,1
appli,6
valuat,1
method,2
differ=,1
gent,1
reason=,1
fter,1
prevail,1
circumst,3
throughout,2
definit=,1
ion,2
yo=,4
anil,3
G6,3
CW,8
enersourc,2
pinto-leit,13
3888,8
77002-7361,9
tel,28
713-345-7942,12
fax:713-646-3490,8
fleit,8
3:26,1
sorri,9
3:24,1
devri,2
kortney,6
ranc,4
mary/francisco,1
indirect,1
wholly-own,1
subsidiari,5
guarantor,4
4:42,1
10-23-01,1
10-23-01.xl,1
chief,5
job,3
presid,5
mcmahon,1
yesterday,10
becam,4
clear,5
restor,27
investor,1
confid,1
unparallel,1
qualif,1
deep,1
thorough,1
andi,1
fastow,1
absenc,3
chairman,1
1994,1
spent,1
three,3
european,3
vice,5
financ,6
treasur,1
declin,1
turn,2
around,12
cfo,1
solut,7
involv,10
fundament,1
strong,1
kerr-mcge,3
reflect,11
exactli,1
m.e,1
booker,1
kindli,1
53596,1
PH,3
glatfelt,3
solvay,2
paperboard,3
tesoro,1
st.,8
suit,6
2808,4
713/853-4868,4
713/853-9476,4
nidia.mendoza,4
ill,1
stay,2
immedi,20
directli,14
attent,10
keegan,18
farrel,13
eb3875,3
713-345-3317,8
kay,5
zucha,8
theresa,8
mann,3
father,3
wright,2
alic,2
8:22,2
eb3884,1
713/345-4582,1
713/646-3490,1
7:33,1
sager,1
iii,1
carlo,2
tweed,1
sheila,138
hodg,4
jeffrey,4
T.,5
schuler,1
lanc,3
haldeman,1
sandi,1
suzann,1
hansen,5
mccullough,1
janet,1
harlan,1
nettelton,7
portz,1
yoder,1
christian,2
keesler,2
martha,9
simmon,1
elbertson,2
janett,2
regret,3
away,4
arrang,22
flower,1
behalf,11
prayer,1
eb3809a,1
713-853-5438,1
713-646-3491,1
alice.wright,1
central,15
eastern,4
focus,3
mid-market,3
within,9
strateg,4
asset,3
identifi,5
optim,2
produc,3
focu,3
redmond,2
laura,33
order,8
organ,5
facilit,2
growth,4
producer/wellhead,1
wellhead,1
consolid,2
deriv,3
lagrasta,1
singl,5
u.,1
western,1
unchang,1
whitt,1
luce,1
long-term,3
initi,4
select,5
opportun,10
close,7
vicker,1
assum,22
leadership,1
west,2
head,1
barri,1
tycholiz,1
congratul,1
louis,35
guess,5
almost,2
Tx,2
blackberri,2
wireless,3
handheld,2
www.blackberry.net,2
dick,1
3-6657,1
7:27,1
robinson,1
P,7
H,4
glatfelter.xl,1
republ,1
hold,16
deal,42
8:31,1
enron/encor,1
US,10
non-u,1
11:01,1
10/18,2
fit,3
9:30,2
3:51,4
heitmey,1
kayla,1
robert,3
nita,1
esmeralda,7
greenberg,15
spencer,7
becki,7
9,13
wed,7
gown,1
kind,3
delphi,14
automot,8
dph,3
noel,5
thierri,5
set-up,8
nyse,2
readi,4
south,10
04848,4
client,8
mani,5
55885,4
filter,8
deem,11
usfc,3
vivendi,3
8:58,2
mind,3
though,17
4:21,1
univers,2
parent,39
oblig,7
3:49,2
august,3
2:52,1
filter2.doc,1
upload,23
exclud,34
user,51
UK,4
profil,12
gasoil,2
gtc,12
english,2
ectric,69
2110,2
extern,3
bid,2
tenor,5
grade,2
flag,3
counterparty_type_cd=,7
brokers/brok,7
broker,13
sub,12
metal,16
8745,8614,8495,8515,8398,8334,8364,5028,8674,8348,8569,5854,9253,2
countri,13
380,7
itali,15
1980,2
3:25,3
queue,5
Of,4
group/lon/ect,2
ect,2
3:14,5
engel,2
thoma,2
oberai,2
ricki,2
motsing,2
renaud,2
puthigai,2
savita,2
abraham,1
sunil,1
set,21
guest,3
intern,44
book,12
2179,1
2180,1
10/25/01,3
miss,5
11:05,1
vacat,5
31,5
dec,3
28,8
10:59,3
vanessa,6
jacobson,6
kimberley,6
swap_calendar.pub,2
steel,7
760,1
newfield,1
middletown,1
CT,114
06457,1
harcourt,1
davi,13
860-343-5101,1
1:43,2
address/contact,2
togeth,12
metron,3
dba,4
primari,5
telephon,4
853-7906,1
646-2600,1
janette.elbertson,1
5:31,2
10-24-01,2
10-24-01.xl,1
temp,16
ew,14
id,16
left,13
temporari,7
folder,11
3,30
7,6
repeat,3
4,23
OK,4
box,9
shift,2
key,4
owner,2
2-5,2
grown,1
realiz,2
show,12
discov,1
================================,1
calendar/e-mail,1
appar,4
lotu,7
exampl,2
read-onli,1
use-temp,1
visibl,1
pop,4
permiss,2
-the,1
button,1
Be,1
allow,4
onc,16
ever,2
handi,1
petrotemex,12
grupo,12
old,24
SA,16
CV,5
3:43,1
3:19,4
yd9296.1,4
enough,5
outag,169
sat,158
10/27/2001,47
thru,167
sun,94
10/28/2001,19
PT,107
impact,110
power,58
server,58
3ac,18
environ,58
backout,56
2:00:00,15
4:00:00,33
6:00:00,40
10:00:00,18
9:00:00,20
disk,26
fri,69
10/26/2001,19
S,21
san,10
3:00:00,22
7:00:00,25
on-cal,19
T,13
8:00:00,14
trizechan,4
voicemail,5
saturday,17
edi,12
5:00:00,19
12:00:00,36
backup,12
EI,8
1:00:00,14
reboot,8
array,2
sysadmir,2
sitara,14
unifi,12
853-9797,12
W,6
K,6
V,7
F,7
O,15
12:00am,6
4:00,7
shutdown,2
infrastructur,2
3:30-4:00,2
mainten,16
en,16
devic,2
2ac,2
telco,2
dial,6
tone,2
anytim,2
beforehand,2
secur,8
jael,2
olson,2
713-336-2300,2
attempt,6
deni,29
ardmor,6
azurix,7
eb34,6
11:00:00,16
edi_qa,1
re-org,2
improv,7
expans,1
kratzer,1
713-345-7672,1
eeshou-fs1to,2
cluster,3
better,6
redund,2
offlin,4
roder,3
gerlach,3
713-345-3077,3
floor,12
affect,5
tino,1
valor,1
713-853-7767,1
american,15
lan,6
field,10
NT,6
os/2,6
hr-db-4,1
reliabl,5
db-4,1
brandon,2
bangert,2
713-345-4904,2
calkin,2
713-345-7831,2
raj,2
perubhatla,2
713-345-8016,2
281-788-9307,2
1:45:00,1
2:15:00,1
11:45:00,1
12:15:00,2
7:45:00,1
8:15:00,1
bug,5
clock,1
daylight,1
precaut,1
prevent,2
occur,3
machin,1
patch,5
upgrad,14
softwar,2
brennan,1
713-853-4545,1
713-853-6225,1
713-853-6551,1
sun/oss,6
telephoni,11
lucent,1
switch,11
siniard,1
713-853-0558,1
853-1411,6
specif,16
risk,25
853-5536,6
sap/isc,6
345-4727,6
284-3757,6
288-0101,6
rus/gops/geotools/apr,6
639-9726,6
oss/ua4/tarp,6
285-3165,6
cpr,15
284-4175,6
327-3893,6
desk,7
OR,6
888,6
td,6
-trader,6
decis,8
327-6032,6
way,30
doin=,2
g,2
g=,1
ive,1
run,5
interoffic,1
them=,1
=09thursday,1
2:12,1
11:21,3
amoco_oil_company.pdf_func=3ddoc.pdf,2
harbour_petrole=,2
um_company_limited.pdf_func=3ddoc.pdf,2
b=,3
ut,3
My,6
fingers=,2
cross,14
x33103,2
procedur,3
enw,5
gss,2
800-97-enron,2
worldphon,2
card,10
pin,2
1-800-97-enron,2
sourc,2
recent,9
two-year,1
wherebi,3
mci,1
worldcom,1
telecommun,1
indic,9
c.s.t,1
code,2
wallet,1
//home.enron.com:84/messaging/mciannouncement.doc,1
prompt,3
1-800-973-6766,1
destin,2
0-800-97-enron,1
800-973-6766,1
U.,1
aspect,2
713-345-5552,1
technic,3
hasan,1
imam,1
713-345-8525,1
accompani,2
5:48,3
isda.xl,2
mammogram,4
aid,4
ed,4
contractor,2
mobil,2
mammographi,2
rose,2
1:30,1
bodi,1
shop,3
studio,1
40,5
regist,8
deadlin,2
12,13
screen,7
van,4
12-16,1
spous,1
retire,1
85,1
payment,2
money,1
payabl,1
cash,4
BE,1
713-745-4000,1
//www.mdanderson.org/departments/mobilemamm/dindex.cfm,1
pn=29c87a2e-b66a-11d4-80fb00508b603a14,1
extra,1
non-profit,2
women,2
medic,2
insur,3
//www.the-rose.org/,1
inquiri,3
restrict,2
upcom,1
hewitt,1
northern,2
trust,5
commit,1
jeopard,1
reconcili,1
particular,1
vehicl,1
goal,1
varieti,2
level,2
alway,3
strategi,1
weigh,2
earn,2
choic,1
align,1
toler,1
critic,4
among,4
3:00,3
commod,8
epmi,1
9:59,1
sensit,1
seek,3
put,17
multi,2
becom,3
emiss,2
fact,4
eei,3
mark-up,2
exelon-enaepmi1.doc,1
exelon-ena,2
epmi.doc,2
ljm,4
partnership,3
defend,2
feder,6
preserv,2
suspend,4
lawsuit,2
director,5
former,1
employ,3
privat,1
reform,1
act,5
might,5
destruct,1
polici,3
retain,5
handwritten,1
liabl,1
civil,1
crimin,1
penalti,1
fail,1
vigor,1
meantim,1
derrick,1
713-853-5550,1
enmax,7
4:23,5
referenc,9
member,22
threat,4
nonspecif,1
offici,4
unsubstanti,1
merit,2
nonetheless,1
serious,1
presenc,1
observ,1
suspici,1
behavior,1
3-6200,1
vaughn,1
3-3986,1
3-1411,3
05/23/01,1
april,1
gty2997,1
favor,1
mil.,1
6:32,1
rotat,1
public,22
district,19
benton,1
counti,9
eb3803,4
853-9188,4
franklin,8
c/p,10
84,1
co.,23
magerko,1
rte,1
519,1
8484,1
eighti,1
four,2
PA,3
15330,1
mitchel,1
wagner,1
1-800-664-1984,1
1254,1
724-228-7289,1
9:18,1
10-25-01,1
10-25-01.xl,1
moriah,4
1:48,1
assur,1
10/01/2002,1
ye2249.1/2,1
ye2140.1,1
10/26/01,1
millennium,1
/o=3de=,4
colbert,3
marilyn.colbert,2
cra=,2
wford,2
/o=3denron/ou=3dna/cn=3drecipients/cn=3dscrawfo3,2
amb=,2
/o=3denron/ou=3dna/cn=3drecipients/cn=3daebow,2
nron/ou=3dna/cn=3drecipients/cn=3ddellstr,2
=3dna/cn=3drecipients/cn=3dcgerard,2
=3drecipients/cn=3dbhar,2
nts/cn=3dcjohnso5,2
=3dklamber,2
/o=3denron/ou=3dna/cn=3drecipients/cn=3dglanda=,2
U,1
/o=3denron/ou=3dna/cn=3drecipients/cn=3dlle,2
jaso=,2
/o=3denron/ou=3dna/cn=3drecipients/cn=3djmoore1,2
on/ou=3dna/cn=3drecipients/cn=3ddneun,2
a/cn=3drecipients/cn=3dlreev,2
=3drecipients/cn=3dsrichar2,2
ecipients/cn=3dbrodrig,2
/cn=3dsschott,2
/o=3denron/ou=3dna/cn=3drecipients/cn=3ds=,2
si=,2
etzema,2
/o=3denron/ou=3dna/cn=3drecipients/cn=3dlsietz,2
/o=3denron/ou=3dna/cn=3drecipients/cn=3dcsoutha,2
=3denron/ou=3dna/cn=3drecipients/cn=3dsbaile2,2
ou=3dna/cn=3drecipients/cn=3dsboyd2,2
ecipients/cn=3dmcook,2
/cn=3dbgray,2
ana,2
/o=3denron/ou=3dna/cn=3drecipients/cn=3dtjon,2
nron/ou=3dna/cn=3drecipients/cn=3dhkeis,2
=3dna/cn=3drecipients/cn=3dakoehl,2
=3dna/cn=3drecipients/cn=3dfleit,2
=3drecipients/cn=3dcnelson4,2
nts/cn=3dfsayr,2
=3dsshackl,2
=3dmtaylo1,2
7:55:37,2
=09=09=09august,2
=09=09=09ppl,2
energyplu,6
=09=09=09new,2
=09no,5
fpl.com,6
elaine_grang,3
fpl,3
elain,3
incorpor,7
recal,5
redraft,1
12:46,1
correctli,4
granger,1
561-625-7539,1
granger/pgd/fpl,1
01:15,1
atkinson,1
karen.atkinson,1
steelh,1
ector.com,1
joe_bark,1
john_hal,1
mike_wynn,1
morgan,3
12:18,1
james.morgan,1
steelhector.com,1
clean,2
blacklin,3
fourth,4
comfort,1
modif,1
hesit,6
-karen,1
mia2001_52695_2.wpd,1
mia2001_58850_1.wpd,1
road,1
diaz,2
saenz,1
corporativo,1
mont,1
apalach,1
101,1
col.,1
rsidenci,1
garza,1
n.l,1
66260,1
011-52-8-152-6150,1
011-52-8-,1
152-6159,1
grat,1
weekend,10
11:29,1
austin,6
281-953-6728,1
closur,1
follow=,1
ing,1
=09payment,1
i=,2
crude,1
less,6
y=,1
ear,1
ii,4
meth=,1
od,1
vast,1
major,1
sac,1
trades=,1
liquid=,1
il=,1
set=,1
forth,3
recogni=,1
zing,1
fair,1
compromis,1
ple=,1
ase,1
opi,1
brent=20,1
stanley,2
chase,4
manhattan,4
novat,3
deutsch,4
AG,3
banker,3
8:28:31,2
la=,2
ke,2
maclaren,4
amo=,2
unt,2
keneal,6
auth,7
indiv,7
circul,2
rout,6
certifi,2
neglect,2
kelly.ken,2
csfb.com,2
2:55,2
slatteri,2
3:46,2
corpres.pdf,2
proprietari,2
waiv,2
lost,4
mistransmiss,2
destroy,2
indirectli,2
disclos,6
reserv,5
monitor,3
authoris,2
given,4
constitut,3
quot,2
preliminari,5
formal,3
california,15
916,12
wise,15
twise,12
gasbiz.com,12
031ca,13
calif,13
xchg,13
dear,14
in-hous,4
staff,7
descript,4
broad,7
treasuri,17
satisfactori,4
indefinit,8
jurisdict,4
experi,7
arbitr,9
best,6
timothi,4
VP,4
2981,4
gold,4
canal,4
drive,12
rancho,4
cordova,4
CA,9
95670,4
463-0304,4
main,4
859-4710,4
859-4747,4
7:13,4
Mr,9
protect,9
simpli,4
3:35,1
io,2
router,2
8:30:00,4
17th,2
nortel,2
chrissi,2
grove,2
713-345-8269,2
vinc,2
fox,2
713-853-5337,2
7:30:00,3
5:30:00,5
1:30:00,4
chicago,2
voic,4
line,6
garhett,1
713-345-9953,1
postpon,1
6:30:00,3
10/287/2001,1
2:30:00,2
ei-dns01,1
ei-dns02,1
35th,2
dn,2
lose,1
nov.1,1
malcolm,12
713-345-3716,12
AT,1
T1,1
quebec,1
brandi,1
brumbaugh,1
800-486-9999,1
6:15:00,1
4:15:00,1
ecn,4
pull,2
10:30:00,2
4:30:00,3
avoid,1
templat,3
condit,3
hector,2
ibarra,5
hibarra,2
agroasemex.gob.mx,2
password,8
eta,4
DB,2
receipt,4
12/29/00,1
branch,1
caller,2
recruit,1
firm,15
numer,1
fals,1
ident,2
sec,1
someon,15
themselv,1
media,2
mountain,13
gift,11
|,5
scoop,5
ecard,8
witch,3
pumpkin,3
orbitz,3
low,3
newslett,4
fresh,2
spooki,2
monster,3
bride,2
choos,2
fright,2
saver,2
happi,2
ghost,2
night,11
fare,2
vega,2
caribbean,2
cruis,2
nassau,2
welcom,1
bluemountain.com,1
E=,1
upc=,1
ome,1
holiday,18
tak=,1
pick,5
scari,1
cu=,1
frankenstein,1
ready-mad,1
greet,6
cardmak,1
background,1
cha=,1
racter,1
music,6
po=,1
pular,1
brew,1
cutest,1
des=,1
ign,1
maker,1
O=,1
scream,1
howl,1
delight,1
e=,2
ither,1
bat,1
hal=,1
loween,1
spider,1
blue=,1
assort,1
spine-chil,1
favorit,2
imp,1
ghoulish,1
goodi,1
tin,1
rowni,1
mrs.,1
brighten,1
autumn,1
bouquet,1
fr=,1
om,6
1-800-flower,1
fall,3
fl=,1
trip,5
roller,1
fli,1
62,1
354,1
luxuri,1
ort,1
casino,1
air,2
hotel,1
559,1
HE,1
im=,1
you=,1
enjoy,4
mou=,1
ntain,1
in=,1
newslett=,1
visit,8
frequent,2
quest=,1
feedback,3
advertis,2
blu=,1
1996-2001,2
egcb,2
bl=,1
ue,1
art,3
logo,2
registere=,1
bma,2
countri=,1
es,4
privaci,2
=09,10
channel,14
cancer,2
heart,5
volunt,9
//cr.enron.com/eia.html,4
happen,6
bear,3
societi,1
kid,3
museum,1
scienc,1
crate,1
barrel,1
open,2
preview,1
aero,2
carwash,2
nutcrack,2
world,5
cpr/first,1
train,9
lung,1
awar,2
par,2
fore,2
pet,2
golf,2
tournament,2
my.home.enron.com,4
wish,21
submit,15
eia,4
later,8
sept,16
ball,5
correct,12
fransen,20
vitol,33
geneva,11
00-41-22-322-1111,11
transmit,11
vitol/enron,13
town,16
8:17,1
dbf,12
vitol.com,12
3:31,4
gilbert,10
widmer,9
keith,7
swabi,7
garrison,7
5:06,1
10-17-01,1
10-17-01.xl,1
01.doc,6
302,6
455-9282,6
isda/csa,5
8/8/01,2
kalbach,6
X,20
sept.,10
ena.doc,10
draf,10
2001.doc,10
imceanotes-david+20fransen+20+3cdbf+40vitol+2ecom+3e+40enron,5
enron.c,3
vcm,1
bermuda,4
tend,1
invoic,1
1:25,2
21:52,2
readabl,2
apologis,4
delay,6
email/attach,4
fo,4
quickli,4
implement,7
tax,10
declar,4
similar,7
minor,4
'readabl,4
4:55,2
'hibarra,2
agroasemex.gob.mx',2
pursuant,8
necessari,9
sample.doc,1
represent,4
713-853-5620,3
alcan,6
aluminum,2
dawson,1
state/provinc,1
tim,8
eight,2
spreadsheet,2
6:09,3
10-16-01,3
10-16-01.xl,2
taken,4
4:43,2
unfinish,2
databas,12
recycl,3
gmbh,3
kg/rmt,2
92854,2
limited/rmt,2
80550,2
minsa,4
c.v./ena,2
100027,2
quark,3
llc/ena,2
103757,2
barney,2
aaa,2
l.p./ena,2
77297,2
XL,3
ltd/ena,2
89395,2
-georgi,2
sheet,2
16-31,2
ineo,2
acryl,1
ultim,4
describ,1
eric,1
graham,2
9:55,10
10-26-01,2
10-26-01.xl,1
ashcoft,1
terrorist,1
est,1
confer,24
analysi,5
magazin,9
trial,6
www.time.com/cnn,1
id:2550170502262099,1
4:29,3
mieco,8
fin/phi,3
NG,3
TT,3
1month,3
push,3
tonight,8
4:14,3
4:31,2
sick,1
hour,7
regular,2
1:16,1
timesheet,1
friend,19
met,2
flow,1
folk,1
titl,1
sometim,2
b/b-1,1
underneath,1
subsequ,1
previous,5
So,6
discontinu,3
bigger,3
pictur,2
11/17/2001,40
11/18/2001,20
11/16/2001,9
layout,21
enpow,9
efm,3
hudson,2
713-853-9289,2
nahou-msdev01p,2
nahou-msmbx01v,2
skywalk,2
toward,3
decommiss,5
3ac-17,2
room,2
vm,2
nahou-ordb07p,2
seee,1
nahou,1
node,1
microsoft,3
defragment,1
storag,7
un-us,1
nahou-sqefm01p,1
nahou-sqlac01p,1
mssql,1
6.5,1
mallari,1
mccrori,1
853-5749,1
kogotkov,1
345-1677,1
hardwar,3
713-284-4175,1
test/dev,3
ferrari,2
modena,1
trout,1
cypress,1
bravo,1
establish,1
window,3
roll,3
mirror,5
resync,1
app,4
chewbacca,1
config,2
configur,8
foxtrot,1
acta,5
pwrprod1,2
drop,2
tantra,2
invedi,2
853,1
4304,1
El,1
instal,4
matthew,2
713-345-8111,1
jon,1
goebel,1
713-345-7570,1
deploy,3
engin,1
charlen,1
fricker,1
713-345-3487,1
dbase,1
bad,1
tape,1
devol,2
713-345-8970,2
sen.,1
leahi,1
quarantin,1
capitol,1
hill,1
scare,1
fbi,1
//www.time.com/cnn,4
id:26686191802259328,1
child,4
cirqi,2
du,2
solei,2
saint,1
nichola,1
camp,2
noah,2
daycamp,2
children,3
disast,2
thanksgiv,18
fashion,2
luncheon,2
weight,2
watcher,2
yk1853.1,1
pend,7
green,2
equiti,14
l.p.,13
cartonaj,1
estrella,1
DE,1
tac,6
temu,6
1001.doc,6
pic20284.pcx,4
imceanotes-maureen+5fpiercey+40transalta+2ecom+40enron,2
5:09,2
11-15-01,1
14,20
3:55,1
11-14-01,1
edison,4
mission,4
east,4
1.,5
2.,5
variou,4
sanitario,2
azteca,2
lamosa,2
revestimiento,2
kimex,2
woodrow,1
collett,1
x58826,1
LP,9
larson,1
love,10
movi,3
dream,3
steph,8
nice,2
groceri,1
saw,4
ameli,1
yearn,1
pari,1
truli,1
citi,2
romant,2
anyway,1
orphan,1
thing,24
virginia,1
feast,1
drink,5
soni,1
alia,2
wet,1
accord,4
mellow,1
relax,1
raymond,2
fulli,5
50,1
lb,1
reclus,1
chat,1
furri,1
boy,1
-l,1
lynch,18
membership,1
physician,1
committe,1
medicinellynch,1
pcrm.org,1
www.pcrm.org,1
project,1
785-6152,1
beta,11
milt,8
kevin,9
montagn,5
spiegelhau,4
jarod,4
x31903,2
mspieg,2
swbell.net,8
1:44,2
jenson,2
lorio,2
angelina,2
criteria,2
3pardata,5
14300,2
cornerston,2
villag,2
321,2
77014,2
3pardata.com,2
281-583-8350,2
281-583-0380,2
cell,6
281-583-4791,2
correspond,7
dalton,4
mcgrath,4
blake,4
cassel,4
graydon,4
write,2
methodolog,2
float,2
thinli,2
veil,2
renegoti,2
remedi,3
non-perform,2
3500,2
855-2nd,2
SW,2
alberta,3
t2p,2
4j8,2
403.260.9654,2
____________________________________,2
peter,7
c.m,2
keohan,6
974-6923,2
974-6707,2
peter.keohan,2
tranalta,2
merchant,4
surviv,2
proceed,36
c/p',1
georgia-pacif,1
harmon,1
yj4705.1,5
yj4707.1,5
yj7870.1,5
yj7870.2,5
nicor,4
l.l.c.,2
hunt,1
jhunt,1
nicor.com,1
countersign,1
dynegi,4
'dwm,1
blakes.com',1
derek,16
altaga,12
b/c,8
long,10
dinner,8
7th,4
travel,4
10th,5
16th,4
cool,9
longer,8
nanci,4
yall,4
thurs-sun,4
that',4
alright,4
grandpar,4
strang,4
281-483-2241,4
713-533-9785,4
pre-dinn,4
skip,5
bitch,4
idiot,4
jenn,4
2:31,4
blume,4
novak,10
jen,6
missplac,5
dug,5
pile,5
junk,5
nancey,5
turkey,9
said,39
shed,3
polic,3
peopl,3
bed,1
wife,1
light,1
bedroom,1
hung,1
worri,1
five,3
half,1
dozen,2
car,1
arm,1
cours,3
caught,1
burglar,1
red-hand,1
nobodi,1
tier,2
3:07,3
cw.xl,3
1:11,4
bromberg,3
blbromberg,2
itsmarta.com,2
c.dtf,3
08,4
9:47,1
pursley,1
3:09,1
marta,1
10:34,1
'blbromberg,1
itsmarta.com',1
thay,4
bishop,1
either,1
tm,4
3:17,3
11-19-01,4
11-19-01.xl,2
celebr,2
season,3
recogn,4
difficult,2
everyth,3
insid,2
honest,1
mix,1
uniqu,2
spirit,1
felt,1
improp,1
cancel,2
all-enron,1
decemb,7
transpir,1
past,5
imprud,1
lay,1
11/14/2001,2
10:32,7
ditto,3
mon,5
11/19/2001,1
aronowitz,3
calo,3
J,14
eb,10
gaffney,6
johnston,3
greg,3
korkma,3
deb,3
mcbride,3
jane,3
minn,3
rossi,3
robbi,3
hooser,3
viverito,3
usd,1
nda,29
bridg,14
JR,9
simplot,10
5-4079,3
enrononlin,6
function,3
equiva,3
loui,6
dreyfu,7
roger,3
rwpark,3
simplot.com,3
carr,338
kitchen,34
familiari,17
12:51,17
fimat,30
simplest,17
tradit,18
glover,71
11:28,17
Su,17
Cr,17
dit,17
agricol,17
indosuez,17
guanante,17
rick,18
farina,18
312-441-4420,18
chamber,17
restructur,1
sheeren,1
cowork,1
x30569,1
kapustka,26
lkapustka,10
oppd.com,10
4:32,8
'ademul,12
fraserstryker.com',12
dr.,19
oppd,7
fraser,7
stryker,7
rais,8
402,13
636-3057,13
713-345-3923,1
jason.r.william,1
letterhead,1
maribeth,4
encor,3
futures/brokerag,9
5:42,15
scroll,16
verifi,27
mayb,17
pl,16
sg,16
5:24,16
4:37,16
canney,13
seen,7
....,7
3:58,6
panaco,1
upstream,1
cnr,3
assign035,3
energyusa,3
ltr,2
red-lin,2
tpc,2
WE,1
bought,1
2500mmbtu/day,1
10/17/01,1
beg,1
11/01,1
2/28/02,1
bedevian,1
energyusa-tpc,1
energyusa-appalachian,1
713-369-7415,1
713-369-7505,1
mbedevian,1
nisource.com,1
bedevian/tpc/enterpris,1
nisourc,1
frank.sayr,1
01:43,1
12:28,2
10/20/2001,58
10/19/2001,34
10/21/2001,30
cpu,8
IP,4
sombra,4
cach,4
modul,4
ecach,4
pariti,4
interv,3
ec,4
3:30:00,2
11:30:00,2
HR,4
9:30:00,2
mailserv,2
sap,2
reconfigur,2
regress,2
repair,2
riser,2
tropic,2
storm,2
allison,2
idf,3
resid,3
10:00,3
desktop,2
12:00,7
avaya,2
unaffect,2
turret,2
11:00,2
occup,2
degre,2
rise,2
temperatur,2
stuart,2
fieldhous,2
713-853-5699,2
jameson,2
713-345-4423,2
prowler,1
firewal,1
shirkoff,1
713-853-1111,1
8th,1
9th,1
micah,1
stagg,1
713-345-1696,1
ein,1
integr,3
static,1
44,1
denni,1
mcgough,1
713-345-3143,1
hr-db-1,1
3rd,2
dalak,1
malik,1
713-345-8219,1
cnote,1
trey,1
rhode,1
345-7792,1
local/domestic/foreign,1
n/a,2
ricafrent,1
713-646-7741,1
adcupkilo,1
adcupklima,1
enlighten,2
automount,1
task,1
neptun,1
tagg,2
emerald,1
spectr,1
bond,1
/,11
multipl,1
dev,6
2924,1
token,1
ring,1
2948,1
minim,1
exposur,2
revert,3
sutherland,1
713-345-7192,1
mikulski,1
713-853-7409,1
713-853-0691,1
powerdown,2
third,5
equip,2
pearson,2
830-34238,2
l.p,11
mulvani,6
margin,3
rebook,1
internationl,1
10:41,3
incorrectli,1
petrificu,1
totalu,1
10:57,1
confirmation.xl,1
obvious,2
conveni,4
IS,1
larsen,1
accomod,1
afford,1
spend,1
reconcil,1
manageri,2
16:34,4
justin,34
plse,5
17:51,5
//livelinkeu.corp.enron.com/livelink/livelink.exe/81410046.pdf,5
nodeid=318129,5
doctitle=81410046,5
2epdf,5
vernum=1,5
17:48,5
probabl,6
97/98,5
15:58,5
edmund,27
justin/edmond,6
18:03,2
shacklock,3
joanna,3
17:56,2
8:47,1
009,1
4:27,2
spot,1
multibranch,2
scope,1
constru,3
thereto,1
contrari,1
settlement,1
promis,1
12:44,1
25mm,1
12:09,1
stanc,1
lauri,7
goodwyn,4
lauri.goodwyn,4
sgfimat.com,4
herein,4
pic24464.pcx,3
enronguarred.doc,3
wesner-soong,2
sarah,2
forman,2
warren,2
tashnek,2
sara.shackleton,3
para,2
usa,3
nasd,2
sipc,2
dealer,2
commiss,3
warranti,2
recommend,3
sell,2
divis,2
societ,2
n.y.,1
orgin,1
1:09,1
enron',1
reexecut,1
proper,1
11:31,1
ok.,1
wil,1
11:09:12,1
midst,1
12:21,1
warwick,1
signatori,2
authorir,1
goodwyn/nyc/fimat,1
11/12/2001,1
01:23,1
11/08/2001,1
10:54,1
sarah.wesn,1
todd.warwick,1
hasnt,1
bold,2
instead,1
7.,1
firstname.lastnam,5
technolog,6
non-standard,2
cut-off,2
firstnam,2
lastnam,2
non-support,2
signific,2
januari,2
2002,3
firstname.middleinitial.lastnam,1
middl,1
announcements/corp/enron,1
10/15/2001,1
9:15,1
worldwid,1
ect.enron.com,1
ei.enron.com,1
abbrevi,1
acronym,1
everi,1
new/exist,1
append,1
robert.alan.smith,1
meanwhil,1
imper,1
track,3
brokerage/futur,1
11:56,2
4:12,2
invited.doc,2
social,1
4:33,1
oefc,1
onto,3
wilson,1
713-853-0699,1
wendy\,1
sentiment,2
bless,2
sing-a-long,2
dress-up,2
inspir,2
S=,4
soul,2
madonna,2
leopold,2
than=,1
ksgive,1
patriot,1
tha=,2
nkful,1
hu=,1
mor,1
poetri,1
se=,1
play,1
video,4
song,1
whethe=,1
jazz,1
beatgreet,1
laugh,1
an=,3
thanksgiving=,1
smile,1
mailbox,1
passitaround.com,1
cd,1
hottest,1
hit,1
cdhq,1
destini,1
j.=,1
Lo,1
enya,1
jag,1
brother,2
thou,1
soundtrack,1
estini,1
survivor,1
jupit,1
stori,1
trip=,1
anywher,2
sweepstak,1
uld,1
comedi,1
miramax,1
film,1
star,1
meg,1
hugh,2
jackman,1
theater,1
everywher,1
21st,1
romanc,1
ag=,1
reed,1
specia=,1
rese=,1
rved,1
ser=,1
tate,2
I=,1
mage,1
8:34,6
11-16-01,7
11-16-01.xl,4
n.a,1
appendix,1
2:36,1
8:39,1
troop,1
ground,1
afghanistan,3
id:2479201170221160,1
25-05-2000,1
11-20-01,3
2:11,1
non-disclosur,1
713-345-8897,4
pre-dat,1
colleagu,1
least,1
settl,4
ipe,1
chisholm,5
vendor,4
someth,7
'oblig,2
loi,1
'current,1
eyebrow,1
explain,2
tweak,1
clearli,1
non-solicit,1
clarif,2
student,1
notif,3
etc,2
lori,1
e-commerc,1
713.853.6283,1
lorie.hernandez,1
nanc,4
somewher,3
lab,4
easi,4
obvioulsi,3
jsc-sf,6
nasa,5
2:41,3
'panu,3
stephanie',3
sound,3
can't,2
wo,1
coordint,1
defint,1
week/end,1
9:20,1
raymond',1
land,2
halfway,2
dalla,2
thur,16
jennifer.b.novak1,2
jsc.nasa.gov,2
5:34,2
everyone',1
match,4
vip,3
honor,2
subsid,2
unpreced,1
histori,2
suspens,1
PC,1
incent,1
grant,11
charit,1
submiss,1
futures.doc,3
henri,2
hschiff,1
carrfut.com,1
tanya.rohau,1
sheila.glov,1
11/21/01,1
09:10,1
schiff,2
anderso=,1
/o=3denron/ou=3dna/cn=3drecipients/cn=3ddanders2,1
=3denron/ou=3dna/cn=3drecipients/cn=3djbel,1
a/cn=3drecipients/cn=3dbbowen,1
pients/cn=3dscason,1
/o=3denron/ou=3dna/cn=3drecipients/=,1
cn=3dccisnero,1
/o=3denron/ou=3dna/cn=3drecipients/cn=3djfi=,1
sche2,1
/o=3denron/ou=3dna/cn=3drecipients/cn=3djgarci11=,1
/o=3denron/ou=3dna/cn=3drecipients/cn=3dkhundl,1
J=,1
oe,1
on/ou=3dna/cn=3drecipients/cn=3dbornela,1
=3dna/cn=3drecipients/cn=3dspiwetz,1
/cn=3drecipients/cn=3dmrodrig3,1
pients/cn=3ddseib,1
=3dktherio,1
/o=3denron/ou=3dna/cn=3drecipients/cn=3dd=,1
brack,1
/o=3denron/ou=3dna/cn=3drecipients/cn=3dwbra=,1
dfo,1
/o=3denron/ou=3dna/cn=3drecipients/cn=3dabrown8,1
onwel,1
ke=,1
=3denron/ou=3dna/cn=3drecipients/cn=3dvespino,1
/o=3den=,1
ron/ou=3dna/cn=3drecipients/cn=3dvgonza2,1
=3dna/cn=3drecipients/cn=3drjohnso2,1
na/cn=3drecipients/cn=3dslandri,1
ecipients/cn=3dwlebrocq,1
s/cn=3dnmartin,1
=3dmmonterr,1
tracy.ngo,1
6:27:32,1
=09=09=09june,2
=09=09=09encor,2
exception=,2
=09=09=09alberta,2
mgr.,1
853-1727,1
853-7578,1
monica,1
713-853-9839,1
monica.reason,1
26-28,1
11/25/2001,18
11/22/2001,14
11/24/2001,11
effici,8
11/23/2001,6
enhanc,8
disklayout,6
dolan,6
michael713-345-3251,6
malcolm713-345-3716,6
11/21/2001,4
infin,3
siebel,3
06:00,3
6:00,3
04:00,3
00:00,3
backed-up,2
cei,2
estrem,2
reloc,2
affair,2
yantra,2
rm,2
ecm,2
12:30:00,1
eeshou-fs2,1
larger,1
jordan,1
713-562-4247,1
713-345-8809,1
novark,1
713-345-4962,1
nahou-msmbx01p,1
02p,1
nahou-msdog01v,1
hotfix,2
exifs.si,1
lin,1
713-345-1619,1
11/26/2001,1
queri,1
berger,1
713-345-3190,1
281-960-5571,1
oracl,1
888-993-3793,1
713-345-4868,1
281-960-7066,1
713-853-4304,1
281-960-7184,1
croaker,1
erp/trv,1
etalk,1
itop,1
izzi,1
webmod,1
salmon,1
dcaf-2,1
eim,1
mkm,1
charon,1
opm,1
ram,1
power-exot,1
astral,1
dcaf3,1
phoenix,1
oltp,1
titania,1
taliban,2
surrend,1
konduz,1
learn,8
id:4909162102256521,1
yb6885.1,1
yb6913.1,1
nov,6
oesc,1
inland,2
ryerson,1
tull,1
pennzoil,1
devon,1
human,2
embryo,1
clone,1
scientist,1
massachusett,1
id:13144104202257407,1
//home.enron.com/updates/mergerqa.html,1
stock,14
immigr,1
tune,2
outing,1
wood,1
hang,1
dog,1
exhaust,1
slept,1
sleep,1
WA,1
wspp,1
8:08,1
11-20-01.xl,1
8:37,1
2:15,1
96093729,1
88408,1
sharen=,1
hun=,1
dl,1
piwe=,1
tz,1
shem=,1
eika,1
ng=,1
rohauer=,1
orgi,1
tacey,1
ma=,1
ry,1
hol=,1
=09encor,1
truss,1
5-3861,1
5-2423,1
elementari,1
school,1
manvil,8
assumpt,2
vh0047.1,1
qp0373.1,1
june,2
birthday,1
11/24,1
cubicl,1
2:10,1
kitti,2
lover,2
fellow,2
cat,1
fuuuuni,1
www.mycathatesyou.com,1
//www.konstruktiv.net/kitty_02.html,1
marin,1
attack,2
armor,1
column,1
near,1
kandahar,1
id:13475151302256751,1
06,2
8:26,1
002,1
accentur,4
stepani,2
llp,3
directori,3
commoditylog,2
7:53,5
10:30,6
713-345-7894,6
'frank.sayr,6
enron.com',6
10-18-01,2
sanforchucki,6
aol.com,7
trajjen,6
yahoo.com,6
mr1drfl,9
mom,9
expenses.doc,3
/o=enron/ou=na/cn=recipients/cn=spanu,2
CC,2
1:21:42,2
agh,1
colonoscopi,1
8:12,1
mid,10
fin,7
lme,6
marketers/mid,5
8745,8614,8495,8515,8398,8334,8364,5028,8674,8348,8569,5854,5
v2,4
eml,4
1819,4
Al,2
ave,2
1666,2
aluminium,2
Cu,2
copper,2
1820,2
wthr,1
stb,1
2171,1
weather,1
2130,1
2172,1
2173,1
2174,1
2175,1
reload,1
SG,1
brent-dubai,1
1864,1
reset,1
10:29,2
evalu,3
departments/affili,3
injunct,3
relief,9
ademul,3
fraserstryker.com,3
1:36,1
29th,2
smtp,3
10:33,2
-0500,8
sims1.rcsntx.swbell.net,6
08:21:42,5
nahou-msapp01s.corp.enron.com,3
sims.3.5.2000.01.05.12.18.p9,3
mta3.rcsntx.swbell.net,3
esmtp,3
corp.enron.com,3
message-id,2
57cc9797f54e5d4fa03e0604ec630a38088227,2
sims-ms-daemon,2
postmaster.enron.com,2
nahou-mscnx04p.corp.enron.com,2
_=_nextpart_001_01c157d7.d39fc2f3,2
content-class,2
success,2
store,1
return-path,1
delivery-receipt-to,1
disposition-notification-to,1
0gle00h01l4ztd,1
08:22:11,1
mta3-pr.rcsntx.swbell.net,1
0gle00fual4w6a,1
08:22:08,1
192.152.140.9,1
0gle00c5nkw1rj,1
08:16:49,1
nahou-msmsw02p.corp.enron.com,1
192.168.110.109,1
8.10.1/8.10.1/external_corp-1.08,1
f9idlg301872,1
unverifi,1
content,3
smtpr,1
4.2.1,1
t56ab4f85d3c0a86e6d6e0,1
172.24.192.197,1
smtpsvc,1
5.0.2195.2966,1
mime-vers,1
1.0,1
content-typ,1
multipart/mix,1
boundary=,1
x-mimeol,1
By,1
v6.0.4712.0,1
urn,1
x-ms-has-attach,1
x-ms-tnef-correl,1
thread-top,1
thread-index,1
acfx19oop7ztklt5tiu+ztoaqxzhqg==,1
x-originalarrivaltim,1
13:21:42.0818,1
utc,1
filetime=,1
d3ecc820:01c157d7,1
10:46,1
10:47,2
'sanforchucki,1
'trajjen,1
yahoo.com',1
'mr1drfl,1
swbell.net',1
evidenc,1
HS,1
rocki,1
8/23/01,1
96037267,1
36518,1
s2,3
matern,1
ext.3-9048,1
345-4563,1
22nd,1
diana,1
andel,1
diana.andel,1
stephanie.sev,1
713-853-3465,1
automat,3
relay,1
10/19,1
valeri,1
krisitn,1
chevonda,1
auzenn,1
seibel,1
19th,2
x3-3103,1
extend,1
713-853-0443,1
713-345-4988,1
853-5871,1
indelicato,1
853-3031,1
10-18-01.xl,1
lake,1
ppl,5
paperwork,2
usual,4
4:17,1
46,3
10/18/2001,3
sp2,2
eeshou-dbpcc,1
8-10am,1
eestest-dbpcc,1
9:30-11:30,1
eestest-wbpcc,1
10am-12pm,1
eeshou-eei,1
6-8pm,1
eeshou-wbpcc,1
8:30-10:35am,1
eeshou-dbrps3,1
9-10am,1
eeshou-oms01,1
5:30-7:30pm,1
tool,3
uninstal,1
animesh,1
solanki,1
713-853-5147,1
closet,1
Up,1
port,1
713-345-9954,1
nahou-wwirf01t,1
nahou-wwirf01d,1
nahou-wwjrn01d,1
nahou-wwjrn01tnahou-wwiwn01d,1
301625,1
wins-dn,1
tester,1
rollback,1
hot,1
entri,1
clint,2
713-345-4256,1
10/22/2001,1
rmsprod,1
table/index,1
reorg,1
fragment,1
disabl,1
session,5
emmett,1
cleveland,1
713-345-3873,1
triniti,1
madrid,1
sitaraoncal,1
713-288-0101,1
oigin,1
unavail,2
20th,1
approxim,1
owa,1
`,1
queu,1
phase,1
combat,1
forc,1
id:393520070224403,1
red,9
directv,9
broadband,6
=09=09,3
12/31/01,3
toll-fre,2
www.directvdsl.com/redcross,2
.refer,1
pe=,1
opl,1
sept=,1
ember,1
launch,1
conjunct,1
merican,1
york=,1
washington,1
d.c.,1
don=,1
ate,1
referr,1
enabl,1
direct=,1
R=,1
www.directvd=,1
sl.com/redcross,1
1-866-419-2824,1
ds=,1
do=,1
victim,1
Y=,1
ou,1
broadba=,1
websit,4
rebuild,1
brighter,1
kindest,1
ned,1
hay,1
seitz,1
enior,1
cros=,1
headquarters=09,1
=09to,1
dsl,1
s=,1
ervic,1
866-419-2824,1
residenti,1
emblem,1
endor=,1
sement,1
impli,1
trace,1
id:882011420221578,1
badg,5
photo,3
measur,2
entranc,2
teleconfer,2
bit,1
stream,1
audio/video,1
houston-bas,1
//home.enron/employeemeet,1
follow-up,1
teleconferenc,1
sao,1
paulo,1
bueno,1
dubai,1
rio,1
janeiro,1
bothel,1
wash.,1
denver,1
ramon,1
calif.,1
yvonn,1
francoi,1
345-8725,1
quarter,2
candid,1
encourag,1
cafe,1
justic,1
immun,1
massag,1
downtown,1
club,1
annual,1
bazaar,1
rice,1
young,1
alumni,1
bash,1
barrett,5
9:35,2
memo,6
9:46,1
vital,2
signal,2
on-lin,3
yb9774.1,1
o'connel,15
rvi,15
-can,4
tk,4
connel,4
grosvenor,4
sw1x,4
7en,4
+442077834828,4
+442077839238,4
mob,4
+447733001094,4
20:35,4
r.v.i,4
sequent,25
kendra,12
leigh,7
hayman,9
3:40,3
2:07,3
reciev,3
345-3877,1
non-eol,1
345-3782,1
853-1771,1
10/22-10/26,1
comeaux,1
5-4816,1
christin,1
millin,1
5-2907,1
februari,1
KG,1
cordial,2
3803a,1
853-4737,1
susan.bailey,1
basf,6
pcg,2
2:06,1
guys-,1
10/16,1
asap,1
8:28,1
slip,1
flip,1
intraday,1
dilig,3
8:11,1
pa,1
gracia,1
njng,4
9/24/01,2
12:26,2
ahkalbach,4
njresources.com,4
nj,2
nat,2
gas2,2
geordi,3
hochbaum,2
2001/10/15,2
08:46,2
pic06204.pcx,2
info,1
10/5/01,1
geordie_hochbaum,1
sleev,1
difficulti,1
403-267-6992,1
2001/10/24,1
12:35,1
04:36,1
californiajurisdict,2
okay,1
argument,1
yorkjurisdict,1
yorklaw,1
12:27,1
inc./ena,1
66189,1
96063822,1
allario,3
mateo,2
4:36,1
themoment,1
target,1
licensor,1
moshal,1
co-found,1
cto,1
98,1
avenu,1
94401,1
650-375-5101,1
fed,1
await,2
dankeschon,1
johan,1
lexis-nexi,11
basic,9
clinic,5
dow,5
seat,4
clip,3
eb560,3
gear,2
novic,2
prospect,2
nexis.com,2
eb572,2
100.00,2
no-show,2
charg,2
200.00,2
placewar,2
dji,2
strength,1
liabil,1
2:30,1
login,7
713-345-7928,1
stephanie.e.taylor,1
zone,1
introduct,1
personalizing/custom,1
tailor,1
display,1
headlin,1
topic,1
search,1
hand,1
//esource.enron.com/training.htm,1
15:17,1
nissho,6
japan,4
lng,4
lngjapan.com,3
joint,2
ventur,2
kobayashi,2
somewhat,1
10:26,1
-dan,1
kobayashid,1
7:54,1
toshiki,1
miyazawa,1
kawahara,1
takata,1
diamond-san,1
wrote,1
iwai,1
sumitomo,1
conclud,1
mr.miyazawa,1
btw,1
mr.matsubara,1
tokyo,1
d.kobayashi,1
daniel.diamond,1
daisuk,1
kobayashi.daisuk,1
nisshoiwai.co.jp,1
kobayashi-san,1
exercis,2
award,1
ownership,1
profit,1
common,1
valuabl,1
tremend,1
intranet,1
//ehronline.enron.com,1
unlik,1
//hrweb.enron.com,1
faq,1
painewebb,1
fedex,4
ship,3
fedex.com,2
790203430473,2
kase,1
sysdeliv,1
esprim5.prod.fedex.com,1
webmast,1
11:13,1
greenberg/enron,1
beverli,1
rhea/kas,1
11/6/2001,1
10:11,1
releas,1
b.rey,1
11/1/2001,1
//www.fedex.com/cgi-bin/ship_it/internetship/,1
//www.fedex.com/cgi-bin/track,1
tracknumbers=790203430473,1
action=track,1
language=english,1
cntry_code=u,1
disclaim,1
authent,1
01,8
keogh,2
alison,2
sydney,2
aug,2
pti,2
australia,2
612,2
9229,2
07,1
7:55,1
pa',1
ntt,1
taka,1
maeda,1
yuen,1
foong,1
Yu,1
yileng,1
tseng,1
beij,1
zhengcheung,1
hwzhao,1
moraka,1
pte,1
venkatesh,1
raman,1
terrag,1
charli,2
sep,1
mitsui,1
mine,1
akihiro,1
imazawa,1
coal,1
alli,1
nipponkoa,1
kenji,1
terauchi,1
quit,1
greatli,1
castlereagh,1
nsw,1
2316,1
2350,1
signon,3
workstat,2
sso,2
//legaledge.corp.enron.com/tibco/,1
alarm,1
re-configur,1
logout,1
Us,1
sign-on,1
bibl,1
portfolio,1
17:23,1
16:53,2
merril,17
ms-76,7
pierc,6
fenner,6
w/,1
8:18,1
acquisit,2
10:03,2
infor,2
nymex.com,2
9:02,2
comex,2
claim,4
inquir,2
212,2
299-2377,2
tf,1
kurzer,1
mechel,6
steven,3
aucoin,3
evelyn,3
columbia,3
1:23,1
3:22,2
ce,2
n67489.4,2
n67489.5,2
n91852.1,2
n92407.1,2
n92407.2,2
ne1116.1,2
ne1787.3,2
ne1787.4,2
nk2091.1,2
nv5353.1,2
nv5435.1,2
nw7628.1,2
nw7721.1,2
x37278,2
sincer,1
sungard,1
personnel,1
713-646-4842,1
mark.greenberg,1
encal,1
calpin,1
livelink,1
x58136,1
x37972,1
him/her,1
separ,1
liter,1
decim,1
gallon,1
150,000,000,1
consent,1
paraleg,1
commenc,1
supplement,1
38th,1
345-7732,1
646-3393,1
mary.cook,1
winner,1
blood,1
fish,1
wandrag,2
dave,2
knight,2
kernelgroup.com,1
8:13,1
henrik,1
karlberg,1
ian,1
gadd,1
paddi,1
hodson,1
jonathan,1
foster,1
keiran,1
hale,1
stephen,1
smilli,1
darryl,1
baldwin,1
galowski,1
marc,1
murph,1
morrison,1
endless,1
reveng,1
..........,1
//www.fieler.com/terror/,1
adel,3
bda,3
esq.doc,3
subpart,2
elementre.com,2
stamford,2
203,2
loop,1
hole,1
advantag,1
circumv,1
judgment,1
arasp,1
imceanotes-araspe+40elementre+2ecom+40enron,1
aburzi,1
revfiew,1
rasp,1
element,1
360,1
06902,1
356-3579,1
602-4475,1
reader,1
herebi,1
stuff,2
=09cisnero,2
=09anderson,2
LD,1
on=,1
ex,1
be=,1
outsta=,1
nding,1
markup,1
09,1
12:08,1
confirmi=,1
11:32,1
drefu,1
energy=,1
were=,1
ho=,1
w,1
con=,1
proce=,1
'sent,1
1:59,1
amil,1
lee=,1
ro=,1
driguez,1
sietzema=,1
shacklet=,1
=09loui,1
=09isda,1
=09=09novemb,1
=09=09loui,1
=09approv,1
F=,1
oreign,1
=09enron,1
=09=09new,1
sister,1
urg,1
www.rawa.org,1
dedic,1
repress,1
persecut,1
afganistan,1
galleri,1
slide,1
faint,1
monetari,1
suffer,1
bastard,1
sylvia,1
Ok,1
anymor,1
jay/veronica,1
11:51,1
galvak,3
suppos,1
4:20,1
3:38,1
seminol,1
l.l.c,1
chrismer,1
nov.,1
masiello,1
caminu,1
reliant,2
sherri/deede,1
redlin,1
substitut,1
belco,3
westport,2
tanya/jay,1
1999,1
unlimit,1
march,1
1998,1
b-2,1
b-3,1
yl0308.1/3/4,1
anz,1
11:16,1
'rgrillo,1
anz.com',1
charlie/luci,1
9:31,1
imceanotes-kalbacher+20adrienne+20+3cahkalbacher+40njresources+2ecom+3e+40enron,1
8:16,1
gas/enron,1
brought,1
zero,1
4:44,1
