PM,733
thru,290
sat,292
outag,286
5/19/2001,72
impact,216
AM,461
schedul,313
server,110
CT,186
PT,181
london,195
fri,114
No,189
5/18/2001,33
environ,110
713,214
purpos,105
backout,101
contact,193
time,351
corp,80
sun,147
5/20/2001,21
old,59
7:00:00,49
wed,46
10:00:00,42
pager,77
system,187
data,69
center,122
3:00:00,41
sitara,62
E,78
mainten,44
databas,24
12:00:00,60
unifi,29
19-may-2001,12
sydney,14
S,70
may,279
facil,47
oper,90
enron,1015
servic,158
internet,79
john,110
9:00:00,33
1:00:00,28
user,62
EI,17
5/16/2001,9
5/23/2001,9
manag,93
room,39
requir,67
product,95
well,140
6:00:00,59
resourc,23
Y,22
T,38
L,78
2001,425
edi,23
5:30:00,11
io,8
new,181
revert,10
note,68
11:00:00,25
2,179
week,183
interv,9
n/a,8
market,76
4:45:00,6
2:45:00,6
10:45:00,6
cabl,10
comput,36
date,92
migrat,59
dss,6
thi,739
4:00:00,49
8:00:00,25
2:00:00,24
move,55
tdsprod,6
also,171
allow,38
instanc,7
restart,10
memori,14
cpu,16
malcolm,23
713-345-3716,23
need,194
power,60
gmt,9
houston,54
portland,11
test,34
help,140
on-cal,31
853-9797,22
W,200
K,38
N,27
D,31
M,35
V,14
B,30
F,52
O,12
R,51
18,27
5:00pm,15
21,25
12:00am,11
ardmor,11
azurix,26
eb34,11
south,23
north,51
american,27
lan,13
field,52
10:30:00,5
11:30:00,6
8:30:00,7
9:30:00,5
4:30:00,7
upgrad,30
enefw4,3
code,8
ha,224
bug,8
fix,16
state,25
failov,3
featur,26
back,148
shupak,3
713-853-7943,3
bryan,9
aubuchon,3
713-345-8446,3
messag,347
cnote,4
reboot,13
ani,317
mailserv,5
list,131
make,105
sure,48
come,100
trey,4
rhode,12
345-7792,4
local/domestic/foreign,4
site,27
david,92
ricafrent,4
713-646-7741,4
eb3460,3
trade,111
group,57
improv,21
perform,40
order,97
compli,8
standard,14
sieckman,3
713-345-7862,3
NT,11
os/2,11
ot,3
et,6
29,38
2001/2/2001,3
gthou-appsq03p,3
abl,88
access,81
eneds01_adapt,3
exist,20
outdat,4
sql,3
2000,34
provid,123
increas,37
function,11
conform,5
platform,3
mari,42
vollmer,3
713-853-3381,3
joe,54
hellsten,3
713-853-7346,3
713-545-4164,3
ena,60
give,71
space,60
current,104
use,134
enpow,12
refract,4
expand,8
tnsnames.ora,3
entri,4
chang,137
point,29
jahnk,3
713-345-4398,3
addit,58
moe,4
pep,23
global,23
constrain,3
shutdown,5
configur,9
see,176
abov,24
additionto,3
aurora,3
add,25
remov,19
newli,3
ad,16
config,5
sun/oss,11
telephoni,19
termin,21
11:45:00,4
infrastructur,6
brian,17
ripley,3
713-345-4709,3
charl,21
ballmer,3
713-853-0684,3
bob,16
ward,3
713-345-4409,3
australia,3
5:00:00,28
origin,73
de-pow,3
plug,4
equip,9
uncondit,3
colin,3
wood,11
+61-416-248-353,3
elliott,3
katz,3
+61-292-292-309,3
assist,31
853-1411,11
resolut,19
specif,26
inform,111
risk,22
853-5536,11
sap/isc,11
345-4727,11
284-3757,11
288-0101,11
rus/gops/geotools/apr,11
639-9726,11
oss/ua4/tarp,11
285-3165,11
cpr,23
284-4175,11
support,64
327-3893,11
ee,60
desk,45
OR,11
888,12
would,353
rfp,22
staff,34
pleas,455
day,310
susan,973
enron.com,477
associ,25
member,46
avail,157
david-,19
22nd,7
24th,5
work,240
better,40
check,94
conveni,18
thank,589
moss,32
citymgr,16
southside-place.org,16
05/14/2001,10
09:01:43,4
To,686
'susan.w.pereira,40
',149
susan.w.pereira,269
cc,340
subject,586
comprehens,11
plan,109
submitt,4
receiv,185
follow,101
document,19
civic,7
design,10
wilbur,7
smith,32
vernon,7
G.,8
henri,15
leav,63
copi,45
hous,49
even,59
As,90
three,58
public,43
post,23
like,165
meet,143
review,88
score,9
written,18
propos,64
22,19
24,28
budget,7
workshop,26
council,39
23,26
interview,21
advis,27
happi,33
e-mail,84
base,16
upon,20
comment,14
dnm,19
sunday,111
We,298
'll,227
4,68
pm,54
pereira,475
hermannpk,25
aol.com,177
01/17/2001,3
06:42:32,3
Re,134
privat,45
lesson,96
okay,3
4pm,4
helen,23
peter,38
helen-,30
saturday,65
kali,121
14th,4
Is,63
stand-bi,7
afternoon,56
around,49
daughter,13
imbal,213
sent,284
El,56
paso,49
stingray,32
volum,159
agreement,48
lesli,43
ect,1072
lrc,18
koch,74
payment,23
lig,16
11,973,13
due,74
statement,25
leslie-,13
confirm,70
transfer,16
robinson,24
01/08/2001,3
08:43,3
pereira/hou/ect,112
said,59
wa,411
month,79
ago,14
've,75
wait,49
hear,43
bud,3
elkin,3
correct,33
longer,19
lrp,24
book,38
assign,24
01/05/2001,3
12:53,3
robinson/corp/enron,15
Do,61
know,340
actual,51
collect,21
settlement,33
mmbtu,94
show,45
want,177
us,149
sign,35
return,59
transport,100
deduct,43
ga,362
plant,79
whoop,3
goof,3
gross,15
includ,94
fuel,50
valu,23
.2602,6
net,41
.2422,12
sorri,64
confus,17
stevens_hollist,75
eott.com,142
01/04/2001,3
11:38:51,3
bazor,74
ridg,59
casa,15
suppli,25
could,129
price,226
decemb,49
steven,100
less,31
.01,26
novemb,154
understand,21
IF,13
0.3,14
kim,21
dillard,9
daili,85
My,21
deal,190
convert,10
averag,22
indic,23
effect,47
februari,68
4.4767,6
4.4867,6
5.9967,3
6.0067,3
let,209
keep,37
mind,13
taken,27
loss,14
cash,56
neg,9
kdillard,3
flash.net,20
12/13/2000,3
10:47:57,3
forward,89
treat,14
respons,46
file,123
monthli,25
report,153
rebel,24
drill,4
mississippi,4
oil,11
board,10
question,102
feel,43
free,57
call,133
713-374-2532,3
cost,43
destin,39
contract,143
If,254
stevens-,33
clarifi,7
rate,92
.24/mmbtu,3
aca,3
charg,58
.0022/mmbtu,3
alloc,39
redeliveri,3
kind,26
receipt,32
bill,48
must,47
.2422/mmbtu,3
pipelin,58
calcul,13
.258,3
oct.,13
.2556,3
nov.,7
dec,13
12/07/2000,6
02:05:57,6
jeananne_heck,12
idea,21
someon,32
els,19
concern,42
issu,83
eott,25
account,54
jane-,3
folk,4
12/12/2000,3
09:10:36,3
hpetter,3
jane,8
saladino,3
.25,3
rather,10
.24,3
think,137
zone,65
3,103
total,60
7591,3
insid,25
ferc,58
pipe,18
plu,19
penni,3
transco,56
4.51,3
florida,3
4.45,3
sonat,71
4.47,3
avg,13
0.01,3
fee,13
percentag,7
last,144
31,112,3
per,36
direct,17
differ,29
higher,12
settl,28
paso/stingray,6
insist,3
paid,17
oppos,3
occur,14
carri,10
mayb,31
pay,55
next,122
year,102
p.s.-,29
paperwork,29
cinergi,16
fax,68
number,61
invoic,75
n't,241
heard,23
In,63
meantim,9
713-646-8453,9
11/28/2000,3
01:39:51,3
1,107
4.475,12
octob,234
good,55
wellhead,39
0.003,3
reduc,25
0.24,3
/mmbtu,3
11/21/2000,3
10:38:40,3
bare,3
assum,19
someth,42
thought,15
best,16
ask,49
hollister/remote/eott,16
11/17/00,3
01:51,3
flow,23
10/12,7
101,6
5.135,6
10/20,6
62,6
5.02,6
10/24,6
63,6
4.81,6
10/25,6
52,6
4.835,6
10/26,6
377,6
4.64,6
10/27,6
371,6
4.60,6
10/28,6
538,6
10/29,6
84,6
info,27
11/06/2000,9
08:18:31,9
dan_col,31
small,32
amount,19
sold,14
kahuna,12
spoken,16
go,181
name,84
final,49
'm,82
holdup,3
talk,53
harvey,9
commun,141
today,90
11/16/2000,3
09:08:57,3
wonder,11
stood,3
ride,9
prepaid,6
rider,6
mail,49
address,86
11/15/2000,3
12:37:21,3
25th,19
send,108
27,32
head,42
instructor,7
ahead,18
unsur,5
whether,24
refund,3
make-up,10
take,173
11,35
11/14/2000,9
07:10:50,3
get,224
probabl,27
11am,7
weekend,32
stingray/lrc,6
approach,15
first,80
resolv,14
sherryl,6
agre,34
sinc,66
hpl,9
03:41,3
reconcil,3
rememb,13
It,131
job,12
discrep,3
find,67
commerci,10
cranford,3
made,55
clear,21
anxiou,9
onli,71
discuss,44
sometim,8
septemb,58
becaus,58
compani,57
sever,34
later,32
03:01,3
dth,5
owe,21
reason,22
big,17
line,41
texa,83
begin,37
feb.,10
ngpl-la,3
11,035,10
10,644,6
proenergy/cinergi,6
daniel,17
kieran,10
consider,12
proenergi,3
outstand,34
precursor,3
gave,17
onyx,3
alreadi,37
negoti,22
whose,7
11/10/2000,3
11:34,3
cinergy/produc,3
energi,76
clarif,5
He,84
forget,6
low,8
sens,6
two,100
oryx,3
770,4
10/20/2000,3
03:15,3
1.77/mmbtu,7
prepar,17
19,531.95,7
letter,32
mrs.,22
blair,15
class,80
volunt,32
second,36
child,46
parent,50
school,31
grader,6
email,287
everyon,36
matter,19
parti,68
game,49
one,155
chair,10
margaret,24
pierc,16
gift,39
teacher,19
write,36
anyth,31
notebook,6
cover,20
page,58
dear,44
hard,20
believ,31
almost,8
hope,103
end,28
10:00,6
11:30,8
format,22
basebal,5
among,8
divid,3
four,10
team,163
serv,21
hot,7
dog,3
drink,15
five,17
norm,3
nabhan,3
allison,5
grove,6
karen,28
georg,52
mike,31
lila,3
mazzon,3
nanci,8
rybarezyk,3
sub,3
doe,56
anyon,65
grade,10
certif,18
money,32
nice,16
effort,36
tell,24
special,22
say,49
8,14
X,3
paper,16
pictur,6
affix,3
bring,23
put,48
present,48
thin,8
ring,24
binder,3
pocket,3
front,16
insert,3
anybodi,6
purchas,20
creat,36
particularli,3
creativ,3
thing,55
meter,51
comfort,18
yet,36
befor,102
happen,21
onc,26
separ,11
andi,10
pursu,3
10/30/2000,3
08:18,3
apolog,8
long,29
respond,82
offic,64
thursday,105
friday,98
10/26/2000,3
08:25,3
10/25/2000,6
06:12,6
research,9
came,14
across,13
enregi,6
2,934.60,6
1997,12
late,45
recoup,6
via,54
equal,13
cashout,39
entiti,7
way,45
11,885,4
3.90/mmbtu,4
46,351.50,4
13,639,4
2.21/mmbtu,4
11,720,4
2.38/mmbtu,4
58,035.79,4
11,684.29,4
scott,121
garrison,4
superior,44
nelson,12
mine,6
numbers-,3
413970,413976,3
mobil,6
bay,4
413984,413992,3
415610,415613,415610,3
hunt,3
tgt,20
410135,3
vintag,20
koch-,3
oct,17
sept,7
380360,3
ledco,3
tenn,13
415587,3
santa,6
fe/snyd,3
sea,6
robin,17
227768,3
william,39
kelli,30
10/18/2000,3
10:57,3
andrea,19
ring/hou/ect,12
tammi,22
depaolis/corp/enron,9
ferries/corp/enron,6
kam,25
keiser/hou/ect,6
neal,25
counterparti,9
transact,39
gather,24
accumul,6
posit,11
relat,47
regard,42
mark-to-market,3
histor,4
10/11/2000,3
08:28,3
left,46
yesterday,16
louisiana,7
intrast,6
3.00/mmbtu,3
staci,34
dickson,23
10/04/2000,15
04:33,3
problem,33
look,99
term,58
28,12
nov.1,4
mess,6
phone,50
03:26,3
On,24
voic,10
30,35
nov,15
1st,16
instead,18
11:29,4
dickson/hou/ect,3
11:04:44,6
molly_sampl,12
morn,59
extens,11
patienc,8
suzann,30
got,59
sugarbak,4
directli,19
cindi,43
colvin,4
richard,40
rothfeld,6
might,61
handl,22
futur,22
situat,25
extra,19
vitamin,4
thicken,4
skin,4
committe,21
home,66
houston.rr.com,25
earli,38
doctor,7
appt,4
updat,45
10/03/2000,3
01:14:44,3
petter,6
dispatch,3
least,14
molli,14
spoke,13
regular,8
delay,16
driver,22
train,27
v.,9
start,56
august,46
reflect,15
period,23
08/22/00,6
start-up,6
expect,36
reschedul,16
9/5,6
9/6,6
9/11/00,3
tomorrow,51
09/12/2000,3
07:40:02,3
veri,57
close,35
request,53
gener,47
done,28
appear,19
control,12
impli,3
25,37
right,67
10,37
soon,83
601,6
969-1568,6
rest,16
dan,45
cole,3
08/25/00,3
12:44,3
tri,37
touch,11
attorney,32
version,15
index,17
amend,5
08/24/2000,3
07:54:00,3
danger,4
2nd,11
comtract,3
still,50
ship,4
place,55
told,28
enon,3
readi,8
reciev,3
12:12,3
08/22/2000,3
07:14:39,3
john_ogden,3
lynn_brannon,3
run,22
labor,6
07:10,3
kahunaga,3
aol,31
.com,3
08/21/00,3
05:52,3
dufor,3
residu,3
sale,35
9/2,3
depend,18
commiss,26
goe,6
gari,49
legal,13
answer,17
08/31/2000,3
03:54:05,3
produc,22
lanuag,3
dictionary.com,69
word,108
subscript,50
lyri,6
listmanag,6
lyris-confirm-301289q,6
lists.lexico.com,62
05/10/2001,7
03:51:59,3
welcom,17
repli,42
autom,3
tour,35
jan,57
exchang,29
jani,41
janisp,38
dialdata.com.br,38
foz,51
flight,45
igua,17
u,15
fall,47
fine,19
care,37
exact,11
papi,7
deposit,20
maman,12
struggl,4
medic,5
kid,84
michael,57
excit,10
ca,35
alexia,16
sebastien,13
love,31
08:56:17,4
trip,25
HI,7
trip.,7
2,370.70,7
US,15
1,077.59.,7
ye,38
today.,10
rio,35
SP,13
airport,27
night,66
stay,20
breakfast,11
english,16
speak,16
guid,14
side,28
brasil,7
argentina,19
boat,11
bottom,11
bird,12
aviari,10
.....,31
05/08/2001,11
mpierce446,17
robs.org,14
math,10
explor,21
02:01,7
01:37:49,4
piercem,7
tklaw.com,7
bgrove2821,7
mblair,7
dborn,7
llgm.com,7
cmborn,7
texaschildrenshospital.org,7
jillbr,7
gfishrn,7
kog,7
alumni.rice.edu,7
irvin,8
pdq.net,9
larry.knapp,7
usaa.com,7
jenniferbknapp,7
lmazzon,7
msmiller,7
eudoramail.com,7
kcn40,7
spereir,19
ect.enron.com,12
greektreat,9
j1203,7
nrstroud,7
shellus.com,7
lkay737,7
ahgrov,7
compaq.net,7
unabl,13
substitut,5
interest,59
fun,29
necessari,24
great,60
classmat,4
interact,12
asap,4
713-661-6422,4
recognit,35
troop,42
juli,73
jkboud,18
swbell.net,40
sort,22
tuesday,122
wednesday,64
4:45,3
5:30,11
boudreaux,17
05/07/2001,7
11:24:30,3
sound,26
monday,139
07,12
1:26,3
julie-,20
unfortun,11
dure,56
day.,3
12357,9
pick,41
up.,3
browni,10
everyth,18
leader,9
work.,3
by.,3
southsid,10
citi,37
attend,35
7,27
portal,45
clickathom,133
choos,30
2.0,8
log,17
www.clickathome.net,9
fill,61
evalu,10
privaci,14
outlook,33
web,52
ehronlin,11
fulli,10
customiz,8
content,15
launch,11
browser,9
5.0,8
ya,4
shanna,14
kathy-,24
trophi,9
porch,3
whatev,10
mailbox,9
kkw816,15
05/02/2001,6
03:18:16,3
tiger,6
1904,3
alban,3
77005,3
mailabl,3
player,27
sweet,16
girl,74
miss,20
micro,6
soccer,27
chanc,21
summer,47
kathi,38
season,21
6,45
02:30:10,3
enjoy,28
sport,12
enough,5
l,5
u-10,3
coach,53
play,37
hysa,3
harrison,9
conflict,9
friend,22
particip,82
birthday,23
skip,6
anoth,40
softbal,8
realli,49
never,12
much,51
enthusiasm,3
spring,24
u10,3
asst,5
son,21
U6,3
enronxg,561
victor,76
robert,88
columbia,36
lamadrid/enron,6
clarissa,21
sabra,7
steve,38
joann,11
alvin,6
kevin,22
jess,19
tamara,8
chri,74
notic,52
04/30/2001,3
11:54,3
lstone,3
nisource.com,15
smtp,3
garcia/enron,3
dinari/enron,3
gillespie/corp/enron,3
collins/corp/enron,3
thompson/corp/enron,3
ramirez/enron,3
alvarado/enron,3
villarreal/hou/ect,6
carter/na/enron,3
loving/na/enron,9
goodell/corp/enron,16
hodge/corp/enron,12
germany/hou/ect,18
katherin,13
kelly/hou/ect,12
smith/enron,18
superty/enron,3
neal/hou/ect,18
junek/hou/ect,13
critic,36
gulf,23
individu,17
america,48
superti,11
robert.superti,3
lamadrid,29
victor.lamadrid,3
garcia,11
clarissa.garcia,3
dinari,4
sabra.l.dinari,3
gillespi,6
steve.gillespi,3
collin,10
joann.collin,3
thompson,3
alvin.thompson,3
ramirez,7
robert.ramirez,3
alvarado,5
kevin.alvarado,3
villarr,8
jesse.villarr,3
carter,5
tamara.cart,3
scott.lov,3
goodel,12
scott.goodel,3
hodg,12
john.hodg,3
katherine.l.kelli,3
george.f.smith,3
germani,15
chris.germani,3
scott.neal,3
junek,3
dan.junek,3
713-853-4221,3
cindy-,4
t-shirt,17
peopl,71
deliv,18
shirt,14
ok.,4
set,51
're,56
activ,21
particular,9
swim,6
mayba,3
movi,45
By,16
saw,6
spi,3
ought,3
especi,21
04/25/2001,3
09:48:23,3
Hi,44
firm,18
travel,38
agent,17
yesterday.,6
hotel,36
ground,8
portion,14
life,16
brazil,29
somewher,8
rang,3
earlier.,3
reserv,26
them.,3
So,35
worri,6
finalized.,3
guy,23
lot,39
..............,3
scout,7
outing,7
littl,58
exot,3
event,45
overnight,8
campout,3
backyard,3
lucki,8
attent,6
spend,21
away,30
04/23/2001,3
03:59:07,3
glad,9
it.,6
credit,42
card,38
etc.,8
easier,9
reimburs,3
us.,6
fact,14
indian,6
villag,3
wo,18
howev,30
everything.,3
afterward,3
detail,62
.......,11
hug,3
PS,8
remind,12
visa,3
tchau,3
..........,3
04/19/2001,6
02:59:25,3
far,20
person,31
8th,10
either,22
evening.,6
shortag,3
etc,32
april,69
19,19
9:46,3
prior,23
9,26
9.,3
renato,46
arriv,20
jan-,9
town,19
04/17/2001,3
05:21:15,3
ON,8
went,26
found,59
foz.,6
strong,9
estim,10
1,000,9
1,300,3
500,3
650,3
person.,3
airfar,3
complimentari,8
tropic,5
brazil.,3
helicopt,3
price.,3
tam,3
airline.,3
2:30,11
3:30.,3
3:30,4
details.,3
loock,14
penalti,16
2848,6
fyi,26
bank,6
recov,5
devon,3
....,41
-origin,197
15,27
3:21,4
loop,4
watch,28
haley,3
alert,6
discov,6
nearli,3
twice,3
normal,16
H.,5
awar,10
seem,7
spreadsheet,14
attach,52
hi,153
nom,3
2400,3
accordingli,4
M.,8
713-853-3570,3
713-707-8605,3
roy,20
anne-,4
dismiss,4
cooki,34
9th,13
coordin,19
earlier,19
hand,10
kimberli,57
bate,23
08:52,3
pete,9
keavi,6
mention,16
type,13
04/18/2001,3
06:58,3
sandra,17
brawner/hou/ect,12
brad,37
mckay/hou/ect,12
judi,45
townsend/hou/ect,15
vladi,15
pimenov/na/enron,9
hendrickson/hou/ect,13
craig,20
taylor/hou/ect,9
victoria,24
versen/hou/ect,12
airam,8
arteaga/hou/ect,6
wife,7
babi,7
congratul,6
absenc,5
rain,9
donatin,3
celer,3
K-,3
tabl,11
carniv,8
solicit,9
opinion,11
suppos,9
funnel,4
P,44
Z,21
tree,10
committte,4
share,24
12-2,4
outsid,16
clubhous,4
elect,12
5,38
anytim,21
713-349-8836,9
blue,21
fox,15
farm,12
gswec,8
camp,43
session,26
ruth-,8
decid,20
marla,4
blake,4
pend,7
anna,8
edelman,4
sue,4
spot,16
case,42
process,40
kace,6
deploy,7
initi,30
profil,8
11:00,9
12,43
lunch,13
downey/enron,3
04/16/2001,3
12:49,3
bates/hou/ect,12
sean,9
boyle/corp/enron,6
dick,15
jenkins/hou/ect,11
keavey/hou/ect,9
FW,51
project,21
gem/windows2000,3
minut,20
introduc,3
projectgem,3
windows2000,3
underway,5
step,13
newer,3
along,20
o/,3
took,5
microsoft,6
outlook2000,3
client,8
flexibl,10
ease-of-us,3
calendar,16
medium,3
synchron,3
handheld,3
devic,5
visit,22
'profil,3
10-15min,3
4/17/01,3
date/tim,6
stop,6
sit,8
locat,37
e-mail/cal,3
strive,3
ensur,13
winnt,3
win2k,3
smooth,3
effici,12
downey,3
x55641,3
281-541-9272,3
cell,3
ellen,6
nymex,12
match-up,6
abg,6
ticket,56
704011,3
wallumrod,3
04/10/2001,3
03:12,3
coupl,16
700336,3
merchant,6
enter,26
somebodi,9
possibl,33
relev,18
deal-numb,3
appreci,17
x54099,3
march,80
btu,23
5.00,6
5.35,3
straighten,3
04/09/2001,3
01:37:42,3
hello,15
protest,13
05/16/2001,7
03:07,4
corp.,66
click,78
10:20,4
announc,19
employe,70
unit,23
printer,27
verif,12
04/06/2001,6
PC,16
scanner,3
04:10,3
02:02,3
click-at-hom,6
reorder,9
03/28/2001,9
06:34,6
clickathome/na/enron,6
bcc,6
subsid,10
verifi,8
dell,6
success,17
disregard,7
chosen,8
program,39
notifi,15
error,20
mr.,13
junek-,4
advic,4
offici,8
ce,5
offshor,11
volumetr,4
pool,20
col.,12
sincer,11
aka,4
bitch,4
fli,14
jan.,3
04/03/2001,6
03:02:37,3
plenti,7
corcovado,3
de,8
ucar,3
tijuca,3
rainforrest,3
outli,3
beach,8
10th,5
11th,9
you'r,3
rush,5
offer,68
12th,3
hang,10
suitcas,7
togeth,24
bad,23
given,15
amazon,3
pantan,3
bahia,3
worth,10
attempt,9
pack,8
coat,3
borrow,4
fare,3
.............,3
walk,27
suggest,19
7th.,6
paulo,11
wrong,7
stress,7
sleep,3
depriv,3
excus,3
catarata,3
04:52:19,3
although,8
4th,9
5th.,3
six,10
ilha,3
comandatuba,3
june,26
til,4
stick,3
hour,26
easili,9
drive,21
paulo.,3
cataratas.,3
within,20
distanc,10
nation,18
forrest,6
trails.,3
that.,3
taxi,3
car,35
service.,3
mabu,3
thermal,4
larg,21
pond,3
enjoy.,3
.........,3
walking.,3
get-away,3
out.,3
conial,3
finish,10
workout,3
built,4
house.,3
suffer,3
withdraw,10
.................,3
crice,63
nge.com,63
rice,36
mtg,27
w/,28
mailto,72
04/02/2001,21
RE,53
east,70
solut,19
626-2426,18
626-2604,18
02,10
1:45,18
02:40:24,3
TO,13
IT,10
2:44,3
p.s.-did,6
02:09:50,6
known,10
2:06,6
aga,9
storag,45
it',8
before3pm,9
01:49:01,9
pulich,9
cafeteria,9
websit,55
tourism,3
convinc,3
boss,6
famili,21
live,26
coloni,15
iguacu,7
e,11
spa,3
nicer,3
imagin,7
cheaper,3
airlin,4
guess,18
y'all,11
practic,52
12:03:02,3
part,32
team-,3
combin,7
break,10
weather,31
difficult,9
amok,3
venita,12
astro,12
7:05pm,9
philadelphia,10
compressor,23
7:05,9
cincinnati,9
san,16
diego,9
19th,15
coleman,10
1:35,6
tom,28
12:13,3
coleman/enron,3
09:16,3
remain,25
gal,3
candid,13
kindest,3
9:40,3
zivley,7
jill,7
T.,10
linda,9
martinez,3
jennif,12
import,31
high,14
distribut,37
agam,3
oppon,3
util,12
7th,3
18th,6
20th,4
21st,11
23rd,3
3:05,3
853-5093,3
except,15
rainout,4
uniform,4
'lucy1,12
ev1.net,12
p/z,12
03/21/2001,6
12:03:22,6
lucy1,7
20,56
13:27,6
ev1.net',6
dora,7
councilmemb,6
variou,15
backup,21
29th,7
mauric,6
smolen,6
doug,13
bland,6
Ok,4
wed.,5
27th,6
continent,5
seat,23
fri.,4
13th,4
'd,20
garag,40
enron_develop,48
park,69
lisa,32
mark,87
H,38
christoph,18
jeff,43
jeffrey,18
kenneth,22
allen,19
C,37
eric,21
patrick,24
J,18
bruce,11
elizabeth,10
greg,18
laura,45
larri,18
frank,45
jame,38
jason,17
adams/hou/ect,6
phillip,10
allen/hou/ect,9
irma,6
peggi,6
michel,7
clark/enron,6
sheri,9
barbara,13
G,10
maria,13
butler/enron,6
ron,15
ned,9
ami,17
melissa,11
andrew,8
miller/hou/ect,6
moore/hou/ect,6
stephani,22
veronica,14
janet,10
sandi,9
paul,48
gregori,11
smith/hou/ect,12
shari,6
stephen,7
sherri,11
campos/hou/ect,6
cook/hou/ect,6
jim,27
carolyn,10
gerri,6
gosnell/hou/ect,6
johnson/enron,6
nguyen/enron,6
stacey,9
open,33
build,51
accept,45
saturn,6
elev,10
exit,9
reach,10
W.,104
04:07,3
deshonda,3
hamilton,3
alford/na/enron,3
megan,3
angelos/enron,3
allario/enron,3
alvarez/enron,3
berney,3
aucoin/hou/ect,3
banczak/hou/ect,3
barbe/hou/ect,6
edward,6
baughman/enron,3
pam,3
becton/enron,3
corri,3
bentley/hou/ect,3
patricia,5
bloom/enron,3
jerri,7
britain/enron,3
bills/enron,3
blaine/enron,3
boyt/corp/enron,6
cheryl,3
arguijo/enron,3
ader/hou/e,3
bernstein/hou/e,3
brown/hou/ect,3
bryan/hou/ect,3
rebecca,13
cantrell/hou/ect,3
carter/hou/ect,3
carol,3
carter/enron,3
carmen,3
chavira/enron,3
morri,6
terri,65
clynes/hou/ect,3
karla,3
compean/enron,3
ruth,20
concannon/hou/ect,12
conner/hou/ect,3
cromwell/enron,3
edith,3
cross/hou/ect,3
martin,13
cuilla/hou/ect,3
curry/enron,3
danielson/sf/ect,3
del,4
vecchio/hou/ect,3
dillard/corp/enron,3
rufino,3
doroteo/enron,3
christin,3
drummond/hou/ect,3
dutta/hou/ect,3
layni,3
east/enron,3
enerson/hou/ect,3
fairley/enron,3
noni,3
flores/hou/ect,3
fox/enron,3
gartner/enron,3
garza/hou/ect,9
monica,4
clark/na/enron,3
coffman/corp/enron,3
coker/corp/enron,3
coleman/ewc/enron,3
nicki,3
daw/enron,3
ranabir,3
dutt/enron,3
kurt,6
eggebrecht/enron,3
marsha,3
francis/enron,3
george/na/enron,3
corbet/enron_develop,3
doucette/enron_develop,3
garcia/enron_develop,3
humberto,3
cubillos-uejbe/hou/e,3
barton,3
clark/hou/ect,3
crady/enron_develop,3
stinson,3
gibner/hou/ect,3
gibson/enron,3
gilbert/hou/ect,9
mathew,3
gimble/hou/ect,3
gray/hou/ect,3
alisa,3
green/enron,3
greer/hou/ect,3
wayn,3
gresham/hou/ect,3
grigsby/hou/ect,3
guinn/hou/ect,3
cathi,4
harris/hou/ect,3
tosha,3
henderson/hou/ect,3
nick,3
hiemstra/hou/ect,3
hillis/enron,3
dori,3
hitchcock/hou/ect,3
hodge/hou/ect,3
georgeann,3
hodges/enron,3
hoover/hou/ect,3
horn/hou/ect,3
house/hou/ect,3
joseph,4
hrgovcic/enron,3
hyvl/hou/ect,3
irvin/hou/ect,3
rhett,3
jackson/enron,3
johnson/hou/ect,3
jon/enron,3
tana,3
jones/hou/ect,3
keenan/hou/ect,3
kerrigan/enron,3
kyle,3
kettler/hou/ect,3
faith,5
killen/enron,3
gordon/enron,3
harris/na/enron,3
herron/enron,3
jones/na/enron,6
lynna,3
kacal/enron,3
allan,5
keel/enron,3
kimball/na/enron,3
golden/enron_develop,3
hickok/enron_develop,3
howley/hou/e,3
king/enron,3
kinneman/enron,3
troy,4
klussmann/enron,3
knippa/hou/ect,3
deb,3
korkmas/hou/ect,3
heather,8
kroll/enron,3
kuykendall/hou/ect,6
matthew,5
lenhart/hou/ect,3
lewis/hou/ect,3
lindsay,6
long/enron,3
blanca,3
lopez/enron,3
gretchen,3
lotz/hou/ect,3
lyons/hou/ect,3
magee/enron,3
mahmoud/hou/ect,3
marks/hou/ect,3
martin/hou/ect,3
martinez/hou/ect,3
deirdr,4
mccaffrey/hou/ect,3
mccormick/enron,3
travi,3
mccullough/hou/ect,3
mcsherry/enron,3
mellencamp/hou/ect,3
melodick/enron,3
meyer/hou/ect,6
patric,5
mims/hou/ect,3
yvett,4
miroballi/enron,3
fred,9
mitro/hou/ect,3
moon/hou/ect,6
janic,4
krause/corp/enron,3
krimsky/corp/enron,3
shahnaz,3
lakho/na/enron,3
lenartowicz/corp/enron,3
kay,8
mann/corp/enron,3
martinez/enron,3
jesu,3
melendrez/enron,3
miller/na/enron,3
miller/corp/enron,6
montiel/enron_develop,3
krasny/enron,3
morse/hou/ect,3
gerald,3
nemec/hou/ect,3
neyman/hou/ect,3
ogden/hou/ect,3
olitsky/hou/ect,6
roger,4
ondreko/enron,3
ozzi,3
pagan/enron,3
rhonna,3
palmer/enron,3
anita,3
patton/hou/ect,3
pena/hou/ect,3
debra,7
perlingiere/hou/ect,3
peyton/hou/ect,3
pizzolato/enron,3
podurgiel/hou/ect,3
portz/hou/ect,3
joan,3
quick/enron,3
dutch,3
quigley/hou/ect,3
pat,5
radford/hou/ect,3
ina,5
rangel/hou/ect,3
rimbau/hou/ect,3
rios/enron,3
benjamin,3
rogers/hou/ect,3
ruscitti/hou/ect,3
sager/hou/ect,3
sanders/hou/ect,3
janel,3
scheuer/enron,3
lanc,11
schuler-legal/hou/ect,6
sara,9
shackleton/hou/ect,3
jean,12
mrha/na/enron,9
carolin,3
nugent/enron,3
orellana/enron,3
parks/enron,3
pruett/enron,3
mitch,12
musch/enron,3
pardue/enron_develop,3
rogers/enron_develop,3
sayre/enron_develop,3
radous/corp/enron,3
shepperd/enron,3
cri,3
sherman/enron,3
hunter,8
shively/hou/ect,3
shoemake/hou/ect,3
simpson/hou/ect,3
jeani,3
slone/enron,3
maureen,14
stack/hou/ect,3
geoff,4
storey/hou/ect,3
fletcher,6
sturm/hou/ect,3
swafford/enron,3
tapscott/hou/ect,3
thome/hou/ect,3
valderrama/enron,3
van,7
hooser/hou/ect,6
vargas/enron,3
vass/hou/ect,3
vetters/hou/ect,3
wallis/hou/ect,3
samuel,4
wehn/hou/ect,3
wiesepape/hou/ect,3
wilhite/hou/ect,3
williams/pdx/ect,3
wolfe/enron,3
stuart,5
zisman/hou/ect,3
zivic/hou/ect,3
sontag/enron,3
thode/corp/enron,6
carl,3
tricoli/corp/enron,3
shiji,3
varkey/enron,3
vickers/na/enron,12
whiting/enron,3
becki,6
young/na/enron,3
emili,3
adamo/enron,3
jacquelin,3
aguayo/hou/ect,3
alix/enron,3
thresa,3
anastas/hou/ect,3
kristin,3
armstrong/enron,3
arriaga/hou/ect,3
susi,3
ayala/hou/ect,3
natali,6
baker/hou/ect,6
barber/enron,3
gloria,4
barkowsky/hou/ect,3
wilma,3
bleshman/enron,3
bruce/enron,3
burchfield/enron,3
anthoni,4
sylvia,9
betti,3
chan/enron,3
chumley/enron,3
marilyn,4
colbert/hou/ect,3
audrey,3
dian,3
magdelena,3
cruz/enron,3
bridgett,3
anderson/corp/enron,3
walt,3
appel/enron,3
berberian/enron,3
rosi,3
castillo/enron,3
clark/corp/enron,3
davis/enron,3
cash/enron,3
mathi,3
conner/enron,3
lawrenc,3
daze/enron,3
rhonda,3
denton/hou/ect,3
bradley,3
diebner/enron,3
docwra/hou/ect,3
d'silva/hou/ect,3
easley/hou/ect,3
ellerman/enron,3
elliott/enron,3
rene,3
enriquez/enron,3
soo-lian,3
eng,3
ervin/enron,3
iren,3
flynn/hou/ect,3
funk/enron,3
fussell/enron,3
garcia/hou/ect,6
gillette/hou/ect,3
gilley/hou/ect,3
gossett/hou/ect,3
guadarrama/enron,3
guggenheim/hou/ect,3
cynthia,6
hakemack/hou/ect,3
harmon/enron,3
harrison/enron,3
hernandez/hou/ect,3
meredith,6
homco/hou/ect,6
alton,3
honore/hou/ect,3
roberto,3
deleon/enron,3
jay,14
desai/hr/corp/enron,3
hal,4
elrod/enron,3
finken/enron,3
brenda,18
flores-cuellar/enron,3
fuentes/enron,3
gearhart/enron,3
camil,4
gerard/corp/enron,3
sharon,3
gonzales/na/enron,3
graham/enron,3
thoma,7
gros/enron,3
sam,3
guerrero/enron,3
hawthorn/enron,3
herrera/corp/enron,3
ducker/enron,3
jarod,3
jenson/enron,3
wenyao,3
jia/enron,3
dawn,3
kenne/hou/ect,3
kinsey/hou/ect,6
lamadrid/hou/ect,12
lambert/hou/ect,3
jenni,3
latham/hou/ect,3
jonathan,9
le/enron,3
lees/hou/ect,3
kori,3
loibl/hou/ect,3
duong,3
luu/enron,3
mao/hou/ect,3
maxwell/enron,3
mcclure/hou/ect,3
mcdowell/enron,3
mcintyre/enron,3
darren,8
mcnair/enron,3
keith,15
meurer/enron,3
jacki,3
morgan/hou/ect,3
ann,8
murphy/hou/ect,3
nelson/hou/ect,3
neves/enron,3
joani,3
ngo/hou/ect,3
thu,16
nguyen/hou/ect,3
angela,7
hylton/enron,3
jones/enron,3
kara,3
knop/enron,3
letvin/enron,3
link/enron,3
teresa,3
mcomber/na/enron,3
moore/enron,3
nguyen/corp/enron,3
thuha,3
reina,3
mendez/enron,3
karbarz/enron,3
may/enron,3
norden/enron,3
olinger/hou/ect,6
pinion/hou/ect,3
powell/enron,3
C.,11
randle/enron,3
reeves/hou/ect,3
richardson/hou/ect,3
drew,3
ries/enron,3
jose,3
ruiz/mad/ect,3
schoppe/hou/ect,3
schrab/hou/ect,3
sherlyn,3
schumack/hou/ect,3
scott/hou/ect,3
sever/hou/ect,3
russ,19
severson/hou/ect,3
shupak/enron,3
solmonson/enron,3
sai,3
sreerama/hou/ect,3
mechel,3
stevens/hou/ect,3
patti,10
sullivan/hou/ect,12
superty/hou/ect,6
swaim/enron,3
janett,3
oquendo/enron,3
ryan,7
orsak/enron,3
palmer/corp/enron,3
patrick/enron,3
pavetto/enron,3
catherin,3
pernot/enron,3
reese/enron,3
rivas/enron,3
sargent/enron,3
vanessa,3
schulte/enron,3
rex,3
shelby/enron,3
snyder/enron,3
steele/enron,3
omar,3
taha/enron,3
diana,3
peters/enron,3
harri,5
swinton/enron,3
post/enron,3
mabl,4
tang/enron,3
thomas/hou/ect,3
alfonso,3
trabulsi/hou/ect,3
trevino/hou/ect,3
conni,17
truong/enron,3
khadiza,3
uddin/enron,3
adarsh,3
vakharia/hou/ect,3
rennu,3
varghese/enron,3
vaughn/hou/ect,3
walters/hou/ect,3
weatherstone/enron,3
white/hou/ect,3
williams/hou/ect,3
williamson/enron,3
o'neal,3
winfree/hou/ect,3
jeremi,3
wong/enron,3
rita,3
wynne/hou/ect,3
tenney/enron,3
todd,7
thelen/enron,3
jessi,3
wang/enron,9
gwendolyn,3
williams/enron,3
dejoun,3
windless/corp/enron,3
jeann,12
wukasch/corp/enron,3
yarbrough/enron,3
zamer/enron,3
higgins/hou/ect,3
saji,3
john/enron,3
francisco,3
pinto,3
leite/enron_develop,3
barri,17
tycholiz/na/enron,6
hall/na/enron,3
pamela,9
brown/na/enron,3
loui,9
allen/epsc/hou/ect,3
raquel,3
lopez/corp/enron,3
busi,115
met,6
basi,20
165.00,3
subsidi,3
94.00,3
becom,25
connect,19
parker,3
street,16
level,29
entranc,5
stairway,3
lobbi,3
floor,26
troubl,11
decis,15
arrang,19
turn,46
transpond,4
packet,7
transportation/corp/enron,3
713-853-7060,3
clay,3
st.,8
pedestrian,3
stairwel,3
corner,9
bell,4
mother,23
condit,20
world,20
pup,4
rent,4
vacat,8
warm,12
without,34
plane,24
earliest,5
14,17
straight,5
certainli,6
venic,15
vg,12
03/22/2001,12
llc,58
januari,22
past,19
10:40,3
10:38,3
fletcher/hou/ect,6
swing,10
revisit,3
closer,6
appropri,15
method,5
09:30,3
lag,3
19,385,3
6.8121,3
132,052.55,3
4455,3
ran,4
everi,19
kidventurecamp.com,10
kidventur,19
mcdonell/trey,6
domann,6
regist,14
2609,6
greenbriar,6
dr.,15
suit,8
TX,10
77098,6
713.960.8989,8
200,3
50/wk,3
02:11:33,3
accord,15
record,7
balanc,32
100.00,5
michael.,3
form,26
card.,3
registr,11
terminated.,3
inc.,12
713.942.9663,3
box,33
T5,6
patch,13
sticker,6
03/16/2001,6
03:18:51,3
paperwork.,3
OK,5
minor,10
adjust,29
recognitions.,3
donat,19
kendra,3
muecke.,3
49,3
face,8
kit,3
stuff,5
16,10
10:27,4
green,11
doorstep,7
=20,102
imag,85
dvd,31
soni,21
netflix,18
portabl,12
actor,14
netflix.com,9
recommend,17
d=20,9
entertain,12
leonard,9
the=,12
dvp-fx1,9
astronaut,9
custom,90
irish,6
easi,11
select,22
rental,6
brows,6
Go,14
expert,10
maltin,6
dead,39
aboard,6
intern,26
station,29
speed,6
|,6
01:14:37,3
mailservic,3
monrhli,3
newslett,3
club,9
=0f-,3
celebr,5
wh=,3
ether=20,3
spirit,6
beer,3
corne=,3
beef,3
four-leaf,3
clover,3
wake,5
devine=,3
commit,22
exclus,4
player=20,3
disney=,3
bigger,7
easier=,3
whi,11
varieti,6
progra=,3
ms=20,3
uniqu,5
heist,3
wit,11
alien,3
invas,3
mood,3
10,000,5
titl,5
is=,3
quick,6
drop-down,3
menu,10
and=,5
genr,3
categori,3
scoop,3
flop,3
wish,10
told=,3
wast,4
is=20,3
have=,4
hundr,5
s=,3
o=20,3
clue,4
leonar=,3
1.=20,3
nomin,16
oscar,3
jazz,7
guitar,3
legend,4
emmet,3
ray,3
funni,3
peculiar,3
film.=20,3
2.=20,3
alway,15
hilari,4
j.c.,3
explain,7
the=20,4
miracl,5
birth,4
heaven,3
nutti,3
3.=20,3
lent,3
tool,15
digit,5
masterpiec,3
1995.=20,3
4.=20,3
lethal,3
weapon,3
battl,3
burn,9
hit.=20,3
5.=20,3
promis,7
young,9
film,7
u=,3
h,7
stump,3
man,7
giant,3
leap,5
dvd=20,3
frontier,3
dv=,3
music,8
fo=,3
r=20,3
station.=20,3
50,14
dvds=,3
cd,7
audio/video,4
ultrathin,3
encas,3
magnesium,3
alloy,3
not=20,3
integr,12
lightweight=20,3
durabl,3
travel.=20,3
challeng,8
unearthli,3
shuttle=,3
lift,3
200=,3
mph,3
tower,6
orbit,3
17,500,3
m=,5
ph=20,3
encount,5
maximum,3
three-g,3
forc,11
endur,4
such=20,3
extrem,3
reli,18
advanc,9
smoothscan=0ft,3
sear=,3
ch=20,3
seamless,3
transit,20
video,14
frame,4
limit,17
th=,9
e=20,3
shuttl,3
slimmer,3
stack,11
battery.=20,3
http,268
//www.sonydvdinspace.co=,3
m/=20,3
cast,3
vote,6
librari,4
search,5
queue,7
unsubscribe=20,3
food,5
chain,3
03/14/2001,3
10:39:16,3
quit,8
item,6
submit,23
shipper,34
hesit,4
onepass,4
mile,10
booth,34
pinata,9
3:00,17
slot,9
fair,7
margaret-,6
03/09/2001,3
12:08:13,3
rothwel,3
newborn,3
duti,3
mid,7
setup,3
continu,55
cleanup,3
helper,3
hourli,10
1:00,8
2:00,13
2:00-,3
safe,6
cancel,17
tonight,21
mint,3
packag,17
shortbread,6
unless,14
713-853-3229,5
wk,3
greet,21
yahoo,15
kyona,6
wanadoo.fr,6
teneur,6
we6igwdu6bwpm,6
fairli,5
quiet,3
dinner,3
reply.yahoo.com,3
03/04/2001,3
10:05:20,3
surpris,7
view,36
60,4
//greetings.yahoo.com/greet/view,3
//greetings.yahoo.com/pickup,3
//greetings.yahoo.com/,3
03/06/2001,3
11:57:26,3
draft,7
exactli,10
02/28/2001,3
04:05:40,3
complaint,3
approv,28
save,23
survey,15
permiss,6
email/calendar,6
mm/dd/yy,6
01:26,3
weldon/hou/ect,3
Ed,20
mcmichael/hou/ect,3
geraldin,4
irvine/hou/ect,3
jin,3
guo/hou/ect,3
dicarlo/na/enron,3
breese/hou/ect,3
santiago,4
garcia/na/enron,3
curlee/corp/enron,3
alexandra,3
villarreal/na/enron,3
walker/na/enron,3
grabstald/hou/ect,3
koenig/corp/enron,3
ford/hou/ect,3
gil,13
muhl/corp/enron,6
phil,7
demoes/corp/enron,3
lisk/na/enron,3
hillari,7
mack/corp/enron,3
sutherland/na/enron,3
wolfe/na/enron,3
shannon,3
groenewold/enron,3
shelli,3
mendel/na/enron,3
brewer/hou/ect,3
christiansen/hou/ect,3
ted,3
evans/na/enron,3
dina,3
snow/corp/enron,3
young/hou/ect,3
vineet,3
arora/na/enron,3
beth,7
ryan/hou/ect,3
berkeland/corp/enron,3
terlip/corp/enron,3
leach/hou/ect,3
marc,4
De,3
La,3
roche/hou/ect,3
randal,6
maffett/hou/ect,3
tushar,3
dhruv/corp/enron,3
yolanda,5
cordova-gilbert/hou/ect,3
villasenor/ots/enron,3
young/ots/enron,3
arnold/ots/enron,3
reese/fgt/enron,3
josh,3
mayes/ots/enron,3
fenstad/ots/enron,3
adleman/ots/enron,3
johnson/ots/enron,3
lynn,3
dix/ots/enron,3
thomas/ots/enron,3
brassfield/ots/enron,3
rinetia,3
turner/ots/enron,3
geheb/ots/enron,3
ruthann,3
frausto/ots/enron,3
tyron,3
brown/ots/enron,3
2-,3
survey/inform,3
5-17-01,3
experi,9
complet,50
doubl,4
edit,5
mode,3
simpli,5
'repli,3
histori,9
button,12
hit,11
'send,3
automat,8
full,22
login,10
ID,15
33229,3
eb3223f,3
desktop,6
pda,3
none,8
maintain,11
mass,3
applic,34
near,11
bath,13
bag,15
elis,13
eweatheral,9
wulfe.com,9
weatheral,6
short,18
02/26/2001,3
12:14:57,3
wrote,10
tissu,3
forgot,8
lip,3
gloss,3
20.00,3
greenway,3
plaza,3
suite1500,3
77046,3
621-1700,3
621-3244,3
26,44
11:48,4
bother,7
unwrap,7
tag,9
lost,12
narrow,7
sofi,7
skipper,7
doll,7
sell,44
131,7
harass,11
avoid,13
50.00,6
erni,3
02/15/2001,9
12:17,3
enrol,5
3/5/2001,3
02:45:00,3
04:15:00,3
doubletree-la,3
sall,3
03/05/2001,3
prerequisit,3
materi,22
valid,7
elig,3
RC,3
develop,31
713-853-0357,3
02/22/2001,4
08:10,4
henk,19
rhenk,15
barbnet.com,15
02/21/2001,10
03:55:21,7
buy,51
0,14
rob-,3
ferri,3
w/enron,3
713-853-3061,3
solorio,6
EB,7
3223f,3
03:03,3
tricia,15
spence/hou/ect,6
tori,4
shelton/hou/ect,3
theresa,3
branney/et,3
s/enron,3
pollan/hou/ect,3
schneider/hou/ect,3
montovano/na/enron,3
tate/hou/e,6
bieniawski/corp/enron,3
mog,3
heu/na/enron,3
yoho/na/enron,3
luce/corp/enron,6
gomez/hou/ect,3
schwieger/hou/ect,3
coates/hou/e,3
tholt/hou/ect,3
shirley/hou/e,3
payne/hou/ect,3
bryant/enron,3
ermis/hou/ect,3
colleen,7
bryce,3
baxter/hou/ect,3
x58483,3
grin,5
mani,38
bid,17
PG,12
02/20/2001,8
mmbtu/day,8
counti,9
terrel,11
10:47,4
09:35:45,4
9:22,4
mad,15
basketbal,4
TV,4
bass,5
enterpris,7
co.,11
bepco,4
invit,17
1-31,4
12,000,4
formerli,5
delmita,4
starr,8
tennesse,7
010173,4
101875,4
101920,4
1,800,4
oxi,4
natur,34
permian,4
basin,4
37506747,4
iferc,4
12:00,15
noon,10
817-338-2642,4
rob,6
01:38:01,3
01-02-15,3
13:37:23,3
est,8
1-3,3
join,23
Or,4
02/14/2001,3
02:53:55,3
3pm,10
feedback,28
option,36
role,10
goal,4
//pep.enron.com,3
main,4
immedi,18
2001.,3
1.713.853.4777,3
perfmgmt,3
44.207.783.4040,3
pep.enquiri,3
cumul,3
statu,11
declin,4
AS,3
chavez,13
alejandra,19
halstead,7
lia,11
sanchez,7
christina,14
recruit,22
round,20
int,12
greeter,12
lebeau,12
tbd,10
bernstein/hou/ect,12
larenc,9
2/28,6
time.\,3
donahue/enron,3
mitchel,6
taylor/corp/enron,6
gold/lon/ect,6
lydecker/corp/enron,6
davi,12
maxey/corp/enron,6
crews/enron,6
woulfe/enron,6
park/enron_develop,6
dave,8
samuels/hou/ect,6
huntington/enron,6
guido,7
caranti/enron_develop,6
seth,6
hurwitz/corp/enron,6
karbarz/hou/ect,6
gaurav,7
babbar/hou/ect,6
snowden/enron,6
farzad,7
farhangnia/hou/ect,6
epstein/hou/ect,6
meyers/hou/azurix,6
meera,7
natarajan/enron,6
yvan,6
chaxel/corp/enron,6
christie_patrick,6
cindy.derecskey,6
rosen/hou/ect,6
nyegaard/hou/ect,6
U,27
chicago,19
stand,10
2/15/01,3
recept,4
2/26-2/27,3
crew,4
taylor,31
karbarz,5
luce,8
snowden,3
epstein,5
2/27,3
replac,29
nyegaard,3
3-3847,3
ill,4
frustrat,5
definit,8
02/09/2001,3
04:39,3
basic,15
reissu,3
resum,10
altern,14
career,10
placement,6
paul-,3
univers,4
involv,18
02/08/2001,3
12:20,3
donahue/hou/ect,3
bombard,3
internship,3
mean,9
therefor,8
choic,8
-=-,3
02/07/2001,6
03:56:25,3
persh,36
trainer,32
6:30,19
feb,15
pruden,12
jmayer0206,12
middl,20
hotmail.com,9
u-8,9
ppappa,9
lockeliddell.com,9
goodyear,9
murphi,10
bernard,9
7:40,9
nebo,9
6:30-7:40,9
rdpruden,6
earthlink.net,11
rly-yh01.mx.aol.com,6
esmtp,6
-0500,6
mail.lockeliddell.com,6
5.5.2653.19,6
-0600,6
reed,6
jon,19
angiodad,11
u-6,6
u-8g,6
5:30-6:30,6
Th,6
15th,5
curiou,3
10:36:09,3
suepruden,3
camh.org,3
bitsyo,3
kmsanford,3
prodigy.net,3
kcoco,3
dgriffin240,3
c4009,8
per-ssp,3
kevoc,3
hal-pc.org,10
stuart_coco,3
aimfunds.com,3
klandrum21,3
fwd,3
7:40pm,3
feb15th,3
return-path,3
rly-yh01.mail.aol.com,3
172.18.147.33,3
air-yh02.mail.aol.com,3
v77_r1.21,3
10:54:49,3
daex03.lockeliddell.com,3
204.0.73.15,3
v77.27,3
10:53:57,3
id,5
1n0d463g,3
09:53:15,3
message-id,3
87ede992cff6d31193430008c7cf35f8010eb652,3
houex02.lockeliddell.com,3
pappa,3
jgoodyear,3
novussystems.com,3
irishelvis7,3
bmurphi,3
dot.state.tx.u,3
Cc,43
'mayer,3
09:56:07,3
mime-vers,3
1.0,3
x-mailer,3
content-typ,3
multipart/altern,3
boundary=,3
_=_nextpart_001_01c0911e.7b6fba20,3
news,15
read,14
brook,3
leavel,3
713-521-2336,3
harriet,3
shana,3
713-529-7772,3
713-522-6441,3
revis,24
troll,3
shortly.,3
06,10
3:09,3
loder,3
neosoft.com,3
michaeltott,3
nanem5,3
duncaninterests.com,3
clahart,3
bcm.tmc.edu,3
akarian,3
finsvcs.com,3
drpruner,3
fran,3
hypercon.com,5
amhay,3
msn.com,11
nebosoccer.com,3
real,3
busy.,3
switch,18
6:30.,3
smaller,3
session.,3
half,8
empti,7
object,10
40,4
attend.,3
theirs.,3
crowd,3
u-7b,3
7-8,3
u-7,3
18-22,3
boy,16
trader,48
eol,20
shade,8
dave-,4
realiz,4
enhanc,20
exampl,13
color,11
cut,19
petal,19
southern,14
intervent,6
capac,25
pro,6
forma,6
cantrel,6
02/05/2001,19
03:13,3
donna,12
greif/hou/ect,3
calcagno/na/enron,3
melinda,3
pharms/hou/ect,3
steffes/na/enron,3
previous,13
press,8
MS,4
interconnect,4
clark,5
jasper,3
cos.,4
ms.,4
docket,8
cp01-69,3
deadlin,10
700,000,3
mcf/day,3
59,5
36-inch,3
9,000,4
HP,5
94,343,700,3
tariff,32
provis,24
interrupt,6
author,29
certain,8
deviat,4
appar,19
act,6
affili,34
electr,12
apport,3
635,3
778,3
environment,3
desir,5
BP,15
kari,6
6th,8
genaro,6
04/01,6
intraday,3
mendoza,3
03:46,3
720519,3
leg,6
800,4
5,000,3
5.32,3
4/6,3
pass,14
clinton,92
die,79
death,51
investig,47
gunshot,36
suicid,36
wound,30
rule,37
arkansa,28
ferguson,20
mena,20
pardon,16
white,19
rock,18
brown,19
commerc,18
crash,17
raiser,16
fund,34
willey,16
1993,19
1994,18
drug,17
whitewat,12
former,15
major,29
1992,13
danni,12
paula,12
fiance,12
track,14
1989,12
convict,8
murder,8
shop,19
secretari,8
chairman,14
rais,14
claim,11
secur,30
trooper,8
jone,19
jump,8
seal,8
accid,8
casolaro,8
apart,8
guarante,19
depart,11
huang,10
caus,15
stanley,8
advisori,9
jr.,14
ive,8
truck,8
shot,9
sgt,8
04:20,4
jenkin,5
04:19,4
04:18,4
10:41,4
jare,9
kaiser/hou/ect,4
john.griffith,4
otto/hou/ect,4
ross,4
prevatt/hou/ect,4
may/corp/enron,4
mcdougal,4
partner,7
heart,10
attack,7
solitari,4
confin,4
key,11
ken,8
mahoney,4
starbuck,4
coffe,4
georgetown,4
stori,10
sexual,4
vinc,6
foster,4
councilor,4
colleagu,7
rose,9
law,12
dnc,4
pathologist,4
hole,4
top,15
skull,4
resembl,4
At,19
publicli,4
willing,4
prosecutor,4
II,6
montgomeri,4
organ,11
tulley,4
democrat,7
polit,7
director,7
describ,9
trust,5
advisor,6
deep,5
VA,4
kathleen,4
grope,4
oval,4
gubernatori,4
gun,5
desert,4
intersect,4
father,5
dossier,4
allegedli,4
threaten,4
reveal,4
mysteri,8
bunch,6
black,9
contain,29
influenti,4
prostitut,4
wilson,5
tie,9
ex-wif,4
though,11
co-defend,4
lawsuit,6
corrobor,4
shelton,4
grave,4
gandi,4
baugh,4
lassat,4
window,9
tall,4
distributor,4
florenc,4
sub-contractor,4
cia,4
smuggl,4
reportedli,4
affair,7
pregnant,4
grober,4
speech,6
interpret,4
deaf,4
1978,4
financ,8
slit,4
wrist,4
wilcher,4
corrupt,4
1980,4
toilet,5
washington,12
DC,6
reno,4
parnel,4
walker,6
trustcorp,4
arlington,4
virginia,5
balconi,4
august15,4
morgan,4
scandal,5
wise,4
staffer,4
unknown,6
1996,8
bruis,4
nude,4
bodi,6
lock,5
meissner,4
clearanc,4
shortli,4
thereaft,4
chiropract,4
health,5
stepfath,4
brother,4
pilot,4
johnni,4
lawhorn,4
mechan,8
trunk,6
repair,9
pole,4
huggin,4
madison,4
purport,4
releas,12
hershel,4
explod,4
stumbl,4
controversi,4
asleep,4
railroad,4
slain,4
link,16
testimoni,5
grand,6
juri,4
ives/henri,4
coney,4
motorcycl,4
slam,4
7/88,4
mcmaskl,4
stab,4
113,4
1988,4
mutil,4
trash,4
dump,4
milan,4
decapit,4
coron,4
jordan,5
kettleson,4
pickup,4
1990,4
winter,9
suspect,4
/,33
kill,4
set-up,6
robberi,4
bodyguard,4
S.,20
barkley,4
captain,4
J.,6
reynold,7
hanley,4
tim,7
sabel,4
robertson,5
densberg,4
spec,4
willi,10
conway,4
lebleu,4
mckeehan,4
impress,4
============================,4
9.89,6
9.81,9.89,3
9.97,3
02/02/2001,6
04:17:59,3
centeramerica,9
12:35:13,3
'jpiper5360,8
jpiper5360,13
tent,4
tower/cel,3
envis,3
driveway,3
right-of-way,3
sketch,3
demolit,3
weiner,6
consist,8
retail,13
self-storag,3
7:00,4
p.m.,32
01/31/2001,3
12:08:23,3
ordin,6
01/30/2001,7
07:16:59,3
sick,4
pretti,4
hectic,3
errat,3
resend,4
12:23,4
01/23/2001,4
11:15,4
31,19
89,8
170,8
egan,10
30th,9
31st,6
01/26/2001,3
05:44,3
halstead/na/enron,3
2599,3
4793,3
4794,3
shall,9
franci,7
age,10
5-7,4
8-10,4
foofaraw,5
=-=-=-=-=-=-=-=-=-=-=-=-=-=-=-=-=-=-=-=-=-=-=-=-=-=-=-=-=-=-=-=-=-=,28
learn,21
clanci,4
//www.insidesessions.com/promos/promowriting_ec.asp,6
rid=647,6
y2k,2
novel,2
subscrib,71
blank,56
penguin,3
editor,5
manuscript,3
onlin,25
cours,8
literari,4
vonnegut,3
tan,3
publish,33
href=,28
/a,25
\foo-fuh-raw\,1
noun,17
excess,11
flashi,1
ornament,1
decor,3
fuss,1
somber,1
mute,1
descend,1
motif,1
brief,1
relief,2
fanfar,1
brass-go,1
compos,3
often,3
indulg,1
philip,5
kennicott,1
brass,1
spectacular,1
spectacl,1
post-dispatch,2
17,7
bit,2
cynic,2
mass-media,1
coverag,3
calgari,4
1999,8
best-sel,1
necessarili,2
proof,1
signific,7
K.,2
miller,2
'peyton,1
remark,2
minneapoli,1
star,1
tribun,1
_________________________________________________________,28
perhap,5
spanish,1
fanfarr,1
n,6
braggart,1
refer,42
1.,28
//home.post-dispatch.com/,2
2.,26
//www.calgarysun.com/,1
3.,14
//www.startribune.com/,1
_._._._._._._._._._._._._._._._._._._._._._._._._._._._._._._._._._,28
join-wordoftheday,28
unsubscrib,34
leave-wordoftheday-301289q,28
//www.dictionary.com/wordoftheday/list/,28
//www.dictionary.com/wordoftheday/,28
lexico,28
bridg,12
truong,10
eolbridg,5
enddat,6
dat,4
startdat,4
zhiyong,2
husain,3
karima,3
lim,3
saluja,3
gurdip,3
sweitzer,3
tara,3
moorer,3
torrey,3
severson,10
grant,25
message=,2
-dat,3
prevent,3
occurr,1
instal,10
tested.thank,1
5:22,1
wei,2
implement,11
fail,5
similar,7
eoltransactionid=2101638,1
transactionsysdealid=,1
bridgeentityname=,1
status=,1
bridgedate=,1
20011025170945cdt,1
throughli,1
400,1
sampl,1
x63015,1
11:11,2
2098073,2
2099764,2
tibco,2
bounc,2
result,33
startup,2
sent/res,2
sitarar,2
magnifi,2
buildup,2
action,21
reject,8
logic,2
and/or,20
corpor,24
espinoza,8
x6-6002,8
10/15/01,1
bethlehem,1
steel,2
NO,9
proga,1
personnel,7
insur,7
R.,5
x5-3923,4
vanek,4
x3-1436,4
saldana,4
alex,8
10:26,1
allwein,5
arteaga,2
homco,3
ordway,8
prudenti,2
traci,5
jackson,5
brande,3
choat,4
shower/time/d,1
administr,7
network,23
345-7389,1
stream,5
teleconferenc,3
teleconfer,4
telephon,8
all-employe,4
a.m.,25
hyatt,5
regenc,4
imperi,3
ballroom,5
third,14
quarter,22
financi,26
highlight,5
lay,13
courtney,1
votaw,1
courtney.votaw,1
713-853-6790,1
interoffic,1
4704b,1
video/audio,1
houston-bas,2
toronto,3
omaha,3
york,20
//home.enron.com/employeemeet,2
europ,12
follow-up,2
sao,2
bueno,2
air,4
dubai,2
janeiro,2
bothel,2
wash.,2
IL,1
yvonn,4
francoi,2
345-8725,2
audio,4
dial,8
host,5
400-7918,1
+1,1
952,1
556-2844,1
technic,6
difficulti,2
remap,18
calc,7
curv,10
re-map,3
NE,5
GG,3
keiser,10
7:48,4
koch/zon,6
area,45
3/000464,5
if-tetco/ela,5
gdp-tetco/ela,5
map,9
x3-5781,5
sweep,5
regul,10
outsourc,4
structur,10
clean,5
t=,8
refresh,2
incent,5
quantiti,11
=09mcmichael,1
=09monday,2
8:23,2
=09breslau,1
lagrasta,5
josey,1
mrha,4
jean=,1
redmond,3
tycholiz,2
vicker,4
donovan,1
hewitt,2
P.,3
=09soli,1
butler,1
boyt,1
brees,2
cramer,1
chr=,1
curle,1
diamond,2
russel,3
dicarlo,1
fitzwat,1
loftu,1
ga=,3
rcia,1
garza,1
hernandez,2
horn,1
jonath=,1
huan,1
lian,1
jab=,1
ari,1
moon,1
soli,1
tian,1
yuan,1
=09clean,1
32nd,1
institut,8
elimin,8
unnecessari,1
new=,1
oday,1
reopen,1
ur=,1
gent,1
get=,1
this=,1
respect,15
questions=,1
sna=,1
ck,1
seek,5
ese,2
our=,1
re=,1
no=,1
swe=,1
ep,1
chang=,1
reduct,7
enjoye=,1
struc=,1
ture,1
whole,8
arbitr,1
disput,3
govern,5
commenc,1
changes=,1
app=,1
rove,1
size,6
num=,1
ber,1
swept,1
obtain,7
si=,1
ze,1
snack,1
sourc,7
abo=,1
tatterdemalion,5
tatter,3
cloth,4
certifi,5
//by.advertising.com/1/c/62072/30703/101756/101756,2
dress,2
rag,2
peasant,2
tutor,4
esylvan,6
one-on-on,1
instruct,11
road,1
academ,1
introductori,3
\tat-ur-dih-mail-yuhn,1
-may-lee-uhn\,1
ragamuffin,1
adject,10
blous,1
surfac,1
1960,1
'70,1
epidem,1
bedspread,1
homemad,1
blue-jean,1
skirt,1
armi,1
surplu,1
jacket,1
greek,6
bookbag,1
purs,1
bead,1
eclect,1
mix,2
meant,1
express,5
egalitarian,2
sentiment,2
countercultur,1
solidar,1
underdog,1
everywher,2
mclaughlin,1
inquir,3
magazin,1
wild,3
hair,2
clank,1
jewelri,1
velvet,1
cape,1
fold,1
waft,1
scent,1
incens,1
candl,1
dream,2
catcher,1
cat,1
art,2
rakoff,1
fraud,2
ear,2
prose,3
hook,1
comma,1
tack,1
leithaus,1
captur,3
deriv,11
-demalion,1
french,7
maillon,1
swad,1
italian,1
maglia,1
undershirt,1
//www.phillynews.com/sunmag/index.shtml,1
//www.amazon.com/exec/obidos/asin/038550084x/lexico,1
//www.nytimes.com/,12
incorrect,1
behalf,4
ew,2
seri,3
fraley,2
hoyt,2
topic,7
visual,2
marketplac,2
analysi,18
decision-mak,2
capabl,8
commodity-specif,2
geograph,2
12:30,3
5c2,3
rsvp,7
dessert,4
grabstald,2
x,3
3-9610,2
3:51,1
10/29/01,1
co-steel,1
`,136
disquisit,6
//by.advertising.com/1/c/62072/31658/101756/101756,2
gore,4
romanc,1
eharlequin.com,1
internet-exclus,1
string,1
\dis-kwuh-zish-uhn\,1
formal,2
discours,1
henc,4
roth,1
An,10
essay,1
evil,1
modern,1
manner,4
treatment,2
usual,6
ancient,1
perci,1
hutchison,1
arch-enemi,1
antichrist,1
1935,1
partial,1
eye-glaz,1
reciproc,1
turqu,1
invent,1
Al,1
biographi,1
treatis,1
pamphlet,1
eighteenth,1
centuri,2
reform,2
consid,9
emma,1
rothschild,1
econom,4
rambl,1
copiou,1
anecdot,1
mccourt,1
delancey,1
latin,16
disquisitio,1
disquirer,1
dis-,1
quaerer,1
exquisit,1
sought,1
ex-,1
beauti,3
delicaci,1
perfect,2
makeup,8
cancell,1
ten,4
4:30,4
west,32
lester,11
hector,5
bulli,3
//www.substance.tv/,6
xpr=dictioncom,6
verb,8
bluster,2
shape,4
cultur,6
substancetv,3
videomagazin,3
documentari,3
14.95,3
one-year,3
10-issu,3
win,8
klipsch,3
promedia,3
2.1,3
thx-certifi,3
speaker,9
/A,3
13,8
\hek-tur\,1
intimid,1
intransit,4
escal,1
berat,1
passeng,1
tayler,1
atlant,4
1998,6
salesperson,1
glom,1
onto,1
relentlessli,1
hektor,1
mytholog,1
chief,5
trojan,1
warrior,1
eldest,1
priam,1
king,4
//www.theatlantic.com/,4
//www.washingtonpost.com/,3
p/l,27
//trv.corp.enron.com/linkfromexcel.asp,25
report_cd=1,25
report_name=east+p/l+tot,25
category_cd=1,25
category_name=east,25
toc_hide=1,25
stv1=1,25
tv1exp=i,25
current_efct_date=10/12/2001,1
10/12/2001,9
10/13/2001,46
disrupt,2
netfin,1
lotu,4
eeshou-ln11,1
eeshou-ln12,1
intermitt,1
uninstal,2
monitor,9
animesh,2
solanki,2
713-853-5147,2
roder,4
gerlach,4
td,8
-trader,8
327-6032,8
nfgdc,3
supplier/market,3
jaquet,5
natfuel.com,2
mundyp,2
dept,2
12:08,1
greif,5
smielecki,1
smieleckir,1
7:54,1
mdriscol,1
pleanza,1
10/15,1
10/12/01,1
08:53,1
NY,1
PA,3
supplier,4
input,1
prefer,16
agenda,3
mundi,1
716,1
857-7232,1
gss,32
lss,21
decreas,24
dti,14
inject,9
sheet,14
render,6
deliver,5
deliveri,28
demand,13
0.0001,4
0.0007,3
0.0171,2
0.0002,2
0.0004,2
0.0008,2
customernotic,5
wgphou,6
wgphou.customernotic,6
williams.com,5
3:01,1
gss/lss,1
11/01,1
11/1/01,1
dominion,1
transmiss,24
rp01-632,1
anticip,9
0.0006,1
0.0170,1
0.0193,1
0.0194,1
rp01-611,1
stipul,1
rp97-406,1
al,6
phase,2
convers,3
gss-ii,1
entitl,1
0.0100,1
0.0043,1
0.0120,1
rp01-625,1
0.0023,1
0.0005,1
0.0028,1
rp01-626,1
0.0145,1
0.0034,1
0.0174,1
heeney,1
215-2424,1
637,9
1line,6
587,4
proceed,5
cash-out,11
scheme,3
languag,8
segment,7
discount,3
demonstr,3
tier,7
specifi,4
uncertainti,2
=============================================================================================================,2
enabl,4
explan,3
subsequ,2
indemnifi,2
revenu,2
retain,4
overrun,2
justifi,2
high/low,2
arbitrag,2
calcagno,7
10:44,1
townsend,15
fulton,1
molinaro,2
L.,8
summari,2
.the,1
80m,1
dollar,4
on-go,1
rp01-245,1
repres,20
argu,1
adopt,2
transco-lik,1
w/o,1
undu,3
refil,1
go-round,1
companies/produc,1
ldc,4
x54880,1
light,3
cap,1
long-run,1
debat,1
transcontinent,7
toward,4
subsidiari,2
complianc,2
satisfi,1
perspect,2
sept.,7
rp01-236,1
capacity-releas,1
award,2
incorpor,3
commod,10
acquir,3
opportun,15
acquisit,1
permit,7
coincid,1
notif,9
restrict,13
abil,7
hold,16
harmless,1
mostli,5
sympathet,1
enthus,1
polici,11
refut,1
presumpt,1
rebut,1
secondari,2
similarli,2
identifi,8
procedur,7
toler,6
unauthor,1
ad-equ,1
substanti,3
appli,6
non-crit,1
assert,2
reconsid,2
remedi,2
abus,1
prohibit,16
oba,5
revamp,1
confer,4
engag,3
rp01-278,1
pool-to-pool,1
processor,1
100,12
correl,1
highest,3
lowest,1
drop,6
unduli,2
contrari,1
draconian,1
measur,3
element,2
eventu,1
navig,12
lanham,2
10:04,1
3217,1
turbin,1
unexpect,1
TE,14
infopost,15
duke-energy.com,15
physic,8
8:53,1
versen,13
8:48,1
eastern,36
absorb,9
due-,1
exceed,4
due-pipelin,1
match,22
due-shipp,1
duke,8
//www.link.duke-energy.com/script2/notification.asp,6
uncheck,6
checkbox,6
mulct,5
//by.advertising.com/1/c/62072/33510/101166/101166,2
common,9
bmg,2
membership,10
noth,2
ever,8
\mulkt\,1
punish,2
offens,1
misdemeanor,1
impos,1
forfeitur,1
decept,1
defraud,1
swindl,1
repaid,1
loan,3
extra-leg,1
mcneill,1
enlist,1
legisl,2
citizen,1
modest,1
deform,1
entir,14
bandow,1
bipartisan,1
u.s.,6
welfar,1
tate,2
lawmak,1
court,3
ditch,3
deep-pocket,1
defend,6
harm,6
fault,1
thinkabl,1
automak,1
drunk,2
walter,1
olson,4
fire,7
squad,1
multa,1
//www.amazon.com/exec/obidos/asin/019511616x/lexico,1
//www.reason.com/,1
barn,2
8:00,9
carpool,1
student,2
buss,1
approxim,7
spous,2
schick1,3
713-626-9726,4
ana,5
schick,6
mom,4
thuot/munford,1
dalmatian,1
current_efct_date=10/11/2001,1
10/11/2001,1
10/14/2001,25
restor,31
cisco,4
eb,11
napdx-msmbx01v,3
pcc,2
3com,2
hub,10
2820,2
trevino,3
713-345-9954,3
ecn,6
sap,5
sunris,2
stabil,2
hardwar,5
sitaraoncal,3
713-288-0101,3
ie5.5,1
compat,1
roll,5
asp,1
determin,11
burt,1
bailey,1
853-9164,1
888-886-7432,1
lamberson,1
713-345-3350,1
suchitra,1
narra,1
2924,2
nguyen,2
713-853-0691,2
6:30:00,4
1:30:00,5
12:30:00,2
7:30:00,4
e2k,1
lin,2
713-345-1619,2
croaker,2
cei,3
charon,2
opm,2
test/dev,4
adcupalpha,1
mon,4
10/15/2001,3
disk,27
layout,22
adcupbravo,1
dpr,1
modul,5
sitara/cpr,1
sitara/crp,1
solar,1
cproncal,1
713-284-4175,2
lucent,2
cm,1
back-up,1
siniard,2
713-853-0558,2
current_efct_date=10/10/2001,1
10/10/2001,1
affect,11
modifi,1
facilit,2
adher,1
var,8
icon,4
rac,1
scenario,1
pull,3
default,5
................,1
rac.enron.com,1
ident,3
s_neal,1
c_ame,1
brawner,6
c_germani,1
j_hodg,1
j_hodge-vng,1
p_keavey,1
b_mckay,1
j_mckay2,1
s_pereira,1
v_pimenov,1
a_r,1
j_townsend,1
v_versen,1
lavorato-east,1
admin,1
9/17/2001,2
red,2
cross,5
p.o,2
37243,2
20013,2
command,2
1:10:33,1
transactionid,1
400725,1
agencyid,1
10416,1
recipi,61
donorid,1
6785,1
giftdat,1
giftamount,1
600,1
disast,2
deni,3
easymatch.com,1
1-866-545-9204,1
arcana,3
//by.advertising.com/1/c/62072/33744/106500/106500,2
arcanum,2
plural,2
secret,2
usenet,2
debt,28
creditor,2
consolid,4
numer,8
consult,4
\ar-kay-nuhm\,1
\-nuh\,1
knowledg,3
evolv,2
forum,2
thousand,2
european,4
tip,3
kati,1
hafner,1
elli,50
45,2
briefli,2
employ,8
F.,14
campo,1
jurismania,1
arcanu,1
arca,1
chest,1
arcer,1
shut,1
//www.amazon.com/exec/obidos/asin/0195130839/lexico,1
intercontinentalexchang,9
temperatur,5
646,3
intcx.com,6
swap,5
earthsat,2
recogn,7
degre,6
fahrenheit,2
aquila,3
fixed-for-flo,1
five-day,2
wide,4
independ,4
primari,5
chicago-o'har,1
dallas-fort,1
york-la,1
guardia,1
philadelphia-intern,1
sacramento-execut,1
tic,1
increment,5
0.1,1
payout,3
guidanc,2
concept,1
reliant,6
mirant,1
consensu,1
encourag,7
seriou,1
ricci,1
792-2624,1
patricia.ricci,1
o'neil,1
792-2626,1
michael.oneil,1
d'ambrosio,1
792-2625,1
chris.dambrosio,1
11/17/2001,40
11/18/2001,20
11/16/2001,9
erm,4
efm,3
hudson,2
713-853-9289,2
nahou-msdev01p,2
nahou-msmbx01v,2
skywalk,2
standbi,2
decommiss,6
3ac-17,2
vm,2
nahou-ordb07p,2
seee,1
nahou,1
cluster,3
node,1
defragment,1
reclaim,3
un-us,1
nahou-sqefm01p,1
nahou-sqlac01p,1
mssql,1
6.5,1
mallari,1
mccrori,1
853-5749,1
kogotkov,1
345-1677,1
ferrari,2
modena,1
trout,1
cypress,1
bravo,1
enw,5
establish,3
mirror,5
resync,1
app,4
chewbacca,1
foxtrot,1
acta,5
pwrprod1,2
tantra,2
invedi,2
853,1
4304,1
35th,2
3ac,18
713-345-8111,1
goebel,1
713-345-7570,1
engin,1
charlen,1
fricker,1
713-345-3487,1
failur,3
dbase,1
tape,1
DB,1
devol,2
713-345-8970,2
current_efct_date=11/15/2001,1
11/15/2001,1
11/19/01,1
yuma,1
column,1
holiday,24
channel,12
cancer,3
screen,10
//cr.enron.com/eia.html,2
bear,1
fundrais,2
benefit,10
societi,2
museum,1
scienc,1
crate,1
barrel,1
preview,1
aero,1
carwash,1
nutcrack,3
cpr/first,1
aid,6
mammogram,4
lung,1
par,1
fore,1
pet,1
golf,1
tournament,1
my.home.enron.com,2
eia,2
turret,6
nec,3
display,4
avaya,5
stentophon,3
cnn,3
wireless,4
technolog,8
televis,2
amtel,2
instant,2
orient,1
on-lin,1
occup,3
guidebook,1
handi,1
keyboard,1
anti-glar,1
eye,5
strain,1
allianc,1
MX,1
caller,4
voicemail,4
plasma,1
5th,7
ipc,1
defin,2
shown,1
12401,1
801,1
headlin,3
12402,1
802,1
12403,1
803,1
cnbc,1
12404,1
804,1
msnbc,1
12405,1
805,1
bloomberg,1
12406,1
806,1
12407,1
807,1
12408,1
808,1
12409,1
809,1
espn1,1
12410,1
810,1
cellular,1
virtual,5
multi-network,1
in-build,1
qualiti,1
campu,3
multi,1
encrypt,1
intellectu,1
properti,24
eavesdropp,1
hacker,2
footprint,1
softwar,6
one-touch,1
extern,5
led,4
print,5
queri,2
enron.center.south.technolog,1
bibul,4
//by.advertising.com/1/c/62072/26621/113060/113060,2
'purpl,1
gorilla,1
download,7
bonzibuddi,1
\bib-yuh-luhs\,1
Of,4
pertain,1
consumpt,1
alcohol,1
readili,1
fluid,1
moistur,1
vineyard,1
felix,1
pari,1
popul,1
christendom,1
lousi,1
local,2
wine,2
sour,2
eugen,1
weber,1
renaiss,1
men,2
joy,1
ferment,1
grape,1
wors,3
wear,2
salli,1
chatterton,1
www.hungover.net,1
bibulu,1
biber,1
//www.independent.co.uk/,2
cartridg,10
acerb,5
inkjet,6
//by.advertising.com/1/c/62072/35937/113062/113062,2
reput,2
-\,2
epson,2
canon,2
lexmark,2
media,4
-/,2
\uh-sur-bik\,1
sharp,1
bite,1
acid,1
temper,1
tone,5
social,4
devast,1
benoit,1
aubin,1
quebec,2
comedi,2
maclean,1
writer,2
mean-spirit,1
observ,5
human,3
queenan,1
short-liv,1
sainthood,1
joey,1
gain,1
smart,3
aleck,1
adept,1
one-lin,1
heller,1
'catch-22,1
76,1
acerbu,1
bitter,1
harsh,1
//www.macleans.ca/,1
//www.amazon.com/exec/obidos/asin/0786884665/lexico,1
redound,6
//by.advertising.com/1/c/62072/36645/113437/113437,2
women,3
overflow,2
3rd,5
\rih-downd\,1
consequ,1
rebound,1
accru,1
japanes,1
war,3
unoffici,1
hatr,1
blood,1
enemi,1
shame,1
raspberri,1
inclin,1
republican,1
advantag,3
conniff,1
angri,1
feminist,1
progress,7
kemp,1
taxat,1
boom,1
mona,1
charen,1
Ca,1
rich,1
hurt,1
Us,2
o'sullivan,1
would-b,2
contributor,1
outlin,1
glori,1
widmer,1
flower,4
democraci,1
redundar,1
abund,1
re-,2
unda,1
wave,2
//www.washingtonpost.com/wp-srv/front.htm,1
//www.progressive.org/,1
4.,2
//www.amazon.com/exec/obidos/asin/0195140621/ref=nosim/lexico,1
conf,2
05075,2
mckay,12
1:55,1
ame,5
chuck,5
keavey,6
pimenov,6
savva,6
leonida,6
barb,5
concannon,7
kaiser,5
muhl,6
shauywn,5
culotta,2
frihart,2
bryant,2
giron,2
darron,2
mim,2
murrel,2
pollan,3
tucker,5
11:19,1
graubart,1
simpson,3
1/2,1
target,5
x31511,1
33570,1
steno,1
5969,1
searobin,1
sabin,2
absens,1
honest,1
felt,1
improp,1
circumst,2
weigh,2
ultim,4
all-enron,1
transpir,1
imprud,2
incur,1
expens,6
regret,3
throughout,4
merit,2
contribut,14
current_efct_date=11/16/2001,1
tenet,7
true,4
central,10
\ten-it\,1
principl,1
dogma,1
belief,1
doctrin,1
seen,7
god,1
gibbon,1
occas,2
cardin,1
enlighten,3
B.,1
nash,1
trial,5
1950,1
foreign,4
strategi,5
soviet,1
union,4
communist,1
domin,1
influenc,1
bush,1
brent,1
scowcroft,1
transform,3
whig,1
theori,1
inevit,1
tener,1
//www.amazon.com/exec/obidos/asin/0380732149/lexico,1
//www.amazon.com/exec/obidos/asin/0679767509/lexico,1
//www.amazon.com/exec/obidos/asin/0679752595/lexico,1
//www.amazon.com/exec/obidos/asin/0810115859/lexico,1
sponsor,4
cirqi,1
du,1
solei,1
saint,1
nichola,2
noah,1
daycamp,1
children,9
thanksgiv,5
fashion,3
luncheon,1
weight,2
watcher,1
languid,5
weak,3
//by.advertising.com/1/c/62072/33750/114005/114005,2
droop,2
heavi,3
slow,2
\lang-gwid\,1
flag,1
exhaust,2
weari,1
promot,3
lack,2
vigor,2
deliber,1
rise,3
dignifi,2
height,1
handsom,1
gray,4
wavi,1
perfectli,1
comb,1
floyd,1
sprawl,2
mcfeeli,1
proxim,1
heat,5
rome,1
stadler,1
stein,1
strength,6
grace,1
freeli,2
tempo,2
climat,3
tradit,2
somewhat,4
unhurri,1
achiev,1
anyway,5
besid,2
ryszard,1
kapuscinski,1
shadow,1
translat,1
klara,1
glowczewska,1
languer,1
faint,1
inact,1
//www.amazon.com/exec/obidos/asin/0393321045/ref=nosim/lexico,1
//www.amazon.com/exec/obidos/asin/0679454918/ref=nosim/lexico,1
wukasch,8
section,11
johnson,1
knew,8
rec,1
10:30,1
erwin,4
17.3,2
ebb,2
offset,2
in-kind,9
rep,2
ext,6
58495,5
inlin,3
/o=enron/ou=na/cn=recipients/cn=spereir,2
'aol.com,1
bobgomez,5
pg1315,5
tclester,5
vwilbeck,5
jar7133739,5
connollys3,5
juno.com,5
tblackden,5
5:13:12,1
autograph,6
restaur,10
enthusiast,6
reward,7
proud,6
vicki,7
p.,11
rees,6
ice,14
phi,3
strip,6
fol=,1
11/22/01,1
11/26/01,1
intend,61
5:17:49,1
11:13,4
hawk,6
confidenti,16
privileg,15
sole,18
disclosur,17
strictli,17
sender,17
enron.messaging.administr,18
delet,15
hereto,15
evid,15
bind,15
enforc,17
estoppel,15
otherwis,18
11/20/01,1
11:51am,1
undeliver,6
11:18,2
'c4009,2
'bobgomez,2
'pg1315,2
'tclester,2
'vwilbeck,2
'angiodad,2
'jar7133739,2
'tblackden,2
'connollys3,2
juno.com',2
current_efct_date=11/20/2001,1
11/20/2001,1
turkey,1
cook,1
piec,26
pie,1
campregister.com,4
mountain,2
bike,1
ramble.doc,1
recent,3
fals,1
sec,9
themselv,1
inquiri,2
11/25/2001,18
thur,14
11/22/2001,14
11/24/2001,11
11/23/2001,6
disklayout,6
dolan,6
michael713-345-3251,6
malcolm713-345-3716,6
dev,6
11/21/2001,6
equiti,21
infin,3
siebel,3
pop,4
06:00,3
6:00,3
04:00,3
4:00,8
00:00,3
backed-up,2
estrem,2
reloc,5
om,2
yantra,2
rm,2
ecm,2
eeshou-fs2,1
larger,1
713-562-4247,1
713-345-3077,3
hugh,1
713-345-8809,1
novark,1
713-345-4962,1
nahou-msmbx01p,1
02p,1
nahou-msdog01v,1
hotfix,2
exifs.si,1
previou,7
11/26/2001,2
re-org,2
berger,1
713-345-3190,1
281-960-5571,1
oracl,1
dba,1
888-993-3793,1
brewer,1
713-345-4868,1
281-960-7066,1
713-853-4304,1
281-960-7184,1
erp/trv,1
etalk,1
itop,1
izzi,1
webmod,1
salmon,1
dcaf-2,1
eim,3
mkm,1
ram,1
power-exot,1
astral,1
dcaf3,1
phoenix,1
oltp,1
titania,1
predilect,5
//by.advertising.com/1/c/62072/36635/114633/114633,2
succe,1
\preh-d,1
l-ek-shun,1
pree-\,1
predisposit,1
inconsist,1
marina,1
cantacuzino,1
deadli,1
guardian,6
youth,9
revolt,1
mccarthi,1
asia,1
judg,2
asid,1
edwin,1
yoder,1
lewi,2
powel,1
1987,3
liter,3
prae-,1
diliger,1
//www.guardian.co.uk/guardian,2
//www.time.com/time/asia/,1
vip,3
suspend,6
honor,3
discontinu,3
unpreced,1
adapt,3
fit,3
suspens,4
2002,20
indefinit,3
charit,1
non-profit,2
submiss,1
replet,5
//by.advertising.com/1/c/62072/34057/114911/114911,2
silenc,2
prize,1
uproar,1
\rih-plee-shun\,1
earn,13
presenc,2
pico,1
iyer,1
eloqu,1
distend,1
belli,1
burst,1
waistcoat,1
glaze,1
listlessli,1
teeth,1
fork,1
telegraph,1
filthi,1
leech,1
guinn,1
ghoul,1
ugli,1
arizona,1
republ,2
repler,1
plere,1
//www.time.com/time/,2
//www.dailytelegraph.co.uk/,1
//www.arizonarepublic.com/,1
current_efct_date=11/19/2001,1
11/19/2001,1
transmut,5
fat,3
//by.advertising.com/1/c/62072/34905/114913/114913,2
sand,2
hour-by-hour,1
proven,1
breakthrough,1
fast,7
35.00,1
Ma,1
ephedra,1
guarana,1
resid,3
\trans-myoot,1
tranz-\,1
substanc,1
undergo,1
lehmann-haupt,1
1974,1
slowli,1
sediment,1
compress,2
layer,2
sandston,1
lena,1
lencek,1
gideon,1
bosker,1
paradis,1
earth,4
transmutar,1
utterli,1
trans-,1
mutar,1
//www.amazon.com/exec/obidos/asin/0811826503/ref=nosim/lexico,1
soooo,4
retir,14
sunshin,4
Oh,6
ene,24
marri,3
younger,2
awhil,2
he',2
cfo,3
MY,2
ME,2
cook/maid,2
terrorist,3
hate,4
guest,3
sister-in-law,2
cousin,2
65,3
alon,2
castl,3
ctrl-page,4
sng,2
lng,2
in-servic,3
elba,2
island,4
12/1/01,2
311,2
substant,2
exhibit,2
Z1,2
Up,3
bar,4
//rimsweb1.ferc.fed.us/multipagetiff/02218971set1.tif,2
1-50,2
//rimsweb1.ferc.fed.us/multipagetiff/02218971set2.tif,2
51-100,2
//rimsweb1.ferc.fed.us/multipagetiff/02218971set3.tif,2
101-150,2
//rimsweb1.ferc.fed.us/multipagetiff/02218971set4.tif,2
151-200,2
//rimsweb1.ferc.fed.us/multipagetiff/02218971set5.tif,2
201-250,2
//rimsweb1.ferc.fed.us/multipagetiff/02218971set6.tif,2
251-300,2
//rimsweb1.ferc.fed.us/multipagetiff/02218971set7.tif,2
301-311,2
forgo,8
//by.advertising.com/1/c/62072/37386/115448/115448,2
officemax.com,1
\for-go\,1
inflect,1
forwent,1
forgon,1
abstain,1
smoke,1
weekli,7
cafe,1
favorit,2
chocolat,2
deepest,1
fish,1
cheer,2
stock,33
alan,6
colleg,4
actress,1
alexand,1
forgan,1
for-,1
gan,1
//www.amazon.com/exec/obidos/asin/014100018x/lexico,2
10/27/2001,47
10/26/2001,18
10/28/2001,19
vpn,7
trizechan,4
router,3
17th,2
nortel,2
rout,5
chrissi,2
713-345-8269,2
713-853-5337,2
3:30-4:00,2
en,3
2ac,2
telco,2
beforehand,3
jael,2
713-336-2300,2
correctli,1
load,5
garhett,1
713-345-9953,1
postpon,9
eeshou-fs1to,2
redund,2
offlin,4
10/287/2001,1
2:30:00,2
ei-dns01,1
ei-dns02,1
dn,2
lose,3
AT,1
T1,1
brandi,1
brumbaugh,1
800-486-9999,1
6:15:00,1
4:15:00,1
12:15:00,2
merger,9
Q,2
//home.enron.com/updates/mergerqa.html,1
dynegi,23
immigr,1
tune,4
malaprop,5
misus,3
fool,3
invest,28
//by.advertising.com/1/c/62072/37050/116166/116166,2
-get,1
-learn,1
-retir,1
-take,1
freebi,1
\mal-uh-prop-iz-uhm\,1
unintent,1
humor,1
rachel,1
whini,1
queen,1
naught,1
deodor,1
pad,1
flush,1
machine-wash,1
granit,1
michiko,1
kakutani,1
'the,1
poisonwood,1
bibl,1
dark,1
photogen,1
clintonian,1
countless,1
pooley,1
s.c.,1
gwynn,1
groov,1
charact,1
amus,2
brinsley,1
sheridan,1
rival,1
//www.time.com/tim,1
//www.amazon.com/exec/obidos/asin/0198319088/ref=nosim/lexico,1
logist,15
region,13
shive,5
grigsbi,4
kinsey,5
sullivan,7
farmer,2
oling,5
realign,2
wholesal,13
maxim,2
8:51,1
A.,5
hogan,3
irena,3
D.,22
rangel,2
vuittonet,1
hall,3
presa,1
jessica,1
quezada,1
shower,2
digna,2
daren,1
strengthen,4
focu,9
competit,3
edg,2
electron,3
lee-jaquet,1
regulatori,11
northeast,1
senior,8
southeast,1
overal,3
mard,2
driscoll-ernest,2
charli,1
muzzi,1
ongo,6
talent,3
lavorato,2
presid,6
ceo,2
_____________________________________________________________________________________________________________________,1
warn,13
ofo,6
7:34,1
pritchard,2
LP,4
system-wid,3
significantli,5
unseason,4
mild,4
inventori,5
98,4
linepack,3
non-compli,3
dekatherm,3
protect,11
tabs-2,11
pursuant,2
7:37,1
3.3,1
aggreg,1
300,000,1
dth/d,2
tabs-1,1
city-,1
gate,1
stx,1
etx,1
wla,1
ela,2
first-com,1
first-serv,1
8:15,2
prompt,4
eastern',2
recours,7
adequ,4
buyout,3
negotiated-r,3
nondiscriminatori,3
anr,6
potenti,10
discrimin,2
valuabl,8
breathitt,2
11:16,1
mcmichael,1
shireman,1
kristann,1
lucci,1
gay,1
tholt,1
kuykendal,1
mahmassani,2
souad,2
gomez,2
steff,1
lawner,1
neustaedt,1
dealt,1
rate-rel,1
intens,1
scrutini,1
contract-specif,1
sharpen,1
lean,1
heavili,1
linchpin,1
cost-bas,1
iii,3
brave,1
proclam,1
reaffirm,1
trend,3
unaccept,1
unequ,1
declar,1
factor,1
extent,3
gt01-25,1
rp99-301,1
rp96-312,1
cp01-70,1
held,4
insul,1
recourse-r,1
expir,1
liabil,7
discriminatori,1
forth,1
assur,1
commission,1
applaud,1
shift,1
character,3
much-need,1
arm,3
muddl,1
tortur,1
obscur,1
common-sens,1
tug,1
2.4525,6
2.0750,6
2.9650,3
2.4863,6
2.1075,6
2.9975,3
2.5200,6
2.1400,3
3.0300,6
1:31,1
FT,3
2.5338,2
2.1522,2
3.0461,1
2.5950,2
2.2060,1
3.1172,2
2.6445,2
2.2495,1
3.1747,2
2.5745,2
2.1929,2
3.0868,1
2.7807,2
2.3917,1
3.3029,2
2.9387,2
2.5437,1
3.4689,2
ftg,2
2.6016,2
2.2200,2
3.1139,1
2.9045,2
2.5155,1
3.4267,2
ftnt,2
2.5375,2
2.1500,1
3.0500,2
casilda,2
vasquez,2
215-4504,2
stella,2
Yu,2
215-3381,2
gastrad,14
industri,17
burson,4
today',2
commentari,2
lead,10
forecast,4
predict,2
no-nonsens,2
volatil,3
analyst,13
razor,2
margin,2
preval,2
vistit,2
gastrader.net,2
formul,2
www.gastrader.net,2
__________________________________________,2
2.click,2
7:56,1
current_efct_date=11/21/2001,2
soi-dis,4
//by.advertising.com/1/c/62072/28687/116282/116282,2
equifax,2
creditcheck,2
\swah-dee-zahn\,1
self-styl,1
so-cal,1
studi,5
expos,1
'human,1
oftim,1
guru,1
self-serv,1
buck,1
old-fashion,1
troup,1
royal,1
phoni,1
offman,1
whiz,1
soi,1
oneself,1
disant,1
participl,1
dire,1
threat,3
nonspecif,1
unsubstanti,1
nonetheless,1
serious,2
suspici,2
behavior,3
3-6200,2
autochthon,7
land,3
/-=-=-=-=-=-=-=-=-=-=-=-=-=-=-=-=-=-=-=-=-=-=-=-=-=-=-=-=-=-=-=-=-\,1
\-=-=-=-=-=-=-=-=-=-=-=-=-=-=-=-=-=-=-=-=-=-=-=-=-=-=-=-=-=-=-=-=-/,1
\aw-tock-thuh-nuhs\,1
aborigin,1
indigen,1
nativ,1
monolith,1
fragmentari,1
patchwork,1
pagden,1
present-day,1
arcadian,1
sprung,1
draught,1
millennia,1
zachari,1
cold,2
water,9
auto-,1
self,1
chthon,1
pronounc,1
\aw-tock-thuhn\,1
//www.tnr.com/,1
litig,4
ljm,4
partnership,4
feder,3
counsel,4
preserv,2
destruct,1
handwritten,1
liabl,1
civil,1
crimin,1
derrick,1
713-853-5550,1
cst,11
long-term,9
upcom,3
3:00pm,6
8:00am,2
northern,1
jeopard,1
reconcili,1
vehicl,8
align,1
ed,2
contractor,2
anderson,4
mammographi,2
1:30,1
studio,4
12-16,1
p.m,5
retire,1
85,2
payabl,1
BE,1
appoint,5
713-745-4000,1
//www.mdanderson.org/departments/mobilemamm/dindex.cfm,1
pn=29c87a2e-b66a-11d4-80fb00508b603a14,1
//www.the-rose.org/,1
canada,6
800-97-enron,2
worldphon,2
countri,8
pin,5
1-800-97-enron,2
strateg,4
execut,13
two-year,1
wherebi,1
mci,1
worldcom,3
telecommun,1
becam,5
c.s.t,1
exclud,1
wallet,1
//home.enron.com:84/messaging/mciannouncement.doc,1
1-800-973-6766,1
0-800-97-enron,1
800-973-6766,1
U.,1
aspect,2
moor,1
713-345-5552,1
hasan,1
imam,1
713-345-8525,1
current_efct_date=10/25/2001,1
10/25/2001,1
array,2
sysadmir,2
edi_qa,1
expans,9
kratzer,1
713-345-7672,1
35,2
tino,1
valor,1
713-853-7767,1
hr-db-4,1
reliabl,6
db-4,1
brandon,2
bangert,2
713-345-4904,2
calkin,2
713-345-7831,2
raj,2
perubhatla,2
713-345-8016,2
281-788-9307,2
1:45:00,1
2:15:00,1
7:45:00,1
8:15:00,1
clock,1
daylight,1
precaut,1
machin,2
brennan,1
713-853-4545,1
713-853-6225,1
713-853-6551,1
weld,5
inspect,5
AZ,2
520,2
dot,2
construct,5
liquid,9
5-8,1
8-11,1
mes=,1
=09=09,1
curriculum,1
online=,1
4269,1
sedona,1
86340-4269,1
203-4247,1
2=,1
03-4875=09,1
a=,6
nd,3
dis=,1
tribut,1
you=,1
conduct,2
certificatio=,1
that=,1
incl=,1
ude,1
supervis,1
per=,1
sonnel,1
herein,1
520-203-4247,1
www.national=,1
welding.com,1
h=,3
ave,1
kn=,1
ow,1
=09,1
tomo=,1
rrow,1
pjm,3
waiv,2
eff=,1
ectiv,1
flat,2
4.00,1
rade,1
24-hour,1
770-738-2101,5
attende,3
panel,2
motiv,3
blueprint,2
panelist,1
concurr,1
town-hal,1
style,1
kindergarten-8th,1
dynam,1
licens,3
therapist,1
Bo,1
a.d.,1
theater,1
academi,1
peer,2
innov,1
athlet,1
religi,1
healthcar,1
operationhope.com,1
ceremoni,1
singer,1
jolley,1
renew,1
confid,4
www.enronoperationhope.com,2
10:30ish,1
everybodi,1
door,2
16.12,1
IS,2
focus,9
mid-market,3
asset,45
optim,2
vari,1
growth,5
producer/wellhead,1
singl,1
u.,2
western,2
unchang,3
whitt,1
leadership,1
louis,1
current_efct_date=10/24/2001,1
10/24/2001,1
mcmahon,19
investor,14
unparallel,1
qualif,1
thorough,2
fastow,1
spent,3
vice,4
treasur,1
excel,1
fundament,4
leidi,8
pennsylvania,3
million,23
badger,2
jersey,3
diamet,2
1:15,1
schrab,1
ngi,1
1,050,1
MW,1
kenosha,1
WI,1
marketlink,1
130,000,1
northeastern,1
42-inch,1
30-inch,1
3,400,1
hp,1
gpi,1
//intelligencepress.com/subscribers/daily/news/d20010620e.html,1
peco,1
extend,5
94,1
horsepow,1
210,1
mmcf/d,1
Co,1
wisconsin,1
13-mile,1
19.5,1
2003,1
creek,8
sm-123,5
boldman,4
huff,4
9:08,1
3205,1
routin,2
modif,2
undertaken,3
third-parti,2
majeur,2
warrant,2
wall,4
123,1
non-firm,1
equit,2
beaver,2
H1,2
hat,3
F3,2
cnr,2
cnr02,2
conoway,2
cnr03,2
cnr08,2
cnr09,2
cnr10,2
stafford,2
cnr11,2
thacker/majest,2
cnr12,2
briar,2
mtn,2
cnr13,2
cnr14,2
conoco,2
P1,2
appalachian,2
KA,2
sm-116,2
ka-15,2
pm-3,2
pm-17,2
2.5,8
dt,5
2.14661,3
2.33484,3
2.71910,3
minority\major,2
2:50,4
nonpenalti,1
2.18296,1
2.81375,1
2.74773,1
2.22366,1
2.99945,1
3.04193,1
2.25076,1
3.12325,1
2.63728,1
lauri,66
shippers=20,2
to=20,2
cycl,2
fitch,3
=09customernotic,1
williams.co=,1
=09wednesday,1
2:21,1
=09alatorr,1
orlando,1
ambler,1
margi,1
toi,1
A=,1
violi,1
beati,1
beverli,1
blodgett,1
kerri,1
bowman,1
buhrk,1
cathy=,1
cabrera,1
karina,1
catlett,1
conley,1
cortez,1
diama,1
cox,1
cunningham,2
dee,1
doyl,1
ronald,1
eaton,1
egner,1
F=,1
itch,1
flore,1
gallardo,1
gallerano,1
gensler,1
quentin,1
hargrov,1
heiser,1
helburg,1
ang=,1
higginbotham,1
ralph,1
hungat,1
immer,1
ingrid,1
K=,1
elley,1
kleiner,1
laird,16
laughlin,1
laurel,1
liz,1
levi,1
lindloff,1
monti,1
loggin,1
lowrey,1
ros=,1
eann,1
mccauley,1
monley,1
mott,1
louella,1
muenster,1
nguyen=,1
payn,1
leon,1
prevott,2
prodoehl,1
ramo,1
ram=,1
os,1
ressel,1
constanc,1
russell=,1
shaull,1
silva,1
siroi,1
jeannett,1
smith=,1
elsi,1
symmank,1
wahlstrom,1
scotti,1
walleck,1
lyn=,1
watson-combr,1
cassandra,1
=09system,1
2001=20,1
and=20,1
experienc,2
excessive=20,1
of=20,1
effective=20,1
additional=20,1
absent=20,1
voluntari,1
remaind,2
further=20,1
its=20,1
currently=20,1
i.e,3
with=20,1
pool=20,1
limits=20,1
id2,1
may=20,1
proactiv,1
supplies=20,1
215-,1
3361,1
mcgrath,3
215-2514,2
idyl,8
pastor,3
//www.dictionary.com/store/index.html,2
wotd,2
simpl,2
descript,3
poem,2
romant,2
vidal,2
guevara,2
store,2
mug,1
dictionari,1
\eye-dl\,1
poetri,1
rustic,1
scene,1
narr,1
epic,1
tragic,1
theme,2
lightheart,1
carefre,1
episod,1
interlud,1
sheep,1
docil,1
pleasant,1
creatur,1
countryman,1
sli,1
occasion,2
viciou,1
patholog,1
stupid,1
destroy,1
re-creat,1
truli,1
essenti,5
kept,1
diari,1
poignantli,1
gaieti,1
shatter,1
suddenli,1
intrud,2
teenag,1
fisher,1
dooley,1
1927-1961,1
honeymoon,1
lee,1
che,1
revolutionari,1
eidullion,1
eido,1
figur,7
//www.amazon.com/exec/obidos/asin/0679457461/lexico,1
//www.amazon.com/exec/obidos/asin/0802135587/lexico,1
frost,3
telecom,4
bandwidth,3
insight,3
ercot,2
telecom/broadband,2
dialogu,1
esourc,7
summit,1
telecom/bandwidth,1
harper-slaboszewicz,1
rod,1
woodward,1
trading/brokering/onlin,1
//esource.enron.com/hot_topics.asp,2
3:30-4:30,1
4:30-5:30,1
utilicom,1
/energi,1
overview,2
E.,5
5-7928,3
cooper,6
heal,1
6:15,1
6:50,1
9:00,1
JW,1
marriott,1
galleria,1
westheim,1
admiss,1
713-303-3966,1
current_efct_date=10/23/2001,1
10/23/2001,1
terrebonn,3
pvr,2
3:43,1
block,2
713-215-4396,1
713/215-2665,1
current_efct_date=10/22/2001,1
10/22/2001,2
gas/origin,6
713-853-5193,6
mdt/day,4
sta,2
180,3
centervil,2
summar,1
90,1
167,1
144,1
downstream,1
linden,1
162,1
upstream,11
bottleneck,1
215-4061,1
current_efct_date=12/10/2001,1
12/10/2001,1
nesa,2
2001.doc,2
mixer,1
headquart,1
portfolio,5
filter,2
al=,1
manual,2
be=,3
pa=,1
rticular,1
hour=,1
ly,1
P=,1
ower,1
chronolog,1
editor=,1
desk=,1
embonpoint,4
//by.advertising.com/1/c/62072/27995/104730/104730,2
soam,2
0.49,1
bound,1
\ahn-bohn-pwan\,1
plump,1
stout,1
ith,1
Mr,1
quadruple-breast,1
simon,1
hoggart,1
buri,1
cheek,1
quot,1
goeth,1
poet,3
revolut,1
renunci,1
boyl,1
bon,1
//www.guardian.co.uk/guardian/,4
//www.amazon.com/exec/obidos/asin/0198158696/lexico,1
cdt,1
payrol,3
hire,4
vanguard,1
lifestrategi,1
fidel,2
freedom,3
re-open,1
3-7979,1
pace,2
lifestyl,3
jdrf,7
auction,5
cyber,4
raffl,3
diabet,2
caf,2
26th,2
roundtrip,2
enron/jdrf,2
sneaker,2
28th,1
juvenil,1
foundat,1
cure,1
greenspoint,1
mall,1
a.m,1
//ecpdxapps01.enron.net/apps/auction.nsf,1
eg,1
fajita,1
trim,1
taquera,1
sol,1
mango,1
punch,1
british,3
airway,1
10.00,1
drawn,4
bake,1
cake,1
halloween,1
moment,3
houstonian,1
blast,2
coast,1
riedel,1
x-37507,1
x-36898,1
generos,1
mcconnel,1
year-end,4
TD,2
font-siz,2
10pt,2
background-color,2
xm,2
stub,2
remot,2
supervisor,2
husband,3
born,1
congenit,1
diseas,2
tax,3
worthwhil,1
x30903,1
10/22/01,1
mission,2
accomplish,5
cream,3
suburban,2
baskin,3
robbin,3
weslayan,2
bissonnet,2
8pm,2
8:30,4
teach,3
defens,2
tactic,2
lst,2
opposit,3
kick,2
thrill,2
yanke,2
gambol,5
danc,3
frolic,2
\gam-buhl\,1
dolphin,1
sight,1
luck,1
kingsolv,1
wring,1
environment-hug,1
circl,1
derek,1
heatwav,1
stranger,1
began,4
catch,4
martha,1
matilda,1
shake,1
feet,4
toss,1
glee,1
uproari,1
breathless,1
sammi,1
norman,1
duncan,1
clau,3
lone,1
cove,1
1903,1
gambold,1
gambald,1
mediev,1
gambad,1
gamba,1
hock,1
hors,1
kamp,1
joint,6
bend,3
Mt,2
ventur,2
cool,3
attatch,1
brochur,1
annual,1
snow,1
sled,1
snowman,1
contest,1
camper,1
bobsl,1
race,1
mitten,1
ear-muff,1
memor,2
wit.doc,1
badg,5
photo,3
//home.enron/employeemeet,1
denver,2
ramon,1
calif.,1
obvious,1
popinjay,5
//by.advertising.com/1/c/62072/33027/103890/103890,2
\pop-in-jay\,1
vain,1
shriek,1
drama,1
complic,1
emmett,2
tyrrel,1
fed,3
crazi,1
spectat,1
educ,1
well-br,1
mere,1
ernest,1
hemingway,1
densiti,1
gabl,1
humphrey,1
bogart,1
contemporari,2
paglia,1
salon,1
papejay,1
popingay,1
parrot,1
papegai,1
arab,1
babagha,1
//www.amazon.com/exec/obidos/asin/0684801450/lexico,1
//www.salon.com/,1
ludic,5
//by.advertising.com/1/c/62072/33838/103887/103887,2
\loo-dik\,1
Um,1
attitud,1
profess,1
wastrel,1
kane,1
papa,1
inde,1
stylist,1
recogniz,1
fizzi,1
pyrotechn,1
geoffrey,1
wheatcroft,1
kingsley,1
tale,2
lurk,1
tragedi,1
tender,1
embed,1
perpetu,1
farcic,1
bernstein,2
lalita,1
post-modern,1
ludu,1
ludicr,1
laughabl,1
root,1
cops,5
thicket,3
\kops\,1
lit,1
shone,1
vanish,1
dip,1
kate,1
bingham,1
mummi,1
hill,1
waterfal,1
rejoic,1
savour,1
delight,1
stimul,1
boyish,1
reveri,1
suheil,1
bushrui,1
kahlil,1
gibran,1
sang,1
bohain,1
ruin,3
mediaev,1
spurl,1
matiss,1
copeiz,1
coper,1
couper,1
coupon,2
//www.amazon.com/exec/obidos/asin/0684864703/lexico,1
//www.amazon.com/exec/obidos/asin/1851682678/lexico,1
//www.amazon.com/exec/obidos/asin/0520222032/lexico,1
current_efct_date=10/19/2001,1
10/19/2001,35
minimum,5
hedg,4
autohedg,2
5000,2
enrononlin,1
1000,3
2499,1
2500,1
5499,1
5500,1
6499,1
6000,1
10/20/2001,58
10/21/2001,30
46,3
10/18/2001,4
ec,4
idf,3
sp2,2
riser,2
storm,2
unaffect,2
fieldhous,2
713-853-5699,2
jameson,2
713-345-4423,2
eeshou-dbpcc,1
8-10am,1
eestest-dbpcc,1
9:30-11:30,1
eestest-wbpcc,1
10am-12pm,1
eeshou-eei,1
6-8pm,1
eeshou-wbpcc,1
8:30-10:35am,1
eeshou-dbrps3,1
9-10am,1
eeshou-oms01,1
5:30-7:30pm,1
closet,4
port,1
HR,6
nahou-wwirf01t,1
nahou-wwirf01d,1
nahou-wwjrn01d,1
nahou-wwjrn01tnahou-wwiwn01d,1
301625,1
wins-dn,1
tester,1
rollback,1
clint,1
713-345-4256,1
rmsprod,1
table/index,1
reorg,1
fragment,1
disabl,1
cleveland,1
713-345-3873,1
triniti,2
madrid,1
oigin,1
powerdown,2
pearson,2
830-34238,2
downtown,7
crisi,2
gracious,1
current/form,1
healthi,1
2/28/2002,1
62.79,1
713.652.0700,1
georgia.fogo,1
.for,1
bonni,1
monych,1
cpc,1
Me,1
713.289.3853,1
481,3
10:49,2
other,20011020,1
gulf,007854581,1
3198,1
erath,1
extemporan,6
//by.advertising.com/1/c/62072/27456/103425/103425,2
\ek-stem-puh-ray-nee-us\,1
utter,1
spur,1
unpremedit,1
impromptu,1
text,1
skill,5
expedi,1
makeshift,1
intim,1
goofi,3
tritel,1
wick,1
magician,1
sum,4
complex,2
hour',1
pithi,1
coher,1
freud,1
psychoanalyst,1
86,1
1982,1
improvis,1
wolff,1
johann,1
sebastian,1
bach,1
musician,1
extemporaneu,1
ex,1
tempor,1
aris,1
temporari,2
belong,1
con-,1
movement,3
//www.amazon.com/exec/obidos/asin/0393322564/lexico,1
current_efct_date=10/18/2001,1
firstname.lastnam,9
non-standard,3
cut-off,3
firstnam,4
lastnam,4
non-support,4
firstname.middleinitial.lastnam,1
announcements/corp/enron,2
9:15,1
worldwid,2
ei.enron.com,2
abbrevi,2
acronym,4
new/exist,2
append,2
robert.alan.smith,2
meanwhil,2
imper,2
IP,4
sombra,4
cach,4
ecach,4
pariti,4
3:30:00,2
reconfigur,2
regress,2
prowler,1
firewal,1
shirkoff,1
713-853-1111,1
micah,1
stagg,1
713-345-1696,1
ein,1
static,1
44,1
denni,1
mcgough,1
713-345-3143,1
hr-db-1,1
dalak,1
malik,1
713-345-8219,1
adcupkilo,1
adcupklima,1
quark,1
automount,1
task,1
neptun,1
tagg,1
emerald,1
spectr,1
bond,2
multipl,1
token,1
2948,1
minim,1
exposur,2
sutherland,1
713-345-7192,1
mikulski,1
713-853-7409,1
long-wal,2
9:04,1
3193,1
twenty-on,1
durat,1
conting,1
unexpecte=,1
second=,1
inconveni,1
ath,4
inch,2
9:31,1
18-19,1
unplan,1
athen,1
ohio,1
throughput,1
19,2001,1
10:13,2
wti,2
bullet/br,2
lis=,1
bullet,1
strips=,1
api,1
crude,1
diff,1
bul=,1
171,1
738,1
2101,1
ing,1
recycl,1
10:15,1
serendip,8
//by.advertising.com/1/c/62072/30700/103121/103121,2
journey,2
motley,1
foolishli,1
\sehr-uhn-dip-uh-tee\,1
faculti,1
phenomenon,1
fortun,5
accident,1
discoveri,1
sir,1
alun,1
reese-jon,1
master,1
cambridg,1
adventur,2
freeman,1
rough,1
uncomfort,1
momentum,1
lesley,1
hazleton,1
detroit,1
automot,1
odyssey,1
conscienti,1
crucial,1
poster,2
hooper,1
river,2
hiv,1
horac,1
walpol,1
1717-1797,1
serendib,1
sri,1
lanka,1
persian,1
princ,1
hero,1
unexpectedli,1
unlik,2
serendipit,1
//www.amazon.com/exec/obidos/asin/0684839873/lexico,1
//www.amazon.com/exec/obidos/asin/0316372617/lexico,1
current_efct_date=10/17/2001,1
10/17/2001,1
atlanta,3
helpdesk,4
llsouth,1
dulcet,5
//by.advertising.com/1/c/62072/28683/102665/102665,2
\duhl-sit\,1
melodi,1
harmoni,1
sooth,1
agreeabl,1
archaic,1
tast,1
famou,1
songster,1
nightingal,1
minsmer,1
favourit,1
birdwatch,1
amanda,1
rage,1
'un,1
gentleman,1
grown,1
hard-edg,1
crack,1
hinson,1
eyelid,1
brain,1
relax,3
bam,1
britain,1
DJ,1
eman,1
radio,1
alarm,1
doucet,1
diminut,1
dou,1
dulci,1
sda,2
schwab,2
payoff,1
hardship,1
brokerag,1
re-invest,1
mutual,1
enronbenefit,1
185,2
assess,3
//esource.enron.com/worldmarket.asp,1
//esource.enron.com/worldmarket_countryanalysis.asp,1
impend,1
same-day,1
in-depth,1
in-hous,1
//esource.enron.com/worldmarket_regulatory.asp,1
current_efct_date=10/16/2001,1
10/16/2001,1
anthrax,3
biolog,1
controls/corpor,1
safeguard,1
postal,1
up-to-d,1
envelop,1
pose,1
bulletin,1
intranet,2
//home.enron.com:84/security/002_bull_001.html,1
cdc,1
usp,1
nov-mar,1
k,1
t0181760000,1
mdq,1
18,000,1
ibit,10
compar,7
core,14
broadband,9
incom,7
pge,4
lower,2
cloud,2
write-down,2
recur,1
dilut,1
0.43,1
percent,1
0.45,1
fourth,4
1.80,1
2.15,1
754,1
88.2,1
trillion,1
equival,5
tbtue/d,1
701,1
26.7,1
tbtu/d,1
77,1
290,1
megawatt,1
mwh,1
53,1
profit,3
71,1
95,000,1
slightli,1
74,1
northwest,1
elektro,1
dabhol,1
tg,1
wind,3
80,2
investment-rel,1
unalloc,1
106,1
one-tim,1
1.01,1
billion,4
287,1
183,1
restructur,1
bankruptci,6
544,1
primarili,1
superb,1
transpar,2
www.enron.com/corp/pressroom/releas,1
panjandrum,5
//by.advertising.com/1/c/62072/30769/102264/102264,2
macklin,2
groceri,1
coolsav,1
\pan-jan-druhm\,1
personag,1
pretenti,1
needless,3
governor,1
minist,1
rank,1
patten,5
inquisitor,1
grievanc,1
gazoo,1
coin,1
foot,1
17201777,1
nonsens,1
garden,1
cabbage-leaf,1
apple-pi,1
she-bear,1
soap,1
barber,1
picninni,1
joblilli,1
garyuli,1
fell,1
catch-as-catch-can,1
till,1
gunpowd,1
heel,1
boot,1
refus,1
repeat,1
//www.amazon.com/exec/obidos/asin/0688113583/lexico,1
workforc,3
compens,5
divers,2
attract,1
strongli,2
world-class,1
tremend,2
employee-focus,1
oxley,1
overse,1
staf,1
redeploy,1
alumni,1
worklif,1
joyc,2
organiz,1
chart,1
//home.enron.com:84/messaging/hrorgchart18.ppt,1
current_efct_date=10/15/2001,1
piper,1
safari,2
expedit,2
cano,1
9-11,1
cado,1
lake,1
safeti,1
paddl,1
techniqu,1
maze,1
bayou,3
slough,1
www.kidventurecamp.com,1
prioriti,1
mo-ranch,1
exp,1
notes-cano,1
camp.doc,1
mesquit,16
muniza,13
eckerd,13
patio,9
america/sweet,6
easement,6
fenc,6
/o=3denron/ou=3dna/cn=3drecipients/cn=3dspereir,1
'ev1.net,1
dbland,1
velaw.com,1
6:33:34,1
fellow,3
D=,3
outdoor,4
fuzzi,3
brae,3
T=,3
so.=,3
sidewalk,3
abut,3
E=,3
ckerd,3
decorative=,3
brick,3
greeneri,3
allum,3
potenti=,3
to=,3
li=,3
ne,3
elev=,3
ation,3
he's=,3
blend,3
existing=,3
add=,3
ition,3
p=,3
ark,3
behind,3
availab=,4
le,4
tenant,3
o=,3
pen,3
d=,6
iscuss,4
landscap,3
pri=,3
comp,3
10:02,2
sechrist,3
thumbprint,12
potter,9
christma,21
paint,6
his/her,6
15.00,3
homeroom,3
making/paint,3
ceram,3
munford,3
thuot,3
platter,4
pot,3
1963a,3
toy,3
mesa,3
grill,3
shepherd,3
non-work,3
pencil,3
underneath,3
dalmat,3
artist,3
chronicl,2
4,000,1
laid,1
incred,5
gone,3
www.carrerweb.com,3
//content.monster.com,3
www.energyjobs.com,3
www.dukeenergy.com,3
www.williams.com,3
www.reliantenergy.com,3
www.nisource.com,3
www.headhunter.net,3
www.calpine.com,3
jodie_barb,1
04,7
7:55,1
'bates124,1
airmail.net,1
hung,3
wrap,2
chocol,2
icycl,2
salvag,1
cuba,1
waddlington,1
bone,1
sooooo,1
32,1
freez,1
basket,1
candi,1
bought,6
schnapp,1
postmen,1
fullfil,1
german,1
galari,1
upper,2
foyer,1
brighter,1
festiv,1
afteral,1
WE,1
sooo,1
spite,1
current_efct_date=12/11/2001,1
12/11/2001,1
//home.enron.com/updates/qa.html,1
quickli,6
deserv,1
accur,1
lexis-nexi,11
clinic,5
dow,5
clip,3
eb560,3
gear,2
novic,2
prospect,5
nexis.com,2
eb572,2
dilig,2
no-show,2
200.00,2
placewar,2
dji,2
password,4
anywher,1
713-345-7928,1
stephanie.e.taylor,1
introduct,1
personalizing/custom,1
tailor,1
folder,1
//esource.enron.com/training.htm,1
vendor,1
thirti,4
greater,2
fulfil,2
oblig,12
inabl,2
cash-,2
110,3
retro,2
current_efct_date=10/29/2001,1
10/29/2001,1
model,3
psim,2
simul,2
proprietari,1
monte-carlo,1
valuat,1
eb5c2,1
count,1
shirley,1
crenshaw,1
3-5290,1
pizza,1
soft,1
valeri,32
wire,28
curti,22
jan.laird,10
vintagetul.com,10
10/25/01,14
195,209.95,14
8:47,5
sln,7
2883,6
gwinvil,5
.0268,6
.0981,7
valerie.curti,5
10/26/01,5
01:32pm,5
01,19
download.xl,5
12:15,5
upabov,5
918,5
878-5383,5
current_efct_date=10/26/2001,1
778088,18
939542,18
jenna,21
baseload,13
933354,13
gda,13
939300,13
jirwin,14
superiornatgas.com,14
laurie.elli,19
winmail.dat,13
shortpay,5
approx,11
28k,5
psng1220,5
vol,7
mgmt,6
8:12,5
laurie-,11
4:01,6
irwin,7
imceanotes-+22jenna+20d+2e+20irwin+22+20+3cjirwin+40superiornatgas+2ecom+3e+40enron,7
3:34,7
realloc,9
trigger,19
5,000/day,7
4.425,7
efp,7
12,903/day,7
2.895,7
2,000/day,7
3.10,7
2:25,7
regardless,8
0801.xl,7
specialist,12
345-9945,12
646-8420,12
exec,2
crook,2
taint,2
anymor,5
worthless,2
moral,2
suv,2
everyday,2
IN,2
doubt,2
seater,2
bmw,2
armin,8
eat,2
t-port,2
853-0416,2
exercis,6
ownership,2
//ehronline.enron.com,1
//hrweb.enron.com,1
frequent,2
faq,1
painewebb,1
sake,1
9,600,4
MM,4
44551573556,4
NG,2
FP,2
3.0850,2
usd/,2
10-30-2001,2
rudi,3
intercontinent,2
2100,2
riveredg,2
parkway,2
GA,2
30328,2
icehelpdesk,2
current_efct_date=11/28/2001,1
11/28/2001,1
enron.xl,160
lagasmar.xl,130
shield,12
varibu,17
patten.xl,10
tshield,4
entergy.com,4
mcilvoy,9
2:29,4
enron.con',4
attath,4
1:49,4
brodeur,4
sobczak,4
mccloskey,4
-lg,4
......,6
pancanadian,4
aim,4
sd,4
sempra,4
........,4
576-4152,4
unwind,7
12/01,4
08/02,4
3,761,900.00,4
superior-unwind,6
annuiti,2
lump,3
10:17,3
topup,12
marlin,10
non-cor,11
1bn,6
osprey,7
yosemit,7
whalley,7
pursuit,4
infus,4
short-term,4
longer-term,4
off-balance-sheet,4
capit,6
144a,4
3/17/03,4
wessex,4
haircut,4
650mm,4
credit-link,4
underli,4
10q,4
claus,4
re-organ,2
bucket,2
ega,2
8bn,2
'dismal,2
orderli,2
aggress,3
divestitur,2
motion,2
egm,2
examin,3
viabil,2
dictat,2
800mm,2
ecoelectrica,3
500mm-1bn,2
'ineffici,2
3bn,2
1.5bn,2
proce,2
950mm,2
125mm,2
deficit,2
'enron,2
acceler,2
below-investment-grad,2
agenc,4
2.6bn,2
energy-rel,2
'other,2
2.4bn,2
220mm,2
asset-back,2
b,2
50mm,2
c,2
hypothet,2
600mm,2
9/17/02,2
cut-to-junk,2
predominantli,2
'larg,2
instrument,2
2-3,2
times/week,2
auditor,2
'virtual,2
'way,2
writedown,2
trakya,2
saarlux,2
brazilian,3
dispos,2
appendix,2
'sometim,2
clearli,2
dyn,2
1.9bn,2
2.1bn,2
mac,2
3.5bn,2
unsecur,2
unclear,2
'crude,2
'physic,2
cln,2
acknowledg,2
strict,2
contractu,2
'we,2
deeper,2
interject,2
interrrupt,2
streamlin,2
prudent,2
overlev,2
9/30,2
unusu,2
3-3055,2
proxi,4
statement/prospectu,4
india,2
r,3
i=,3
b=,2
bbb-,2
holder,2
77002,2
inter=,1
regain,1
qualit=,1
succe=,1
ss,1
snapshot,1
hindsight,1
non-co=,1
azu=,1
rix,1
eve=,1
over-leverag,1
compa=,1
ny,3
exacerb,1
ex=,1
tensiv,1
in=,1
vestor,1
damag,1
hard-to-under=,1
8-k,1
restat,1
previo=,1
usli,1
three=,1
ear=,1
ning,1
coal,1
ou=,1
ti=,1
considering=,1
2002=,1
optimist,1
mprovement,1
relationship,1
ivis,1
dismal,1
cash=,1
repay,1
reinvest,1
alre=,1
adi,1
ey,1
ceg,1
ln=,1
puerto,1
rico,1
2.9,1
sale=,1
compris,1
sev=,1
eral,1
dete=,1
rmine,1
near-term,1
suff=,1
icient,1
make=,1
ecom,1
rating/10-q,1
regularli,1
ba=,1
cr=,1
moodi,1
baa3,1
downgrad,1
creditwatch,1
marlin=,1
1=,1
0-q,1
we=,1
transcript,1
www.enron.com/corp/inve=,1
stor,1
commissio=,1
n.,1
urg,1
pro=,1
xy,1
becomes=,1
se=,2
curiti,1
statement/prospect=,1
www.sec.gov,1
cop=,1
als=,1
relations=,1
5800,1
507-6466,1
767-6652,1
bu=,1
ild,1
1400,1
853-3956,1
646-3302,1
consi=,1
dere,1
sharehold,2
irect,1
indirect,1
14a,1
1:52,1
hilli,1
ecs-06980,1
cp,1
853-3278,1
current_efct_date=11/26/2001,1
current_efct_date=11/27/2001,1
11/27/2001,1
antitrust,2
schuler,2
eickenroht,2
haedick,2
competitor,1
length,2
unaffili,1
notwithstand,1
muller,1
absolut,1
disclos,1
forego,1
713/853-5419,1
713/853-3155,1
713/853-6544,1
713/646-6017,1
aep.com,3
aep,2
tmurphy1,2
614-324-6920,1
11/29,1
23,000,1
6,766,1
13,534,1
jvobergfel,1
misunderstood,2
qnec,2
transfer/realloc,2
paycheck,1
diversif,1
diversifi,1
acct,1
//resources.hewitt.com/enron,1
benefits.enron.com,1
7:58,2
leonard_ambriz,5
troung,2
graduat,2
scale,2
fess,1
dude,1
ranch,1
bandera,1
bleak,1
scharnberger-armin,3
t-online.d,5
heizungsbau,4
scharnberg,5
7:14,1
hey,1
kendal,1
scenerio,1
rothenburg,1
ador,1
mid-evil,1
greatest,1
CA,1
GO,1
cowork,4
admit,4
126,4
lay-,2
60,000,000,2
80,000,000,2
disg=,2
ust,2
appal,2
occurrenc=,2
e.=20,2
lrc=,2
skeptic,2
with=,2
surviv,3
champion,2
hard-nose=,2
driven,2
hel=,2
sometim=,2
es,2
execu=,2
tive,2
r=,2
eason,2
overli,2
compens=,2
ate,2
divorc,2
settlement=,2
mistress,2
aspen,2
caribbean,2
so=,2
meth,2
us=,2
plate,2
februa=,2
ry,2
c=,2
ynic,2
ope,2
audac,2
throw,2
stabl,2
i.e.,2
+/-,2
option=,2
s.,2
afr=,2
ma=,2
sa=,2
ving,2
their=,2
fruit,2
han,2
ot=,2
heir,2
tuition,2
sicken,2
pain,2
obviou,2
skeleton=,2
freefal,2
employees=,2
half-truth,2
mumb=,2
o-jumbo,2
co=,3
hort,2
yo=,2
ur,2
11:44,1
plachi,1
cuilla,1
storey,1
yawapongsiri,1
virawan,1
donoho,1
ruscitti,1
mccaffrey,1
penman,1
gregg,1
bradi,1
pendergrass,1
cora,1
11/14,1
arrog,2
asshol,2
advers,1
refin,1
merri,1
im-urlaub,1
jun,1
layoff,1
7:47,1
ormet,2
craig-,1
4:32,1
8:38,2
jane_bland,2
justex.net,2
nclement,2
curri,2
wanda,2
favalorl,2
phelps.com,2
dhhand,2
att.net,2
m.mont,2
rrslm,2
cnvincent,2
kindergarten,2
03,6
8:13,1
ragan,1
8:14,1
sne,1
box1.doc,1
printout,1
10:36,2
11:45,2
11:21,1
retroact,1
october1st,1
uncertain,1
methodolog,1
ana-,1
gath,2
9:10,4
anasta,4
6:40,1
undisclosed-recipi,1
terry-,3
sequoia,1
tlester,3
firstunion1.com,3
10:59,1
tnrees,2
applej,2
practice/ic,1
suitabl,3
deck,1
concret,2
flesh,1
=09pereira,3
1:34,1
=09'ev1.net,1
aol.com',1
=09new,1
=09tuesday,1
1:38,1
=09lay,1
=09enron,1
screw,1
valerie-,4
mistak,1
t-port.xl,1
jackson-,1
wusa,4
pride,3
community-mind,6
may-,1
6-8,2
ymca,2
rmf,1
rmfarley,1
postoffice.swbell.net,1
1:04,1
argument,1
griffin,1
vocal,1
mayor,2
nuanc,1
neighborhood,2
griffin-,1
family-,1
farley-,1
lewis-,1
50-60,1
unavail,1
mudlaw,1
4:12,1
'12007,1
'12152,1
'12255,1
'12300,1
'12351,1
'12361,1
'12364,1
'12442,1
'12476,1
'12633,1
'12639,1
'12640',1
norton,4
blackic,4
latest,2
antiviru,2
scan,2
imceanotes-enron+20announcements_corp_enron+40enron,1
05,2
2:17,1
anti-viru,1
viru,1
infect,1
diskett,1
outgo,1
industrial-strength,1
anti-hack,1
dsl,1
modem,1
dial-up,1
detect,1
intrus,1
traffic,1
__________________________________,1
logon,1
melba,5
melba-,1
lozano,2
2:07,2
ole,2
pbrush,2
58986,2
graham,2
10:21,1
carolyn-,2
x33229,3
EZ,2
louis-,1
tollway,1
00564749,1
imceanotes-+22terry+20lester+22+20+3ctlester+40firstunion1+2ecom+3e+40enron,1
10:03,1
7:15,1
perhs,1
kimberly-,1
loaner,1
laptop,1
dispens,1
complain,1
donahu,5
q,5
miertschin,4
benk,3
hamb,3
lua,3
boon,3
cordova-gilbert,2
fischer,2
schneider,2
5:00,2
beth-,1
babbar,1
caranti,1
carrera,1
farhangnia,1
luitgard,1
eduardo,1
gold,1
harada,1
lydeck,1
maxey,1
meyer,1
natarajan,1
payss,1
juan,1
carlo,1
seaworth,1
dougla,1
thakkar,1
wang,1
woulf,1
dorsey,1
warner,1
begun,1
hwei,1
gsb.uchicago.edu,1
sponsorship,1
gsb,1
brat,1
brew,1
louie,1
10:06,1
gut,2
ion,2
entergi,2
13.92,1
yippe,1
skeleton,1
guess=,1
flash,1
13.80,1
analysts=,1
would=,1
oak,1
mans=,1
path,1
shoul=,1
anger,1
cruiser,1
toyota,1
quoia,1
trade-in,1
balan=,1
posit=,1
superflu,1
ente=,1
rgy-koch,1
bos=,1
entergy-koch,1
guys=,1
entergy-koc=,1
hike=,1
-everyon,1
two-fac,1
loser,1
zero,1
ren=,1
ato,1
nsider,1
ves=,1
ting,1
salar=,1
ctive,1
worki=,1
ng,1
70,1
=09scharnberger-armin,1
en=,1
=09friday,1
4:13,1
=09aw,1
wow,2
sur=,1
mor=,1
finishe=,1
seein=,1
g,1
an=,1
rudy-,1
rudolph.reynold,1
10:42,1
'yjackson,1
duke-energy.com',1
11.31,1
6:18,1
AW,1
.0628,2
eubank,1
9205,1
ugh,2
HA,2
afraid,1
3:14,1
gon,1
na,1
scare,1
cuz,1
squar,2
3:57,1
shortpaid,1
nope,2
poor,2
hayden,5
11:04,2
ok,1
poorer,1
1:17,1
hubbi,1
prez,1
passag,1
11:33,1
offend,2
1:32,1
re-read,1
casual,1
-frank,1
kam-,1
koch/sabin,1
8:52,1
5/004708,1
gdp-colgulf/la,1
if-colgulf/la,1
videtto,1
12:46,1
u-15,1
7:30,1
leach,6
mainlin,3
onshor,3
cglf,2
10:39,1
19903,1
payback,1
1149149,1
21,000,1
tco,1
1143923,1
31,000,1
20,000,1
1143924,1
49,798,1
38,469,1
1161116,1
7,707,1
cga,1
11:57,1
.2421,2
09,3
9:53,2
96045124,3
10:37,1
'stevens_hollist,1
enron',1
8:16,1
11/12/01,1
08:06,1
