migrat,1
embed,1
outlook,1
messag,22
attach,6
http,11
//maildb.bluemountainarts.com/cgi-bin11/flo,5
christma,5
bluemountain.com,3
say,3
privaci,2
thi,15
email,3
remov,2
happi,3
holiday,2
world,1
popular,1
ecard,1
bear,1
y=ecs30e7ezp0ii0wmp0at,1
sing-a-long,1
y=ecs30e7ezp0ii0wma0a,1
-weather,1
snowman,1
kit,1
y=ecs30e7ezp0ii0wms0aw,1
patriot,1
y=ecs30e7ezp0ii0wmj0an,1
everyth,1
want,3
valu,2
wa,4
sent,18
We,8
sell,1
share,1
person,1
inform,5
anoth,1
compani,2
without,1
permiss,1
To,18
view,3
polici,1
visit,1
y=ecs30e7ezp0ii0wjp0aq,1
If,2
prefer,1
receiv,13
promot,1
bluemountain,1
pleas,21
send,1
unsubscribe_bma,1
maildb.bluemountainarts.com,1
type,1
subject,19
field,1
system,4
autom,1
must,2
contact,7
address,1
wish,1
ameren,12
stephani,24
david,10
notic,11
Hi,2
forward,3
regard,7
miller,9
asset,5
kevin,8
presto,5
Ed,7
baughman,6
thank,15
-origin,15
panu,14
thu,2
12/27/2001,2
1:13,2
PM,11
sager,8
elizabeth,8
hansen,5
lesli,10
murphi,6
harlan,8
nettelton,7
marcu,8
Cc,8
portz,7
termin,39
one,7
counterparti,11
identifi,3
resum,4
schedul,14
power,26
let,11
know,11
would,5
like,4
copi,3
agreement,10
sara,7
anker,4
enron,19
relat,3
coal,2
agenc,2
could,3
alan,2
shackleton,5
2001,20
donna,3
713,6
seen,4
makrket,1
ena,4
agent,1
thursday,6
decemb,14
27,7
1:04,1
lowri,1
aronowitz,1
date,3
august,1
6,2
north,1
america,1
corp.,2
group,2
inc.,2
forego,2
attent,2
Do,3
credit,4
limit,2
posit,5
paper,2
wholesal,4
servic,15
1400,3
smith,3
street,3
eb3801a,3
houston,3
TX,3
77002,3
Ph,3
853-5620,3
fax,9
646-3490,3
list,21
review,8
wabash,7
look,3
also,8
ha,12
need,12
AM,6
parti,8
gave,1
two,2
coordin,1
gerald,3
yesterday,1
10:12,1
RE,2
9:47,2
moor,2
janet,2
H.,2
st.,4
clair,4
carol,4
import,3
high,2
someon,3
call,8
valley,3
associ,3
whether,3
contract,17
properli,3
'm,1
back,7
januari,30
2nd,4
dec,4
offic,2
friday,6
28,5
return,4
wednesday,11
2,9
leav,2
voic,2
mail,2
713-345-7712,1
paul,3
radou,1
wendi,1
conwel,1
kortney,1
brown,1
thur,1
dec.,2
futher,1
assist,3
follow,6
rhonda,1
denton,1
x.35871,1
ga,3
stacey,6
richardson,1
x.30569,1
susan,3
elledg,1
x.59989,1
kim,1
contain,3
previous,1
master,6
log,5
determin,1
valid,1
epmi,8
12-20,2
may,7
addit,6
yet,3
ad,2
today,5
believ,2
none,1
add,3
individu,1
set,1
forth,1
recipi,1
steve,1
hall,1
rosman,1
stewart,1
26,1
11:37,1
bailey,1
peopl,1
sean,1
crandal,1
diana,1
scholt,1
jeff,1
richter,1
chri,1
mallori,1
mark,3
fischer,1
tom,1
alonso,1
energi,25
electr,4
light,4
E,3
letter,4
21,5
L,2
trade,13
LG,2
file,2
keep,1
watch,3
come,1
ani,8
make,7
awar,1
immedi,2
anyth,1
enabl,1
restor,1
01,1
ae,1
new,7
alcoa,1
geener,1
beco,1
boston,1
cargil,1
alliant,1
llc,1
central,1
main,1
citizen,1
commun,2
Co,1
CP,1
carolina,1
dte,1
entergi,1
first,6
solut,6
green,1
mountain,1
gpu,4
HQ,4
hydro,1
quebec,1
IP,1
indiana,1
market,1
minnesota,1
nimo,1
niagara,1
mohawk,1
nstar,1
OG,1
oge,1
resourc,1
select,3
southern,1
illinoi,2
split,1
rock,1
taunton,1
municip,1
txu,1
UI,1
unit,4
illumin,4
vepco,1
virginia,2
co.,1
wisconsin,1
10:00,1
list.xl,1
12-20.xl,1
As,5
discuss,1
name,2
daili,1
carl,1
tricoli,1
tim,1
belden,1
mcmichael,1
click,3
preliminari,1
report,3
fetch,2
refer,1
bottom,2
tab,2
detail,2
//nahou-dmagn01p/ena/livelink.ex,2
func=ll.login,2
username=gcpguest,2
password=,2
nexturl=,2
2fena,2
2flivelink.ex,2
func=ll,2
26objid=11965334objaction=brows,2
sort=nam,2
record,2
inactiv,2
2002,18
question,2
concern,2
cheryl,2
johnson,2
net,2
work,2
global,2
data,2
manag,2
713.853.3103,2
effect,17
meet,9
east,10
pjm,9
week,4
time,7
go,5
see,5
2:00,5
pm,4
casey,5
sure,6
1,9
old,6
dominion,6
prior,1
accur,1
noth,1
delay,1
actual,1
notif,1
occur,1
think,1
warrant,1
howev,1
complet,1
elimin,1
issu,1
mktg,3
fri,1
12/28/2001,1
3:12,2
M.,2
davi,2
dana,2
burnett,2
lisa,2
jeffrey,2
reev,2
evan,2
white,2
W.,2
gilbert,2
bentley,2
corri,2
bradford,2
william,2
S.,2
sack,2
edward,2
choat,2
jason,2
sturm,2
fletcher,2
J.,2
racicot,2
fallon,2
jim,2
big,3
confer,3
sixth,3
floor,3
ec,4
continu,5
serv,3
either,3
pool,3
bilater,3
deal,6
given,3
drill,3
went,3
prepar,3
nepool,3
becam,3
appar,3
get,3
team,3
member,3
page,4
good,3
notifi,3
relev,3
chang,5
etc,3
bill/,3
run,3
recent,3
dpr,3
non-termin,3
updat,4
spreadsheet,3
ran,3
last,3
agre,3
probabl,3
number,5
past,3
sever,3
day,7
10,3
10th,3
21st,3
push,3
remind,3
ld,3
3-0492,3
angi,2
collin,2
held,1
p.m.,1
cst,1
06980,1
Sr,1
administr,1
713-853-3347,1
3:15,1
FW,1
citi,5
mwd,2
vernon,3
wapa,2
deliveri,2
brought,1
news,2
metropolitan,1
water,1
district,1
790056.01,1
807275.01,1
12,1
one-month,1
begin,2
februari,1
march,1
confirm,1
intend,1
well,1
requir,1
wspp,1
3,4
retain,1
moni,1
due,1
post-novemb,1
30,4
assess,1
es,1
set-off,1
right,1
bankruptci,1
code,1
applic,1
law,1
4,2
luzenac,1
suspend,1
15,1
5,2
burbank,1
transact,1
tanya,2
debbi,2
phone,2
kona,4
and/or,1
exposur,1
situat,1
EB,1
4539,1
713-853-3989,1
713-646-3393,1
281-382-1943,1
cell,1
8774545506,1
pager,1
281-890-8862,1
home,1
carol.st.clair,1
enron.com,1
20,1
12:08,1
rohauer,1
brackett,1
R.,1
LC,1
fyi,2
ryan,2
youngblood,2
ltd.,2
281-820-7889,2
request,2
post,2
connect,3
isda,2
cnn,6
break,2
cnn.com,2
exclus,2
video,2
e-mail,2
toddler,1
abduct,1
eve,1
found,1
safe,2
west,1
//cnn.com,1
/aol,1
keyword,1
latest,1
top,1
stori,1
quickcast,1
constantli,1
web,1
newscast,1
onli,2
avail,3
realon,1
learn,1
//www.cnn.com/quickcast/bnew,1
unsubscrib,1
alert,1
//cnn.com/email/breakingnews.html,1
//cnn.com/email,1
sign,1
product,1
c,1
cabl,1
network,1
An,1
aol,1
warner,1
interact,1
id:18341180103262500,1
link,1
final,1
sinc,1
12/15/01,1
summari,1
shortnam,1
year,1
transfer,9
center,6
resolut,4
build,4
et,3
7,2
extens,2
decommiss,1
888,1
888-877-7757,1
toll,1
free,1
use,4
step,1
enw,1
IT,1
1-800-973-6766,1
1-800-97-enron,1
within,1
31411,1
helpdesk,1
option,1
toll-fre,1
0,1
directori,1
access,1
voicemail,1
allen,1
omaha,1
modem,1
646,1
prefix,1
speak,1
oper,1
machin,1
8,1
aviat,1
9,1
confidenti,1
chairman,1
3-1411,1
custom,1
center-houston,1
713-345-4745,1
888-465-4745,1
center-omaha,1
402-398-7454,1
mani,1
outstand,1
Is,1
collar,1
pass,9
zone,8
park,4
bu,4
metro,3
transport,3
desk,3
travel,3
employe,2
activ,2
expir,2
differ,2
cost,2
particip,1
elig,1
woodland,1
express,1
pick,1
level,1
8:30,1
4:30,1
offer,1
30-day,1
divid,1
four,1
w/,1
unlimit,1
ride,1
mean,1
becom,1
upon,1
period,1
doe,1
fare,1
base,1
distanc,1
buser,1
higher-cost,1
case,1
paid,1
cash,1
lower,1
extra,1
3-7060,1
salt,1
river,1
project,1
mechel,4
frank,4
michel,1
end,1
steven,2
novemb,2
14,2
3:22,2
sayr,2
aucoin,2
evelyn,2
columbia,3
ce,4
claim,2
n67489.4,2
n67489.5,2
n91852.1,2
n92407.1,2
n92407.2,2
ne1116.1,2
ne1787.3,2
ne1787.4,2
nk2091.1,2
nv5353.1,2
nv5435.1,2
nw7628.1,2
nw7721.1,2
x37278,2
dian,1
origin,1
settlement,1
tri,1
reconcil,1
appear,1
part,1
assign,1
give,1
anymor,1
ph,1
713.345.3249,1
713.646.3490,1
1:31,1
