go,114
democrat,5
.......................,4
www.gorelieberman-2000.com/,24
OK,12
ok,31
....,112
n't,93
want,50
exert,3
ani,249
energi,212
temporari,6
',80
plate,3
harley,5
.......,87
vvvvrrrrroooooommmmm,3
..............,13
vvvvvrrrrooooommmmmm,3
......,103
went,47
courthous,3
stadium,3
...........,20
actual,21
broke,4
sweat,8
much,46
payment,13
look,58
pop,3
yvett,3
boyfriend,3
'll,46
home,30
around,20
6,26
30,19
ish,6
call,82
andm,3
onli,80
got,41
voic,5
mail,17
're,31
rob,25
hous,41
4,42
pm,8
yo,4
big,36
guy,44
check,46
thi,538
thank,80
head,10
.....,112
mean,23
time,112
deal,51
number,25
........,65
713-853-5229,3
ye,7
dear,4
............,16
www.gorelieberman-2000/com,4
give,23
detail,14
later,32
done,9
woman,13
eol,7
perman,4
dna,3
..................,6
ca,13
undon,3
..........,29
backstreet,3
boy,17
suck,11
..................................,3
'm,40
veri,42
disapoint,3
make,61
sure,9
mention,7
music,3
tast,3
ride,10
hog,3
enron,456
offic,36
chairman,13
ena,10
holiday,20
invit,10
pleas,190
forward,59
joe,128
quenet/na/enron,20
11/17/2000,4
10:36,6
AM,172
north,31
america,26
11/16/2000,4
08:12,4
PM,224
sent,132
announc,42
To,171
houston,27
eim,4
egm,4
cc,23
subject,173
click,14
attach,42
link,14
launch,13
parti,62
http,55
//invitation.enron.com,4
direct,19
question,66
dori,4
hitchcock,4
via,25
email,139
vega,4
....................,7
take,62
montessori,3
.........................,6
realli,25
think,27
could,67
move,49
stuff,4
one,130
trip,16
day,68
work,47
would,157
drop,21
downtown,4
........................,6
broker,15
hit,14
come,41
risk,50
outsid,11
market,248
trade,154
offer,79
even,25
sever,33
hundr,8
back,59
commiss,67
posit,35
use,158
hurt,6
feel,15
first,55
definetli,3
largest,11
user,14
entir,9
firm,20
possibl,26
anyon,38
30-40,3
.........,12
second,19
instanc,6
show,15
.25,4
bid,37
sold,13
wack,3
75,7
50,9
ask,49
say,47
problem,33
listen,4
tape,3
said,69
sell,18
noth,4
wrong,6
anoth,29
name,44
stand,6
well,47
upto,3
25,20
send,35
assum,5
collect,7
pay,16
also,100
end,34
bad,9
flake,3
vent,4
.............,20
carri,10
execut,23
've,8
fri,56
turkey,7
befor,27
pretti,10
good,48
howev,45
wife,7
tradit,8
feast,3
compani,273
visit,26
us,53
littl,38
apt,3
pack,3
thing,24
wors,4
60-65,3
degre,11
thanksgiv,10
jan/,3
feb,6
get,70
50-60,6
averag,6
calm,4
better,18
know,66
pressur,9
job,18
nov,10
29th,7
thought,16
gym,3
lost,9
word,19
keep,31
eye,5
sorri,9
rest,7
messag,171
must,36
delet,41
close,33
bush,16
................,7
plenti,3
knock,28
2,50
street,15
apart,4
//gasfundy.corp.enron.com/gas/framework/default.asp,4
suppos,7
meet,53
tommi,3
brennan,4
tonit,11
5:30,5
christma,6
sat,110
dec,3
9th,5
happi,10
p.,3
suggest,6
togeth,10
napoleon,3
oop,3
meant,3
foos,3
...................,10
cocktail,7
last,66
night,30
'bout,9
minut,18
bank,9
hey,21
w,5
ww.gorelieberman-2000.com/,4
11/22/2000,8
stephani,16
blackman,8
sblackman,8
futuresource.com,8
joe.quenet,73
enron.com,125
Re,8
Fw,12
mistress,8
e-mail,190
10:12,4
09:54:55,4
WE,8
TO,14
DO,7
IT,12
sometim,7
stephi,4
origin,28
wednesday,36
novemb,35
22,23
2000,37
9:52,4
read,11
distribut,54
list,42
wa,232
special,10
except,8
65,5
busi,117
anyway,16
gore,4
morgag,3
took,16
addit,52
fund,21
fed-ex,3
leav,10
envelop,3
fed,3
ex,3
alreadi,31
deliv,8
worri,10
blood,3
probabl,15
right,44
weekend,23
new,190
11/27/2000,8
We,72
dog,9
ranch,11
lake,8
pool,21
simba,8
place,41
famili,10
great,27
11:21,5
quenet,128
10:03,4
knockj,4
epenergy.com,4
activ,29
hope,17
......................,4
old,21
mr.,7
pult,4
carpet,4
lay,27
floor,17
hi,60
villag,4
builder,7
wood,11
creek,8
bigger,5
rate,45
wive,4
sherri,4
parent,16
saturday,16
1,43
hr,4
near,16
magnolia,4
900,5
acr,4
nice,5
hill,6
overlook,6
hors,4
cattl,4
inground,4
favorit,4
5,36
part,25
turn,22
getaway,4
along,13
conro,4
beach,4
south,12
padr,4
island,4
dad,5
privat,27
practic,11
doctor,5
medicin,4
need,117
sit,4
beer,7
cover,13
mud,6
ha,205
woken,4
john,65
el,3
paso,3
aquila,3
tri,23
yesterday,12
fell,9
asleep,3
8.pm,3
ta,15
hop,9
today,73
cal,24
01,10
8.50,6
cin,6
godd,3
luck,6
interview,12
craziest,3
ever,12
saw,14
f/g,3
75.00,3
19.00,3
h/j,3
may,166
june,3
92.00,3
8.00,3
summer,5
138,3
9.00,3
sep,3
45.00,3
2.00,3
q4,3
43.00,3
4.00,3
peak,7
.80,4
9.0,3
02,9
6.00,3
winter,5
69.0,3
20.00,3
74.0,3
11.00,3
sens,6
lose,9
tad,3
bal,8
hear,20
sound,12
yet,11
mo,4
ga,55
34,6
southern,12
month,34
henri,4
hub,4
10,33
cabl,9
sinc,31
neighbor,3
enter,8
data,25
base,62
co,3
nut,6
talk,25
duck,3
cours,18
card,14
either,12
blazer,3
purs,3
access,30
larg,14
weather,12
40,9
mph,3
equal,6
15,40
swear,6
still,40
shakin,3
11.30,3
line,57
per,31
help,47
set,29
ID,6
password,6
On,20
long,19
term,16
pjm,57
ole,3
cop,3
humor,5
...............,4
gal,3
12/12/2000,16
see,64
01:24,4
rebecca.quenet,42
eds.com,48
12:17:40,8
friend,23
rebecca,59
stori,15
//abcnews.go.com/sections/business/dailynews/power_market001212.html,8
abcnews.com,8
01:25,4
man,12
miss,22
like,63
women,4
share,73
room,9
third,16
sleep,3
9.30,3
slight,4
buzz,4
inform,97
request,55
answer,50
mpuc,15
disclosur,39
releas,17
select,25
public,38
util,84
file,94
support,82
confidenti,83
review,57
necupuc,6
motion,12
unredact,6
copi,33
septemb,12
21,7
case,21
iso,16
protect,16
order,24
dena,6
oppos,14
lag,6
ferc,87
rule,29
servic,91
icap,8
rep,6
expedit,6
action,31
nusco,6
due,31
england,14
confer,10
commission,34
main,12
iso-n,7
In,107
altern,5
provid,85
regul,16
proceed,14
appropri,13
duke,7
argu,19
three,18
impermiss,3
prior,10
nstar,3
co.,12
six-month,3
argument,10
seek,8
nepool,8
suit,9
If,130
author,35
contain,40
follow,40
purpos,52
docket,7
specif,38
associ,18
materi,40
remov,7
ne-iso,3
premis,3
nondisclosur,3
certif,5
northeast,8
seal,3
regulatori,26
particip,51
financi,53
implic,3
consider,11
uncertainti,11
regard,49
price,72
residu,3
januari,11
februari,5
march,5
suspend,5
settlement,10
pend,6
guidanc,11
lodg,6
reserv,15
requir,38
extern,9
h.q,3
u.s.,30
inc.,37
supplement,5
protest,6
hqu,3
made,25
correspond,3
power,199
coordin,6
council,4
opinion,16
clearli,17
permit,7
control,22
area,26
oper,75
transact,44
At,12
issu,97
whether,20
refus,6
resourc,8
suppli,13
nerc,40
npcc,3
decis,54
rto,72
affect,13
2001,211
delay,10
fact,30
interconnect,16
llc.,3
system,89
deferr,3
merit,7
unfair,3
precid,3
region,28
nepp,3
precedenti,3
basi,46
withhold,3
add,19
preced,3
benefici,3
develop,45
concern,38
creation,3
west,25
allegheni,11
defer,6
negoti,5
implement,16
pira.com,24
pira,12
greg,12
12/13/2000,6
cathi,8
flash,6
report,68
jane,18
212,6
686-6808,6
georg,12
hopley/hou/ect,3
04:53,3
04:10:18,3
natur,18
retain,8
client,7
weekli,8
12/13/00,3
unauthor,3
prohibit,30
shuttlesworth,3
tom,19
howard,5
tazh,3
richard,5
redash,3
rich,10
nobu,3
tarui,3
nobuo,3
hsu,3
reach,20
contact,128
graziano,3
jgraziano,3
aga121300.pdf,3
touch,5
feedback,22
process,46
complet,35
pep,9
employe,41
perform,33
manag,61
import,36
option,25
joseph,7
mid,4
year,88
play,21
role,17
critic,13
success,32
goal,9
//pep.enron.com,3
menu,3
begin,22
immedi,16
form,20
friday,58
2001.,3
respons,19
desk,9
1.713.853.4777,3
perfmgmt,3
london,87
44.207.783.4040,3
pep.enquiri,3
cumul,4
statu,8
open,21
onc,20
submit,12
declin,12
longer,20
appear,24
note,47
receiv,97
AS,5
misra,7
narsimha,7
total,30
agre,21
100,9
exager,3
never,14
rememb,11
fourteen,3
pjm.xl,5
stay,13
troubl,10
short,13
small,16
everi,18
battl,5
everyon,21
els,10
bought,10
block,10
doe,50
burrrrr,3
cold,3
avg,3
temp,3
jan,3
marri,3
qqqqqqqqqqqq,3
nimbl,3
alert,6
ya,3
boilermak,3
M,10
alumni,4
blast,6
OU,3
find,23
mullet,3
downgrad,13
moodi,7
investor,38
notch,5
morn,21
two,67
bond,5
baa2,4
corp.,100
long-term,12
debt,21
hamper,2
effort,22
restor,14
confid,13
seven-year,2
low,13
1.51,2
13.89,2
mid-day,4
past,15
week,77
stock,65
half,12
valu,38
high,23
35,9
octob,172
lower,16
baa1,3
remain,25
statement,24
prime-2,2
commerci,6
paper,9
abov,7
commonli,3
junk,2
updat,13
-origin,117
chen,2
hai,3
26,37
3:48,1
black,20
tamara,9
jae,9
T.,2
J.,7
trader,16
monday,41
relat,29
remind,20
all-employe,3
tuesday,11
oct.,15
23,9
a.m.,12
hyatt,11
regenc,7
obvious,4
lot,6
quarter,26
earn,41
media,3
discuss,56
ljm,7
previous,7
chief,8
secur,23
exchang,33
event,27
address,85
As,47
usual,7
candid,1
best,14
encourag,13
attend,14
tune,1
tomorrow,6
channel,6
diabet,4
walk,17
heart,6
commun,26
web,10
site,42
//cr.enron.com/eia.html,2
happen,5
E,26
cafe,1
aero,2
juvenil,2
research,15
foundat,3
cure,2
bear,3
fundrais,3
reclaim,2
futur,23
step,16
american,14
free,42
carwash,5
volunt,3
opportun,32
justic,2
children,1
2002,13
flu,2
immun,1
program,15
schedul,109
massag,1
join,16
club,1
met,6
involv,23
28th,2
annual,3
british,3
bazaar,1
rice,1
univers,2
young,1
halloween,4
monster,1
bash,1
par,2
fore,3
pet,2
golf,2
tournament,2
avail,40
my.home.enron.com,2
set-up,2
top,20
screen,4
box,9
wish,18
fill,7
mailto,46
eia,2
12,27
thursday,23
volum,21
minimum,5
hedg,10
increment,5
autohedg,2
product,31
child,2
less,15
5000,2
effect,22
chang,51
function,5
enrononlin,18
respect,11
occur,18
round,2
appli,6
exampl,6
1000,1
2499,1
0,2
2500,1
5499,1
5500,1
6499,1
6000,1
outag,114
CT,75
thru,105
No,63
sun,54
impact,78
10/20/2001,58
713,46
PT,70
10/21/2001,30
pager,28
center,37
environ,39
backout,34
7:00:00,17
thu,20
server,36
ee,19
4:00:00,21
5:00:00,12
10/19/2001,35
corp,27
S,18
sunday,7
facil,35
ecn,4
46,4
3:00:00,12
10/18/2001,3
1:00:00,10
6:00:00,26
12:00:00,21
sitara,9
on-cal,12
Y,8
T,10
L,8
ec,4
idf,3
3,35
p.m.,11
telephoni,9
upgrad,34
edi,8
instal,4
9:00:00,12
sp2,2
hardwar,2
unifi,8
853-9797,8
W,4
K,4
N,7
D,4
V,4
B,15
F,5
O,4
R,5
19,24
5:00pm,5
12:00am,4
20,16
repair,3
electr,87
riser,2
correct,8
result,22
tropic,2
storm,2
allison,2
network,17
resid,2
applic,12
10:00,3
8:00,7
desktop,3
2:00,7
12:00,2
noon,2
avaya,2
phone,5
unaffect,2
turret,2
offlin,4
start,18
11:00,2
1:00,5
dure,19
cool,5
hour,15
occup,2
build,22
experi,6
five,15
rise,2
temperatur,3
stuart,3
fieldhous,2
713-853-5699,2
lanc,5
jameson,2
713-345-4423,2
ardmor,4
azurix,9
eb34,4
eeshou-dbpcc,1
8-10am,1
eestest-dbpcc,1
9:30-11:30,1
eestest-wbpcc,1
10am-12pm,1
eeshou-eei,1
6-8pm,1
eeshou-wbpcc,1
8:30-10:35am,1
eeshou-dbrps3,1
9-10am,1
eeshou-oms01,1
5:30-7:30pm,1
monitor,2
tool,14
uninstal,1
david,26
devol,1
713-345-8970,1
animesh,1
solanki,1
713-853-5147,1
lan,4
2:00:00,14
10:00:00,12
telecom,22
closet,3
clean,2
Up,4
port,2
mark,15
trevino,1
713-345-9954,1
field,5
internet,25
HR,3
NT,4
os/2,4
nahou-wwirf01t,1
nahou-wwirf01d,1
nahou-wwjrn01d,1
nahou-wwjrn01tnahou-wwiwn01d,1
11:00:00,9
hotfix,1
301625,1
wins-dn,1
tester,1
standard,43
app,3
group,53
rollback,1
hot,5
fix,1
put,23
win,33
dn,2
entri,11
clint,2
tate,1
713-345-4256,1
mon,2
10/22/2001,1
rmsprod,1
table/index,1
reorg,1
reduc,8
fragment,1
increas,37
disabl,1
restrict,3
session,14
emmett,1
cleveland,1
713-345-3873,1
triniti,1
improv,6
enhanc,3
revert,2
madrid,1
primari,3
sitaraoncal,1
713-288-0101,1
sun/oss,4
oigin,1
termin,11
powerdown,2
final,6
test,11
gener,145
switch,11
equip,7
traci,2
pearson,2
830-34238,2
tie,9
assist,14
853-1411,4
resolut,9
853-5536,4
sap/isc,4
345-4727,4
284-3757,4
288-0101,4
rus/gops/geotools/apr,4
639-9726,4
oss/ua4/tarp,4
285-3165,4
cpr,6
284-4175,4
327-3893,4
OR,7
888,4
td,4
-trader,4
327-6032,4
gard,2
NO,5
forgot,1
alex,13
H,5
bag,2
242,1
pick,27
4:00,14
4:30,10
comput,2
3:30-4:00,3
'art,1
straight,1
way,40
next,21
gon,2
na,2
california,34
state,89
transmiss,83
path,25
scientech,110
project,21
feder,29
issuealert,105
=20,113
ownership,20
e,41
cpuc,11
/,16
plan,92
t=,68
northern,8
=09,66
imag,170
c=,20
bottleneck,4
transport,9
point,46
th=,31
potenti,21
san,20
MW,21
n=,11
current,58
of=,18
govern,16
secretari,6
spring,23
crisi,5
defici,3
creat,53
reliabl,20
disput,5
jurisdict,3
nation,22
interest,40
present,35
trans-elect,3
nt,14
abl,14
invest,52
conflict,12
gov,4
davi,4
polici,10
substat,4
daili,39
1,500,11
unit,55
softwar,51
technolog,27
analysi,39
sale,53
caus,10
industri,91
reliev,2
ener=,4
gy,5
abraham,5
2004,3
er,8
demand,13
capac,26
market=,8
r,21
season,3
hand,12
a=,44
piec,3
seen,18
plagu,3
ot,7
continu,45
especi,10
f=,22
presid,17
expans,27
exist,19
1=,4
previou,22
PG,7
pacif,9
six,6
western,4
wapa,2
connect,12
bay,4
reportedli,19
includ,60
for=,6
90,8
amount,12
i=,36
in=,22
charg,25
huge,9
aris,2
seem,29
gray,2
offici,5
known,10
an=,13
key,21
purchas,30
asset,75
edison,7
ew,3
side,7
diego,3
calif.,3
websit,22
expert,24
consult,29
independ,30
sponsor,11
cis/crm,9
and=,16
custom,36
care,12
canada,11
determin,15
leadi=,7
ng,17
driver,9
licens,15
versu,10
asp,9
growing/shrinkin=,4
g,24
download,12
sampl,10
prospectu,9
introduct,13
survey,10
//secure.scientech.com/specialpages/multi_client.as=,4
p,7
jon,10
brock,10
505-244-7607,8
details.=09,9
2001=20,9
align,2
conflicts=20,1
By,20
mcnamara,10
director,14
analysis=20,8
item,20
reuter,10
oalit,1
central,13
califo=,1
rnia,1
300-million,2
chronic,1
moving=,1
state.=,1
construct,10
so-cal,1
spencer,2
2003,4
be=,7
earli,18
subsid,1
sum=,1
mer,1
came,11
onlin,19
mild,2
weath=,1
pattern,4
conserv,3
consid,31
imbal,13
true,5
often,11
get=,1
state-th,1
lines=,1
b-also,1
primar=,1
tremend,1
instabl,1
persist,1
winte=,1
surfac,1
dep=,1
artment,1
overseeing=,1
massiv,2
level,10
whole,11
co=,13
nflicts.=20,1
amid,1
uncertain,3
ramif,1
pac=,1
ific,1
90-mile,1
high-voltag,1
section,9
essenti,5
calif=,1
ornia,1
becam,9
r=,11
ather,1
clog,1
suffer,1
ould,1
pre-empt,2
arizona,2
mexico,2
whic=,2
h,5
roll,6
blackout,1
francisco,9
califor=,1
nia,2
citi,6
particularly=,1
acut,2
w=,10
inter,1
approach,20
arguabl,7
puzzl,1
toward,18
bring,10
stabil,7
stat=,3
iron,2
imminen=,1
indic,16
shou=,1
ld,2
2,000,4
2,200,1
which=,5
deem,1
suffici,3
stave,1
previous=,1
northwest,15
drought,1
no=,2
rthern,1
heav=,1
depend,1
strain,1
pro=,5
blem,1
california.=20,1
symptom,1
larger,2
problem=,1
focus=,2
intervent,6
histori,7
worth,9
eder,2
april,4
explor,2
congest,21
propos,15
elicit,1
respo=,1
nse,1
13,11
path=,1
contract,86
directive.=20,1
nyse,18
pcg,1
gas=,1
sign,12
supp=,1
ort,1
spearhead,1
ar=,4
agenc,4
kinder=,1
morgan,2
william,11
administr,15
agency=,1
within,14
water,37
st=,2
ate,3
17,000,1
mile,15
facilities-pacif,1
diabl=,1
canyon,1
nuclear,76
morro,1
natural-ga,15
pla=,3
500-kilovolt,1
boost,2
plant,38
finish,1
5,400,1
power.=20,2
Of,3
the=,18
write,5
0-percent,1
acquir,13
properti,34
owner,2
hold,13
rema=,1
ine,3
percent,39
devot,1
d=,7
iffer,1
capit,22
exact,1
percentag,1
nvestment,1
defin,3
reveal,1
subsequ,1
outlin,3
whi,7
comp=,5
recoup,1
thr=,2
ough,3
fee,6
hefti,2
payoff,1
presum,3
ant=,2
icip,3
high-demand,1
transported.=20,1
might,20
reg=,1
ulatori,1
powe=,2
pursu,4
A=,8
braham,1
private-compani,1
directed=,1
spot,10
grow,4
occurr,1
regulator=,2
bodi,3
cali=,1
fornia,1
certainli,9
believ,31
prerog,1
strong,26
ve=,2
nture,1
territori,4
seem=,2
ed,25
allow,20
obta=,1
ca=,3
paciti,2
inde,2
supersed,1
repres,17
compani=,1
es,7
balanc,21
variou,18
among,10
challeng,12
unsuccess=,1
fulli,7
attempt,14
earlier,17
view,10
difficulti,2
major,19
grid,7
doe-sponsor,1
u=,2
nlike,2
approv,30
bec=,1
aus,2
portion,2
toll,2
ontent,1
sou=,1
ght,1
keen,1
p=,11
rivate-compani,1
positiv=,1
accord,17
ontract,1
enabl,6
without,25
taxpay,1
ratepay,1
am=,1
erica,1
valley-rainbow,1
terconnect,1
although,23
timet,2
until=,1
2005,3
500,000-volt,1
transmiss=,8
ion,17
valley,1
romoland,1
locat,31
rainbo=,1
riverside-san,1
counti,6
sdg,1
sce,18
onofr=,1
clement,1
calif,1
design,38
pproxim,1
1,000,2
moreov,5
necessari,11
l=,3
ower,1
developme=,1
immin,1
threat,5
diminish,1
but=,1
wrestl,1
mix,3
factors=,1
represe=,1
accru,3
12.5,1
b=,7
illion,1
buy,16
recoveri,3
whi=,4
ch,4
unresolv,1
prefer,12
infrastructur,5
doe-sponso=,1
red,4
hands=,1
An,17
archiv,10
atwww.scientech.com=20,9
reader,12
comment,31
forwar=,9
nanci,13
thousand,11
analyst,36
maker,14
sponsorship,11
I=,11
ssuealert,9
pelz,11
advertis,14
ava=,7
ilabl,7
staff,24
compris,11
lead,25
divers,13
background=,9
retail,27
i/t,11
renew,12
affair,14
relatio=,9
ns,13
intern,25
scientech.com,12
nan=,9
cy,10
1-505-244-7613,7
let,41
in-depth,15
analys,11
nformat,9
refer,25
colleagu,11
our=,9
repli,36
ull,9
regist,16
directli,13
registere=,9
subscrib,12
//s=,9
ecure.scientech.com/account/,9
unsubscrib,12
otherwis,41
e-=,9
IA,11
subscript,11
line.=,9
SM,11
compil,12
analysis=,9
express,26
issuealer=,9
ts,13
intend,159
predict,11
discusse=,9
kind,14
so=,19
le,15
publish,12
perspe=,10
ctive,11
long-stand,12
reput,10
copyright,11
reserved.=09,11
pjm.com,6
pjm-customer-info,6
hotel,7
train,14
decemb,8
PA,5
majordomo.pjm.com,4
one-day,3
desmond,3
malvern,3
ecapac,3
load,20
date,23
owner-pjm-customer-info,2
pjmcustomerrelationsandtrain,2
risc1.pjm.com,2
trainannounc,2
explain,3
assur,3
target,12
audienc,2
pittsburgh,5
airport,2
oblig,6
serv,13
majordomo,2
fyi,5
class,7
behalf,3
11:24,1
agreement,10
dispatch,5
esuit,1
ancillari,9
model,20
understand,14
29,31
TX,1
17,12
fundament,6
topic,8
credit,16
version,2
handl,3
east,9
unforc,1
entiti,47
lse,1
edc,1
18,14
member,6
non-memb,1
500,6
registr,4
descript,8
//www.pjm.com/training/training_index.html,1
//www.pjm.com/contact/questions.html,1
gfi,12
and/or,41
kihyon,4
park,5
9:39,1
vinc,8
crescenzi,6
//www.madblast.com/oska/humor_bin.swf,1
affili,58
gfinet,6
legal,10
privileg,32
individu,46
content,9
reproduc,7
retransmit,6
written,11
permiss,7
bin,15
polic,12
recipi,104
chri,18
advis,10
smtp,5
vince.crescenzi,4
gfinet.com,4
FW,16
mcquad,6
mike,15
bob,6
dan,14
St,6
harlem,6
cell,12
terrorist,8
workin,6
ive,4
2:33,1
RE,41
1:26,3
1:56,3
jami,3
ikel,3
jack,3
maydick,3
mccabe,3
bradi,3
peter,11
mcnalli,3
kavanagh,3
califano,3
liam,3
cuddi,3
lcuddi,3
algorithmics.com,3
5:35,3
ball,3
Cc,7
hebbel,3
andrew,8
bresnahan,3
panzer,3
colt,3
hepp,3
craig,3
J,4
weisenberg,3
mulvey,3
quigley,3
dini,3
rucker,3
mason,3
janet,8
courtney,3
linger,3
jen,3
chad,3
burhanc,3
jeff,16
stasko,3
joyc,3
mcguigan,3
martin,3
tomshack,3
W.,8
whittemor,3
matt,14
aiken,3
pete,3
tamaro,3
cnn,3
warn,11
latest,15
news,28
four,9
detain,3
sleepin,3
drinkin,3
fightin,3
pimpin,3
arrest,3
immigr,3
fit,7
fifth,4
extrem,7
easi,6
relev,26
sole,63
strictli,27
sender,60
enron.messaging.administr,28
hereto,26
accept,34
evid,28
bind,26
enforc,27
reli,27
estoppel,26
It,32
crenshaw,3
shirley,3
psim,2
simul,2
2:15,1
rangel,1
ina,1
coneway,1
betti,1
hello,4
appreci,3
proprietari,3
monte-carlo,1
assess,3
expect,27
evalu,3
complex,5
full,9
valuat,1
portfolio,9
type,12
structur,11
eb5c2,1
huang,1
count,3
3-5290,1
pizza,1
soft,1
drink,1
|,10
loss,50
novel,8
bayer,7
cipro,6
microsoft,6
=3d,12
tsc,5
commentari,6
drug,5
billion,48
i2,5
sander,5
adlink,5
wall,9
account,25
ceo,23
calendar,5
equiti,10
anthrax,3
revenu,19
million,46
money,21
nasdaq,4
n,35
cereal,3
document.writ,3
dumbest,2
quot,2
compa=,5
ny,4
attack,2
themselv,3
l,15
euro,2
1.2,5
ent,6
clear,22
ly,11
lawsuit,6
twice,2
post,9
tion,10
focu,17
quit,8
letter,4
feisti,2
pledg,2
advanc,5
recent,26
spirit,2
wh=,8
en,6
becaus,26
rabbit-from-a-hat,2
style,2
ad,8
csfbdirect,2
=3d=3d,2
the=20,2
ouch,7
cooper,6
sean=20,1
12:16,1
epm,3
week.html,1
=09thestreet.com,1
=09realmoney.com,1
=09profession,1
image=,1
=09subscrib,1
=09special,1
=09help,1
=09=09,5
search,2
sear=,1
brief,1
mover,4
wire,2
sto=,2
rie,1
tech,1
person,18
financ,11
econom,2
ipo,2
split=,1
wireless,3
rea=,1
ltime,1
tracker,1
glossari,1
thestreet,1
featur,3
im=,1
age,3
realmoney,1
trial,1
era,2
chartman,1
acti=,1
plu,2
ima=,1
GE,1
=09=09=09market,1
du=,1
mbest,1
k.c,1
swanson,1
rep=,2
orter,1
06:59,1
edt,1
fight,4
beneficia=,1
ry,3
scare,7
AG,1
bayzi,1
otc,1
BB,2
adr,1
com=,4
mentari,1
german,1
chemic,1
gain,20
10.4,1
investors=,1
ahead,11
makes=,1
treatment,1
overal=,1
30.9,1
nalyst,1
acquisit,14
aven=,1
ti,1
cropscienc,1
crop,1
dema=,1
nd,14
context,2
j.p.,1
approxim,14
border=3d0,1
hei=,1
ght=3d,1
280,1
width=3d,1
336,1
emerg,8
pr=,6
obabl,1
wo,4
overal,5
643,1
antibiot,1
combat,1
bioterrorist,1
sum,3
sp=,2
besid,2
on=,5
produc,12
though,2
patent,1
ere,4
congress,6
v=,1
ersion,1
manufactur,3
front,2
attl,1
class-act,1
anti-cholesterol,1
implica=,1
ted,3
death,1
forc,6
withdraw,2
mar=,2
ket,2
refug,1
thin=,1
gs,1
doubl,3
itwo,1
supply-chain,1
softwa=,1
principl,3
5.5,1
or=,3
13.25,1
ot=,3
5.69,1
writedow=,1
reflect,5
amort,1
goodwil,1
aspect,5
M=,2
arch,1
fair,6
acquisi=,1
typic,2
pro,6
forma,1
exclud,5
charges=,1
extraordinari,4
measur,12
consensu,9
55.=,1
cent,14
wi=,3
th,2
disapprov,1
report=,1
trick,2
comfort,4
goe,1
mani,30
msft,1
nalysi,1
seat,5
sharklik,1
behavior,2
competito=,1
r.,2
accus,3
3,000,1
fake,1
emblazon,1
crunch,1
rival,6
false=,1
mislead,1
putdown,1
amo=,2
insult,4
not-so-clev,1
packag,2
food,4
F=,1
flagship,1
o=,22
expir,2
netwar,1
tform,1
applaus,1
gut-splittingli,1
funni,4
engi=,1
neer,1
shift,5
spokesman=,1
jim,8
desler,1
primarili,13
mic=,1
rosoft,1
theme,3
mock,1
modest,3
campaign,1
novell=,1
complaint,4
recipie=,1
clarifi,3
appeas,1
record,14
unspecifi,1
damag,3
amd'=,1
eloqu,1
probab=,1
statesmanlik,1
orator,1
rough,3
edg,2
cross,3
embarrass,1
oint,1
jerri,1
micro,1
devic,3
amd,1
thi=,3
almost,1
face,14
harsh,1
competit,25
intel,1
intc,1
ommentari,1
ago,18
fourth,4
given,11
consum,6
downturn,2
extend,7
admit,6
cal=,3
indulg,1
fist-shak,1
cite,8
so-calle=,1
hammer,1
architectur,1
processor,2
declar,1
upturn,1
kick,3
aroun=,1
surfboard,1
car,1
reev,1
admir,1
never-capitul,1
comm=,2
redund,3
everybodi,1
bette=,1
economi,4
anytim,3
soon,7
wha=,4
matter,13
interim,4
notwithst=,1
complain,1
ene,44
-=,1
duce,2
wow,7
they=,2
taken,8
sour,1
tendenc,1
has=,1
gotten,3
unsettl,1
cap,8
disappoint,1
resu=,1
lt,1
steep,1
1.01,4
ch=,2
arg,1
sharehold,12
decreas,1
kenneth,5
attribut,1
reduc=,1
shares=,1
journal,1
repurchas,5
55,5
seri,1
capit=,1
al,10
partnership,15
cfo,6
tsc'=,1
eavi,1
lent,1
enr=,1
boast,2
eek,1
expand,16
to=,8
quiet,1
labyri=,1
nthine,1
hard,6
identifi,18
exactli,1
inappropriate=,1
revel,1
least,12
bolster,1
credibl,1
whose,5
resign,2
unexpectedli,3
august,8
h=,9
fall,9
59,2
12.6,1
reprint,1
articl,12
yahoo=,1
investin=,1
G,4
handspr,1
visor,1
bonu,1
netbank,1
cboe,1
on-lin,1
learni=,1
strategi,28
'best,1
sino,1
'get,1
dlink,1
'invest,1
csfbdirect.=,1
'whi,1
'scottr=,1
ade,3
7,21
fast,6
135+,1
document.op=,1
u=3d0,1
u,2
documen=,1
t.write,1
document.clos,1
welcom,1
tour,1
map,4
privaci,1
poli=,1
1996-2001,1
thestreet.com,1
transmit,34
elpaso=20,1
corpor,40
addressed.=20,1
error,36
notifi,35
elpaso,33
IS,8
11:45,1
blowin,2
25.00,2
1.15,2
size,9
john.knock,10
elpaso.com,19
11:40,2
ps,6
whack,6
traffic,3
blow,5
bet,3
11:23,1
Do,13
forget,15
wide,7
world,17
wait,5
kickin,2
mirant,9
llc,5
calpin,3
eastern,7
l.p.,1
kendal,1
canal,1
unilater,1
modif,1
appendix,1
5-c,1
calcul,3
circul,4
susan,12
lindberg,8
713.853.0596,6
reaffirm,1
juli,2
cone,1
revis,8
mitig,5
31,4
deni,4
rehear,1
nrg,5
orion,1
epsa,1
shop,3
cancer,2
benefit,26
societi,1
kid,5
museum,1
scienc,1
crate,1
barrel,3
preview,1
nutcrack,1
cpr/first,1
aid,3
mammogram,4
lung,1
awar,1
aol.com,28
He,29
book,14
kyle,9
smile,6
school,13
linda,11
glass,4
live,7
andrea,3
hotmail.com,3
footbal,13
speech,3
graduat,3
fwd,2
savada,2
asav,2
loc.gov,2
16,12
susanskoch,2
sack,2
erols.com,4
carol,2
epstein,2
nerd,2
land,3
fli,4
feet,4
My,7
So,2
hung,2
began,9
grate,2
tell,5
gift,2
told,7
mom,2
save,12
moment,4
god,10
choic,5
archi,1
glover,1
3:35,1
M.,13
2:17,1
donna,1
markel,1
elisabeth,1
boa,1
edson,1
jgood51,1
yogab,1
deborah,1
schwartz,1
knightfaxr,1
maryann,1
roz,1
jonas.com,1
tue,1
oct,1
09:03:20,1
-0400,1
marilyn,1
yenti,1
pyenti,1
beth,1
sheer,1
bethie128,1
schugar,1
ljschugar,1
karen,1
scheinberg,1
babek,1
didi,1
ddskids1,1
gari,3
roebuck,1
brace,1
j51.com,1
reinitz,1
cathyreinitz,1
steve,21
philip,2
drsteve,1
joann,1
orlean,2
jrorlean,1
mendelson,1
stuart8901,1
starpower.net,1
ellen,1
maltz,1
ellenmaltz,1
salli,1
levitt,1
redsy148,1
charla,1
lerman,1
chlerman,1
arthur,4
lebowitz,1
grampsalot,1
rcn.com,1
klein,1
kbk.org,1
katz,1
ronaldk204,1
loi,1
gutmann,1
loislsg,1
betsi,1
grossman,1
betsmen,1
gross,2
egross,1
lonni,1
felsen,1
landsfel,1
debbi,5
epsteindl,1
barri,2
bhemd,1
cohen,1
sccendo,1
alic,1
bonder,1
ali,2
kd-cpa.com,1
berman,1
berm0842,1
freshman,1
game,36
afternoon,20
shrug,1
shoulder,1
bunch,2
run,12
ran,1
arm,1
dirt,1
grass,1
ten,3
terribl,3
sad,1
jog,1
crawl,1
tear,1
jerk,1
real,9
gratitud,1
gone,3
stack,2
stop,6
seriou,2
muscl,1
pile,1
everyday,1
laugh,2
senior,6
colleg,6
decid,9
georgetown,1
knew,1
alway,9
scholarship,1
valedictorian,1
teas,1
prepar,4
glad,1
speak,5
found,16
girl,1
love,3
jealou,1
nervou,1
smack,1
throat,1
tough,2
teacher,1
sibl,1
mayb,1
coach,1
mostli,4
someon,8
disbelief,1
kill,6
locker,1
gave,3
unspeak,1
heard,1
gasp,1
crowd,1
handsom,1
popular,2
weakest,1
realiz,1
depth,2
underestim,1
gestur,1
life,3
pass,3
act,10
angel,1
lift,3
wing,1
mysteri,1
friendship,1
circl,1
AT,10
peopl,22
_______________________________________________,1
sign-up,1
mail.com,1
//www.mail.com/,1
sr=signup,1
net2phon,1
//www.net2phone.com/cgi-bin/adforward.cgi,1
p_key=nh211jk,1
url=http,1
//co,1
mmcenter.net2phone.com/,1
format,15
firstname.lastnam,5
global,16
outlook,6
arrang,5
decommiss,3
non-standard,2
cut-off,2
lotu,2
firstnam,2
lastnam,2
non-support,2
alan,3
smith,9
robert,9
deliveri,11
signific,15
14,10
firstname.middleinitial.lastnam,1
middl,2
initi,8
announcements/corp/enron,1
10/15/2001,1
9:15,1
worldwid,2
ect.enron.com,1
ei.enron.com,1
abbrevi,1
acronym,1
new/exist,1
replac,5
space,20
period,13
append,1
robert.alan.smith,1
ensur,3
confirm,1
meanwhil,1
imper,1
gisb,27
boswel,15
cook,18
panelist,12
kormo,12
organ,21
L.,8
D.,7
michael,16
focus,21
far,14
urg,10
felt,13
lmp,21
non-jurisdict,9
i.e.,9
rodriquez,5
jr.,2
paul,9
lisa,2
larri,15
jason,2
kevin,21
dean,8
gerald,4
juan,2
thoma,5
andi,12
bill,8
ryan,8
erik,2
dave,10
sarah,9
burk,6
marti,6
menn,6
massey,13
ble,5
somewhat,7
staffer,6
singl,9
equit,6
manner,8
contract-path,6
issues=,6
real-tim,8
instrument,8
bit,8
polit,8
brownel,6
andy=20,2
4:46,2
'/o=3denron/ou=3dna/cn=3drecipients/cn=3dnotesaddr/c=,1
n=3da478079f-55e1f3b0-862566fa-612229,1
abler,1
aggarw,1
anubhav,1
allen,11
diana,8
arora,1
harri,7
bailey,1
debra,5
ballato,2
russel,2
balling,1
ted=,1
baughman,1
benchluch,1
mois,1
benjelloun,1
hicham,1
benson,10
bentley,1
corri,1
blain,1
jay,1
bolt,1
laurel,1
broderick,3
broussard,4
burnett,1
campbel,6
F.,5
capasso,2
carson,1
che=,1
choat,1
cline,1
collin,1
dustin,1
comeaux,1
keith,1
coul=,2
ter,3
kayn,8
dana,3
decook,3
todd,3
eme=,1
sih,1
errigo,1
forney,1
freij,1
garcia,2
miguel,2
gilbert,3
gilbert-smith,1
doug,1
giron,1
gustavo,1
greer,1
gu=,1
jaim,3
guerra,1
claudia,1
gulmeden,1
utku,1
gupta,7
gautam,5
Ha,1
ami,1
hanse=,1
patrick,3
hernandez,1
imai,1
rika,1
ingram,1
jenkin,4
IV,1
daniel,14
kaniss,1
king,1
kinser,1
larkworthi,1
laurent,3
laverel,1
justin,1
lenartowicz,1
lorenz,1
lotz,1
gretchen,1
lowell=,1
mack,1
iri,1
mahajan,4
ashish,4
makkai,1
marquez,1
mauricio,2
ma=,3
skell,1
mcelreath,1
alexand,1
miller,7
jeffrey,6
Oh,1
seung-ta=,1
ek,2
olind,1
pace,6
padron,1
pan,3
willis=,1
podurgiel,1
laura,11
poppa,1
presto,14
rawal,1
P=,1
roger,5
benjamin,1
rust,1
saibi,1
eric,1
schiavon,1
pa=,3
ul,1
schneider,6
bryce,4
seeli,1
serio,1
shoemak,1
simpson,1
stalford,1
stepenovitch,1
sturm,1
fletcher,1
symm,1
mark=,3
tamma,1
ramanarao,1
trejo,1
rees,1
vald,1
maria,2
vernon,4
C=,4
layton,1
wang,1
willi,3
cori,3
zipper,1
baughman=,1
edward,2
clyne,1
terri,5
dalton,1
iii,1
oscar,1
kelli,3
E.,5
sewel,1
doug=,1
valderrama,1
walton,7
roan,3
perrino,1
maurer,2
L=,3
uiz,1
hueter,1
barbara,3
A.,2
landwehr,3
hoatson,2
novosel,4
nicolay,6
christi,7
yeung,1
charl,7
summari,4
panel,10
xml,4
namespac,3
prefix,2
urn,4
schemas-microsoft-com,3
offi=,2
ce,8
practices=20,2
barpouli,3
P.,3
substitut,3
chr=,3
istiano,3
springfield,3
missouri,3
N.,3
gene=,4
ral,3
counsel,5
leroy,3
koppendray,3
minnes=,3
ota,3
florida,3
light,4
mpani,5
observ,8
left,4
la=,3
te,5
perhap,10
70,7
simpli,5
seeme=,2
lean,3
fo=,6
rward,3
ward,2
quickli,6
recogn,3
tha=,5
iscuss,2
rein,5
tangenti,3
noticea=,2
veil,3
org=,2
aniz,2
common,13
discussions.=20,3
deliver,3
ne=,5
ede,3
probe,3
scope,5
panel=,3
ist,3
definit,5
languag,3
langua=,3
ge,7
formal,4
varie=,3
urgent,3
mandatori,6
rigid,3
sta=,3
ndard,3
curre=,3
situat,4
topic=,3
throughout,6
mega-ord,3
you=,3
panelsist,3
leadership,4
mandat,4
idea,4
bu=,5
concept,5
cautiou,4
investig,6
electron,8
sc=,3
hedul,3
collabor,3
que=,3
stion,3
korm=,3
os,3
specifi,3
guid,5
se=,5
ction,4
wrote,4
violat,5
occu=,3
nonetheless,4
effici,5
there=,4
accommod,3
sch=,4
edul,4
protect=,3
ing,10
uncov,5
llow,3
loop,4
flow,5
flow-bas,3
parallel,3
grandfath,3
ior,3
transfer,11
reti=,3
solut,15
unbalanc,3
limit,17
sche=,3
dule,3
ancillary=,3
treat,5
fina=,3
ncial,3
polr,3
facilit,6
proce=,3
ss,5
method,9
tariff,12
technical=,3
unwieldi,3
integrate=,3
assumpt,4
Or,5
reat,5
nje,3
separ,12
templat,3
critica=,3
assert,3
solid,5
emphas,3
concret,3
questions=,3
vagu,3
ake,3
resolv,8
financi=,3
imposs,3
breathitt,5
refer=,3
concentrati=,3
hydro,13
ineffici,3
flat,4
out=,4
profess,3
backped,3
hat,8
studi,12
stood,3
assert=,3
fals,4
standard-se=,3
tting,3
bea=,3
uti,3
contest,3
severa=,3
jab,3
cont=,5
inual,3
reiter,5
interesting=,3
emphat,3
establish,17
trust,18
gi=,3
SB,3
not-too-subtl,3
passiv,3
pointedli,3
sking,3
lobbi,3
were=,4
stakehold,6
easili,3
romancin=,3
legisl,5
poin=,3
yes-m=,3
harm,4
suppos=,3
tlr,3
e-tag,3
tenur,3
resulti=,3
comments=,3
object,5
claim,12
refresh,4
memori,8
show=,3
pictur,3
paint,4
fiction,3
split,9
fold,3
gisb/eisb,3
wind,5
strongli,4
ur=,3
ged,4
advocaci,3
leade=,3
rship,4
s=,25
omewhat,3
enthusiast,3
would=,3
andy.rodriquez,3
713-345-3771=20,3
cpu,8
eb,7
8:00:00,11
malcolm,8
713-345-3716,8
configur,5
reboot,7
mainten,7
IP,4
sombra,4
acta,4
mirror,4
cach,4
modul,4
ecach,4
pariti,4
bug,5
disk,8
layout,4
5:30:00,4
interv,3
EI,7
3:30:00,2
11:30:00,2
migrat,5
3ac,17
failur,2
rout,4
1:30:00,3
9:30:00,2
mailserv,2
sap,2
reconfigur,2
patch,3
regress,2
board,9
enw,4
prowler,1
firewal,1
shirkoff,1
713-853-1111,1
8th,1
consolid,5
8,19
9,18
micah,1
stagg,1
713-345-1696,1
ein,1
integr,12
static,1
44,4
denni,7
mcgough,1
713-345-3143,1
7:30:00,2
hr-db-1,1
databas,2
brandon,2
bangert,2
713-345-4904,2
calkin,2
713-345-7831,2
raj,2
perubhatla,2
713-345-8016,2
281-788-9307,2
8:30:00,3
6:30:00,2
2:30:00,2
1st,2
3rd,2
dalak,1
malik,1
713-345-8219,1
cnote,1
trey,1
rhode,1
345-7792,1
local/domestic/foreign,1
n/a,1
ricafrent,1
713-646-7741,1
adcupkilo,1
adcupklima,1
quark,1
enlighten,1
automount,1
task,2
neptun,1
tagg,1
emerald,1
growth,13
pull,5
spectr,1
test/dev,1
multipl,7
dev,1
window,1
2924,1
token,3
ring,1
config,1
2948,1
minim,1
exposur,4
page,5
prevent,4
sutherland,1
713-345-7192,1
bruce,2
mikulski,1
713-853-7409,1
nguyen,1
713-853-0691,1
27,7
amend,5
nyiso,23
autom,2
procedur,10
er01-3155,1
draft,2
york,16
multi-hour,1
day-ahead,4
er01-3147,1
interven,1
complianc,1
er01-2536,1
pursuant,1
sept.,8
revenue-neutr,1
translat,2
in-citi,1
ucap,1
fromer,2
518.427.0531,1
agenda,7
claudett,10
ginger,2
2:06,1
herndon,3
belden,5
tim,12
harvey,5
meyn,5
aucoin,6
berney,6
C.,7
dernehl,1
muhl,1
gil,1
10/24/01,1
southeast,1
gridflorida,1
midwest,4
TJ,5
caminu,33
altra,28
pipelin,11
sector,25
particular,9
synergi,5
competitor,14
net,9
nucleu,3
wholesal,31
segment,8
european,25
deregul,7
milli=,2
tr=,5
we=,4
commod,7
tradin=,5
zai,2
ystem,2
consequ,6
platform,4
physic,21
lodestar,2
cam=,2
inu,4
europ,16
11,15
Q,3
compar,11
3Q,12
nich,2
dynegi,93
illinoi,2
leadin=,5
growing/shrinking=,5
//secure.scientech.com/specialpages/multi_client.asp=,5
partner,11
full-servic,2
provider=20,1
camz,1
anno=,1
unc,1
held,11
orp,1
swap,1
1.975,1
cash,15
62,2
mi=,3
llion,4
16.05,1
forces=,1
particularli,3
thos=,2
pani,3
ascend,1
niche=,1
fuller,1
involved=,1
core,15
businesses-an,1
agreeme=,1
highli,4
cuse,1
operatio=,1
greate=,1
U=,4
irect-lin,1
manageme=,1
compon,1
overlap,1
camin=,1
producer=,1
tradespark,3
ho=,2
ustonstreet,1
etc,8
portal,1
headquart,1
prov=,1
ider,1
range=,1
factor,6
associat=,1
ckage,1
effectiv=,1
eli,1
add=,2
ress,1
rang,9
interfac,1
third-parti,2
trad=,3
genera=,2
ting,3
oil,7
track,4
thei=,2
end-us,2
advantag,9
levels.=20,1
storefront,1
web-bas,1
ansact,2
cost,31
mart,1
unveil,1
ftware,1
frontoffic,1
physica=,1
ls,1
abil,5
affe=,1
ct,6
commit,5
eport,1
80,4
li=,2
cens,2
focuse=,1
reason,10
attent,1
latel=,1
commo=,1
tra=,1
nsaction,1
houstonstreet,1
generat=,1
tandard,1
gro=,1
tocol,1
committe,2
beta,9
transactions.=,1
strateg,11
hich,1
forecast,4
un=,2
der,2
jointl=,1
raight-through,1
stp,1
vertic,1
comparison,3
ovid,1
movement,1
re=,11
portedli,1
irect,1
oasi,1
elect=,1
ric,1
checkout,1
custome=,1
po=,4
wer,3
multi-fuel,1
trans=,1
commodity.=20,1
ga=,2
both=,1
ervic,1
explo=,1
ding,1
stoner,1
wholesa=,1
consist,5
eight,1
ime,3
therm,1
terestingli,1
rovid,3
help=,1
neta,12
go=,1
vernment,1
smaller,5
britain,2
experienc,5
1983,2
valuabl,1
experience=,1
u.k.,6
itali,2
spain,2
holland,1
belgium,1
germani,7
nordic,1
countri,24
N=,4
ordpool.=20,1
fairli,4
fallou=,1
2=,4
58,1
7.7,1
11.2,1
2Q,2
61,3
7.5,1
369,000,1
14.7,1
caminus=,1
ha=,3
anticip,4
booke=,1
scheduled.=20,1
esult,1
cami=,1
nu,1
4Q,1
estim,12
al=,1
quarte=,1
opportunities=,1
henc,1
opp=,1
ortun,1
becom,19
increasingli,4
difficult,7
comprehens,2
occupi,1
allegro,1
kwi,1
solarc,1
momentum=,1
regardless,3
whole=,1
attract,3
ret=,1
ail,2
whol=,1
esal,1
energy-trad,4
clarif,2
10/16/01,1
ea=,1
rning,1
incom,4
istribut,1
3=,3
10/16,1
column,2
incorrectli,1
dynegy=,3
telecommun,8
duli,1
apol=,1
ogiz,1
confus,3
caused.=20,1
press,4
caller,2
recruit,1
numer,2
ident,1
sec,8
depart,6
inquiri,6
11/1/01,2
virtual,5
pertain,1
24,30
er01-3001,2
1000/mwh,2
certain,7
adminst,2
flaw,2
transit,6
abnorm,2
4/30/02,1
er01-3009,2
10/30/01,1
er01-3153,2
er01-2967,2
guidelin,3
ME,9
MY,6
warm,1
OF,5
rikey,1
12:20,1
.......................................................................,1
erin,2
lord,15
behind,3
OH,2
12:12,2
dude,3
..........................................................................,1
dworkin,10
manz,8
built,11
unbias,8
jose,6
maher,6
differ,23
mashe,4
rosenqvist,4
delgado,4
joint,6
settl,7
kV,4
intellig,6
overbuild,4
transco,5
pane=,2
degado,2
dworkin=,2
chair,2
vermont,5
psc,3
VP,2
bonnevil,2
lara,2
pse,3
return,10
q=,2
uestion,2
initi=,2
howev=,2
R=,2
solv,3
possib=,2
ther=,2
identifica=,2
backstop,2
rais,7
atc,2
miso,3
op=,4
erat,5
divestitur,11
iou,3
coop,2
muni,3
million=,2
1billion,2
vestment,3
prioriti,3
affect=,2
environment,2
line=,3
ide=,2
multi-st,2
project=,2
us=,3
fcc,2
input,2
local,4
uniqu,7
characterist,3
cess,2
freedom,3
learn,13
signal,3
sourc,8
push,3
ave,2
avoid,4
take=,2
ans=,2
merchant,4
compens,2
rfp,2
Is,2
exp=,2
ansion,2
away,7
frozen,3
debat,5
Y=,2
ou,2
muddi,2
13=,2
right-of-way,2
345,2
extra,3
cost=,2
dis=,2
pute,2
appeal,8
cong=,2
estion,2
oppose.=,2
built=,2
beneficiari,2
emin,2
domain,2
say=,2
i.e,2
discuss=,2
b,2
facilit=,5
prime,2
michaela,2
distort,2
aura,2
secondari,2
hav=,4
proper,2
dick,6
o'neil,2
wouldn'=,2
t.,2
everywher,2
ydro,2
explicit,2
measure=,2
ought,2
reject,2
bpa,2
mode=,2
twea=,2
ks,2
bilater,3
self-schedul,2
output,4
permi=,2
river,2
optim,6
max=,2
imiz,2
coal,3
summat,2
hould,2
disagr,2
ritic,2
accomplish,2
si=,2
nce,3
accountabil=,2
iti,6
loos,2
mistak,2
tension,2
30th,1
disast,1
team,7
borrow,1
t.jae,6
713-853-5800,6
fax,6
713-646-8272,6
713-539-4760,6
chart,5
kase,4
technic,6
bird,3
logic,2
basic,13
exit,2
4-5,6
discount,6
marriott,2
texa,6
buyer,7
taught,1
systemat,1
orient,1
ascertain,1
profit,13
cut,3
stochast,1
state-of-the-art,1
cynthia,2
covet,1
technician,1
award,1
resist,5
techniqu,1
momentum,1
diverg,1
candlestick,1
elliott,1
wave,3
flag,1
statist,10
845.00,1
795.00,1
regular,2
995.00,1
895.00,1
kaseco.com,1
505,2
237-1600,1
plead,4
4:29,1
steff,2
jame,2
kingerski,1
guerrero,1
janel,1
allegretti,1
shapiro,1
kean,1
steven,3
brown,6
luiz,1
twigg,1
thane,1
lavorato,4
kitchen,5
louis,7
dietrich,4
delainey,4
duran,5
calger,2
christoph,4
nord,2
sue,5
elimin,2
sunset,1
affidavit,1
ruff,1
phd,1
ae,56
cantv,26
latin,12
venezuela,11
takeov,18
venezuelan,4
verizon,4
edelnor,4
riski,4
chile,3
volatil,7
bakk,4
buyback,2
monopoli,2
m=,7
premium,4
aug.,2
maintain,10
worker,2
brazil,4
penetr,3
perceiv,4
react,5
surmis,2
tor,5
significantli,7
nevertheless,3
perspect,9
electrif,2
brick,1
acquisition=20,1
anomima,1
nacion,1
telefono,1
1.37-billion,1
hostil,5
bid=,1
showdown,1
u.s.-bas,2
direct=,1
biggest,2
recommend,4
perce=,1
depositari,1
4.29,1
proposal=,1
set=,2
flung,1
gauntlet,1
lway,1
bi=,2
bite,1
takeove=,1
alli,1
nyse=,1
VZ,1
28.5-percent,1
stake,3
15-percent,1
aggress,3
ontrol,1
with=,3
ight,1
highlights=,1
americ=,1
heel,1
ut,2
ecuador,1
background,5
6.9,1
f,9
electricidad,1
de,2
caraca,1
venezuel=,1
at=,2
tempt,1
decad,5
telec=,1
ommun,1
domest,1
internatio=,1
nal,1
long-dist,1
obil,1
cellular,1
value=,1
-ad,1
nation=,1
telephon,5
year=,2
fixed-lin,1
telep=,1
hone,1
2.6,1
28.57-million,1
u.s.-list,1
3.43,1
200,5
traded=,1
9.2-perc=,1
21.98,1
ich,2
cri=,1
tic,1
off=,2
mobil,3
proce,4
shareholders.=20,1
recept,1
hos=,1
tile,1
ement,1
10.9-per=,1
resistan=,1
wil=,2
ae=,2
contr=,1
ol,1
9.2-percent,1
T=,2
derail,1
attem=,1
pt,8
rational,1
tw=,1
ofold,1
ameri=,1
rgentina,1
ink,1
376-million,1
jersey-bas,1
ente=,2
rprise,2
pseg,15
te=,1
nder,1
outstand,1
loan,1
certificate=,1
empresa,1
electrica,1
del,3
nort,1
grand,1
onsist,1
716,1
1,056,1
kilomet,2
fa=,1
endesa,1
domin,1
deriv,5
hroughout,1
wherea,3
diversifi,4
across,10
uni=,2
asia,1
heavier,1
constitute=,1
proposit,3
variou=,1
countries.=20,1
128-million,1
ta=,1
keover,1
chilean,1
corp=,2
announc=,1
sink,2
unles=,1
repay,1
decisio=,1
reac=,1
ongo,5
factor.=,1
1.25,2
1.45,1
1.75,1
1.90,1
blam=,1
poor,5
currenc,1
brazilian,2
dollar,3
inabl,1
nticip,1
mohav,1
drop=,1
edelnor.=20,1
24.25,1
12.25,1
52-week,3
73,1
14.81.=20,1
2.94,1
8.3,2
pe=,3
rcent,2
20-month,1
32.65,1
reassur,2
ocus,1
repres=,1
ventur,2
br=,1
azil,1
bolivia,1
nnounc,1
imprud,1
sec=,1
heavili,2
entr=,1
ench,1
prone,2
spoke,4
coupl,1
dow=,1
nturn,1
cipe,1
ver=,1
popul,2
23.5,1
elat,2
asset-rich,1
particula=,1
rli,1
nezuela,1
proven,1
77,1
extra-heavi,1
bitumen,1
rank,3
supplier,2
il,1
crude,1
ition,1
exclus,1
argentina,2
chile=,1
etc.=20,1
overshadow,1
lati=,1
when=,2
only=,1
bill=,1
flood,1
wildli,1
optimist,1
ex=,2
pectat,1
seemingli,1
exagger,1
scale,2
howeve=,2
ensu,1
bottom,6
fallen,2
creas,1
bandwidth,6
outpac,2
analyz,2
depar=,1
engag,1
125,1
gigawatt,1
ork,1
deviat=,1
strategy-especi,1
danger,1
telecom-could,1
opportunit=,2
intern=,1
et,4
usag,1
struggl,5
comeback,1
buyin=,1
wise,8
involved.=20,1
conectiv,25
exelon,11
mid-merit,10
station,7
subsidiari,12
peach,5
baseload,5
mid-atlant,4
nine,11
reactor,4
fuel,10
salem,3
jersey,4
unregul,5
pepco,3
yanke,3
despit,8
atom,2
nit,2
indirect,2
52,2
facility.=20,2
ompani,3
con=,3
ectiv,2
divest,2
flexibl,7
e=,6
combin,14
rel,4
surpris,3
fleet,2
entergi,3
constel,20
pric=,3
maps.=09,3
sales=20,1
PR,1
newswir,1
civ,1
locat=,1
wholli,1
atlanti=,1
c,1
hree,1
11.3,1
imburs,1
inventori,2
adjustment.=20,1
late,8
di=,1
analyt,1
rather,8
ownershi=,1
ecaus,1
ro=,1
und-robin,1
nation'=,1
owne=,1
appen,1
breakdown,1
7.51-percent,1
164,1
co-own,1
pri=,3
servi=,1
enterpris,1
incorpor,2
y.=20,1
7.41-percent,1
167,1
5=,1
nt.=20,1
5-percent,1
95,1
etit,1
coo,1
shaw,1
strateg=,2
two-tier,1
are=,4
plant=,1
peaker,1
capacity=,1
believes=,1
ideal,1
enough,4
arbitrag,3
higher,4
1,081,1
bas=,1
eload,1
delmarva,1
conect=,1
iv,1
busi=,1
ness,1
cavali,1
richmond,1
va.,1
50-percent,1
118-mw,1
-gener,1
pedricktown,1
cogener,1
LP,1
non-ut=,1
iliti,1
own=,1
ership,1
region.=,1
epay,1
onectiv,1
4,000,1
conecti=,1
v,1
mon=,1
ey,1
500-mw,1
hay,1
road,3
S=,2
tation,2
516-mw,1
natur=,1
ge=,2
nerat,2
re-focus,1
businesses=,2
nergi,3
delawar,1
aryland,1
virginia,1
distinct,5
gulat,1
specul,1
conec=,1
tiv,1
spin,3
stand-=,1
alon,3
trend,5
aep,2
reliant,1
utilicorp,2
conectiv=,1
midst,2
restructur,4
unlik,2
xclusiv,1
merger,6
2.2,1
regiona=,1
lli,1
electri=,1
doub=,1
times.=20,1
uclear,1
obviou,1
maj=,1
oriti,1
nuclear-power=,1
ind=,1
ustri,1
corbin,1
mcneill,1
migh=,1
drive,16
u.s.=,2
alloway,1
n.j.,1
overse,1
delta,1
Pa,1
bottom.=20,1
deserv,1
1999,4
enter=,1
bidder,17
onto=,1
auction,8
con,2
indian,1
unit=,1
westchest,1
n.i,1
ent=,1
ergi,3
corporat=,1
501-mw,1
vt=,1
180,2
enterg=,1
nia=,1
gara,1
mohawk,2
nuclear=,1
780,2
614-mw,1
82,2
1,142-mw,1
221,1
559,1
mil=,1
lion,1
assets.=20,1
emiss,1
associate=,1
coal-fir,1
brink,1
resurg,1
is=,5
nucl=,2
ear,3
pebbl,1
bed,1
modular,1
pbmr,1
pbm=,1
110,1
constructio=,1
1,000/kw,1
similar,7
reviv,1
controversi,1
dustry.=20,1
505.244.7650,3
505.244.7613,4
matthew,13
matthew.lord,9
grasshopp,3
2:07,1
goibg,1
2:09,1
foremost,2
anybodi,2
beyond,3
03,2
3-6,2
5-7,2
7-10,2
200-300,2
1:08,2
'jquenet,3
enron.com',3
04,2
IF,6
BE,3
relentless,1
ON,1
UP,3
SO,3
tight,1
GO,1
12:05,1
asham,1
taunt,1
11:22,1
HE,1
'S,5
US,3
IN,5
jail,1
CA,1
10:59,7
worst,1
shown,1
desir,4
rqresume.doc,2
resum,1
profil,3
programmer/analyst,1
duti,1
convers,2
10/27/2001,47
10/26/2001,17
10/28/2001,19
vpn,3
trizechan,4
io,2
router,2
backup,5
17th,2
nortel,2
chrissi,2
grove,2
713-345-8269,2
fox,2
713-853-5337,2
shutdown,2
2ac,2
voicemail,3
telco,2
dial,6
tone,2
beforehand,2
jael,2
olson,2
713-336-2300,2
chicago,2
correctli,1
garhett,1
clark,1
713-345-9953,1
postpon,1
eeshou-fs1to,2
cluster,2
roder,2
gerlach,2
713-345-3077,2
10/287/2001,1
ei-dns01,1
ei-dns02,1
35th,1
none,1
nov.1,1
T1,1
quebec,1
brandi,1
brumbaugh,1
800-486-9999,1
6:15:00,1
4:15:00,1
12:15:00,2
10:30:00,1
4:30:00,1
nrc,11
yucca,30
mountain,28
wast,19
repositori,15
suitabl,5
ton,6
metric,2
shipment,3
respond,6
bellemar,2
vice,5
brian,8
o'connel,1
p.e.,1
naruc,1
schlueter,1
mcgaffigan,1
readership,1
-the,1
963,1
unusu,1
nwpa,1
concurr,1
preliminari,1
institut,2
nei,1
30,000,2
40,000,1
137,1
fullest,1
extent,3
contractor,4
3pm,1
2:04,1
okay,2
3:00,5
3:30,3
goldman,9
sach,4
driven,3
nearli,5
seven,2
condit,5
poindext,2
other=,2
shattuck,2
contribut,6
slow,3
margin,3
achiev,3
505.244.7607,1
catch,2
issue=,2
swatch,2
times=20,1
president=20,1
ceg,1
proje=,1
shelv,1
it=,1
GS,1
minor,1
spin-off,1
ahead.=20,1
lowest,1
years-down,1
45,3
inc,2
parts.=,1
aye,1
ff,1
improve.=20,1
dramat,5
weak,2
company-separ,1
cu,1
leverag,1
sheet,8
participa=,1
united=,1
that=,4
simpl,1
profound,1
chan=,3
christian,1
confere=,1
costli,1
355,1
power-market,1
agree=,2
ment,2
159,1
96,1
200-million,1
expens,2
qua=,3
rter,3
split-up,1
amic,1
relationship,1
mid-nineti,1
break,8
en=,7
17.5-percent,1
maryland,3
mayo,1
II,1
elect,5
nov.,11
2001.=,1
deutsch,1
B=,1
anc,5
sai=,2
niagara,1
generatin=,1
constella=,1
ale,1
ixe,1
2009,1
extended.=20,1
bul=,1
k,2
domest=,1
ic,2
0.89,1
1.00,3
hare,4
slightli,4
higher=,2
0.87,1
0.98,1
rd-quarter,1
third-quart,3
1.33,1
0.69,1
beat,2
1.10,1
1.28,1
onfid,1
year-end,3
4.10,1
soften,1
lehman,1
brother,1
alleghen=,1
4.03,1
price=,2
high-fli,1
price-to-e=,1
arn,1
p/e,1
exceed,4
ov=,2
roots-scrap,1
oversea,1
operations=,1
brought,2
softe=,1
ning,1
patterson,1
abn,1
mro,1
appar,2
onsecut,1
revamp,1
emphasi,1
long-term=,1
long-ter=,1
lat,1
respons=,1
one=,1
fu=,1
ndament,1
respe=,1
past-compani,1
strive,1
reliabi=,1
liti,1
sig=,1
nificantli,1
rethink,1
conste=,1
llation,1
conclud,2
mass,1
busin=,1
ess,2
conclus,1
opportuniti=,1
greater,1
devil,1
eat,1
die,1
human,8
someth,25
anim,10
deadliest,8
12:58,1
12:27,2
'sea,3
wasp',3
12:19,3
searchingh,4
buck,8
hippo,4
revers,4
goldfish,4
12:14,4
guess,7
you'r,1
bother,5
anymor,5
12:10,5
mckula,7
wed,7
napa,7
babi,7
1/2,7
preggo,7
gotton,7
quiet/slow,7
mtg,10
11-3,7
MM,15
grade,8
simmon,7
P,5
d/tc,5
write-down,5
impair,4
fear,5
break-up,3
anderson,5
3q01,3
coverag,3
neg,7
liquid,3
counter-parti,2
roughli,3
india,4
250,5
bbb+,2
median,2
ebit,2
ebitda,2
16.2,2
convinc,4
dietert,1
-80,1
7.5xfy02,1
imagin,1
draw,1
coven,1
regain,2
persuad,1
strength,4
recognit,1
step-up,1
self,1
fulfil,1
propheci,1
viciou,1
cycl,1
incent,1
explan,1
if/when,1
bullish,1
absent,1
gut,1
eventu,1
upsid,1
25+/sh,1
16/sh-see,1
toler,2
intent,1
1q02,1
890,1
390,1
puerto,1
rico,1
4q01,1
ratio,1
48,7
portland,6
fcf,1
break-even,1
fy02,1
3.5x,1
bbb,1
47.4,1
ebitda/int,1
exp,1
6.1x,1
non-invest,1
61.3,1
3.8x,1
ene',1
noncompetit,1
trigger,2
issuanc,1
convert,1
off-bal,1
vehicl,4
advers,1
company',1
imped,1
rebuild,1
2.7,1
ttm,1
450,1
4x,1
820,1
6x,1
6.1,1
B.,1
pge,1
2.9,1
vs.,3
16/sh,1
scenario,2
compromis,1
PP,1
168,1
12-month,1
4q00,1
elektro,1
dabhol,1
tg,1
ripe,1
threaten,1
under-perform,1
hidden,1
belief,3
over-react,1
solidifi,1
extens,2
trail,1
attorney,1
fastow,5
wrong-do,1
qualit,1
obtain,2
warrant,1
accuraci,1
notic,3
advisor,1
underwrit,1
relianc,1
upon,6
rockland,6
400,3
divis,3
NJ,2
joi=,1
pj=,1
terr=,1
itori,1
bergen,1
norther=,1
passaic,1
sussex,1
division=,1
inte=,1
rconnect,1
requ=,1
est,3
appro=,3
orang,1
rockland=,1
56,000,1
mostly=,1
residenti,3
138-kv,1
69-kv,1
35.9,1
ile,1
35-kv,1
12.4,1
fil=,1
daycar,3
creme,4
deduct,2
moni,1
prompt,5
owe,2
600,3
therefor,14
info,4
25th,2
nonspecif,1
law,6
unsubstanti,1
serious,1
presenc,1
suspici,1
3-6200,1
seper,1
excel,5
re-open,2
filter,1
6:43,1
eol_all_swaps.xl,1
-narsimha,2
machin,2
litig,5
document,4
defend,2
preserv,2
former,6
court,6
employ,6
reform,2
accordingli,1
normal,3
destruct,1
shall,1
handwritten,1
agent,1
liabl,1
civil,1
crimin,1
penalti,4
fail,3
instruct,2
vigor,1
meantim,3
derrick,1
713-853-5550,1
cst,8
upcom,3
3:00pm,3
8:00am,2
hewitt,1
jeopard,1
reconcili,1
varieti,2
weigh,1
mammographi,2
rose,6
1:30,1
studio,1
deadlin,2
van,1
12-16,1
p.m,1
spous,2
retire,2
85,2
payabl,1
appoint,4
713-745-4000,1
//www.mdanderson.org/departments/mobilemamm/dindex.cfm,1
pn=29c87a2e-b66a-11d4-80fb00508b603a14,1
non-profit,2
medic,1
insur,1
//www.the-rose.org/,1
gss,2
800-97-enron,2
worldphon,2
pin,2
1-800-97-enron,2
two-year,1
wherebi,1
mci,5
worldcom,7
c.s.t,1
code,3
wallet,1
//home.enron.com:84/messaging/mciannouncement.doc,1
1-800-973-6766,1
destin,1
0-800-97-enron,1
800-973-6766,1
U.,1
S.,3
moor,1
713-345-5552,1
hasan,1
imam,1
713-345-8525,1
array,2
sysadmir,2
edi_qa,1
re-org,1
assign,1
kratzer,1
713-345-7672,1
tino,1
valor,1
713-853-7767,1
hr-db-4,1
db-4,1
1:45:00,1
2:15:00,1
11:45:00,1
7:45:00,1
8:15:00,1
clock,1
adjust,1
daylight,1
precaut,1
713-853-4545,1
lindsay,1
713-853-6225,1
713-853-6551,1
lucent,1
siniard,1
713-853-0558,1
tonight,8
tennesse,7
chose,2
43,7
upset,2
oklahoma,1
nebraska,1
auburn/arkansa,1
ucla/stanford,1
oregon/washington,1
st.,1
orleans/st.loui,1
NY,1
giants/washington,1
minnesota/tampa,1
arizona/dalla,1
aliv,2
outright,5
38,1
victori,3
fewer,2
36,3
37-42,1
score,3
unless,3
prize,5
102,6
reagan,3
mathew,2
chapman,1
rick,7
guali,2
michel,2
wilk,2
pat,2
hans,2
coulter,4
carter,3
elli,3
valeri,2
ramsow,2
varga,3
lowel,2
clayton,2
jester,2
brewer,3
rudi,2
acevedo,2
nevada,8
radioact,4
spent,8
underground,3
store,3
deep,4
scientist,3
vote,8
feasibl,2
radioact=,2
demonstr,2
high-level,2
oppon,2
site=20,1
dump,1
lon=,1
congression,1
favor,5
saf=,1
eti,1
uphil,1
capitol,1
sen.,1
reid,1
senat,1
leader.=20,1
na=,1
secur=,1
unearth,1
washi=,1
ngton,1
d.c.,1
paus,1
neverthel=,1
RC,1
strongest,2
endors,2
policymak,1
dawn,1
lief,1
safest,1
dispos,2
1982,1
understood,1
congressional=,1
locations=,1
depositori,1
time=,1
intens,1
cientif,1
character,2
hanford,1
wash.,2
deaf,1
nev,1
1987=,1
onl=,1
besides=,1
states.=20,1
storag,3
weapon,1
administration'=,1
sources=,1
considera=,1
bli,1
vast,1
unt,1
characteri=,1
stic,1
sit=,1
remot,1
distanc,1
100=,1
la,1
dri,1
climat,1
than=,1
inch,1
ater,1
tabl,1
800,2
.=,1
nelli,1
air=,1
atomic-bomb,1
pl=,2
ace,1
characterist=,1
capabl,7
isol,1
evolv,1
thousa=,2
10,000,1
1998,3
assumin=,1
2010.=20,1
nsensu,1
fe=,1
deral,1
cheney,1
sh=,2
leader,3
fierc,2
torag,1
kenni,1
guinn,1
ttorney,1
franki,1
papa,1
usi=,1
onto,1
burner,1
indefinit,1
recent=,1
officials=,1
su,2
gra=,1
nted,1
purpose=,1
federa=,1
dumpsit,1
radiat,1
seep,1
groundwat,1
aboveground,1
fault,1
exacerb,1
ground,2
tential,1
moun=,1
tain,1
tout,1
propon,1
bee=,2
opponent=,1
air,2
corridor,1
locate=,1
militari,1
flight,1
routine=,1
site.=20,1
heighten,2
abou=,2
cientist,1
attack-proof,1
from=,2
mountai=,1
n.,1
responsib=,1
site=,1
critics=,1
unaccept,1
vulner,5
untri,1
pre=,1
viousli,1
about=,1
ide,1
outweigh,1
potent=,1
ial,1
ultim,3
vari,2
material=,1
estima=,1
equat,1
1950,1
compare=,1
hazard,1
y=,1
300,1
chemica=,1
year.=20,1
10/24,1
590,3
notion,4
inadvert,1
omit,1
articl=,1
e.=20,1
thur,4
15th,5
10:19,1
concordia,2
KS,2
sister,2
daughter,2
pencil,2
wed.,2
14th,2
spend,3
mid-market,4
fred,2
redmond,2
frank,2
alloc,6
producer/wellhead,1
wellhead,1
lagrasta,1
u.,2
unchang,1
whitt,1
luce,1
vicker,1
tycholiz,1
congratul,1
mcmahon,1
unparallel,1
qualif,1
thorough,1
absenc,1
1994,1
treasur,1
broadband,10
dilut,5
enro=,4
dispar,3
non-cor,4
g=,3
tale,2
286,2
marketplac,4
illustr,3
ost,2
junctur,5
mere,2
se,5
radic,2
acknowledg,4
first-strik,4
skill,7
80-million,2
entergy-koch,4
publicli,2
dyn,2
repo=,1
rting,1
share=,1
177,1
22-percent,1
14.=,1
218,1
5,778=,1
638,4
quart=,1
n-core,1
recur,2
write-=,1
393,3
47.6,2
2000.=,1
14.8,1
currently=,2
16.0,1
six-year,1
empl=,1
oy,1
20,600,1
banner,1
contrast,2
unpreced,2
turmoil,1
languish,1
ebb,2
crossroad,1
scrutini,1
dynegy-iron,1
younger,1
companies-i,1
whil=,1
wrong=,1
lesson,1
cross-town,1
divergent=,1
single-m=,1
element,1
20=,1
vastli,1
d-hindsight,1
20/20-a,1
winner,2
sectors.=20,1
converg,1
1990,1
similar=,2
decid=,1
edli,1
rudimentari,1
summar,1
ph=,1
ysical,1
arsen,1
older,1
readili,1
difficul=,1
liter,4
oditi,1
necessit,1
routi=,1
neli,1
olesal,1
concentr,1
philos=,1
ophi,1
venu,2
41,600,1
1996,1
coast,2
fizzl,1
likewi=,1
promin,1
sutton,1
bridg,1
refrain,1
generati=,1
10k,1
ron,8
2,015,1
owner=,1
ship,4
drastic,1
perat,1
crystal,1
fr=,3
om,1
chuck,7
watson,7
supports=,1
sustain,2
1995,1
been=,1
bing,1
ener,1
27,000,1
gas-process,1
14,0=,1
00,1
geograph,1
area=,1
s.,2
70,000,2
ass=,2
notabl,1
cquir,1
illinova,1
replic,2
wher=,1
gland,1
ay,2
hird,2
263,1
bus=,2
iness,2
tween,1
phys=,1
ical,1
cour=,1
gaug,1
actu=,1
instead,3
theoret,2
shortag,1
frastructur,1
reater,1
insight,5
spread,1
watson=,1
shorta=,1
accomp=,1
lish,1
discrep,1
commodities.=20,1
ach,2
rket,1
suddenli,1
heavy=,1
fare,1
as=,1
set-laden,1
fixe=,1
asset-heavi,1
increasin=,1
gli,1
bottom-lin,1
conce=,1
rn,1
establ=,1
equir,1
equival,2
E=,5
nron,4
being=,1
rtfolio.=20,1
perfor=,1
manc,1
necessari=,1
mind,3
primarily=,1
non-recur,1
ken,10
quick,4
26-percent,1
recurri=,1
who=,1
lesal,1
d.,1
prospect,3
issu=,2
earn=,1
perfect,1
enron=,3
pride,3
plung,3
lea=,1
dership,1
then-ceo,1
sunk,2
into=,1
qui=,2
ckli,1
lucr,1
nto,1
muc=,1
non=,1
-recur,1
bleed,1
red=,1
uce,1
telecom=,1
likewis,1
slowdown,1
ector,2
15-million,1
siness,2
dyneg=,1
electricity=,1
wa=,3
business.=20,1
hen,1
dynegydi=,1
rect,1
uccess,1
incep=,1
dynegydirect,13
33,2
mishandl,1
rec=,1
ollect,1
alter,1
any=,1
taint,2
strike,1
advantageous.=,1
rtois,1
parabl,2
ortois,1
analog,1
race,4
fascin,1
bot=,1
adapt,2
mo=,3
difi,1
adamantli,1
espous,2
philosophi,1
10/23,1
u.s.-own,2
apolog,1
caused=,1
.=20,3
exne01.exch.eds.com,22
baron,14
sandbar1,6
optonline.net,6
cushman,8
ingra,4
nyzio,4
afganistan.jpg,4
'over,1
mgt,1
spill,1
wsj,1
2:47,1
cancel,3
10:52,2
'bank,3
zoe,3
'spicochi,3
elsa,3
'liepin,3
otto',3
afghanistan,2
glenn,4
wyli,4
wasilewski,4
tarallo,4
stadtman,4
sorc,4
schroeder,4
roch,4
oleari,4
nick,4
nesto,4
bobbi,4
josephin,4
menendez,4
mantion,4
krambach,4
giampietro,4
flynn,4
fanelli,4
drew,4
richi,4
draper,4
domen,4
dodg,4
villanueva,4
delitta,4
suzett,4
cherasaro,4
busichio,4
burrer,4
charli,4
bartk,4
lenor,4
pilecki,2
andrew.pilecki-,2
graff,2
david.graff-,2
estel,2
charles.estell-,2
carlo,2
riverso,2
carlo.riverso-,2
sullivan,5
patrick.sullivan-,2
falk,2
steven.falk-,2
ernest,2
ernest.peters-,2
gregg,2
fuch,2
gregg.fuchs-,2
dana.schneider-,2
lynn,2
santoro,2
lynne.santoro-,2
barbara.ingra,2
margaret,2
olsson,2
margaret.olsson,2
clara,2
colclough,2
clara.colclough,2
thompson,2
sarah.thompson-,2
'chri,2
badseed12,2
'dawn,2
oniell212,2
'internet-ron,2
rbartk,2
internetinc.com,2
'ken,2
ken_ingra,2
nyce.net,2
'neal,2
cennamo,2
nac,2
idpc.com,2
'nikki,2
daydream456,2
'si,2
liznyz,2
'steve,2
'we,2
libertymold,2
11:31,2
steeler,12
foolish,8
titan,10
anyhow,2
9:31,2
:15,3
8:48,3
ahhh,4
crash,4
burn,4
8:34,4
pot,6
8:23,5
4:20,6
tep,2
grant,3
northeastern,2
narrow,1
non-phys,1
provis,7
coswt,1
minu,1
dictat,1
er01-3086,1
v.,1
el01-124,1
x30596,1
12:55,1
furrow,4
dale,4
sharfman,1
NE,1
SE,1
judg,5
mediat,1
spp,1
allianc,1
itc,1
compat,1
certainti,1
wtc,4
advertencia.pp,3
bore,1
BY,1
10:51,1
closeup,2
10:41,2
fbi,2
tower,2
shell,21
romanian,1
9:53,1
'M,4
chines,2
accent,2
vould,2
flench,2
vit,2
dat,2
coke,2
9:32,2
pump,3
toy,3
truck,3
9:51,3
stubborn,1
offpeak,3
9:38,3
32c2,1
5pm,2
allrighti,1
8:53,1
AN,2
4:01pm,2
mabey,2
4.30,2
8:54,1
var,4
300k,3
re-adjust,1
fine,1
repeat,1
breakag,1
gautum,1
1.5,1
ben,3
garrett,1
tripp,1
frost,3
speaker,2
ercot,3
telecom/broadband,2
dialogu,1
esourc,5
host,2
summit,1
telecom/bandwidth,1
patti,1
harper-slaboszewicz,1
rod,1
woodward,1
trading/brokering/onlin,1
//esource.enron.com/hot_topics.asp,1
EB,1
5c2,1
3:30-4:30,1
meter,3
4:30-5:30,1
utilicom,1
/energi,1
overview,1
rsvp,4
taylor,4
5-7928,3
11th,1
heal,1
blueprint,1
6:15,1
6:50,1
7:00,1
9:00,1
JW,1
galleria,1
westheim,1
admiss,1
713-303-3966,1
log,1
www.enronoperationhope.com,1
banker,10
Be,7
tip,7
obstacl,4
sean,2
8:49,2
sawyer,2
7:43,2
28,4
darl,2
collaps,2
royal,2
dutch/shel,2
11.5,2
digest,2
cerri,2
tavinor,2
spokeswoman,2
anglo-dutch,2
giant,6
rumor,2
unsuccess,2
downstream,2
intergen,2
bechtel,2
foray,2
pulp,3
prove,2
cherri,2
fusaro,2
lay',2
unwilling,2
recov,5
unwil,2
roughshod,2
intellectu,2
jump,2
skeleton,2
selloff,2
24th,2
4-,1
30c1,1
kingdom,11
contin,6
union,3
ekt,2
ntli,2
txu,2
terawatt,2
government,2
incumb,2
lack,3
arket,2
kin=,2
gdom,2
continent,2
boo=,1
sting,1
netherland,1
subst=,1
antial,1
rade,1
uday,1
narang,1
trading.=,1
paperwork,1
austria,1
net=,1
herlands.=20,1
significa=,1
scan,2
stren=,1
gthen,1
sharpli,2
trading=,1
soar,2
200=,1
211,1
tinent,1
97,1
unnamed=,1
midland,1
fourth-larg=,1
8,000,1
1,875-mw,1
unrel,1
denomin,2
ung,1
drove,2
inhe=,1
rent,1
embrac,1
compe=,1
tition,1
kn=,2
facilita=,1
acr=,1
oss,1
ob=,1
viou,1
de=,2
mand,1
69,000,1
consumpt,1
grown,1
erhap,1
country-by-countri,1
ment=,1
acc=,1
umul,1
ut=,1
ilicorp,1
1990=,1
norway,1
drawn,2
fi=,1
rst,1
ye=,2
ar,2
commenc,1
three=,2
provi=,1
sup=,1
plier,1
third-par=,1
ty,2
dismantl,1
previo=,1
usli,1
state-own,1
ration,2
68.4,1
EU,1
lectric,1
service=,2
ransit,1
fully=,1
franc,1
notori,1
hesit,1
third-pa=,1
rti,1
neig=,1
hbore,1
prob=,1
lem,1
deficient=,1
border,1
heterogeneo=,1
acce=,1
nite,1
ef=,1
ficient,1
settlem=,1
unde=,1
power=,1
half-hour,1
marke=,1
oversight,1
fraught,1
excess,2
manipul,1
formul,1
culmin,2
tenet,1
ke,1
eal,1
on-the-day,1
adv=,1
seller,5
multilater,1
unite=,1
mechan,3
overseen,1
var=,1
reliability.=20,1
resent,1
strict,1
part=,1
match,1
electricity.=,1
nutshel,1
sharpen,1
surround,1
tradi=,1
mprovement,1
appare=,1
chanc,2
compet,2
315-percent,1
25-perce=,1
six-fold,1
produ=,1
150,1
regist=,1
ontin,1
60=,1
dutch,1
amsterdam,1
switzerland,1
leipzig,1
frankfurt,1
conti=,1
nue,1
pad.=20,1
dust,1
print,1
11:55,1
lmao,2
freakin,2
11:39,2
moder,3
crowd.,3
crack,3
till,3
h-d,10
motorcycl,8
wisconsin,5
harley-davidson,3
bike,2
sqft,2
governor,2
industrialinfo.com,2
yard,2
guttur,1
rumbl,1
roar,1
denot,1
motor,1
milwauke,1
Wi,1
hdi,1
1903,1
davidson,1
tank,2
1905,1
constantli,1
ever-increas,1
curv,1
millennium,1
bode,1
grassroot,1
pennsylvania,1
brand,1
wauwatosa,1
75,000,1
squar,1
foot,1
65,000,1
scott,1
mccallum,1
qualiti,1
viabil,1
200,000,1
mileston,1
celebr,1
centuri,2
heavyweight,1
accessori,1
apparel,1
merchandis,1
industrialmanufacturingroup,1
www.industrialinfo.com,1
8:55,1
t.j.,1
=09nicolay,1
=09monday,1
11:57,1
=09kitchen,1
dougla,3
vorato,1
forster,3
ger,3
foster,3
H.,3
c.=,1
jacobi,3
=09fw,1
=09walton,1
=09wednesday,1
10:17,1
citizen,3
-he,3
frustrat,2
carolina,2
-she,2
uphold,2
statut,2
echo,2
gold,2
star,2
11:59,1
6:19,1
occas,1
arriv,1
readi,1
fame,1
highlight,1
mute,1
verbal,1
rhetor,1
disgust,1
similiar,1
alot,1
whine,1
discont,1
catherin,1
riley/maryland,1
solemn,1
oath,1
constitut,1
impli,1
dilig,4
honest,1
overboard,1
backfil,1
woefulli,1
inadequ,1
evidentiari,1
sam,1
ervin/north,1
bulk,1
brutal,1
sugar,1
coat,1
arnetta,1
mcrae/delwar,1
kept,1
repeatedli,1
frame,1
rori,1
mcminn/new,1
-repeatedli,1
carl,1
wood/california,1
portray,1
washington,1
forev,1
-ferc,1
sooner,1
glen,1
thomas/pennsylvania,1
stride,1
explos,1
green,3
judi,1
jones/ohio,1
-wa,1
parochi,1
svanda,1
Ed,1
garvey/minnesota,1
lengthli,1
essenc,2
arthur/connecticut,1
hadley/indiana,1
huelsman/kentucki,1
nugent/,1
commentor,1
DC,1
irvin,1
rambl,1
pinpoint,1
standpoint,1
commision,1
tenor,1
612-339-4599,1
l.=20,1
lavo=,1
rato,1
calge=,1
prefix=,1
orward,1
notice=,1
ganiz,1
unabl,1
cdt,1
imperi,2
ballroom,4
calgari,2
toronto,2
omaha,2
//home.enron.com/employeemeet,1
payrol,1
enrol,1
hire,1
vanguard,1
lifestrategi,1
fidel,1
chosen,2
ext,1
3-7979,1
lifestyl,1
jdrf,7
ticket,5
cyber,4
donat,4
fun,3
5.00,3
entertain,3
raffl,3
t-shirt,3
caf,2
26th,2
lunch,2
roundtrip,2
enron/jdrf,2
sneaker,2
walker,2
greenspoint,1
mall,1
a.m,1
//ecpdxapps01.enron.net/apps/auction.nsf,1
eg,1
11:30,1
fajita,1
trim,1
taquera,1
sol,1
mango,1
punch,1
airlin,1
airway,1
10.00,1
bake,1
cake,1
cooki,1
watch,2
houstonian,1
tent,1
gulf,1
janic,1
riedel,1
x-37507,1
phillip,3
x-36898,1
generos,1
mcconnel,1
gas-to-electr,2
knowledg,1
412-279-9298,1
//www.pgsenergy.com/schedule.html,1
maxim,1
1,295,1
seminar,1
895,1
attende,1
1,600,1
695,1
495,1
adamiak,1
pg,1
3:44,1
newpow,13
departur,4
fro=,4
mutual,2
he=,2
avi,1
avorit,1
quarterli,1
3.32,1
11.45,1
25.68,1
21.99,1
invest=,1
ors.=20,1
instil,1
investor=,1
turbulent=,1
depa=,1
rture,1
suspect,1
tumbl,1
downw=,1
ard,2
company=,1
cor=,1
costl=,1
lesson-nam,1
company'=,1
innov,1
compromis=,1
unre=,1
overshadow=,1
company.=20,1
los=,1
on-cor,1
broadband=,1
287,1
wastewat,1
cha=,1
rge,1
downsiz,1
sever=,1
544,1
544-million,1
figur,1
newpo=,1
lau=,1
nched,1
ibm,1
atio,1
2002.=,1
bef=,1
ore,1
write-off,1
2000.=20,1
ab=,1
newpowe=,1
devast,1
financial=,1
ontinu,1
incur,1
forese,1
specificall=,1
6=,1
1.12,1
1.20,1
60,2
8/8/01,1
www.scientech.com/rci,2
cu=,1
stomer,1
dte,1
rompt,1
impress,1
spurt,1
reportedly=,1
widen,1
absorb,2
dichotomi,1
result.=20,1
allevi,1
woe,2
rev=,2
ise,3
master,2
cas=,1
collater,1
jan.,1
mak=,1
resour=,1
conduct,4
asset=,1
-base,1
steadi,1
brash,1
hubri,1
art,1
stree=,1
whe=,1
all=,1
unrealist,2
enron'=,1
unanticip,1
iber-opt,1
lock,2
rece=,1
brew,1
inquiry.=,1
relate=,1
reque=,1
st,3
aim,2
constell=,1
ation,1
weaken,1
ck,1
trader.=20,1
emain,1
reit=,1
gas-pipelin,1
cloud,1
rformanc,1
neverthele=,1
diversif,1
steel,1
veral,1
rd,1
setback,1
reshap,1
change.=20,1
12:45,1
Ok,2
11:42,2
thurs-fri,3
nfl,2
eagl,2
doubt,2
underdog,1
pittsburgh/tampa,1
carolina/washington,1
baltimore/cleveland,1
england/indi,1
atlanta/new,1
denver/san,1
bay/minnesota,1
buffalo,1
jacksonvil,1
carolina/clemson,1
wisconsin/illinoi,1
usc/notr,1
dame,1
39,1
32,1
philli,1
30-35,1
closer,2
60-70,1
muschar,1
grubb,1
2nd,1
inconvien,1
balance.htm,14
10:23,1
22.00,2
FG,2
vs,2
10:09,2
eei,1
7/26/01,1
referenc,1
CP,1
livelink,1
badg,5
photo,3
video,3
entranc,2
teleconfer,2
valid,3
patienc,1
stream,1
audio/video,1
houston-bas,2
//home.enron/employeemeet,1
follow-up,1
teleconferenc,1
sao,1
paulo,1
bueno,1
dubai,1
rio,1
janeiro,1
bothel,1
denver,1
ramon,1
yvonn,1
francoi,1
345-8725,1
sheet.xl,3
hahn,1
apb,1
6320,1
quadrangl,1
dr.,1
380,1
chapel,1
NC,1
27514,1
919,1
969-9779,1
www.apbenergy.com,1
1019optsheet.xl,1
1017,1
1018,1
1019,1
tom.hahn.vcf,1
lexis-nexi,11
interact,6
clinic,5
dow,5
jone,5
clip,3
eb560,3
gear,2
novic,2
nexis.com,2
eb572,2
100.00,2
no-show,2
200.00,2
placewar,2
dji,2
liabil,2
2:30,1
login,1
guest,1
anywher,1
713-345-7928,1
stephanie.e.taylor,1
conveni,1
zone,1
personalizing/custom,1
tailor,1
display,1
headlin,1
folder,1
automat,1
//esource.enron.com/training.htm,1
vendor,1
reset,1
713.853.3081,1
facsimil,1
713.646.8272,1
2:30pm,1
3221a,1
municip,7
defeat,6
rescu,4
bankruptci,3
absente,3
ballot,3
outcom,3
merg,3
cultur,2
conjoin,2
itor,2
led,2
enrononl=,2
transaction=,2
ther,2
district,2
lew,2
6.35,2
dividend,2
paid,2
talli,2
533,2
mer=,2
direc=,1
item=,1
9-billion,1
ill,1
ader,1
this=,1
ens,1
instabili=,1
eir,1
assimil,1
sepa=,1
principal-bas,1
importa=,1
nrononlin,1
electronic-trad,1
compet=,1
ecord,1
incept,1
notion=,1
el=,1
ectric,1
alth=,1
principal-ba=,1
sed,1
ei=,1
online=,1
ver,1
became=,1
propri=,1
etari,1
one-to-mani,1
anon=,1
ymou,1
many-to-mani,1
multiple=,1
revious,1
espe,1
spu=,1
rt,1
amr,1
exchan=,1
grew,1
epar,1
forrest,1
750,1
leap,1
400-billion,1
3.6-trillion,1
urc,1
south=,1
ern,1
util=,1
3.3,1
u.=,1
ronald,1
cons=,1
umer,1
second-largest,1
cred=,1
repetit,1
vict=,1
ori,1
painstak,1
urt,1
temporarili,1
regula=,1
years.=,1
circuit,1
agai=,1
nst,1
second-large=,1
6-billion,1
continui=,1
impos,1
cision,1
counter,1
judici,1
cpuc-endors,1
ori=,1
ginal,1
af=,1
unconstitut,1
sce'=,1
procurement-rel,1
abo=,1
otect,1
freez,1
prom=,1
debt=,1
42,2
oner,1
bey=,1
ond,1
pay=,1
und=,1
erli,1
tlement,1
accumul,2
fin=,1
fiscal,1
bondhold,1
ball=,1
unplug,1
fficial,1
sought,1
eighbor,1
brisban,1
slim,1
departme=,1
scant,1
vot=,1
represent=,1
ativ,1
affirm,1
strong=,1
sentiment,1
ancisco,1
pro-municipa=,1
lizat,1
rega=,1
rding,1
att=,1
ribut,1
bankrupt,1
millio=,2
voter,1
il=,1
l-equip,1
city-run,1
bureaucraci,1
leagu,1
player,1
www.scientech.com,2
omment,1
505.244.7650.=,1
staff=,1
utility=,1
technologie=,1
inter=,1
daily=,1
secure.scientech.com/issuealert,1
//secure.scientech.=,1
com/account/,1
ealert,1
cientech,1
purp=,1
ose,1
001,1
6-9,1
entitl,1
mine,1
1989,1
circumst,2
remaind,1
waiv,1
remedi,1
everyth,1
proud,1
infogrid,4
abreast,1
concis,1
accur,2
furnish,1
monthli,1
222,1
index,1
pdf,1
jbrock,1
244-7607,1
elena,1
1-888-972-8676,1
generation_infogrid_sample.pdf,1
fortun,2
22,000,2
stockhold,2
chevrontexaco,2
infus,2
1997,2
upward,2
acq=,2
uisit,2
nearest,2
competi=,2
underlin,1
evers,1
val=,1
past=,1
murki,1
spark,1
genci,1
annua=,1
includin=,1
megawatt,1
25,000,1
marketer=,1
presumabl=,1
chapter,1
saga,1
fanfar,1
maverick,1
inn=,1
ov,1
deregul=,1
unbeliev,1
grace,1
mont=,1
hs,1
ap=,1
proach,1
stun,1
rival=,1
manifest,1
tortois,1
makin=,1
smart,1
desper,1
unlikelihood,1
bigg=,1
interes=,1
dimens,1
mammoth,1
related=,1
steal,1
onsid,1
agreem=,1
0.2685,1
64,1
per=,1
approxima=,1
teli,1
1.5-billion,1
asset-back,1
by=,1
2.5,1
chevro=,1
ntexaco,1
position=,1
bergstrom,1
doti,1
ief,1
tak=,1
slash,1
jun=,1
cours=,1
honesti,1
overst,1
disregard,1
statement=,1
restat,1
slice,1
591,1
10.86,1
628,1
presu=,1
mabli,1
stronger,1
disclos,1
opt,1
busines=,1
als=,1
slow-grow,1
vivendi,1
environn,1
french,1
expand=,1
not=,1
conting,1
ossibl,1
encount,1
will=,1
fast-chang,1
abruptli,1
infusio=,1
11.7,1
substanti,1
veto,1
lped,1
regulato=,1
companie=,1
antitrust,1
iss=,1
ue,1
young.=,1
magnitud,1
der=,1
egul,1
agenc=,1
mmission,1
uld,1
fer=,1
C,1
timelin,1
shorter,1
arger,1
abund,1
regul=,1
ator,1
preclud,1
sweet,1
understat,1
leadershi=,1
unorthodox,1
opposit,1
larges=,1
54,1
ou=,1
downfal,1
ociat,1
facto=,1
rs,1
purcha=,1
quadrupl,1
accret,1
xpect,1
15-,1
20-percent,1
years=,1
necessa=,1
undisput,1
mw=,1
dwarf,1
bump,1
months.=,1
5.2,1
8.85,1
9.40,1
2.24,1
5.=,1
41,1
archi=,1
forw=,1
analyst=,1
opportun=,1
conta=,1
scie=,1
ntech,1
ow,1
informa=,1
secure.s=,1
cientech.com/issuealert,1
e-m=,1
scient=,1
ech,1
//secure.scientech.com/account/,1
unsub=,1
scribe,1
article=,1
predi=,1
ke=,1
repu=,1
health,2
vaccin,1
shot,1
first-com,1
first-serv,1
eb-312,1
health.cent,1
baltimor,5
auburn/georgia,1
iowa/northwestern,1
bay/chicago,1
miami/indianapoli,1
oakland/seattl,1
56,1
66,1
jacob,1
shupe,1
trujo,1
reschedul,1
interventions/protest,3
describ,1
er02-194-000,1
interregion,1
pilot,1
redispatch,1
l.l.c,1
er02-195-000,1
shed,1
er02-209-000,1
5.3.2,1
formula,1
2:12,1
years.,1
9:44,1
83,1
8:52,1
Bi,1
dder,1
