final,32
true,12
date,68
onli,94
holiday,48
tuesday,175
day,142
report,41
rule,12
thumb,3
monday,97
would,204
think,260
weekend,71
friday,221
look,175
appli,23
wednesday,93
cooper,707
way,72
financi,16
whatev,20
take,93
prior,13
calc,1
tru,1
catch,23
thi,829
gener,62
follow,91
includ,68
except,5
ha,142
sat,24
sun,14
mon,16
eg,1
morn,55
get,327
keep,51
thing,148
straight,4
mini,1
logic,1
abov,13
exampl,9
wa,336
thursday,196
key,7
worri,21
current,31
hope,132
help,111
karim,9
nov,25
invoic,18
002,8
29,90
messag,761
21,21
pleas,316
enr,6
stan,13
receiv,149
payment,11
001,6
jan,43
02,9
show,19
could,91
advis,17
statu,18
29th,4
tk,2
origin,31
william,19
project,30
ltd,6
To,758
cooper.richey,306
enron.com,470
sent,628
januari,303
2002,393
9:20,2
AM,368
subject,734
-002,4
2001,303
coupl,31
ask,65
thank,265
veri,92
much,91
appear,18
greedi,3
submit,7
xma,5
document,55
1712.00,3
cover,12
work,358
end,37
august,6
develop,61
plant,23
coeffic,3
forward,72
see,202
let,133
know,276
migrat,37
outlook,26
mailbox,15
email,191
size,19
limit,65
mail,109
user,87
MB,7
item,10
send,148
delet,106
old,22
soon,82
dure,31
june,12
prepar,15
100,19
explain,7
abl,43
folder,9
entri,16
avail,47
access,75
As,30
may,349
alreadi,25
enron,690
8,21
order,47
/,22
part,48
read,93
inform,114
event,16
restrict,9
warn,9
befor,52
inbound,2
outbound,2
calendar,5
note,39
journal,3
archiv,10
clean,12
inbox,9
one,152
team,17
process,55
need,167
success,13
complet,27
button,10
time,274
print,17
web,83
owa,7
canada,66
corp,13
direct,30
employe,32
microsoft,28
set,53
place,69
week,105
4,54
schedul,60
specif,14
group,72
roll,8
involv,21
individu,23
possibl,36
detail,21
issu,42
75,1
automat,15
system,88
administr,30
near,18
prohibit,91
prevent,4
yet,35
still,117
intern,26
extern,10
must,14
reduc,7
save,21
attach,159
local,18
drive,45
etc,39
10,38
retent,3
recov,3
contact,173
task,12
meet,77
notic,19
support,42
featur,11
2000,19
due,11
new,171
space,18
unneed,1
If,205
onc,29
30,50
back,131
year,79
import,33
watch,8
insur,2
questionnair,1
provid,50
us,58
necessari,8
survey,4
push,16
form,27
requir,37
action,12
close,27
click,20
seri,1
within,16
person,46
address,92
book,62
privat,5
convert,7
In,43
readi,8
use,391
via,14
browser,8
internet,46
explor,16
5,51
patienc,3
appreci,21
We,128
apolog,10
ahead,5
ani,523
inconveni,4
caus,6
smooth,1
transit,5
train,9
made,39
4-june,1
7,37
familiar,4
everyon,22
referr,5
program,43
site,69
talent,3
sourc,19
compani,43
hire,5
refer,25
make,85
recruit,3
technolog,38
launch,15
easi,19
web-bas,5
find,48
best,26
term,24
qualiti,4
fit,36
cultur,4
found,27
stay,21
longer,9
adapt,1
faster,4
run,57
world-class,1
less,17
better,43
result,19
also,116
incent,1
candid,5
elig,3
cash,13
reward,2
5,000,1
So,45
someon,22
acceler,1
career,7
money,26
realiz,6
mission,1
world,15
No,26
1,116
check,70
http,208
//enron.referrals.com/promo.asp,1
want,200
hear,46
applic,32
easier,11
suggest,29
enhanc,3
e-mail,297
referral.st,1
station,7
713,13
345-3254,1
option,20
2,106
david,17
oxley,1
updat,58
phone,80
list,143
calcul,6
spreadsheet,9
......,2
call,129
question,66
tricia,6
6936,1
canadian,31
.....,9
observ,4
martin,6
luther,4
king,2
thanksgiv,9
novemb,83
christma,25
decemb,138
rememb,32
offic,56
come,111
enjoy,20
long,65
presid,5
februari,57
18,17
memori,9
27,8
independ,9
juli,18
labor,2
septemb,4
28,20
24,6
25,39
reloc,13
tax,27
prudenti,5
arrang,10
ensur,19
handl,13
shipment,2
texa,6
toll,2
free,28
fax,94
US,18
foreign,4
equal,5
light,7
recent,14
taken,13
precautionari,1
step,9
met,9
point,42
airlin,2
ticket,12
reimburs,2
surfac,1
etc.,2
depend,8
upon,11
assign,7
At,22
first,53
brook,1
brees,1
mobil,7
consult,11
105,1
decker,1
11th,2
floor,8
crestview,1
irv,1
75062-2211,1
972-657-6414,1
1-800-241-6529,1
ext,4
76414,1
972-657-5980,1
brooke_brees,1
afcc.com,1
outsid,12
unit,8
state,14
instruct,6
contain,128
AT,2
T,1
800,6
241-6529,1
number,69
//www.att/tollfree/international/dialguid,1
surface/air,1
BE,4
BY,3
cost,20
addit,19
forthcom,1
pricewaterhousecoop,3
return,13
pwc,5
earli,9
case-by-cas,1
basi,87
everi,18
effort,9
estim,2
michael,40
B,7
jone,4
713.345.5859,1
relat,12
regard,50
timothi,8
J.,3
callahan,4
director,6
global,41
servic,94
333,3
clay,3
street,13
suit,6
1047,2
houston,40
77002,3
telephon,7
713.646.9565,2
713.646.9501,2
plan,81
match,20
contribut,12
account,92
fund,6
amend,2
effect,10
stock,16
union,5
allow,15
age,2
qnec,2
move,95
On,35
choos,10
employ,5
transfer/realloc,2
busi,36
circumst,1
board,5
adopt,1
corp.,275
chang,77
becam,5
deduct,3
paycheck,3
rather,14
fidel,1
freedom,2
default,11
continu,17
alway,38
permit,4
altern,7
invest,8
immedi,15
diversif,1
regardless,3
remov,16
50,11
diversifi,1
held,3
acct,1
drop,13
menu,12
voic,2
respons,33
request,30
four,4
formerli,1
avoid,3
delay,10
recommend,10
//resources.hewitt.com/enron,1
benefits.enron.com,1
spend,41
previous,6
enrol,2
elect,3
646-9501,2
dear,20
letter,5
open,39
u.s.,12
expatri,1
unfortun,10
version,52
friendli,2
revis,9
linda,4
hallmark,2
3ac2023,1
77002-7361,2
646-9678,1
contract,194
intend,363
recipi,353
rate,8
nanci,4
greg,79
affili,176
Hi,72
105.00,1
per,10
hour,27
taylor,10
cognicas,5
403,94
802-2229,1
-origin,577
richey,425
mailto,196
17,12
04:20,1
pm,15
nancy.taylor,1
cognicase.com,1
thx,26
properti,86
and/or,109
relev,88
confidenti,110
privileg,101
materi,96
sole,87
review,110
distribut,111
disclosur,87
strictli,84
author,88
sender,95
repli,113
enron.messaging.administr,82
copi,122
hereto,82
offer,98
accept,94
creat,105
evid,89
bind,82
enforc,82
parti,98
reli,87
anyon,111
estoppel,82
otherwis,101
eol,44
link,20
kathi,15
ga,74
name,90
ft-cnd-pwr-dt,1
sure,128
bill,35
14,15
7:57,2
reev,7
setup,21
anyth,51
pay,29
advic,13
deposit,9
ehronlin,4
period,16
view,7
31,36
bank,19
sap,23
logon,4
ID,25
field,8
password,44
select,18
mislead,1
whether,3
singl,7
multipl,5
net,14
correct,8
indic,18
collect,4
It,107
doe,76
howev,26
confirm,12
verifi,13
//ehronline.enron.com,1
disclaim,3
type,23
e.g,6
P,9
Id,1
enter,6
inquiri,1
drop-down,1
radio,3
next,78
05/16/2001-05/31/2001,1
display,2
scroll,2
bottom,7
screen,10
isc,1
custom,35
care,15
713.345.4727,1
isc.hotlin,1
2001/2002,3
bc-alberta,3
export,7
inter-ti,3
transfer,10
forecast,15
websit,29
rob,9
baker,7
murray,2
info,60
eal.ab.ca,2
format,8
n't,447
believ,33
problem,41
excel,18
sheet,5
announc,15
headlin,1
thursbi,1
08,25
7:25,1
billinton,1
jeff,17
FW,43
good,177
guy,51
out/,1
thnak,1
T.,1
07,5
4:12,1
PM,304
post,11
pdf,2
obtain,6
file,137
text,6
csv,1
similar,12
617,3
comment,8
major,7
',102
given,7
revisit,2
3,78
BC,13
price,53
sensit,13
capac,7
increas,13
354-0060,2
thereto,2
notifi,13
put,37
write,38
pick,16
'll,159
remain,9
Is,18
appropri,12
'averag,1
hydrolog,2
snowpack,1
condit,5
ft.,2
nelson,4
joffr,1
assumpt,3
output,6
data,157
AS,3
derat,1
activ,20
recalcul,1
analysi,16
finer,1
definit,18
'on,1
peak,4
sask,1
assum,7
150,2
MW,10
alberta,18
6,18
loop,4
fig,1
movement,1
dec-01,1
jan-02,1
late,17
04,80
iboc,1
on-lin,2
model,22
broader,1
interti,2
feel,66
kevin,16
welleniu,1
frontier,1
econom,1
inc.,27
two,68
brattl,1
squar,2
cambridg,1
MA,2
02138,1
354-0640,1
www.frontier-economics.com,1
addresse,4
herein,5
legal,22
herebi,1
dissemin,4
error,30
perman,2
printout,2
thereof,1
shell,3
shhrl.,1
tshlrt,1
carharl.,1
camera,5
film,2
phone-charg,1
lpaq-charg,1
3500,4
crittenden,1
dr,1
135,1
west,9
bunnel,1
ave,16
byob,1
5927375,1
8337100,1
den,5
cal,6
veg,2
1082,1
3:35,2
5:54,1
2723,1
6:50,1
7:39,1
1164,1
12:20,1
2:41,5
2717,1
3:30,5
4:20,1
sea,2
alaska,4
2436,2
3:00,3
2578,1
5:00,7
5:50,3
pdx,8
curtain,1
recycl,1
bin,1
wine,29
glass,4
knive,1
sharpen,1
mat,1
marriot,1
735,1
3336,1
805,1
24th,2
SE,2
trueup,2
backcast,1
demand,8
suppli,12
craig,27
dupuy,15
mark,85
octob,11
interest,73
....,44
appoint,8
16,30
9:52,2
mclurg,9
punja,2
merchant,4
brad,6
wong,21
F,10
garcia,11
sebastien,7
quon,1
sandra,1
mckeel,12
richard,13
berri,13
K.,3
go,386
drink,37
19,10
pm-6:30,1
gmt-07:00,1
mountain,9
barley,1
mill,2
ground,1
scrape,1
flow,6
identifi,9
storag,4
inconsist,1
volum,10
mgmt,1
databas,31
pete,5
cheer,22
6632819,1
stamped,1
toyota,1
2912111,1
enmax,4
usaa,1
cibc,1
caa,1
home,74
machin,16
pager,14
4036915140,1
dji,9
enecrichey,4
56064368,4
laura,18
bacon,5
IT,41
secur,37
control,55
enron.xl,4
marks.xl,6
bp_amoco.xl,1
re-send,1
forecast-oper,1
5:16,1
fairli,7
quiet,1
market,70
've,159
experienc,5
technic,10
difficulti,2
clickathom,2
subsidi,3
modifi,5
15th,8
glenn,1
roger,1
canterra,2
tower,4
400,4
3rd,3
avenu,4
s.w,2
calgari,106
t2p,2
4h2,2
tel,26
974-6736,1
974-6706,1
embed,16
pictur,18
metafil,2
ep,8
latex,17
R,71
postscript,11
plot,6
myfigure.ep,3
horizontal=fals,3
figur,17
h,15
robert,39
sin,2
1:10,6
pch=,2
onefile=fals,2
without,29
argument,8
bla,2
figmyfigur,2
\begin,2
center,24
80mm,2
\end,2
\caption,2
\usepackag,3
answer,29
dept,11
mathemat,3
statist,30
univers,28
sweden,4
+46,2
46,7
222,2
lundqvist,7
tri,105
far,27
-.-.-.-.-.-.-.-.-.-.-.-.-.-.-.-.-.-.-.-.-.-.-.-.-.-.-.-.-.-.-.-.-.-.-.-.-.-.-.-,38
r-help,50
//www.ci.tuwien.ac.at/~hornik/r/r-faq.html,42
un,40
subscrib,50
bodi,48
r-help-request,39
stat.math.ethz.ch,48
_._._._._._._._._._._._._._._._._._._._._._._._._._._._._._._._._._._._._._._._,38
plots/figur,1
basic,26
PS,4
one-pag,1
boundingbox,1
dev.print,1
device=postscript,1
directli,9
window,38
file=,1
dev.off,5
'onefile=fals,1
'postscript,1
say,76
probabl,44
paper,4
special,14
never,30
fine,21
actual,24
figure~\ref,1
hbtp,1
scale,3
height,3
width/height,1
ratio,3
\resizebox,1
\includegraph,2
\label,1
graphic,13
graphicx,2
top,7
Re,29
thread,2
dec,28
//www.r-project.org/nocvs/mail/r-help/2001/6836.html,1
forgot,14
'horizontal=fals,1
luck,8
henrik,1
bengtsson,1
centr,2
scienc,7
lund,1
institut,4
technology/lund,1
+2h,1
utc,1
p316,1
9611,1
4623,1
b,1
l,2
e,5
//www.maths.lth.se/matstat/staff/hb/,1
thu,15
feb,56
wrote,40
neat,5
graph,8
succeed,5
winedt/miktex,5
combin,8
road,21
stumbl,4
along,31
mean,32
ghostscript,4
straightforward,4
tool,15
pictex,4
none,7
solut,18
spent,12
goe,18
wrong,11
sinc,53
might,52
guru,4
wizard,4
among,6
simpli,11
thought,44
lean,6
expert,5
achiev,5
realli,61
simpl,19
lulea,3
polr,11
glm.control,6
glm.fit,5
trace,4
'm,383
seem,54
reason,13
turn,32
maxit=10,2
trace=tru,2
act~.,2
data=mm,2
mani,31
advanc,5
help/point,1
search,12
x86,4
win32,4
hello,22
help.start,4
function,28
netscap,4
engeni,3
keyword,3
resgress,3
kenneth,4
cabrera,4
platform,3
i386-pc-mingw32,2
arch,2
os,2
minor,3
4.1,2
month,36
01,22
languag,6
krcabrer.vcf,1
spss,4
glm,8
age_i,3
inc_i,3
join_i,3
work_i,3
educ_i,3
give_i,3
cs_i,3
eff_i,3
age_a,3
inc_a,3
join_a,3
work_a,3
educ_a,3
give_a,3
cs_a,3
eff_a,3
differ,14
age.i,2
inc.i,2
join.i,2
work.i,2
educ.i,2
give.i,2
cs.i,2
eff.i,2
age.a,2
inc.a,2
join.a,2
work.a,2
educ.a,2
give.a,2
cs.a,2
eff.a,2
chapel,2
hill,3
greet,3
replic,1
ago,29
command,24
n_diffpt,1
/method,1
sstype,1
/intercept,1
/print,1
paramet,3
etasq,1
rsscp,1
gef,1
/criteria,1
alpha,1
.05,1
/design,1
consist,4
recod,1
read.spss,1
bring,23
got,77
entir,4
signific,2
ca,37
enough,10
procedur,23
insight,3
code,34
glm.mean,1
n.diffpt,1
data=acps.df,1
andrew,2
J,4
perrin,1
andrew_perrin,1
unc.edu,1
//www.unc.edu/~aperrin,1
assist,22
professor,15
sociolog,1
U,1
north,11
carolina,1
269,1
hamilton,1
hall,20
CB,1
3210,1
NC,3
27599-3210,1
usa,3
mikeraz,4
patch.com,2
06,86
randal,7
L.,21
schwartz,7
emac,6
pico,7
liberti,4
safeti,5
societi,4
shall,5
timtowtdi,8
prefer,18
word,15
err,1
pitchfork,1
wield,1
mob,1
4:50,4
Cc,28
curti,20
poe,7
austin,8
schutz,2
pdx-pm-list,3
pm.org,4
pdx.pm,3
wed,22
03:40:52pm,2
-0800,8
index.html,5
backspac,4
Or,10
even,47
blather,2
happen,62
real,24
like,251
sed,2
awk,2
rasmussen,2
aka,7
Be,7
curios,2
give,93
essenti,4
temporari,5
deserv,2
neither,5
benjamin,4
franklin,2
mind,12
member,10
introduc,2
dog,4
premis,2
liabl,2
pound,8
anim,2
lead,9
blind,2
deem,2
cat,4
oxford,22
london,15
cer,3
013102,2
mkt,2
sum,5
jan.xl,2
iso,7
particip,26
settlement,3
client,24
communications.0921,2
crcommun,2
caiso.com,3
_,9
pretend,3
ovid,3
revers,10
shift,6
yahoo,21
merlyn,5
stonehenge.com,3
==,6
cp,4
onsitetech.com,4
last,127
//portland.pm.org/,4
insult,1
vi,1
fair,3
pass,25
page,25
happi,41
nag,1
ad,18
life',1
pressur,5
intens,1
'd,71
ex-wif,1
heck,1
stuff,22
medic,1
=====,1
//www.perlmonks.org/,1
count,6
perl,37
q.e,2
q.n,2
_=unpack,2
q|c|,2
a=split//,2
eq,2
_=join,2
q||,2
/for,2
__________________________________________________,10
Do,57
valentin,1
ecard,1
//greetings.yahoo.com,1
oper,54
notif,5
e-508,3
descript,7
v3.0.doc,2
assur,2
respect,14
depart,6
implement,2
electr,27
emerg,2
C,6
3.0,1
2-6-02,1
purpos,9
describ,5
util,26
manag,47
imbal,1
resourc,38
reserv,39
shortag,2
immin,2
exist,13
aspect,2
//www1.caiso.com/thegrid/operations/opsdoc/index.html,1
section,8
head,33
'procedur,1
desk',1
procctrldesk,1
respond,9
california,21
desk,30
stoneheng,1
+1,3
503,3
777,1
0095,1
url,3
//www.stonehenge.com/merlyn/,1
perl/unix/secur,1
comedi,2
perltraining.stonehenge.com,1
onsit,3
open-enrol,1
produc,10
row,12
talk,96
social,4
tex,1
off.org,1
3:33,1
well,143
expect,17
though,28
peopl,65
worthwhil,3
btw,4
pretti,31
spot,32
can't,2
imagin,4
Oh,5
slight,1
misunderstand,1
half,8
block,6
away,18
senior,4
programm,4
detlef,2
easili,3
r-gener,1
picur,1
mygraphicsfile.p,1
packag,24
07-feb-2002,1
-.-.-.-.-.-.-.-.-.-.-.-.-.-.-.-.-.-.-.-.-.-.-.-.-.-.-.-.-.-.-.-.-.-.-.-.-.-.-,1
_._._._._._._._._._._._._._._._._._._._._._._._._._._._._._._._._._._._._._._,1
steuer,1
//fawn.unibw-hamburg.de/steuer.html,1
encrypt,3
sorri,54
tue,9
05,23
11:00:06pm,1
13th,1
shutz,1
present,22
standard,9
expect.pm,1
IO,1
:stti,1
He,22
network,17
engin,7
cross,1
start,93
seen,31
deprec,1
chat2.pl,1
expens,8
approv,16
anticip,5
ubsw,11
energi,51
transact,9
outstand,1
later,37
6:00,1
pre-clos,1
quickli,11
wall,8
carla,2
tomorrow,73
instead,14
today,74
shuffl,3
keyboard,1
tray,1
repair,1
afternoon,26
done,66
summ,4
coeffici,4
g,4
valu,10
summari,11
,3:4,2
iago,2
mosqueira,1
sdome,2
vector,3
extract,2
associ,7
p,16
suppos,13
someth,42
coef,1
str,1
summary.glm,1
object,8
-summari,1
wonder,15
tabl,18
std,1
erro,1
p-valu,1
column,9
print.summary.glm,1
-thoma,3
thoma,5
lumley,2
asst,4
biostatist,3
tlumley,2
u.washington.edu,5
washington,4
seattl,6
//cpd.ogi.edu/course.asp,14
fee,13
instructor,13
mar,12
softwar,27
cours,44
peer,8
425,4
lewi,4
TO,11
unix,4
karl,18
wieger,3
ogi,2
profession,6
kernel,2
debug,3
polici,11
case,37
linux,7
commun,15
master,7
workshop,3
mentor,2
//cpd.ogi.edu,2
oregon,2
850,2
4-5,2
steve,16
An,7
20,36
six,4
sigma,2
4-5:30pm,2
wilson,2
clark,10
room,14
371,2
pizza,11
7:00pm,2
debrasi,2
admin.ogi.edu,2
short,27
seminar,2
2/6/02,1
mgt.,1
cpd,1
discount,36
aea,1
sao,1
particular,12
2000/xp,1
n=02-sd-87,1
18-22,1
toni,2
mason,1
osr,1
2550,1
mainten,1
troubleshoot,1
n=02-sd-86,1
22,24
bob,28
carver,1
leaf,1
usag,2
n=02-sd-73,1
25-26,1
john,36
scwhartz,1
n=02-sd-80,1
practic,6
n=02-pm-05,1
n=02-sd-53,1
rapid,2
accler,1
n=02-sd-55,1
apr,13
mcconnel,2
995,1
registr,8
class,31
n=02-sd-78,1
6-8,4
georg,13
hacker,1
1275,1
n=02-pm-04,1
11-13,1
schmatlz,1
ami,1
schwab,1
1250,1
on-the-job,1
n=02-co-08,1
trautman,1
perform,9
improv,2
donald,1
n=02-cpd-0207,1
balanc,11
act,5
holling,1
ceo,1
merix,1
n=02-cpd-0212,1
12,11
6:30pm,2
sale,20
assess,1
expenditur,1
jerri,1
vieira,1
n=02-cpd-0219,1
6:15pm,1
overview,4
decis,17
maker,2
n=02-cpd-0220,1
regist,7
503.748.1219,1
subject=remove.from.ogi/cpd.sw.list,1
add,20
subject=add.to.ogi/cpd.sw.list,1
school,9
health,1
debra,1
siscaretti,1
503-748-7567,1
20000,1
NW,2
walker,2
rd.,1
beaverton,1
OR,5
97006-8921,1
503-748-1686,1
//cpd.ogi.edu/,1
bellar,1
semper,1
illicitum,1
est,6
xyplot,8
scott,14
execut,11
waichler,2
scott.waichl,2
pnl.gov,2
script,13
trelli,1
insid,5
unless,9
explicitli,1
cut,5
finish,9
right,80
blank,3
manual,4
wait,24
prompt,2
research,12
scientist,2
group/environment,1
divis,6
battel,1
pacif,2
northwest,11
nation,7
laboratori,2
1.4.1,6
cross-compil,3
1.3.1,3
download,17
rtool,2
mingw,2
bolker,2
cross-build,1
stop,15
build,31
i386-mingw32msv-gcc,1
brian,21
ripley,27
2.95.2,1
fail,6
i386-gcc,1
sep,3
accord,10
previou,20
tab,4
dll,4
correctli,7
built,13
Am,2
miss,46
stupid,2
base,21
gcc,1
2.95.3,1
eager,1
assembl,3
piec,7
compil,5
faq,6
pursu,5
no-on,1
brilliant,1
idea,26
linux/window,1
ben,6
318,1
carr,1
zoo.ufl.edu,1
zoolog,1
florida,1
//www.zoo.ufl.edu/bolk,1
box,40
118525,1
ph,2
352-392-5697,1
gainesvil,1
FL,1
32611-8525,1
352-392-3704,1
dev,23
kit,12
4.0,9
perlctrl,5
instal,34
.net,5
activest,3
compon,7
perlapp,3
visual,5
upgrad,9
aspn,3
patch,13
releas,14
perlnet,2
framework,2
9x/me,2
licens,4
replac,7
bug,3
wish,20
toolkit,1
seamlessli,1
hp-ux,1
smaller,3
footprint,1
binari,18
30-50,1
ready-to-run,1
builder,1
debugg,1
painless,1
activex,2
perlcom,1
emb,1
interpret,2
perlmsi,1
msi,1
perlsvc,1
remot,2
195,1
evalu,4
purchas,30
www.activestate.com/pdk,1
79.95,1
//www.activestate.com/products/download/get.plex,1
id=perldevkit,1
upgrade=1,1
membership,3
plug-in,1
studio,9
komodo,1
cross-platform,1
multi-languag,1
ide,2
plu,8
interact,2
comprehens,6
//www.activestate.com/aspn_perl,1
uninstal,1
older,1
certain,8
despit,1
earlier,7
2.0,1
206,4
//downloads.activestate.com/perl_dev_kit/patch/perlctrl.bin,1
perlctrl.bin,1
\perl\bin,1
directori,17
pdk-feedback,1
activestate.com,1
_______________________________________________,1
product,65
unsubscrib,13
//listserv.activestate.com/mailman/listinfo/activelist,1
lyx,3
gui,1
front-end,1
insert,6
stick,8
www.lyx.org,1
java,4
de,4
34,5
anf,1
rune,1
configur,11
plugin,1
agu,1
dr.,2
agustin,1
lobo,1
instituto,1
ciencia,1
la,1
tierra,1
csic,1
llui,1
sabari,1
s/n,1
08028,1
barcelona,1
spain,2
93409,1
5410,1
93411,1
0012,1
alobo,1
ija.csic.,1
+44,30
1865,30
dev.copy2ep,2
.ep,1
convers,4
driver,5
minimally-featur,1
clue,1
difficult,5
D.,33
stats.ox.ac.uk,11
//www.stats.ox.ac.uk/~ripley/,10
272861,10
self,10
south,17
park,13
272860,10
secr,10
ox1,10
3tg,10
UK,11
272595,10
boryeu,1
mao,1
specifi,4
`,9
start',1
mass,4
+45,2
krcabrer,1
epm.net.co,1
spell,3
o__,1
peter,44
dalgaard,1
blegdamsvej,1
c/,1
2200,1
cph,1
N,4
copenhagen,1
denmark,1
Ph,2
35327918,1
~~~~~~~~~~,1
p.dalgaard,1
biostat.ku.dk,1
35327907,1
quota,4
panel,4
llamacom,2
host,9
disk,4
futur,22
disabl,2
//www.yourdomain.com/cp,2
earthsat,3
maria,9
weather,16
atmospher,5
vacat,15
gear,4
login,18
vortmax,1
hydro,13
're,137
2:33,1
van,6
houten,3
hey,91
grab,10
portland,46
adn,1
gupta,1
gautam,1
9:11,2
zufferli,14
captur,2
analyst,4
appar,7
whenev,7
server,119
macro,1
lowel,1
8:30,3
0.2,9
_pref,6
strip.background,5
strip.shingl,5
background,7
red,6
fix,6
graphsheet,3
s-plu,7
insightful.com,3
reinstal,2
splu,3
color,5
trellis.par.get,2
col,3
c,31
5,5,5,5,5,5,5,2
trellis.par.set,2
compositeobject,2
guimodifydefault,2
restart,5
susan,13
rasch,2
++++++++++++++++++++++++++++++,2
x,10
235,2
pref,1
charm,3
imceanotes-support+40insightful+2ecom+40enron,1
7:30,4
70552,1
imag,18
batch,4
crimson,1
reoccur,1
strang,4
defin,2
solv,1
trellis.devic,3
width,1
8.0,1
6.0,1
color.t,1
0,0,0|200,210,255|255,255,255|255,255,255|204,204,153|255,32,32|255,192,9,1
6|200,48,48|88,128,176|152,48,104|150,150,150|255,150,96|208,96,96|125,125,1
,125|255,136,88|125,125,125,1
guigetpropertyvalu,1
propname=,1
fillcolor,1
fillcolor=,1
transpar,1
topoffset,1
bottomoffset,1
leftoffset,1
rightoffset,1
horizspac,1
verticalspac,1
store,10
resolv,3
navig,1
locat,20
path,2
\program,1
files\sp2000\users\,1
\_pref,1
user-defin,1
restor,3
_data,1
OK,3
corpor,5
1700,1
westlak,1
ste,1
500,5
WA,1
98109,1
206-283-8802,1
800-569-0123,2
206-283-8691,1
minut,26
//www.insightful.com/support/survey.html,1
bch,1
load,23
0108.xl,1
-ti,1
cf_incept,1
v1_.doc,1
scari,4
cycl,2
around,86
real-tim,7
htlm,1
plasma,1
xml/xslt,1
spread,5
hhub,1
//plasma-fundamentals.corp.enron.com/ticker/getscreen.asp,1
name=west,1
strip,3
daniel,18
marcinkowski,8
//hotcs1.enron.com/fundyplasma/site/financial.html,1
//itfundy.dev.corp.enron.com/projects/plasmaproject/default.asp,1
NB,1
denot,1
deactiv,1
tokenis,1
i.e,5
id,16
switch,2
11.00am,1
trade,137
-colin,1
colin,48
fundament,19
tonk,4
commod,6
heizenrad,9
trader,35
firstli,1
grant,16
secondli,1
chart,1
ie,17
annual,1
growth,1
3:13,1
RE,316
nice,28
job,29
remind,16
plastic.com,1
sweet,19
tour,30
2:02,10
offici,7
ena,2
egm,2
eim,2
comments/feedback,2
understand,19
//fundamentals.corp.enron.com,2
enclos,1
bow,1
basin,8
night,111
bighorn,1
aevn,1
enron.doc,1
snow,22
pillow,3
gov.ab.ca,2
map,8
snpi_ave.xl,2
plethora,1
yesterday,24
discuss,18
runion,1
karl.runion,1
williams.ltd,6
attcanada.net,6
thai,1
nguyen,1
thai.nguyen,1
8:56,1
histor,1
water,17
equival,1
averag,10
environ,18
meteorolog,1
hydrometr,1
//story.news.yahoo.com/new,1
tmpl=stori,1
u=/020206/170/12oyw.html,1
jai,266
hawker,225
co.,45
261-2259,26
liz,3
mike,28
7:45,3
a.m.,2
cst,4
ec,5
06752,2
dial-in,4
11:26,1
lavorato,1
A.,20
allen,6
phillip,1
grigsbi,1
shive,1
hunter,11
S.,12
presto,1
M.,8
belden,2
tim,32
swerzbin,1
davi,1
dana,1
kitchen,4
louis,5
hilli,1
kimberli,1
vuittonet,1
rangel,1
ina,3
hogan,1
irena,1
black,25
tamara,1
jae,1
2/7,10
whalley,3
hi,88
888.285.4585,1
869944,1
107058,1
x31935,1
ub,54
O,13
H,11
M,7
protocol,3
Z,4
compli,6
variou,9
agreement,7
certif,4
clear,5
cheat,1
\estate\,1
pend,3
common,4
estat,10
warburg,9
entiti,19
AG,4
complianc,3
investig,12
agenc,6
guinn,1
EB,1
3829a,1
11,16
matter,8
michel,4
853-6401,1
francisco,3
pinto-leit,1
345-7942,1
ii,23
netco,29
shortli,7
powerfs1,5
duti,5
opinion,5
mayb,55
becaus,46
least,23
app,12
origman,2
pavel,8
msxml3,2
sp1,2
tell,42
separ,10
librari,6
chri,60
wieb,33
staff,29
974-6929,10
cell,52
650-7224,10
chris.wieb,10
armoir,3
quebec,2
farm,10
bonni,2
furnitur,3
swing,1
sometim,34
love,82
3:50,1
excess,2
high,16
ourselv,1
accommod,2
1.,1
huge,6
32,4
5,500.00,1
2.,2
wilf,1
ofc,1
1,500.00,1
3.,8
3,500.00,1
mould,1
elev,4
750.00,1
drop-leaf,1
Bd,1
Rm,1
450.00,1
small,28
TV,3
dvd,1
//www.toshiba.ca/ceg/html/md20fl1.htm,1
birth,2
ron,11
wigham,1
1:14,4
sales-cf-r,1
putnam,1
borden,1
bputnam,1
eastbournecapital.com,1
1:03,1
'ron,1
wigham',1
birth.doc,1
simul,28
stack,12
live,33
ubswenergy.com,3
normal,27
log,15
throughout,2
feb.,11
9-11,1
initi,9
meredith,6
3-9555,1
3-7533,1
goal,10
flat,2
posit,21
maintain,9
tight,2
non-ub,1
personnel,4
ON,2
play,53
role,5
hit,13
storm,1
gulf,1
inactiv,1
test,126
mid/back-offic,4
clean-up,1
'S,2
troubl,13
713.584.4444,1
jen,4
14th,20
Jo,3
march,14
19th,6
taho,3
pl,2
flight,12
oakland,5
p.m.,4
somewher,6
citi,13
ebay,5
els,21
join,16
festiv,34
guess,35
ta,2
rise,1
shine,1
tho,1
tues.,1
prob,6
wan,4
na,5
hookey,1
abir,1
coffe,25
taker,2
lone,1
heart,3
thar,1
faught,1
great,83
pic,2
ya,8
whoop,1
.oh,1
_________________________________________________________________,13
hotmail,10
devic,10
//mobile.msn.com,2
told,22
y'all,1
commit,3
mini-vac,1
pres.day,1
wknd.,1
15,21
wo,28
till,10
enuff,1
slate,1
sleep,7
p.,10
photo,5
'mysteri,1
p.p.,1
late-night,1
breakfast/lunch,1
bay,2
area,29
tang,1
grace,1
everon,2
lake,6
ski,11
shindig,2
rent,8
flew,2
reno,3
snowiest,2
yeah,10
sky,2
chanc,48
bear,3
hottub,2
fireplac,2
heavenli,2
40/person,2
on/aft,2
-G,2
7:00,4
logout,2
commenc,2
6901,1
gberri,9
solutionsco.com,9
bought,14
downtown,9
shaw,8
cabl,12
comput,29
actc,1
partnership,2
buy,18
hardwar,14
GB,10
8:55,5
wireless,4
ethernet,2
excit,31
www.practicallynetworked.com,2
lunch,35
6:58,2
modem,8
fyi,18
outlet,3
came,11
bit,16
eat,4
eze,89
sound,53
scoobi,12
emili,57
ring,3
worst,13
mover,4
entertain,6
big,30
hous,21
doo,2
whole,7
life,32
fest,3
jill,64
promis,17
purtzki,29
ever,29
walk,16
across,11
russian,4
accent,4
tubular,4
card,7
auditor,1
deal,22
unpack,2
throw,3
someday,6
mysteri,1
obstacl,1
kind,22
joke,3
stori,3
pure,1
warming/,1
hot,12
tub,1
paraphenelia,1
warm,2
gift,10
speak,13
regim,1
although,38
littl,55
night/,1
interst,1
togeth,43
paint,6
potteri,3
starbuck,1
chill,3
masterpiec,1
welcom,42
fun,56
foward,2
leav,50
forget,10
babi,7
blue,6
pant,5
banana,11
super,13
fli,5
cool,20
clip,8
art,6
8:47,1
CA,33
deloitt,5
admin,15
tire,5
past,11
sunday,47
pack,10
shit,3
ugh,2
loft,2
roof,2
anoth,22
gravel,2
flagston,2
janic,13
saw,8
almost,33
quit,22
bad,15
breez,3
compar,6
laugh,4
said,40
apart,8
poor,3
tidbit,2
freak,3
yell,2
i.,2
thick,2
vant,2
leev,2
haf,2
obey,2
da,2
rrrulesss,2
video,5
feed,6
wife,14
tix,2
oil,9
studi,5
MO,15
doubl,17
squeeker,5
weekli,4
folk,5
saturday,37
vino,8
caf,3
music,5
attend,10
www.doublemo.com,2
hang,22
jazz,2
extra,3
cafe,9
alaina,3
line,23
slinger,1
honeymoon,1
onto,7
nonsequenti,1
8th,2
jeremi,1
9th,1
jimmi,1
eclect,1
13,16
vagina,1
monologu,1
boudreau,1
elisabeth,1
curri,1
karen,7
thirlwal,1
16th,2
trevor,1
garth,1
kennedi,3
21st,7
chantal,1
vitali,1
root,3
23,15
sedonya,1
persian,1
fusion,1
27th,4
storycaf,1
28th,1
paul,23
faber,1
1st,12
andrea,11
revel,1
folk/jazz,1
2nd,2
burley,1
crew,1
season,10
7th,5
worth,8
lucki,6
tast,13
eight,1
varieti,2
chees,4
french,1
baguett,1
sharp,1
non-smok,1
stadium,1
shop,23
1941,1
uxbridg,1
289-1851,1
friend,51
html,3
copyright,4
newbannerwithclimbermo.gif,1
axi,21
evil,16
countri,14
syria,3
bush,4
establish,6
OF,5
snub,2
libya,2
china,2
cuba,2
sudan,2
serbia,2
somewhat,6
club,4
declar,3
leader,2
deni,3
news,15
anger,1
beij,1
bitter,3
justa,1
iran-iraq-north,1
korea,1
dismiss,1
starter,1
dumb,6
intheirdream,1
korean,1
kim,7
jong-il,1
everybodi,3
diplomat,1
jealou,2
exclud,1
conced,1
full,24
syrian,1
bashar,1
al-assad,1
three,22
iraqi,1
saddam,1
hussein,1
tradit,1
war,1
II,8
germani,2
itali,1
japan,1
three.and,1
secret,5
handshak,1
wick,1
pandem,1
reaction,2
swift,1
franc,4
surrend,1
elsewher,1
peer-consci,1
rush,3
gain,2
triumvir,1
game,49
geopolit,1
chair,2
forc,11
somalia,1
uganda,1
myanmar,1
occasion,3
bulgaria,1
indonesia,1
russia,1
disagre,2
criteria,3
suddenli,1
expand,2
desir,2
fill,11
sierra,1
leon,1
El,3
salvador,1
rwanda,1
certainli,7
Wo,2
olymp,1
mexico,6
australia,1
secretli,1
nasti,1
america,8
scotland,1
zealand,1
sheep,1
wear,3
lipstick,1
threat,2
scottish,1
minist,1
jack,1
perhap,9
cautiou,1
axe,1
reject,5
whose,4
guay,1
accus,2
fals,3
paraguay,1
uruguay,1
chadguay,1
charg,7
israel,1
meanwhil,1
insist,1
________________________________________________________________________________,1
ubswenergi,6
credit,10
risk,18
onlin,9
profil,2
enron/ub,1
0900,1
1100,1
electron,6
integr,1
opportun,9
demonstr,1
visit,22
natur,21
role-play,1
back-offic,1
physic,19
profit,21
counterparti,22
trade-data,1
handout,1
sever,11
everyth,20
toward,5
re-launch,1
public,19
shult,2
30397,2
31861,2
dave,7
forster,3
713.853.1861,1
david.forst,1
went,45
dig,2
power,158
highlight,5
fact,11
My,42
213-6004,1
shout,3
poker,5
gent,1
omiss,1
prioriti,3
dietrich,31
dan,43
11:30,2
hibbert,16
steiner,11
=20,101
scenario,27
regan,16
anderson,21
smith,37
campo,11
steven,11
5th,12
NT,18
subset,13
m.=20,8
anasta,8
sherri,8
bridgett,8
aucoin,8
evelyn,8
baxter,8
bryce,9
sylvia,8
denton,8
elledg,8
hare,8
frank,9
heaney,8
gordon,8
kelley,8
mclaughlin,8
jr.,9
errol,8
murphi,8
melissa,8
russ,8
o'neal,8
ramesh,7
regress,13
pilot,13
mock,10
1pm,11
duke,5
spot=09,2
reliant,5
company=09,2
thresa,5
amador,5
dian,5
natali,5
bentley,5
co=,5
rri,5
bowen,11
brackett,5
debbi,8
R.,15
anthoni,6
cason,5
sharen,5
dahlk,5
denni,6
jennif,14
engel,5
tom,9
evan,5
casey,5
fraisi,5
gilli,6
hayden,5
heal,7
hedstrom,6
larri,5
joe,5
jaquet,5
tammi,5
dawn,12
C.,6
koulikov,7
lozano,5
melba,5
marryott,7
mcginni,5
myer,5
donni,5
schield,5
elain,5
schrab,5
seib,6
diann,5
sullivan,5
patti,5
sweitzer,5
theriot,5
vander,6
veld,6
nikol,5
W=,5
ellen,5
winfre,5
bharathi,5
jaikishor,5
boudreaux,5
lori,6
brewer,5
charl,7
sundar,5
cynthia,5
deleon,6
roberto,6
shawn,8
greig,5
iain,5
henri,10
jane,5
hilburn,5
wade,5
krishnaswami,5
jayant,5
lim,5
franci,5
nolt,5
pena,6
matt,8
poston,5
powel,5
ganapathi,5
rao,5
ray,8
edward,9
schmidt,5
schomer,5
4t=,5
nc_t_xxxx,6
branch,6
po=,7
wer,6
swap,8
intercomapni,6
stabl,6
desks/,6
mid/,6
in=,6
clude,6
sessi=,6
.=,6
netco.=20,6
port,15
ntley,6
clarissa,6
mechel,6
timefram,8
the=,6
feedback,9
valid,10
doc,8
0204,6
sut,1
name=09,1
K,16
=09,8
type=09,1
any=09,1
l.l.c.=09,1
20000552=09,1
sa=,1
le,1
status=3dtrad,1
suspended-default=09,1
inc.=09,1
20000547=09,1
92,1
isda,1
multicurrency/cross,1
border=09,1
type=3dphys,1
type=3dn/a=09,1
20000551=09,1
only=09,1
20000004=09,1
gisb,1
contra=,1
ct,1
6.3.1=09,1
status=3ddeleted=09,1
11:00,4
boss,7
campos=,2
rhonda=,2
clariss=,2
kevin=,2
peggi,5
huntle=,2
kenn,2
L=,2
uc,2
albert,2
stephani,12
mendoza,2
genaro,2
moor,2
sc=,2
ott,3
severson,2
mechelle=,2
tara,2
allumrod,2
sheidun,2
donna,2
stokley,2
chitradurga=,2
fortney,2
fr=,2
ank,2
johnson,3
1:00pm,3
id',3
'pilot,3
conversi=,3
tonight,46
02/04,3
entr=,3
1305,3
llc,3
agent,4
11266,3
tbd,3
54979,3
l.l.c,3
64245,3
65268,3
3015,3
tennesse,3
pipelin,5
Co,6
20000059,3
20000062,3
transport,3
20000057,3
internal/,3
'en=,3
'eol,3
latest,10
curv,7
tagg/erm,3
regan=20,3
1:50,3
be=,3
corri,3
rho=,3
nda,3
hu=,3
sever=,3
son,3
sw=,3
ap,3
settleme=,3
nt,3
settl,8
monday=,3
now/,3
redis=,3
tribut,3
comment/,3
wha=,3
omit,3
unlik,3
and=,3
intercompani,3
we=,3
toda=,3
smith=20,3
systems=20,3
works=20,3
713-853-9291,4
wk,4
281-850-7551,4
12:02,3
D=,3
ahlk,3
rhonda,3
su=,3
san,6
br=,3
ian,21
P=,3
eggi,3
huntley,3
ken=,3
ne,3
S=,4
tephani,3
severs=,3
tar=,3
wallumrod,3
infre,3
chitradurga,3
fortne=,3
joh=,3
nson,3
ra=,3
mesh,3
wilford,3
4th,10
tuesday=,3
outlin,4
4=,3
th,4
decisions/,3
known,8
l=,3
ast,3
go-liv,3
y=,5
ou,6
recal,4
canada/,3
portland/,3
toronto,9
termin,5
//remoteservices.netco.enron.com,3
b=,3
cad,3
dollar,8
input,7
noon,8
asap,7
confirm/,3
ple=,3
ase,3
testing.=20,3
user_test_,3
netco.doc,3
-=20,3
assist/,3
down=,3
larg,11
nee=,3
ded,3
requirements.doc,3
developm=,3
ent,3
progress,7
bridgelin,5
800-711-8000,4
3454709,4
owner,7
dial,4
bridgeline=,3
expedit,6
resolut,3
up.=20,3
session,4
tent,5
sched=,3
ule,3
T=,3
accoun=,3
ts,3
9am-11am,3
20000543,1
bilater,1
20000544,1
noth,10
failur,5
robust,9
outlier,5
classic,3
method,4
detect,2
mine,4
reveal,3
strong,3
specialti,1
learn,13
concept,1
modern,2
hands-on,1
exercis,2
ye,33
18-19,1
york,11
NY,8
doug,3
//www.insightful.com/services/course.asp,1
cid=23,1
abil,2
routin,1
carri,5
theori,1
highli,2
presenc,1
substanti,1
distort,2
influenc,1
often,3
//www.insightful.com/services/register.asp,1
kkelli,1
kelli,1
x278,1
nacal-sqws001p,3
nacal-sqws001d,6
nacal-powerfs1,2
pixxa,1
becom,4
fri,16
01/02/2002,2
2:12,4
greg/dan,2
firm,23
i.e.,6
sign,18
power-fs1,2
either,18
estate/ub,2
share,15
split,6
vpn,4
connect,11
e-connect,1
3:18,1
phase,8
former,3
op,3
belong,2
central,3
rondeau,5
weib,1
iii,4
risk/trad,1
unger,1
bruce,5
IV,1
ops/it,1
kitagawa,1
lalani,2
rodger,2
savid,8
G.,3
catt,1
leung,2
V,1
financ,10
tackney,1
likn,1
moscoso,1
VI,1
closest,1
langfeldt,1
pernul,1
johnsen,1
boulang,1
vii,1
morning/earli,1
laport,2
cook,17
torr,3
F.,2
dunsmor,4
viii,1
gulka,1
jessop,1
Ta,1
scott/daw,1
panchuk,1
donlevy-le,1
ecc,1
equip,5
newli,1
alloc,3
above-capt,1
concern,7
nella,1
jilld,34
cnrl.com,35
emmi,20
anyway,40
heard,11
hold,11
smtp,28
cnrl,8
dunlop,28
republ,9
synaps,12
jump,16
soft,13
bass,12
brother,18
town,43
kuwait,15
min,2
5:30,15
617-1858,1
harder,4
gotten,6
crazi,16
slow,6
specifc,3
producer/market,3
champion,3
surfer,3
ever-widen,3
circl,3
earl,35
nicknam,4
pronounc,3
easy-e.,3
massag,4
therapist,4
11:52,3
unabl,4
nightmar,4
consol,4
hand,13
man,26
logist,7
supply/demand,4
nomin,4
monitor,8
damag,4
exactli,9
stapl,4
flatter,4
nick,4
hmm,6
neuron,5
fire,10
brain,5
virginia,5
mom,28
cold,8
jacket,6
toughen,5
brutal,15
winter,13
tough,7
nake,17
you'er,5
ran,5
7:59,7
refus,8
break,19
wind,13
hawk,17
parent,14
gone,15
colder,7
Of,12
sit,17
dad,11
famili,23
corel,3
bare,3
bone,4
cd-rom,4
serv,10
dual,5
lower,3
minim,3
peski,2
disract,2
focu,3
attent,7
1:24,7
ole0.bmp,2
ole1.bmp,2
sentenc,7
roc,2
mahoney,2
jason,8
liao,1
serach,1
//www.mayo.edu/hsr/sfunc.html,1
shar,1
pairwis,1
comparison,2
mayo.edu,1
beth,2
atkinson,1
17/apr/2001,1
80k,1
S,4
S3,1
pool,17
//mail.enron.com/exchweb/img/tool-send.gif,1
bowl,1
front,5
recept,1
etx,4
05442,2
25th,3
flloor,1
lab,2
dermott,1
printer,1
9am,2
3pm,2
bridg,2
counterparty/,1
gasdaili,1
current/,1
questions/,1
formal,3
greatli,3
clarif,2
await,1
\estate\o,1
\estate\m,1
\estate\p,1
\estate\i,1
allevi,1
awar,7
lack,1
forewarn,1
3-1411,1
unclear,2
713-345-8836,2
713-569-3651,2
derek,11
ontario,3
fundi,3
imo,3
//www.iemo.com/imoweb/monthsyears/monthsahead.asp,1
\estat,3
splash,4
legaci,2
est_,2
desktop,8
affect,8
content,17
\drive,1
\and,1
usbw,1
design,5
extens,4
beyond,1
gal,3
3:43,1
gave,12
hookup,2
8:08,4
pira,12
retain,7
steel,5
jsteel,4
pira.com,4
american,14
european,2
emiss,2
intellig,2
liquid,2
daili,15
crude,2
padd,2
1400,2
TX,5
SW,5
subscript,7
212-686-6808,1
x37926,2
11:13,1
emi,1
nox,1
/so2/co2,1
coverag,1
ngl,1
u.s./europ,1
western,1
77251,1
121,1
salmon,2
97214,1
3500-400,1
44,4
grosvenor,1
kingdom,1
divid,3
W.,1
second,7
212,11
686-6808,2
331,2
renegoti,1
leverag,1
duplic,1
inquir,3
vendor,5
713-853-9358,1
713-853-7926,3
behney,2
PA,8
eta,3
timelin,2
packet,2
volount,2
frequent,9
www.ubswenergy.com,2
coordin,13
hart-scott-rodino,1
originators/trad,1
checklist,5
pa/registr,1
hard,37
redirect,2
www.enrononline.com,2
sub,3
approx,1
3,000,1
450,1
invit,12
brochur,10
determin,6
regulatori,1
gtc,1
trading/origin,1
trader/origin,1
marketing-specif,1
teresa,3
mandola,3
39807,1
mcquad,3
53614,1
diamond,3
39673,1
tripp,1
garrett,1
11:25,1
milnthorp,3
oefc_demandsupp_ubs.ppt,1
/common/oefc,1
oefc,1
fall,6
vari,4
regular,4
adjust,2
GT,2
C-,1
thinkin,1
sport,1
land,5
sweatshirt,1
sold,13
territori,1
deliv,10
today-,1
amaz,11
experi,7
cookin,1
bitch,27
complain,4
pain,5
gon,1
'em,1
somethin,1
cri,1
trey,1
seek,1
auction,6
//auctions.yahoo.com,4
2:30,9
06980,1
confer,11
bradford,1
alex,3
fusco,1
guidelin,1
800.486.2726,1
353763,1
547763,1
713.853.1935,1
713.853.1838,1
713.854.3056,1
ih,4
nelson.armstrong,2
ihsenergy.com,2
PG,2
boe,2
armstrong/hou/us/ihs,2
01/24/2002,2
11:29,3
giesler,2
11:34,1
armstrong,1
ihs,1
cc,70
pg,1
map.ppt,1
5333,1
westheim,1
77056,1
immigr,8
counsel,7
tindal,4
foster,4
kumar,2
kuman,2
whilst,2
3681c,2
fragomen,2
until/unless,2
rgd,2
54667,2
//www.tvguide.com/newsgossip/caught/,2
girl,8
especi,22
nate,2
elissa,5
touch,34
awhil,34
swanger,4
pepin,4
shannon,4
greeting.ppt,5
nyc,3
fabul,1
mad,3
dash,1
squander,1
savings/reason,1
sister,3
lindsey,1
exquisit,1
vivaci,1
clever,1
child,1
beauti,4
trip,6
took,3
cano,1
torquois,1
sp,1
banff,12
orang,1
splendid,1
contrast,1
clamber,1
dazzl,1
glacier,1
safe,1
SF,4
quebequoi,1
friends/,1
girlfriend,4
buddi,1
neck,1
wood,1
engag,14
marri,4
april,5
motiv,10
bridal,1
fineri,1
odd,6
swatti,1
sugg,1
reed,1
properli,4
theater,1
proced,1
bake,2
enthusiast,1
frenet,5
shade,2
fell,2
yoga,133
fetal,1
healthi,2
elissa-,2
ball,10
oop,5
ok,12
moment,17
probli,17
mostli,6
young,4
women,7
anytim,3
hesit,8
thru,16
roller,7
coaster,7
extend,15
caught,8
lot,25
felt,12
ok.,8
refresh,11
genero-gram,2
trycoop,6
hotmail.com,42
hug,2
mytractor,2
yahoo.com,6
11:16,2
porter,2
anna,4
roch,2
annett,2
max,8
xana,2
amelia,2
gilbert,8
helene\,2
baumann,2
butler,2
beautina,2
cameron,9
chrytal,2
jenif,2
collin,2
fortier,2
jeni,2
jhpsf,2
lauren,2
drew,2
lesli,2
kowitz,2
alexandra,2
kudrjavcev-demiln,2
lyon,2
marlen,2
colleen,2
mcgloughlin,2
dswanger,2
cats.ucsc.edu,2
brightest,3
bulb,3
chandeli,3
uniqu,9
//shopping.yahoo.com,3
bid,4
//promo.yahoo.com/videomail/,1
structur,2
amount,9
2:46,1
pleasur,3
delight,2
relationship,14
decad,3
pira',1
matrix,1
level,7
correspond,4
priorit,2
La,3
paz,2
hotel,6
bolivia,1
sleepi,1
slept,1
miami,4
4-star,1
bedroom,1
bath,3
embassi,1
diamox,1
casa,1
grand,4
regularli,1
househunt,1
camil,5
multi-play,1
dopewar,1
172.17.172.131,2
execuatbl,1
\fundamentals\dopewar,1
startup,2
permiss,15
\fundamentals\freeciv-1.12.0,1
DO,3
important-,1
cluster,3
//remoteservices.netco.enron.com/ica/ubswenergy.ica,1
ubswenergy/enron,1
crichey,11
q,1
9M,1
npx,1
www.ubsenergy.com,1
//www.ubswenergy.com/site_index.html,1
mus73308,1
hourli,6
mus08292,1
x33465,1
713-584-4444,1
713-853-3465,1
precompil,2
metaserv,2
freeciv,1
sunon,1
stall,1
windows-onli,1
capabl,2
standalon,1
unattend,1
civil,5
www.freeciv.org,1
choic,5
wide,3
notebook,1
admit,2
player,1
usual,9
squash,38
polic,4
gym,15
Y,11
court,2
corinna,32
johnston,26
221-6021,9
888,12
272-0007,9
corinna.johnston,36
intria.com,36
optim,8
brbarkovich,5
earthlink.net,5
jon,7
koomey,4
richardhammond.com,3
jonathan,5
reh,2
pintail.mail.pas.earthlink.net,2
esmtp,2
E.,2
hammond,2
barbara,2
richardh,2
otii.com,2
fwd,9
14:28:53,1
jgkoomey,2
lbl.gov,2
numbersintoknowledge.com,1
quick,7
return-path,1
207.217.120.122,1
emu,1
earthlink,1
u27dim.1ai.37tiu8v,1
14:23:18,1
pst,1
user-2ivfk3c.dialup.mindspring.com,1
165.247.208.108,1
helo=wahoo,1
exim,1
3.33,1
16hxxm-0006n2-00,1
14:15:57,1
barkovich,1
D,12
14:14:47,1
message-id,15
lpbbjicepchgdlgmfpelieancgaa.reh,1
mime-vers,18
1.0,18
content-typ,18
multipart/mix,1
boundary=,1
=_nextpart_000_0005_01c18a29.d8740960,1
x-prioriti,1
x-msmail-prior,1
x-mailer,18
9.0.2416,1
9.0.2911.0,1
x-mimeol,1
By,6
mimeol,1
v5.50.4522.1200,1
x-mozilla-status2,1
00000000,1
conveni,5
lbnl,1
cec-lbnl-cal,1
aempfast,1
press,6
encourag,2
www.otii.com,1
e.g.,1
speech,1
commonwealth,1
rich,1
VP,2
gen,3
415-567-1429,1
415-353-0990,1
protect,5
optimal_facts_20011005.pdf,1
optimal_power_solutions_20011002.pdf,1
cec-caliso_task1-010610-public.pdf,1
otii_pressrelease-200110301.pdf,1
otii_pressrelease-20011217.pdf,1
berkeley,4
spite,1
salvag,1
631,1
549,1
9254,1
ph.d.,1
end-us,1
e.o,1
lawrenc,1
cyclotron,1
90-4000,1
94720,1
//enduse.lbl.gov,1
510/486-5974,1
w,7
510/486-4247,1
510/486-6996,1
MI,8
460,2
themigroup.com,2
713-646,2
713-345,2
repatriation/reloc,1
branigan,1
willi,2
bailey,1
claymoor,1
77043,1
0192,1
223,1
7911,1
4382,1
www.themigroup.com,1
john.branigan,1
willie.bailey,1
ship,8
seamless,1
compens,2
rebecca,4
longoria,1
9679,1
benefit,4
9678,1
bobbi,1
tessandori,1
2809,1
5859,1
CN,2
u.,4
juliann,1
withhold,1
hypo,1
2:34,1
left,29
voice-messag,2
paid,12
twice,3
incom,4
reasearch,2
ir,2
cap,3
knowledg,3
974,18
6946,18
assigne,3
expat/inpat,3
organ,8
enron.houston.ia,2
us.pwcglobal.com,2
transmit,6
retransmiss,2
relianc,2
HR,3
rep,3
addresss,1
shown,2
incorrect,1
record,7
accordingli,1
critic,3
220,1
407,1
AB,83
zip,1
4032620205,1
construct,1
usg,1
tree,21
E,11
416,5
toula,6
aze,6
mr.,12
w-9,4
TD,12
inc,13
toula.az,4
etrade.com,4
214-7606,4
destroy,5
taze,3
etrade.ca,3
214-7661,1
3:02,4
W9,2
waterhous,10
12:46,3
283-7787,3
PC,4
calgary-bas,2
usernam,6
proud,1
anywher,3
enron',1
lotu,1
mail.enron.com,1
credenti,1
jdoe4,1
browser-bas,1
slightli,10
5.x,1
enron-issu,1
european/apac,1
resid,4
utah,2
epi,2
www.ecologyproject.org,2
moab,2
river,18
ecolog,4
castl,1
valley,2
colorado,1
green,1
dolor,1
juan,1
osborn,2
p.o,5
295,1
UT,1
84532,1
ecologyproject.org,1
435,1
259-3420,1
240,1
368-6470,1
501,1
tide,1
AE,2
chassi,1
piggi,1
bulk,1
runoff,3
rain,3
remaind,1
sketch,1
propos,2
layout,1
reservoir,2
tau,1
uninteruppt,1
trusti,1
taggart,1
mastermind,1
devot,1
realtim,8
poon,21
tip,14
kinkead,5
filter,2
gas/pow,2
non-realtim,2
tag,2
mode,2
canafundp1,1
canafundt1,1
pwd,2
theweath,1
uys/canada,1
interfac,3
//www.enrononline.com,1
80,7
util3.enrononline.com,1
7373,2
usabl,1
util3,1
10:25,2
currenc,4
canadian/u.,1
9:07,1
prod,13
random,2
10:05,1
sporad,1
productpric,1
timeout,1
empti,4
...........,2
shoot,3
config,1
convieni,1
advertis,1
compaq,5
proliant,2
dl360,4
pentium,2
1ghz/133,1
1gb,1
sdram,1
133mhz,1
4x256,1
raid,2
18.2gb,1
pluggabl,2
ultra3,1
scsi,4
15,000,1
rpm,2
scoop,1
draft,1
forse,1
36,3
coolest,1
10:49,1
cooki,9
spec,3
-c,7
anderson/enron,11
enronxg,31
05/14/2001,3
11:35,3
cdt,20
richey/cal/ect,52
ect,110
//www.directpluspro.compaq.com/printconfig.asp,2
oi=e9c,2
dcpqsid=1dmlavwf98s92g2n00akhb60tv7ua5hf,2
beid=19701,2
ident,2
mirror,5
liter,2
shut,2
slap,3
intrigu,2
testweb1.eoltest.com,2
'stresstrader105000',1
'stresspass',1
nrt,1
RT,1
3-1961,1
12:59,1
hillier,2
enrononlin,1
api,2
read-onli,1
frustrat,4
ass,7
loss,1
smart,3
embroil,1
occassion,1
judgement,1
laps,1
faheem,20
trust,30
qavi,18
faheem.qavi,6
345-8338,5
justif,2
IE,3
9:01,1
spoke,5
7:58,1
discoveri,1
10/31/2001,1
8:25,6
defer,1
4:37,1
10:00,1
curiou,7
whi,13
7:20,2
8:28,1
3:05,5
albertapower.enron.com,7
popul,4
tools-,2
options-,2
security-,1
sites-,1
tradeportal.corp.enron.com,1
.pjm.com,1
powermarketmodelling.corp.enron.com,1
marketdataviewer.corp.enron.com,1
livelinkeu.corp.enron.com,1
eurohydro.corp.enron.com,1
yo,1
12:25,1
dronet,1
pull,7
tibco,1
discontinu,1
favor,3
poll,1
db,6
speed,3
approach,2
facilit,6
broken,7
behind,4
intranet,3
housen,1
proper,1
review/releas,1
fair-play,1
potent,1
incovien,1
queri,1
architect,1
stabil,1
blackberri,4
mark.hal,1
CC,3
dan.dietrich,2
16:58:08,1
domain,3
unsign,1
active-x,1
satisfactori,1
3:34,3
remit,3
earliest,2
convienc,2
architectur,2
11:11,6
suffic,2
11:09,4
//albertapower.enron.com,3
questions/issu,2
212-9989,6
chriswieb,6
epagenet.net,6
alter,2
proc,5
1:48,1
sp_poolprice.sql,1
sp2.sql,1
sp3.sql,1
low,4
q2,2
gfi,25
gfinet,12
reproduc,9
retransmit,9
express,12
written,16
fax.xl,49
hr,2
clinton,32
33.25,1
28.5,1
rang,11
32.5,2
10.78,1
33.5,2
11.64,1
kripki,26
968,7
2813,7
clinton.kripki,24
gfinet.com,24
www.gfinet.com,7
-0500,18
5.5.2650.21,17
content-transfer-encod,13
smtp2,13
application/vnd.ms-excel,13
name=,13
content-disposit,13
filename=,13
3/1/02,4
19/12/01,4
4/1/02,3
bom,5
john.zufferli,3
text/plain,4
charset=,4
iso-8859-1,4
2/1/02,2
33,5
2/1/01,2
20/12/01,2
18/12/01,2
37,3
39,5
w/e,13
7/1/02,1
32.75,1
33,34.25,1
08:08:25,1
36.5,1
38,3
34.5,1
36,33,33.5,1
17:57:44,1
39.00,1
mw,1
quot,8
35,2
feb/dec,1
38.5,1
bal,1
22.5,1
14:38:41,1
39.25,1
ppoa,1
e4275b257c6cd411b6560090278d1268eef550,1
17:14:16,1
e4275b257c6cd411b6560090278d1268eeec96,1
16:58:53,1
e4275b257c6cd411b6560090278d1268ec79c9,1
17:46:34,1
e4275b257c6cd411b6560090278d1268e84a21,1
16:43:55,1
e4275b257c6cd411b6560090278d1268e8438,1
17:25:42,1
e4275b257c6cd411b6560090278d1268e67991,1
17:07:54,1
27.75,1
29.5,1
30.75,1
31.25,1
rene,9
228-5771,2
561-3759,2
4:25,2
jhawker,273
petersco.com,273
postal,4
sofa,6
//www.neg.pge.com/employment/1318.html,3
ethan,7
alot,29
klemper,5
eklemper,4
erisk.com,4
skill,6
'trycoop,3
16:21:53,2
leiu,2
potenti,5
core,8
biggest,5
paso,2
BP,2
seriou,4
analyt,2
math,2
outrag,2
resum,8
Ru,2
KT,3
east,8
coast,7
erisk,2
main,6
212.819.0170,2
212.819.0171,2
917.522.1613,2
msn,12
easiest,3
//photos.msn.com/support/worldwide.aspx,2
kelowna,5
laid,6
steadi,6
9:53,8
hey-,6
easy-go,6
egg,6
nog,6
dinner,14
eye,5
lit,2
accross,2
kid,6
x-ma,2
combo,4
recharg,2
batteri,3
nicki,7
eve,3
drinks/coffe,3
horribl,5
234-0249,2
kpunja,2
howardmj,6
2mawbft.usmc.mil,6
jimi,5
deploy,5
tina,6
kill,2
4:31,4
yah,10
dude,36
howard,5
capt,2
2:22,2
extrem,5
90,3
20th,7
jim,6
huh,3
whenc,3
peac,7
howi,3
1:02,7
mjhow55,3
islc.net,3
dude-,7
congratul,7
melt,4
coop,42
callisma,5
fallout,2
shape,2
lb,2
shaki,2
703-598-1426,2
703-437-4179,2
-minh,2
1:11,2
mleung,3
callisma.com,3
hs,3
lame,3
situat,5
uncertain,3
bonu,2
doucet,1
03,9
1:56,1
patricia,2
slone,1
jeani,1
40,000usd,1
payrol,3
behalf,3
brenda,21
stratego,13
prop,6
brenda_smith,12
att04510.htm,12
p1010128.jpg,12
p1010131.jpg,12
p1010132.jpg,12
p1010134.jpg,12
p1010136.jpg,12
12:30,5
aggress,3
impress,10
repres,4
sad,7
depth,3
selfish,5
treat,8
fool,6
ting,3
guilt,3
claim,3
11:43,4
lay,4
11:40,5
wors,13
10:40,4
fag,4
10:34,6
10:24,6
she',6
7:26,6
loser,6
oh,11
molson,6
pump,7
anaheim,6
jordan,6
drobot,6
jordandrobot,6
23:01:18,6
-0700,10
largest,9
//www.hotmail.com,7
tomlinson,6
Yo,6
spanish,8
kristian,6
sysgen.co.uk,2
01727,2
844811,2
alt,2
01482,2
792839,2
4:59,2
dicey,3
ene,3
tit,3
slowli,4
grip,4
visibl,3
plug,3
creativ,3
flexibl,6
cathi,6
simpson,1
lindi,1
arnold,1
i'v,4
meg,2
geociti,2
8.95/month,2
//geocities.yahoo.com/ps/info1,2
03:12,1
11/19/2001,1
-0600,6
lost,8
reset,1
uict8805,1
grafft,1
llama,1
llamacom.com,2
reunion,4
cousin,2
float,4
begin,11
judith,1
eri,1
rodeo,1
17th,2
bean,1
18th,4
grave,1
gracious,1
asid,3
cedar,1
crest,1
topeka,1
breakfast,3
departur,1
parad,1
trailer,1
win,19
prize,1
psrichey,1
terraworld.net,1
pat,1
boy,1
pgh,1
etan,1
devil,5
jackson,1
sell,22
soul,1
sue,1
fletcher,1
sfletch,1
nwlink.com,1
8:36,1
motley,1
bunni,2
bat,1
chew,1
rest,20
yay,1
glad,26
kick,5
510-848-1919,1
weird,4
consid,12
brand,1
anymor,9
hoard,1
osento,1
maloney,1
trend,1
kate,4
goo,7
creas,3
whack,3
hallo,2
stalk,1
margo,1
pester,1
wast,6
bike,1
stand,3
hop,1
wheel,1
decid,22
massachusett,1
zach,1
colburn,1
ahab,1
twist,1
flat-break,1
unconvent,1
mmm,1
beat,6
unprotect,1
arm,3
medit,1
fink,1
consider,1
cloth,2
-charl,1
horton,1
szabo,2
devri,1
1111-11th,1
t2r,1
0g5,1
403.229.1111,1
403.245.0569,1
//www.szaboco.com/,1
8:31,1
1001,5
apt,3
303,5
verif,2
262,6
0205.,2
attorney,2
mention,7
lookout,1
christi,1
wallet,1
plenti,6
shrine,1
golf,13
sensat,1
sore,1
lpga,1
haha,1
vibe,1
bother,5
intim,1
mouth,10
fiddl,1
knew,6
declin,1
reschedul,1
squeez,3
1:00,1
middl,4
cam2year1.bmp,3
cam2year2.bmp,3
jake,7
wrh,9
teacher,4
garden,4
jule,6
vancouv,6
rodney,9
yee,2
bold,2
greenberg,2
heh,4
ironman,3
dissert,3
ashtanga,2
summer,17
disclos,3
unlaw,3
WR,3
hambrecht,3
action-ori,3
IS,3
eas,5
piedmont,8
far-flung,1
gentl,1
spirit,1
invigor,1
focus,3
rigor,1
divorc,2
cute,1
sexi,1
shi,1
romant,1
dreami,1
borg,1
poem,1
translat,1
mistak,1
goeth,1
oft-quot,1
dream,6
genui,1
magic,1
babbl,1
prone,1
meantim,1
picnic,1
overlook,2
prime,1
flower,1
veggi,1
redwood,1
hammock,1
underneath,1
lili,1
visitor,1
oscar,1
ahhhh,1
flowergirl,1
smile,1
face,8
wrhambrecht,1
edit,4
toler,3
mediocr,1
teach,4
dug,1
rock,1
climber,1
distil,1
subtl,1
spiritu,1
journey,1
pose,5
scorpion,1
handstand,1
pushup,1
vertic,1
pranayama,1
yogi,1
30.,1
homer,1
retreat,13
stoke,2
sort,21
midwestern,1
particularli,3
pleasant,2
gloriou,2
shitti,6
telemark,1
di,1
GW,1
white,13
comfort,1
pknow,1
usedow,1
analyz,2
trainwreck,1
motion,2
stare,3
challeng,5
satisfi,1
maybeck,1
grow,4
jgreenberg,1
wrhambrecht.com,1
imceanotes-julie+20greenberg+20+3cjgreenberg+40wrhambrecht+2ecom+3e+,1
40enron,1
2:51,1
housem,2
teas,3
flowerstand,2
elliott,2
mainzer,2
fundrais,2
leagu,2
conserv,11
voter,2
super-analyst,2
grate,2
absolut,4
solstic,4
celebr,4
mountain-bik,2
mt.tam,2
lisa,11
men,5
dorm,2
okay,12
maui,10
bed,9
total,9
1500,1
510-652-3336,1
07:23,1
5/22/01,1
contig,2
unsuccess,2
capit,23
pic30900.pcx,1
py,3
piedmontyoga.com,3
05/17/2001,7
09:40,3
rod,3
fast,5
11458,4
94611,4
11:10,10
5/17/01,4
\internet\idiom\eudorapys\attach\pic30900.pcx,1
adorama,3
42,5
10011,2
adorama.com,2
item=canon,3
qty=1,3
price=,3
u.s.a.,3
tobia,2
x253,2
bp-300,1
f/elan,1
7/7e,1
69.53,1
eo,1
elan-7,1
rebat,3
447.25,1
EF,1
1.8,1
84.35,1
20.00,1
cancel,4
18'th,1
st.,2
223-2500,1
741-0052,1
463-7223,1
www.adorama.com,1
uncultur,7
hick,7
enlist,7
ceili,24
Ah,7
Ha,7
517-6803,7
517-7365,7
chan,2
1996,4
edwardc38,1
3:27,3
porsch,1
993,1
c4,1
carrera,1
4S,1
dscn0108.jpg,1
dscn0109.jpg,1
dscn0110.jpg,1
dscn0111.jpg,1
dscn0112.jpg,1
dscn0114.jpg,1
dscn0115.jpg,1
dscn0116.jpg,1
dscn0117.jpg,1
dscn0118.jpg,1
dscn0119.jpg,1
dscn0121.jpg,1
excus,7
b/c,7
interview,5
hell,3
hurt,6
brinda,4
reel,3
meant,4
rocki,4
drunken,3
upset,3
honest,6
amic,3
mess,6
feebl,3
crap,4
occur,4
sober,3
646,3
342,3
3507,3
mara,5
investor,4
margin,3
__x__,3
subsidiari,6
enabl,4
advantag,5
competit,1
uncov,1
465-5463,1
cipf,1
smartmoney,8
trial,5
=09=09,3
=09=09=09=09,2
=09=09=09,2
do=,2
portfolio,2
=09=09=09smartmoney,1
2:44:30,1
frid=,1
ay,1
per=,1
iod,1
all=,1
reminder=,1
typ=,1
info=,1
rmation,1
dive,1
rtfolio,1
trackernew,1
tracker,1
re-ent,1
quicken,1
MS,5
mapstat,1
an=,1
.csv,1
auto,1
dividend,2
real-time.=,1
1000new,1
1000,3
1,000,1
screeni=,1
ng,1
screenernew,1
screener,1
whittl,1
wn,1
whi=,1
ch,1
premium,1
articlespremium,1
articl,5
award-w=,1
inning,1
writer,1
invalu,1
commentari,1
to=,1
ne=,1
ed,1
wilk,1
dire=,1
ctor,1
-=,1
r=,1
eceiv,1
selec=,1
t.,1
repl=,1
cs-select,1
smartmon=,1
ey.com,1
selectus,1
smartmoney.com,3
rpart,3
formul,1
classif,3
cart,1
'tree,1
mayo,1
clinic,2
61,1
//www.mayo.edu/hsr/techrpt.html,1
venabl,1
pipe,9
python,4
rterm,10
95/98/me,3
presum,3
r.dll,2
farrar.david,1
epamail.epa.gov,1
sam,1
'calldll,1
supposedli,1
manipul,2
step-by-step,1
isol,1
dcom,1
baier,1
cran,11
suspicion,1
rspython,1
side,10
commands',1
nt/2000/xp,1
guido,1
bewar,1
seemingli,1
faulti,1
1.4.0,2
grid,11
lattic,12
setupr-patched.ex,1
r-patch,3
re-instal,1
snapshot,1
propog,1
//www.stats.ox.ac.uk/pub/rwin,2
pfaffman,2
gnome,1
obviou,1
soak,1
stat,1
png,1
you'r,1
jay,2
relaxpc.com,1
+1-415-821-7507,1
+1-415-810-2238,1
//relax.ltc.vanderbilt.edu/~pfaffman/,1
nameandconc.df,10
whichones.df,4
material2,4
0.5,8
component1,4
NA,4
new.df,4
concentr,3
conc,3
material3,3
0.4,3
frame,10
material1,2
0.8,2
component2,2
this.compon,2
malandro,1
ingredi,2
data.fram,4
third,5
lend,1
n,1
dataset,5
roracl,3
con,3
oracl,3
//,2
dat,2
read.tabl,2
flag,3
mysql,2
ram,5
sql,18
s/r,1
EJ,1
ora.fun,1
dbmanag,1
dbconnect,1
user=,1
password=,1
quicksql,1
unload,1
2002-01-15,1
19:43,1
prof,2
wei,1
xiaoyan,1
million,11
forev,8
colclass,1
nrow,1
solari,15
2.6,1
higher,2
fulli,2
scan,3
cornelia,1
schratz,1
somebodi,1
winnt,1
2.4,1
max-mem-s,1
maximum,2
minimum,3
10m,1
attempt,4
256mb,2
memory.limit,1
uwe,2
stn,4
v,4
0.42596859,3
0.26902053,3
2.01147908,3
0.73301643,3
-0.02052348,3
variabl,8
my.df,2
ob,2
tappli,10
factor,9
michael_nielsen/syd/synergy.synergi,1
synergy.com.au,1
stuck,1
0.26400396,1
-0.79194397,1
0.11924528,1
-0.50528235,1
-1.57524853,1
0.17762482,1
-0.83013770,1
9,15
-0.53203400,1
-2.71397275,1
-0.67333384,1
-1.36219773,1
-2.20342109,1
0.18941702,1
0.51492032,1
0.03597370,1
-1.43502366,1
-1.34589392,1
1.00389195,1
-0.21233041,1
-1.35141044,1
v==max,1
|,13
patrick,1
connolli,1
deepayan,1
sarkar,1
kieran,1
heali,1
kjheali,1
arizona.edu,1
r-1.4.0,1
suse,1
7.1,1
christian,3
ritter,1
postcript,1
confus,4
2000/11/07,1
bg,1
pale,1
grey,1
murrel,1
r-announc,14
r-announce-request,3
majordomo,3
besid,3
owner-r-announc,1
human,2
26,22
22:02,2
gnu,2
therefor,1
typic,4
dedic,5
r-devel,2
pre-test,2
gateway,2
//www.r-project.org/,2
====,2
mother,2
//cran.r-project.org/,2
kurt,2
hornik,3
kurt.hornik,2
ci.tuwien.ac.at,2
owner-r-help,1
compat,3
benchmark,1
516,1
315,1
1999,1
205,1
1998,1
116,1
1997,1
77,1
sub-list,1
contin,1
input.r,5
prof.,1
novic,1
col=6,1
co,1
as.numer,1
sys.getenv,2
commandarg,3
petra,2
stuart,3
datafram,4
leask,2
var,2
psychiatri,2
nottingham,2
rm,1
unwant,1
awkward,1
-null,1
Dr,1
mrcpsych,1
lectur,1
duncan,4
macmillan,1
porchest,1
ng3,1
6aa,1
//www.nottingham.ac.uk/psychiatry/staff/sjl.html,1
nieschulz,1
forest,1
biometr,1
++49-551-39-12107,1
++49-551-39-3465,1
buesgenweg,1
37077,1
goettingen,1
jniesch,1
uni-forst.gwdg.d,1
//www.uni-forst.gwdg.de/~jniesch,1
rcmd,3
mypar,2
myparamet,1
permut,1
environent,1
mypar=foo,1
recollect,1
templ,1
lang,1
undocu,1
append,1
rgui,3
.rdata,1
digest,3
maechler,2
lapsu,1
problemat,1
re-boot,1
//www.r-project.org/mail.html,1
apropo,1
advert,1
reader,1
cope,1
traffic,1
procmail,1
emacs+gnu,1
r-help-digest,1
//stat.ethz.ch/~maechler/,1
fuer,1
statistik,1
eth-zentrum,1
leo,1
c16,1
leonhardstr,1
eth,1
feder,6
inst,1
8092,1
zurich,1
switzerland,1
x-41-1-632-3408,1
-1228,1
setupr.ex,1
rw1040,1
windows-specif,1
jss,5
publish,5
310,2
========================================================,2
//www.jstatsoft.org,1
abstract,1
jcg,1
serious,2
peer-review,1
snippet,1
weisberg,1
dimens,2
reduct,2
zeilei,1
leisch,1
strucchang,1
linear,1
marsaglia,1
w.w.,1
tsang,1
difficult-to-pass,1
===,1
leeuw,1
ucla,1
9432,1
boelter,1
951554,1
lo,1
angel,1
90095-1554,1
-825-9550,1
-206-5658,1
deleeuw,1
stat.ucla.edu,1
homepag,1
//www.stat.ucla.edu/~deleeuw,1
buckaroo,1
banzai,1
//www.stat.ucla.edu/~deleeuw/sounds/nomatter.au,1
aggreg,4
petr,3
fn,3
-function,2
arg1,2
arg2,2
arg3,2
pikal,2
petr.pik,2
precheza.cz,2
newx,2
furthermor,1
dot,1
vito,1
7:56,3
answer.pleas,1
hint,2
weighted.mean,1
weight,1
fff,1
ws,1
-tappli,1
-x,2
/w,1
X1,1
X2,1
p.pik,1
volny.cz,1
-.-.-.-.-.-.-.-.-.-.-.-.-.-.-.-.-.-.-.-.-.-.-.-.-.-.-.-.-.-.-.-.-.-.-.-.-,1
-.-.-,1
_._._._._._._._._._._._._._._._._._._._._._._._._._._._._._._._._._._._._._,1
_._,1
region,12
atl,3
pop,6
hodgess,3
mount,2
erin,4
AR,1
coerc,1
,an,1
introduct,1
1.1,1
toomet,1
atlant,1
r1.3.1,1
98,17
sincer,2
uhddx01.dt.uh.edu,1
eze-,5
morri,9
hockey,7
5am,1
5pm,2
45,3
unhappili,1
basement,2
10:15,4
unbeliev,3
banter,2
10th,2
ave.,2
banker,3
round,1
blacken,1
chicken,1
epcor.ca,9
ghaggerti,3
14:39:13,2
postmast,1
2:39,1
undeliver,2
reach,4
14:39:10,1
recogn,1
mts-id,1
c=u,1
a=,1
p=epcor,1
l=ececmx010201142139cw10fpyn,1
msexch,1
im,1
epcor,5
ececmx01,1
0,6
000c05a6,1
unknown,2
63ab7e8ba1e1a54ba7698f31e2e77f300cad22,1
nacal-msmbx01v.corp.enron.com,1
x-ms-embedded-report,1
gari,6
e-tag,2
messeng,3
202-0215,2
taylormj,2
547-2263,2
etag,2
bunch,5
ppa,5
voicemail,5
0205,4
512,11
3312,8
chat,3
beliz,1
athom,1
sfsu,1
ingrid,3
binswang,1
colleg,1
ultra-cool,1
lowdown,1
joint,1
degre,4
um,1
surpris,5
funni,6
sf,1
buzz,2
mgiattina,2
aol.com,4
holli,22
shirt,7
yup,1
16.5,1
richey_holli,20
prc.com,20
6:44,1
'cooper,11
richey',4
exchang,4
1/2,1
nordi,1
luv,13
defens,3
enterpris,3
northrop,7
grumman,7
703.556.3634,7
hook,13
eh,4
goodby,4
mood,3
sick,7
drunk,2
regret,6
amongst,2
yim,12
alon,1
rockn,6
nerv,5
graduat,4
anti-climact,1
ceremoni,1
6:54,2
wave,1
owe,3
smoothli,7
w/o,1
epurtzki,15
deloitte.ca,15
flown,1
accomplish,2
jaimi,13
auburn,2
yanni,3
9:30,5
deep,5
seat,7
terribl,4
mechan,2
vinyasa,2
inde,2
ian.cook,3
sticker,7
car,9
dark,2
forehead,2
motherboard,2
ultim,2
raid5,1
0,1,1
0+1,1
smallish,1
redund,1
cheapest,2
berry.gk,5
lycos.com,5
4:29,1
janet,1
threaten,1
tyan,1
s2466,1
sweeeet,1
amd,1
MP,1
1900+,1
processor,1
15000,1
u160,1
sream,1
merci,1
OA,1
cochran,1
negoti,1
relax,5
anxiou,1
13:31:20,1
mainli,3
1:58,2
infus,2
doubt,1
11:19,1
11:08,2
jennifersmith,2
aec.ca,2
'jhawker,4
petersco.com',4
incred,4
wore,2
entic,2
jenni,3
puke,2
stronghold,1
cmclurg,11
cadvision.com,8
11:56,1
3:47,2
pad,6
clariti,1
solidifi,1
4:46,1
jfagan,2
703,2
pec.com,1
9:08,4
quang,1
tasha,1
683-0299,1
633-7851,1
movi,15
royal,12
law,6
perk,6
nap,6
12th,1
asian,1
restaur,2
corner,2
warehous,1
complic,3
partli,1
philosoph,1
resist,1
cooler,3
6:00am,1
downhil,1
instrucor,1
solvent,1
09,2
10:16,3
withdrawl,1
6am,2
psych,1
5:30am,1
extremli,1
ride,4
attir,1
lululemon,1
endless,1
3:20,2
savasana,2
corps,2
fashion,2
www.lululemon.com,2
3:06,2
stash,2
matress,2
Ya,2
igloo,2
aw,3
tannebaum,2
air,6
2:53,2
agh,3
2.5,3
suck,3
hate,4
brief,5
ladi,4
demo,4
tennenbaum,3
11:47,3
9:17,3
laptop,3
prestigi,3
dozen,3
vultur,3
simplic,3
profound,3
wow,4
snack,4
plaster,3
jackass,1
jordey-inspir,1
mental,1
closur,1
nook,1
nicol,4
dorland,6
joey,1
7:18,2
3:48,1
lobbi,2
4:30,9
eaten,2
3:46,3
3:28,3
stan-,1
-cooper,1
12:24,1
Fw,5
smartmoneylist.com,1
770545,1
bed668916b,1
sign-up,1
tasti,1
suffer,2
angst,1
hors,1
unfocus,1
edg,1
condo,2
mt,1
5:30.,1
faaaaar,1
princ,1
island,1
1525,1
sq,1
1br,1
1800/month,1
renat,1
251-9992,1
Mt,1
villag,1
262-7955,1
225,1
sw.,2
2br,1
229-3440,1
735-7371,1
inspir,1
2:28,2
cor,3
1:52,5
relief,4
i'm,11
time/plac,4
12:12,4
w/,53
classifi,11
disast,13
massiv,2
altho,2
kensington,3
1:27,3
700,5
herald,5
leas,6
12:19,5
284-9898,5
650-1908,5
12:11,5
11:14,6
curriculum,6
jami,8
extracurricular,7
nicki-,1
sister-in-law,1
sweater,1
perfectli,2
1:12,1
1:09,1
dine,2
nametag,1
mr,1
strategi,1
ltd.,1
cheryl,6
daw,2
chequ,1
9:48,1
contractor,4
60,2
surround,2
2:35,1
ottenbreit,3
ndottenb,3
ucalgary.ca,3
2:14,1
countdown,3
lynn,2
derek.lynn,2
home.com,2
adress,3
10:21,1
fernieyet,1
ton,1
200110:15,1
sephan,1
brodeur,4
stephane.brodeur,1
carlo,8
carlos.torr,1
chad,5
chad.clark,1
ritchey,1
cooper.ritchey,1
hoogendoorn,1
frank.hoogendoorn,1
grant.oh,1
biever,1
jason.biev,1
lon,2
draper,1
lon.drap,1
antiflux.org,1
macphe,1
mike.macphe,1
nicole.laport,1
paul.dunsmor,1
paul.rodg,1
randi,3
otto,1
randy.otto,1
ryan,5
watt,1
ryan.watt,1
sean,2
sean.lalani,1
everywher,1
snowboard,1
686-0742,1
sneak,1
undergrad,1
semest,1
12:10,3
enspac,2
sturgeon,2
ben.sturgeon,1
gfinet.co.uk,1
//energy.gfinet.com,1
212-968-2752,1
backup,2
albertapow,9
albertaga,7
\trading\newco\richey\db\,1
caldata_pwrfund,1
erequest,2
slater,1
aaron,3
10:45,1
portion,4
damn,1
bizarr,1
plummet,1
1:39,4
vc1,1
9:30-10:30,1
olap,11
2:03,2
caldata_gasfund,2
screw,3
imposs,1
raquet,1
//www.ecologyproject.org/staff.html,1
breakout,3
raw,3
unregul,4
stupidli,3
up-to-d,1
galleri,2
celbrat,1
kt,1
northern,1
va.,1
bethesda,1
layoff,2
uncertainti,1
megin,1
charner-laird,1
megincl,1
12:05,1
12:55,1
9:57,1
retail,2
codes.xl,2
9:41,1
handy-dandi,1
lookup,3
categori,2
//www.powerpool.ab.ca/market/reports/participantlistreportservlet,1
contenttype=html,1
pawn,1
wheelin,1
chick,3
chessboard,1
8:09,1
burger,1
inn,2
slope,1
mo,6
www.doublemo.caf,1
10:37,1
liscenc,1
y/n,8
curtail,7
transalta.com,6
atcopower.com,3
801,3
powerpool.ab.ca,3
shortfal,3
merit,2
non-essenti,2
ken.gardn,1
pat_coop,1
mwindsor,1
enmax.com,1
mike.coop,1
atcoelectric.com,1
kjdberg,1
alr,1
city.red-deer.ab.ca,1
nigpim,1
city.medicine-hat.ab.ca,1
olenz,1
city.lethbridge.ab.ca,1
david.carmichael,1
john.el,1
gord.mcphe,1
alhoffort,1
adele_birchil,1
bhan,1
martin.merrit,1
engageenergy.com,1
wayne_occonnor,1
transcanada.com,1
joeg,1
encoreenergy.com,1
wickhamc,1
novachem.com,1
pgschubert,1
dow.com,1
dmitchel,1
suncor.com,1
anderson.murray,1
syncrude.com,1
marie_gal,1
pancanadianenergy.com,1
doug.heath,1
balancingpool.ca,1
lloyd_bur,1
dave_curri,1
royhanson,1
chrisc,1
denis.martin,1
airliquide.com,1
c.morgan,1
brian_novak,1
joe.goebel,1
ualberta.ca,1
doug.hinck,1
jim_paton,1
transmiss,5
op-107,1
dispatch,1
gather,3
voluntari,1
oblig,1
n/a,1
valuabl,1
drag,1
voltag,1
wire,2
ken,2
gardner,1
233-6416,1
543-0388,1
shoe,44
pair,28
8:34,7
burden,9
proof,9
7:44,16
string,6
8:29,4
crimin,4
preponder,4
8:27,5
shoulder,6
8:26,5
receipt,6
8:24,6
8:23,7
85,7
8:21,7
7:51,7
85-90,9
6:39,9
cheap,19
wherebi,9
403-261-2259,14
aggro-,1
fuck,6
bore,6
minh,1
2:49,1
6:40,1
tattoo,1
40,5
48,2
41,2
p/op,1
1.54,1
1.58,1
1.81,1
49,1
Q1,1
1.64,1
47,1
Q2,1
2.10,1
Q3,1
2.33,1
55,1
Q4,1
1.88,1
43,1
54,1
y2002,1
51,1
1:40,2
unreal,3
fetcher,1
boot,1
shelv,2
mellow,3
hairi,1
antidot,1
lift,1
ikea,1
7:34,1
meter,2
sight,5
stress,2
686-8815,1
nearli,1
tin,1
palac,1
251,1
loung,1
greatest,1
gossip,3
afteral,5
2am,1
..........,1
3:39,1
hyper-act,2
taught,2
dangeri,2
proposit,2
guitarist,6
groupi,1
2:50,1
ted,2
he',1
9.,2
29/11/01,5
8:16,1
11:54,8
10:19,2
cartcop1.mov,4
chapter,2
10:14,5
outfit,2
reflect,2
playboy,2
label,1
superfici,1
silli,1
sens,4
perspect,1
aunti,1
wed/thu,1
colinpt,1
mang,2
cooper-man,1
sitch,1
........,3
ciao,3
7:23,2
Im,1
beer,4
night-,1
megan,1
1:07,1
tania,3
georgina.d.newal,2
dynegy.com,2
lesbian,2
andrea.langfeldt,1
8:22,1
8:17,1
10pm,1
12:15,1
shooter,1
4am,1
grumpi,1
neighbor,1
barg,1
needless,1
G,1
hardcopi,1
7:22,1
diploma,1
dhl,1
sarah,3
elford,3
littlewing97,3
steph,2
sar,2
'burb,2
//explorer.msn.com/intl.asp,2
7:54,1
IF,1
UP,1
MY,1
thea,1
IN,2
tanya',1
bar,6
lock,2
fryday,1
'sarah,1
07:36:57,1
U2,1
concert,1
house-sit,1
billion,4
channel,1
satellit,1
billi,1
idol,1
storytel,1
fantast,2
it',5
delinqu,1
yehaa,1
DJ,1
yard,1
messi,1
i'll,1
roomat,2
burb,1
228-3936,1
sunshin,1
daydream,1
55.75,1
10:42,1
c++,2
rec,2
10:55,2
............,1
letterhead,1
.............,1
9:31,1
colin.doc,1
star,3
trek,1
vs.,1
visa,3
pokernig.jpg,3
6:37,1
'shauna,1
javen,1
6:36,1
prokop,1
junk,1
imceanotes-richey+20holly+20+3crichey+5fholly+40prc+2ecom+3e+40enron,1
2:54,1
unsur,1
expir,3
well-deserv,1
immens,1
pan,1
void,1
gladli,1
10:09,1
solid,3
9:37,2
pact,2
smoke,2
11:02,2
costco,1
biiiaatch,1
denial,10
wild,10
todd,12
vulner,19
ogg,3
kane,5
ward,2
mcauliff,2
matson,2
bob.mcauliff,2
thibodeaux,3
eel,2
worm,19
sa,2
10:04,1
soonest,1
9:25,1
personal/desktop,1
instanc,1
9:21,2
SA,1
8:12,1
11/25/2001,1
4:42,1
setliff,1
chumley,1
3:12,1
gubser,1
marlin,1
croucher,1
handheld,2
mark.thibodeaux,1
bramwel,1
jame,1
james.bramwel,1
rey,1
charles.rey,1
enronnetworksecur,1
eelitsecur,1
randy.matson,1
edward.ray,1
dziadek,1
keith,1
keith.dziadek,1
abshir,1
scott.abshir,1
martinez,1
bob.martinez,1
bob.hilli,1
hott,1
steve.hott,1
dayao,1
anthony.dayao,1
rub,5
jenny.rub,1
webb,1
jay.webb,1
freeman,1
paul.freeman,1
picker,1
mark.pick,1
parson,1
andrew.parson,1
11:57:22,1
sadmind,3
nimda,1
discov,4
securityfocu,1
attack,11
1433,1
eddi,1
remedi,1
//www.securityfocus.com/,1
713-853-9373,2
713-826-4738,1
powerpool,1
2:00,1
food,6
2:42,1
12:08,1
\fundament,4
blame,4
fuse,1
4:05,1
hassl,1
jerk,1
pillar,1
complement,1
GH,1
3:42,1
z,4
3:41,2
specialist,6
403.974.6785,2
403.860.2146,2
spark,2
surveil,1
www.powerpool.ab.ca,1
//www.u2.com/u2.html,6
plane,1
9:34,1
sacramento,1
phoenix,1
23rd,1
motherfuck,1
Gs,3
kansa,3
st,3
loui,3
9:18,3
9:42,1
blast,1
ledain,1
ignor,1
guid,15
japhet,11
koteen,8
mayan,10
educ,10
cesiak,8
sian,8
ka'an,8
yucatan,5
biospher,6
hood,2
102,3
nw,3
45th,3
98107,3
941,3
1513,3
//students.washington.edu/~japhet,3
eco-tour,4
ruin,4
sustain,4
ecosystem,4
biolog,4
flora,4
fauna,4
histori,8
qualif,4
job_yucatan.doc,4
gotcha,2
nosed,1
blow,1
40mw,1
mejico,1
5:27,1
nope,2
wind/solar/eco-design,1
p-town,1
windpow,1
j,1
battandlear,2
qwest.net,2
custodio,2
fhcrc.org,2
jcjf93,2
hampshire.edu,2
madelyn,2
encanto.org,2
labesm,2
poocherc,2
daeubl,2
lucinda,2
dunlap,2
mccarter,2
elli,2
robinson,2
erik,2
botsford,2
nielsen,2
cgb,2
averi,2
hornfeck,2
franklin\,2
lear,2
heidi,2
kimpton,2
kristin,2
aurora,2
caryn,2
mandelbaum,2
jessica,2
mcdougal,2
arab,2
elena,2
mooney,2
jed,2
murdock,2
bloomfield,2
resch,2
dani,2
reynaud,2
rothblatt,2
cara,2
seidel,2
shalini_ayyagari,2
anni,2
stackpol,2
caribbean,2
tulum,2
cancun,2
ecotour,2
tropic,2
revenu,2
on-sit,2
wetland,2
rainwat,2
solar,2
outreach,2
turtl,2
propag,4
reveget,2
nativ,3
all-day,2
sight-se,2
boat,2
shorter,2
sunset,2
emphas,2
bird-watch,2
rout,2
1200,2
abund,2
unexcav,2
hidden,2
freshwat,2
swim,2
sink-hol,2
primari,4
tourist,2
divers,3
undertaken,2
ideal,3
undergradu,2
environment,2
socio-econom,2
latin,2
thoroughli,2
crucial,2
proven,2
exemplari,2
self-manag,2
broad,2
www.cesiak.org,2
camboyd,2
tulum.com,2
011-52-987-12499,2
cel,2
011-52-987-63115,2
P.,1
6:08,1
csd,1
vvw1,1
atco,1
valleyview,1
gleneagl,7
highway,6
flu,3
1/3,2
mile,4
terrac,2
2:07,2
vba,1
1A,1
crowchild,1
trail,1
12km,1
lane,1
goiung,1
3.5km,1
km,1
blvd,1
150yd,1
Go,1
tee,3
131,1
appetit,1
10:00:40,1
9:27,2
dbd,3
drapple.com,2
modul,2
:odbc,1
dbi,1
funki,1
owner-pdx-pm-list,1
hartley,1
10:22,1
db2,1
thrown,1
cpan,1
drivers/etc,1
:freetd,1
anybodi,2
books/websit,1
11:57,4
track,1
10:13,1
sp_ab_getpricedata_settlement.sql,1
matine,1
6:43,1
bum,1
colonel,1
backalley,1
graviti,1
globe,1
3-5,1
7pm,1
snowmobil,1
flip,1
frankli,1
8:49,1
ws_ftp.log,1
xnax/secur,1
..............,1
tobi,3
hatchet,1
geffry,1
stunningli,1
door,3
2:06,1
lose,3
clearli,1
11:01,1
3:26,2
nosi,3
shaker,3
rare,3
couch,3
11:37,3
10:30,5
overal,4
unev,4
ellsworth,1
kateellsworth,1
3:56,1
aliv,1
510,1
848-1919,1
10:57,3
10:23,1
crowd,7
9:09,3
9:02,4
vega,2
catheryn,20
staveley,9
catheryn.staveley,9
hugheschris.com,9
'staveley,11
D',10
nelli,5
bye,6
surcharg,1
3:23,1
3:22,2
admiss,2
3:11,2
3:09,2
over-react,3
fluster,3
voraci,3
flirt,3
chute,3
kryptonomicon,3
4:11,3
3:29,3
1:45,3
tear,3
shower,3
dissapoint,3
fault,8
heat,3
exhaust,3
wimpi,3
2:29,3
brought,7
addict,3
eau,4
clair,4
cruis,2
vanilla,2
satisfact,2
polar,2
opposit,2
3:17,2
2:19,2
workout,2
distract,2
dl-netco,2
x39673,1
x39807,1
x53614,1
deliev,1
//kapu.doublesecret.net/index.html,2
sweatband,1
7:42,1
breast,5
allig,5
peni,4
pickl,4
doctor,7
sex,3
woman,3
shot,3
honey,3
slicer,3
gator,3
fifti,3
cori,2
elbow,2
sexual,2
husband,3
tap,2
compuls,2
urg,3
embarrass,2
god,5
genit,2
unscath,2
stood,3
bottl,2
foot,2
tall,3
350,2
inch,2
dick,2
turner,3
brown,2
9:03,1
cyr,1
stoddard,1
hewitt,1
barrett,1
tannahil,1
michelleb64,1
corinna624,1
1:08,1
aldean,1
d.jonson,1
cailly11,1
23:14:13,1
whalen,1
shelley,2
cindi,6
newman,1
axford,2
10:20,1
clerk,1
accident,1
bump,1
startl,1
ma'am,1
forgiv,1
1221,1
bartend,1
jagermeist,1
blowjob,1
offens,1
sir,1
rid,1
businessman,1
gorgeou,1
indian,4
longest,1
polish,1
diamet,1
coolli,1
tonto,1
kawalski,1
gentli,1
gynecologist,1
fresh,1
whisper,1
ear,1
dentist,1
factori,1
confess,1
vow,1
overcom,1
ashen,1
tremend,1
hospit,1
coma,1
sigh,1
moan,1
oral,1
five,2
dead,1
choke,1
pet,1
stonish,1
patron,1
wit,1
spectacl,1
murmur,1
trouser,1
gasp,1
rap,1
hush,1
timidli,1
faint,1
shake,2
'turn,1
gentleman,1
jaybird,1
granni,1
snicker,1
buff,1
breathlessli,1
nippl,1
gramp,1
oatmeal,1
//explorer.msn.com,1
8:51,4
8:50,1
t2r1l2,2
6:49,1
krypto,5
heaven,1
forbid,1
68/tick,1
upholsteri,1
4:28,1
accid,1
fuckfac,1
tutor,1
9:38,3
morph,2
lex,2
kryptonit,2
render,3
useless,2
epcor.ca',3
8:52,2
'smcdonald,1
'smacdonald,2
hagerti,3
prospect,3
junior,4
sundanc,3
transcanada/altaga,3
mfwong,3
ualberta.net,3
403.560.0289,3
button-,1
nhl,1
fight,1
undecid,1
raincheck,1
maid,9
pep,1
1:53,1
1:51,1
1:46,2
1:44,2
1:37,3
1:29,4
1:20,4
carl,5
cowan,5
citizen,2
buckley,2
non-u.s.,1
casual,2
broker,1
slimi,1
yuck,1
ceas,1
dilig,1
r.1.4.0,1
1.4,2
crash,4
invok,2
oft-us,2
quak,2
OS,2
rgui.ex,2
spawn,2
0.4-0,2
prep,2
deepli,1
9:49,2
cake,5
climb,2
inflam,1
tendon,1
industri,1
fascin,1
forth,1
intricaci,1
carrot,4
dessert,3
gingerbread,3
propaganda,1
you/jami,1
zealand/australian,1
theme,1
9:00,1
ole,4
bitmap,3
8:59,1
handi,1
realtor,1
12:33,1
nirv,1
sandi,4
friendship,4
9:43,1
medium,3
realist,1
publicli,2
portray,1
suspici,1
9:26,1
demon,2
re-real,2
intact,2
complex,4
half-ass,2
bullshit,2
9:05,2
7:03,2
sake,3
themselv,3
payback,2
mouth/,2
waitress/,2
bond,2
lighten,2
ah,1
3:10,1
ordeal,3
anomali,1
consumpt,2
sloth,1
7am,1
airport,3
itinerari,1
8am,1
4pm,1
artist,1
pot,1
beginn,1
same/better/wors,1
somehow,1
takeaway,1
bite,1
7:16,2
arthur,2
andersen,2
11:15,3
yani,2
mix,2
perfect,2
compliment,2
afterward,4
3:03,1
crantina,2
shooter-lifestyl,2
7:06,2
whiskey,2
whoever,2
crantini,2
hump,2
cheesi,2
2:09,2
MD,2
accumap,1
770,1
4503,1
nickl,1
infrom,1
trueman,1
209,1
3574,1
mccormick,1
299,1
7801,1
3:31,1
netco.xl,1
//arstechnica.com/guide/system/budget.html,1
clayton,4
9:47,1
2:55,2
update.xl,1
rodbc,1
importantli,1
enron-ub,1
deal.,1
'how,1
jasc,6
jasc.com,2
fri.,2
ec882936,2
99.00,2
esd,2
//www.jasc.com/contactservices.asp,1
customer.servic,1
800-622-2793,1
6:30,1
statement,1
28013191,1
t2g0x8,1
quantiti,1
pro,1
anniversari,1
0.00,1
deliveri,4
6.93,1
105.93,1
buyer,1
gwb4tuit,1
//www.jasc.com/shopping/esd/esd_login.asp,1
//www.jasc.com/support2.asp,1
instantli,1
techsup,1
952-930-9171,1
26/11/01,2
27/11/01,2
28/11/01,2
30/11/01,2
3/12/01,2
4/12/01,2
e4275b257c6cd411b6560090278d1268d8532,1
17:04:43,1
e4275b257c6cd411b6560090278d1268d85a92,1
17:03:31,1
e4275b257c6cd411b6560090278d1268da1530,1
16:57:27,1
e4275b257c6cd411b6560090278d1268da1d25,1
17:00:02,1
e4275b257c6cd411b6560090278d1268dbc048,1
16:26:03,1
e4275b257c6cd411b6560090278d1268dbc831,1
16:46:47,1
e4275b257c6cd411b6560090278d1268de48f2,1
16:08:32,1
fake,1
4035123312,4
text.telus.com,3
natsourc,1
stephan,7
tyler,4
scotti,4
marni,4
coreen,4
carey,4
fino,4
resign,4
05/03/2001,7
everyone_in_ect_calgari,2
everyone_in_ect_toronto,2
everyone_in_ect_montr,2
seminuk,2
full-tim,2
mckay,2
schorn,3
co-op,2
student,2
Tu,2
rojo,2
campbel,2
ee,2
bingham,2
tiberi,2
gov't,2
affair,2
aleck,2
dadson,2
farewel,2
kristjansen,2
dim-sum,1
saloon,1
ice-man,1
jaihawk,1
05/02/2001,1
11:05,1
zeu,1
_________________________________________________________________________,1
12:13,1
postpon,3
mclurg/cal/ect,7
tip/cal/ect,7
berry/cal/ect,9
gang,3
12:00,3
stdolelink,6
02:01,1
watt/cal/ect,2
mckay/cal/ect,2
cowan/cal/ect,2
lambie/cal/ect,2
davies/cal/ect,2
croasdale/cal/ect,2
lynn/cal/ect,3
savidant/cal/ect,2
biever/cal/ect,2
anderson/cal/ect,2
hawker/cal/ect,2
clark/cal/ect,2
torres/cal/ect,2
johnston/cal/ect,2
renneberg/cal/ect,2
stake,2
flush,2
03:31,1
omar,3
omar-,1
haneef,1
omar.haneef,1
tigris.com,1
05/04/2001,3
07:14,1
'cooper.richey,7
shrink,1
header,1
xnav,2
icon,1
04:52,2
6:46,2
duong,3
05/01/2001,10
nikolay,2
enpow,2
bgreeni,2
09:30,1
luu/enron,1
08:16,1
kraltchev/enron,1
crooks/enron,1
jzuffer,1
dluu,1
6:02,1
luu,1
summar,1
2001-03-08,1485
04:21:00,1223
00:00:00,130
01:00:00,127
03:00:00,127
04:00:00,127
05:00:00,127
06:00:00,127
07:00:00,127
02:00:00,126
08:00:00,126
09:00:00,126
10:00:00,126
11:00:00,126
12:00:00,126
13:00:00,126
14:00:00,126
15:00:00,126
16:00:00,126
17:00:00,126
18:00:00,126
19:00:00,126
20:00:00,126
21:00:00,126
22:00:00,126
23:00:00,126
2001-03-30,120
01:01:00,119
97.879997,94
97.860001,76
97.870003,69
97.949997,69
97.800003,67
35.490002,52
2001-01-03,48
2001-01-04,48
2001-01-05,48
2001-01-06,48
97.849998,48
2001-03-09,48
2001-03-10,48
2001-03-11,48
2001-03-12,48
2001-03-13,48
2001-03-14,48
2001-03-15,48
2001-03-16,48
2001-03-17,48
2001-03-18,48
2001-03-19,48
2001-03-20,48
2001-03-21,48
2001-03-22,48
2001-03-23,48
2001-03-24,48
2001-03-25,48
2001-03-26,48
2001-03-31,48
2001-04-03,48
2001-04-04,48
2001-04-05,48
04:22:00,48
2001-04-06,48
2001-04-07,48
2001-04-08,48
2001-04-09,48
2001-04-10,48
2001-04-11,48
2001-04-12,48
2001-04-13,48
2001-04-14,48
2001-04-15,48
2001-04-16,48
2001-04-17,48
2001-04-18,48
2001-04-19,48
2001-04-20,48
2001-04-21,48
2001-04-22,48
2001-04-23,48
2001-04-24,48
2001-04-25,48
2001-04-26,48
2001-04-27,48
2001-04-28,48
2001-04-29,48
2001-04-30,48
2001-05-01,48
2001-05-02,48
2001-05-03,48
2001-05-04,48
2001-05-05,48
2001-05-06,52
2001-01-02,47
2001-04-01,47
2001-04-02,47
97.720001,46
97.900002,45
97.910004,43
2001-05-07,39
140.0,33
97.889999,31
97.5,29
97.93,27
97.779999,27
97.0,27
97.940002,26
08:40:00,24
2001-01-07,24
2001-01-08,24
08:50:00,24
2001-01-09,24
08:56:00,24
2001-01-10,24
09:01:00,24
2001-01-11,24
09:06:00,24
2001-01-12,24
09:11:00,24
2001-01-13,24
09:17:00,24
2001-01-14,24
09:22:00,24
2001-01-15,24
09:27:00,24
2001-01-16,24
09:32:00,24
2001-01-17,24
09:37:00,24
2001-01-18,24
09:42:00,24
2001-01-19,24
09:48:00,24
2001-01-20,24
09:53:00,24
2001-01-21,24
09:58:00,24
2001-01-22,24
2001-01-23,24
10:09:00,24
2001-01-24,24
10:14:00,24
2001-01-25,24
10:19:00,24
2001-01-26,24
10:24:00,24
2001-01-27,24
10:30:00,24
2001-01-28,24
10:35:00,24
2001-01-29,24
10:40:00,24
97.839996,24
2001-01-30,24
10:45:00,24
2001-01-31,24
10:50:00,24
2001-02-01,24
10:56:00,24
2001-02-02,24
11:01:00,24
2001-02-03,24
11:06:00,24
2001-02-04,24
11:11:00,24
2001-02-05,24
11:17:00,24
2001-02-06,24
11:22:00,24
2001-02-07,24
11:27:00,24
2001-02-08,24
11:32:00,24
2001-02-09,24
11:38:00,24
2001-02-10,24
11:43:00,24
2001-02-11,24
11:48:00,24
2001-02-12,24
11:53:00,24
2001-02-13,24
11:59:00,24
2001-02-14,24
12:04:00,24
2001-02-15,24
12:09:00,24
2001-02-16,24
12:14:00,24
2001-02-17,24
12:19:00,24
2001-02-18,24
12:24:00,24
2001-02-19,24
12:29:00,24
2001-02-20,24
12:35:00,24
2001-02-21,24
12:40:00,24
2001-02-22,24
12:45:00,24
2001-02-23,24
12:50:00,24
2001-02-24,24
12:56:00,24
2001-02-25,24
13:01:00,24
2001-02-26,24
13:06:00,24
2001-02-27,24
13:11:00,24
2001-02-28,24
13:17:00,24
2001-03-01,24
13:22:00,24
2001-03-02,24
13:27:00,24
2001-03-03,24
13:32:00,24
2001-03-04,24
13:37:00,24
2001-03-05,24
13:42:00,24
2001-03-06,24
13:48:00,24
2001-03-07,24
13:53:00,24
04:44:00,24
245.06,24
07:31:00,24
09:33:00,24
2001-03-27,24
09:38:00,24
2001-03-28,24
09:43:00,24
2001-03-29,24
09:49:00,24
19:48:00,24
2001-01-01,23
08:45:00,23
35.0,23
10:03:00,22
96.949997,21
97.82,18
97.830002,18
245.23,18
149.99001,18
97.699997,16
97.709999,15
97.760002,15
240.0,16
245.03,15
63.950001,15
88.0,14
97.769997,13
97.809998,13
89.0,13
97.790001,13
97.919998,13
76.5,12
79.989998,12
121.0,11
92.5,11
83.949997,11
59.0,10
127.23,10
42.5,10
53.5,10
123.08,9
200.0,9
250.0,9
88.5,9
139.75,9
93.0,9
56.5,9
141.39999,8
97.730003,8
245.0,8
110.23,8
119.75,8
230.0,7
80.0,7
150.0,7
101.48,7
123.14,7
123.13,7
245.05,7
84.5,7
115.0,7
82.18,7
82.160004,7
08:16:00,7
141.42,6
184.71001,6
105.36,6
75.0,6
120.0,6
23.0,6
96.900002,6
50.23,6
118.0,6
76.330002,6
225.0,5
107.95,5
97.75,5
271.23001,5
123.75,5
119.49,5
34.759998,5
34.75,5
97.739998,5
59.849998,5
65.489998,5
500.0,5
66.190002,5
141.37,4
141.36,4
2020-01-01,4
91.25,4
91.0,4
125.35,4
100.75,4
123.15,4
123.11,4
123.1,4
245.00999,4
65.0,4
74.989998,4
96.209999,4
245.5,4
497.95001,4
93.190002,4
76.349998,4
93.110001,4
84.980003,4
9.5699997,4
79.519997,4
75.5,4
80.150002,4
97.57,4
82.580002,4
50.0,4
84.029999,4
83.970001,4
82.190002,4
82.169998,4
102.0,4
76.339996,4
76.25,4
141.41,3
201.71001,3
192.42,3
122.74,3
118.26,3
97.639999,3
122.97,3
129.0,3
124.5,3
122.93,3
112.48,3
112.62,3
88.68,3
88.57,3
124.25,3
432.0,3
105.05,3
105.12,3
105.13,3
148.0,3
93.199997,3
93.220001,3
93.269997,3
96.959999,3
84.25,3
84.639999,3
82.559998,3
9.5799999,3
83.0,3
81.980003,3
82.529999,3
80.900002,3
97.629997,3
79.5,3
82.5,3
52.5,3
97.529999,3
83.959999,3
125.0,3
83.599998,3
83.830002,3
108.0,3
97.650002,3
57.950001,3
67.800003,3
66.309998,3
66.360001,3
66.349998,3
96.269997,3
95.410004,2
95.370003,2
110.21,2
98.120003,2
98.129997,2
90.099998,2
93.610001,2
109.8,2
100.31,2
105.11,2
134.37,2
98.089996,2
84.0,2
353.32999,2
149.60001,2
245.25,2
242.0,2
123.02,2
245.02,2
125.26,2
125.25,2
123.01,2
123.07,2
123.09,2
122.02,2
126.0,2
112.52,2
97.660004,2
70.0,2
88.610001,2
88.550003,2
104.9,2
103.44,2
88.690002,2
105.08,2
245.09,2
126.5,2
113.58,2
124.0,2
104.99,2
105.21,2
104.64,2
105.0,2
104.96,2
93.25,2
92.830002,2
139.63,2
93.120003,2
93.050003,2
93.150002,2
93.059998,2
245.19,2
84.769997,2
84.779999,2
74.5,2
96.970001,2
63.0,2
96.980003,2
152.75999,2
97.510002,2
82.459999,2
81.129997,2
82.480003,2
81.010002,2
80.93,2
97.040001,2
35.290001,2
97.519997,2
79.589996,2
77.029999,2
70.220001,2
56.23,2
91.169998,2
76.82,2
76.879997,2
97.610001,2
52.200001,2
81.559998,2
85.0,2
82.489998,2
82.540001,2
97.540001,2
97.620003,2
69.480003,2
50.650002,2
84.050003,2
173.33,2
83.940002,2
83.150002,2
84.019997,2
84.059998,2
97.220001,2
66.269997,2
83.669998,2
83.519997,2
83.650002,2
223.0,2
82.089996,2
82.110001,2
76.269997,2
77.910004,2
96.800003,2
179.23,2
208.28,2
75.169998,2
75.160004,2
73.349998,2
73.32,2
72.5,2
73.480003,2
73.389999,2
72.25,2
226.0,2
68.25,2
67.879997,2
243.11,2
66.239998,2
106.06,2
66.209999,2
abdatetim,4
datatyp,3
retriev,3
141.39,1
141.32001,1
124.09,1
69.010002,1
93.470001,1
132.95,1
166.53,1
204.32001,1
305.19,1
185.2,1
207.28,1
223.14,1
200.34,1
179.58,1
250.55,1
188.06,1
208.37,1
235.0,1
232.97,1
181.86,1
110.07,1
96.129997,1
146.72,1
128.44,1
152.81,1
188.57001,1
206.42999,1
188.81,1
220.0,1
189.64999,1
120.77,1
115.47,1
117.07,1
134.56,1
102.01,1
141.62,1
221.24001,1
174.03999,1
253.7,1
271.14001,1
505.20999,1
227.2,1
152.31,1
102.14,1
171.23,1
119.07,1
108.3,1
165.05,1
213.0,1
111.34,1
138.75999,1
108.18,1
144.89999,1
123.32,1
161.46001,1
197.17,1
113.32,1
93.800003,1
95.839996,1
130.67,1
116.46,1
147.67,1
230.25,1
101.0,1
125.73,1
115.82,1
96.230003,1
85.489998,1
43.650002,1
61.450001,1
86.650002,1
102.41,1
130.22,1
116.42,1
42.619999,1
46.189999,1
95.760002,1
105.7,1
114.23,1
99.019997,1
113.09,1
112.31,1
94.349998,1
46.060001,1
75.519997,1
111.48,1
241.0,1
204.56,1
102.12,1
99.800003,1
98.809998,1
98.019997,1
97.089996,1
157.25999,1
214.22,1
126.1,1
104.93,1
106.28,1
103.09,1
95.309998,1
93.839996,1
97.279999,1
119.4,1
102.18,1
99.709999,1
100.19,1
105.85,1
107.18,1
98.849998,1
112.2,1
200.92,1
140.14,1
136.44,1
217.03999,1
181.42999,1
142.25999,1
105.74,1
102.05,1
96.300003,1
89.389999,1
293.57999,1
144.11,1
95.099998,1
98.349998,1
96.519997,1
95.68,1
95.269997,1
97.290001,1
100.51,1
104.39,1
98.0,1
109.85,1
320.85001,1
103.25,1
154.72,1
650.0,1
118.07,1
221.06,1
116.06,1
122.92,1
109.34,1
99.18,1
162.23,1
234.42999,1
211.87,1
129.39,1
158.95,1
164.14,1
127.83,1
136.0,1
266.25,1
240.89,1
160.0,1
126.87,1
125.68,1
171.35001,1
258.79999,1
444.14999,1
397.07999,1
286.89999,1
271.12,1
252.46001,1
219.7,1
139.0,1
261.62,1
264.78,1
228.33,1
149.0,1
138.48,1
162.35001,1
288.14999,1
163.44,1
232.10001,1
246.24001,1
261.25,1
244.3,1
369.53,1
309.42001,1
253.0,2
270.0,1
260.82999,1
157.72,1
122.99,1
138.91,1
145.00999,1
160.92999,1
204.37,1
220.14,1
323.32999,1
273.32999,1
385.0,1
211.66,1
170.0,1
170.17,1
217.34,1
185.07001,1
181.17,1
314.17001,1
320.0,2
252.33,1
213.33,1
143.62,1
146.35001,1
122.96,1
240.00999,1
248.12,1
136.92999,1
126.19,1
125.33,1
222.16,1
205.25,1
185.0,1
168.86,1
126.07,1
120.92,1
118.27,1
118.52,1
102.43,1
117.62,1
116.88,1
104.08,1
97.370003,1
97.199997,1
106.1,1
121.77,1
112.36,1
124.94,1
125.01,1
126.41,1
125.19,1
124.34,1
124.38,1
124.42,1
114.69,1
117.49,1
124.45,1
123.47,1
123.06,1
121.13,1
120.14,1
107.2,1
95.5,1
86.0,1
85.82,1
123.03,1
123.12,1
157.25,1
104.92,1
139.8,1
122.77,1
122.87,1
103.42,1
80.830002,1
120.96,1
104.37,1
129.99001,1
110.17,1
122.01,1
122.0,1
110.82,1
100.74,1
122.52,1
121.92,1
128.17999,1
114.17,1
105.72,1
128.99001,1
236.25999,1
142.36,1
126.66,1
123.04,1
111.88,1
110.71,1
112.56,1
110.83,1
112.63,1
207.33,1
169.66,1
171.44,1
244.78999,1
143.28999,1
117.88,1
112.41,1
112.05,1
110.16,1
110.0,1
110.58,1
112.47,1
109.05,1
102.33,1
88.75,1
88.739998,1
88.709999,1
88.669998,1
88.720001,1
95.669998,1
97.32,1
97.129997,1
88.760002,1
88.400002,1
76.730003,1
73.580002,1
72.080002,1
69.699997,1
79.879997,1
124.35,1
112.57,1
134.7,1
158.17,1
88.589996,1
79.57,1
77.989998,1
87.699997,1
88.650002,1
107.53,1
110.2,1
101.62,1
103.46,1
104.2,1
124.75,1
168.73,1
108.28,1
88.839996,1
103.66,1
170.48,1
182.00999,1
245.28999,1
245.03999,1
362.76001,1
361.54001,1
349.10001,1
129.46001,1
126.88,1
472.29999,1
569.34998,1
402.73001,1
320.75,1
335.53,1
415.29999,1
231.25999,1
154.0,1
373.98001,1
241.5,1
246.03999,1
241.72,1
166.25,1
243.08,1
190.0,1
125.62,1
125.58,1
129.53,1
105.06,1
105.17,1
121.55,1
201.12,1
203.78,1
128.48,1
222.2,1
244.99001,1
192.33,1
105.19,1
104.95,1
277.14001,1
263.95001,1
241.81,1
204.8,1
112.38,1
180.0,1
122.61,1
105.07,1
104.69,1
113.46,1
132.75,1
119.73,1
105.2,1
105.62,1
108.98,1
145.05,1
148.3,1
129.73,1
195.0,1
198.67,1
104.88,1
91.230003,1
93.339996,1
119.92,1
110.91,1
111.36,1
123.94,1
132.14,1
123.87,1
109.95,1
93.279999,1
94.360001,1
92.650002,1
96.910004,1
109.12,1
126.95,1
133.3,1
123.25,1
174.87,1
126.63,1
119.81,1
89.809998,1
50.75,1
92.940002,1
94.599998,1
100.78,1
122.2,1
93.209999,1
97.400002,1
92.57,1
93.260002,1
85.330002,1
71.599998,1
92.540001,1
97.489998,1
92.980003,1
108.61,1
112.08,1
99.139999,1
125.53,1
100.61,1
90.779999,1
93.300003,1
95.169998,1
123.62,1
337.73001,1
153.42,1
119.58,1
119.5,1
119.76,1
167.94,1
203.35001,1
119.94,1
103.82,1
90.339996,1
109.0,1
119.55,1
113.53,1
87.660004,1
84.68,1
86.949997,1
111.76,1
84.760002,1
71.300003,1
84.849998,1
83.199997,1
43.049999,1
78.580002,1
84.419998,1
67.18,1
57.43,1
84.580002,1
84.709999,1
84.720001,1
84.650002,1
84.510002,1
84.599998,1
84.690002,1
84.57,1
84.440002,1
54.990002,1
51.740002,1
84.379997,1
97.349998,1
72.199997,1
16.0,1
54.18,1
93.099998,1
73.300003,1
85.949997,1
79.889999,1
34.119999,1
87.25,1
68.529999,1
37.18,1
39.84,1
54.830002,1
82.839996,1
95.330002,1
71.099998,1
87.019997,1
97.010002,1
97.68,1
75.440002,1
43.119999,1
91.449997,1
69.449997,1
89.220001,1
32.169998,1
25.0,1
26.75,1
348.01001,1
101.99,1
117.02,1
182.72,1
97.339996,1
81.370003,1
80.980003,1
169.75999,1
104.17,1
49.84,1
204.25999,1
89.720001,1
68.220001,1
62.939999,1
176.82001,1
127.44,1
81.410004,1
82.050003,1
111.07,1
184.8,1
129.36,1
124.98,1
193.39999,1
168.53,1
103.22,1
81.290001,1
74.139999,1
105.32,1
401.75,1
240.13,1
413.76999,1
121.75,1
142.33,1
212.10001,1
127.38,1
82.080002,1
82.410004,1
82.339996,1
81.0,1
82.360001,1
114.54,1
114.05,1
118.98,1
138.60001,1
122.46,1
142.07001,1
80.949997,1
80.910004,1
97.550003,1
85.400002,1
42.82,1
11.37,1
32.470001,1
80.940002,1
40.790001,1
36.080002,1
69.410004,1
97.18,1
81.169998,1
80.5,1
79.559998,1
79.529999,1
79.510002,1
80.400002,1
176.05,1
140.06,1
219.89999,1
137.23,1
237.87,1
270.03,1
316.41,1
232.8,1
149.44,1
334.23999,1
162.53,1
79.540001,1
103.0,1
236.28999,1
240.84,1
241.27,1
109.91,1
79.379997,1
47.880001,1
79.43,1
88.730003,1
40.759998,1
69.970001,1
85.449997,1
96.919998,1
97.459999,1
65.5,1
41.330002,1
35.459999,1
57.119999,1
77.120003,1
70.879997,1
64.209999,1
65.309998,1
78.389999,1
97.480003,1
96.940002,1
77.199997,1
60.43,1
38.75,1
69.540001,1
76.059998,1
97.309998,1
38.880001,1
92.75,1
97.559998,1
95.519997,1
60.0,1
36.299999,1
34.529999,1
33.330002,1
35.75,1
60.07,1
74.080002,1
73.0,1
74.129997,1
76.599998,1
76.889999,1
70.129997,1
36.889999,1
34.939999,1
67.169998,1
51.450001,1
35.419998,1
34.810001,1
34.860001,1
48.470001,1
78.029999,1
97.580002,1
78.650002,1
77.370003,1
37.709999,1
61.27,1
80.519997,1
122.05,1
171.50999,1
154.34,1
479.82001,1
80.720001,1
81.529999,1
81.25,1
66.790001,1
74.959999,1
81.489998,1
131.94,1
102.16,1
99.349998,1
230.71001,1
107.76,1
80.160004,1
80.089996,1
80.260002,1
231.49001,1
161.60001,1
195.46001,1
80.139999,1
80.220001,1
56.16,1
96.139999,1
89.580002,1
60.470001,1
48.139999,1
67.629997,1
80.029999,1
82.449997,1
80.660004,1
51.93,1
35.32,1
34.990002,1
47.040001,1
82.25,1
97.589996,1
41.16,1
37.189999,1
74.480003,1
66.0,1
45.68,1
36.07,1
79.75,1
92.269997,1
56.349998,1
44.380001,1
45.130001,1
61.310001,1
67.400002,1
51.43,1
52.029999,1
81.809998,1
178.86,1
219.53,1
103.03,1
155.71001,1
141.74001,1
83.989998,1
83.980003,1
83.910004,1
71.07,1
66.470001,1
83.32,1
56.779999,1
61.09,1
83.209999,1
83.080002,1
76.489998,1
76.139999,1
68.879997,1
73.489998,1
77.5,1
96.879997,1
78.769997,1
65.25,1
52.959999,1
50.080002,1
60.380001,1
81.870003,1
64.25,1
93.360001,1
80.809998,1
205.83,1
95.650002,1
94.230003,1
82.419998,1
72.730003,1
79.949997,1
96.650002,1
133.8,1
108.46,1
83.709999,1
83.629997,1
83.489998,1
83.589996,1
83.620003,1
83.660004,1
83.720001,1
120.93,1
185.62,1
128.42999,1
191.67,1
242.14999,1
83.610001,1
83.699997,1
201.33,1
220.67999,1
157.53999,1
85.050003,1
85.019997,1
85.010002,1
159.89999,1
767.02002,1
583.33002,1
116.76,1
179.0,1
98.610001,1
113.99,1
84.349998,1
64.889999,1
58.349998,1
82.949997,1
84.260002,1
85.730003,1
92.660004,1
224.42999,1
127.4,1
104.63,1
111.32,1
116.35,1
117.1,1
85.809998,1
83.870003,1
98.669998,1
223.7,1
98.779999,1
164.60001,1
197.32001,1
152.02,1
143.34,1
82.199997,1
81.690002,1
91.440002,1
97.449997,1
81.309998,1
76.540001,1
62.990002,1
79.730003,1
273.25,1
161.53,1
87.040001,1
82.139999,1
82.220001,1
82.260002,1
82.239998,1
82.029999,1
80.550003,1
80.290001,1
81.910004,1
81.739998,1
77.610001,1
82.120003,1
77.209999,1
68.660004,1
75.300003,1
98.489998,1
81.110001,1
79.68,1
79.620003,1
77.330002,1
75.389999,1
79.629997,1
79.669998,1
77.07,1
77.0,1
99.160004,1
136.36,1
149.41,1
98.519997,1
224.53999,1
461.78,1
218.13,1
81.339996,1
76.419998,1
76.379997,1
100.71,1
166.03999,1
112.59,1
76.309998,1
76.260002,1
75.970001,1
75.32,1
76.220001,1
76.290001,1
139.98,1
185.63,1
111.83,1
148.37,1
77.099998,1
76.32,1
76.300003,1
76.279999,1
82.93,1
172.10001,1
140.44,1
243.96001,1
214.27,1
119.36,1
110.36,1
111.51,1
148.96001,1
77.830002,1
77.599998,1
76.580002,1
76.0,1
76.099998,1
77.489998,1
138.59,1
212.77,1
400.78,1
227.98,1
77.940002,1
76.830002,1
76.739998,1
75.809998,1
75.150002,1
76.120003,1
76.870003,1
171.58,1
241.42,1
245.12,1
75.18,1
75.190002,1
75.230003,1
112.73,1
203.81,1
678.70001,1
879.20001,1
140.98,1
245.22,1
245.13,1
242.96001,1
220.53999,1
242.53,1
101.82,1
128.08,1
84.879997,1
90.379997,1
81.660004,1
81.510002,1
85.669998,1
184.53999,1
296.17999,1
470.28,1
150.83,1
125.64,1
104.12,1
117.92,1
90.209999,1
73.459999,1
72.57,1
88.190002,1
210.62,1
238.17,1
206.33,1
132.64999,1
106.63,1
73.400002,1
72.860001,1
72.300003,1
66.529999,1
68.620003,1
73.440002,1
73.510002,1
72.720001,1
72.309998,1
72.769997,1
99.529999,1
172.7,1
120.22,1
73.449997,1
65.260002,1
57.389999,1
56.700001,1
58.43,1
71.519997,1
67.860001,1
67.959999,1
217.87,1
168.94,1
201.86,1
168.47,1
235.24001,1
100.65,1
244.89,1
96.720001,1
67.589996,1
67.510002,1
67.220001,1
66.400002,1
64.989998,1
66.839996,1
67.540001,1
173.27,1
244.92999,1
195.25,1
210.2,1
67.610001,1
66.25,1
66.230003,1
190.34,1
125.22,1
99.68,1
69.629997,1
66.379997,1
66.199997,1
66.220001,1
128.21001,1
200.52,1
188.02,1
74.860001,1
66.370003,1
96.190002,1
145.69,1
149.87,1
237.12,1
142.16,1
97.970001,1
66.440002,1
96.260002,1
96.25,1
191.39999,1
208.03999,1
66.419998,1
66.300003,1
3030,1
05/07/2001,7
09:19,1
464-8132,1
708-0867,1
4:03,1
expat,2
47,187.18,2
12:09,1
longoria/hr/corp/enron,1
rena,1
lo/corp/enron,1
year-to-d,1
33,337.44,1
865.60,1
year-end,1
kindli,1
974-6936,1
cellphon,2
andi,3
madison,1
sall,1
plaqu,1
vacanc,1
chen/enron,1
05:08,1
surviv,1
hawthorn,1
digit,1
dateadd,1
-24,1
ab_poolgeneration_realtim,1
A',1
exec,4
sp_ab_getgenerationdata,1
gencod,4
'fng1,1
interv,1
'hourli,2
startdat,3
enddat,3
'15,1
dbo,1
sp_ab_getgenerationdata_realtim,1
'sd3',2
'10,1
05/08/2001,3
03:13,1
//www.earthsat.com/misc/enron/,1
columbia,20
farmer,17
dam,9
counti,9
irrig,8
californian,6
drought,6
acr,6
chelan,5
british,5
''we,5
deregul,3
hydroelectr,3
aluminum,3
windfal,3
megawatt,3
hydropow,3
provinci,3
goug,3
bonnevil,3
buyout,3
high-voltag,2
fiber,2
optic,2
diesel,2
measur,2
''thi,2
''it,2
spars,2
district,2
acknowledg,2
maxim,2
exceed,2
economi,2
long-term,2
fraction,2
long-dist,2
govern,3
guarante,3
chairman,2
began,2
preced,2
faucet,2
norman,2
crandall/pdx/ect,1
elliot,1
mainzer/pdx/ect,1
greenizan/cal/ect,2
11:58,2
greenizan,1
aid,1
enrich,1
blain,1
harden,1
c.,1
wash.,1
lope,1
alfalfa,1
potato,1
wheat,1
politician,1
length,1
scheme,1
siphon,1
irrit,1
foul,1
skid,1
air-condit,1
desper,1
salvat,1
monstrou,1
ore.,1
stagger,1
dysfunct,1
narrow,1
stretch,1
eastern,1
street-styl,1
wage,1
border,1
state-own,1
luxuri,1
1.6,1
fortun,1
ambival,1
short-liv,1
punish,1
alic,1
parker,1
retir,1
promot,2
air-condition,1
flood,1
35,000,1
58.2,1
285,000,1
astonish,1
capita,1
25,000,1
fear,1
children,1
kidnap,1
chief,1
obscen,1
hosken,1
imprud,1
88.8,1
40,000,1
70,1
guard,1
exploit,3
gold-rush,1
insul,1
one-fifth,1
''how,1
topaz,1
lousi,1
polit,2
upside-down,1
second-worst,1
strengthen,1
compel,2
bottom-lin,1
rational,1
locked-in,1
bonanza,1
centuri,1
440,1
similarli,1
1.7,1
alcoa,1
earn,1
10,000,1
worker,1
resel,1
mid-1990,1
residenti,1
crunch,1
avista,1
idaho,1
cent,1
kilowatt,1
percent,1
crisi,1
provinc,1
712,1
130,1
seven,1
foresight,1
''all,1
scream,1
argu,1
fuel,1
transform,1
premier,1
chain,1
possess,1
intent,3
1930,1
coule,1
primarili,1
water-deliveri,1
6,000,1
tunnel,1
concret,1
canal,1
shuttl,1
sagebrush,1
960-acr,1
bless,1
2.1,1
infrastructur,2
bureau,1
reclam,1
1.50,1
375,1
pitzer,1
historian,1
unbear,1
nonprofit,1
persuad,1
90,000,1
129,1
330,1
martha,1
agre,7
afloat,1
flynt,1
52,2
900,1
''if,1
lifestyl,1
urban,1
lubach,1
''not,1
'wonder,1
hundr,1
penthous,1
harbor,1
mid-april,1
''peopl,1
ungrat,1
300,2
afford,1
cow,1
budget,1
3.7,1
power-trad,1
oversuppli,1
undersuppli,1
off-peak,1
zap,1
spill,1
''whi,1
dam-depend,1
moot,1
dovetail,1
natural-gas-fir,1
gap,1
''absent,1
quadrupl,1
era,1
sudden,1
04:50,1
.......................,1
.........,1
arriv,6
5:07.,1
resend,4
cg4,3
05/09/2001,6
ene-mta01/enron,2
autom,2
'extern,1
07:56,1
telusone.telus.com,1
551,1
resent,1
ene-ns03/enron,1
ecthou-lnhub1/ect,1
ectcal-ln1/ect,1
________________________,1
undisclosed-recipi,2
08:17:18,1
threshold,1
he06,3
dupuy/cal/ect,2
ect.enron.com,6
punja/cal/ect,1
schorn/cal/ect,1
johnson/cal/ect,1
merchant/cal/ect,1
garcia/cal/ect,2
postlethwaite/cal/ect,1
harrell/hou/ect,1
cooper/willi,1
re-scrap,3
rob/karim,1
dpr,1
08:24,1
hemstock,1
05:16,1
hemstock/cal/ect,1
05:10,1
joan,1
mcinni,1
joan.mcinni,1
03:36:14,1
'rhemsto,1
rhemsto,1
20010502,1
lorri,1
letter.doc,1
christen,4
nashvil,2
cameron',2
2:25,1
dmcbr,1
sprintmail.com,1
06:57,1
erols.com,1
w/chaplain,1
church,1
2:40,1
clarksvil,1
bumbl,1
bee,1
lkpab_generationcod,1
compromis,16
cert,11
carrier.domain.com,9
inetd,5
139,5
/usr/sbin/sadmind,5
carnegi,5
mellon,5
advisori,4
pgp,4
repeat,4
12:20:19,4
10.10.10.10,4
10.20.20.20,4
warranti,5
sadmind/ii,3
cert/cc,3
dump,3
/bin/sh,3
/scripts/,3
/winnt/system32/cmd.ex,3
bulletin,3
______________________________________________________________________,3
hotlin,3
-begin,2
unpatch,2
buffer,2
overflow,2
//www.cert.org/advisories/ca-1999-16.html,2
//www.kb.cert.org/vuls/id/111677,2
exhibit,2
characterist,2
sampl,2
02:40:01,2
02:40:03,2
02:40:06,2
segment,2
02:40:08,2
/dev/cuc/grabbb,2
-t,2
-a,2
.yyy.yyi,2
-b,2
.xxx.xxx,2
200,2
502,2
arbitrari,2
microsystem,2
//sunsolve.sun.com/pub-cgi/retrieve.pl,2
doctype=col,2
doc=s,2
cbull/191,2
type=0,2
nav=sec.sba,2
cert.org,2
patent,2
trademark,2
furnish,2
signatur,2
infect,1
10:58,1
alert,1
eb,1
fbi,1
upload,2
ca-2001-11,1
self-propag,1
malici,1
well-known,1
defac,1
preliminari,1
subsequ,1
.rhost,1
2,000,1
two-year-old,1
//www.kb.cert.org/vuls/id/28934,1
seven-month-old,1
syslog,1
bu,1
ore,1
hangup,1
02:44:14,1
rootshel,1
listen,1
tcp,1
600,1
/dev/cub,1
/dev/cuc,1
/dev/cuc/sadmin.sh,1
111,1
/dev/cuc/uniattack.sh,1
/dev/cuc/time.sh,1
/usr/sbin/inetd,1
-s,2
/tmp/.f,1
/bin/sleep,1
poizonbox,1
sysadmcn,1
yahoo.com.cn,1
/c+dir,1
/c+dir+,1
/c+copy+\winnt\system32\cmd.exe+root.ex,1
/scripts/root.ex,1
/c+echo+\,1
LT,1
/./index.asp,1
impact,1
intrud,1
iusr_machinenam,1
unboot,1
//www.microsoft.com/technet/security/bulletin/ms00-078.asp,1
//www.microsoft.com/ntserver/nts/downloads/critical/q26986,1
2/default.asp,1
//www.microsoft.com/windows2000/downloads/critical/q269862,1
/default.asp,1
//www.microsoft.com/technet/security/iis5chk.asp,1
//www.microsoft.com/technet/security/tools.asp,1
00191,1
appendix,1
//www.microsoft.com/technet/security/bulletin/ms01-023.asp,1
VU,1
111677,1
5.0,1
travers,1
unicod,1
ms00-078,1
ca-1999-16,1
adminsuit,1
daemon,1
dougherti,1
hernan,1
havrilla,1
carpent,1
manion,1
finlay,1
shaffer,1
//www.cert.org/advisories/ca-2001-11.html,1
412-268-7090,1
24-hour,1
412-268-6989,1
pittsburgh,1
15213-3890,1
08:00-20:00,1
gmt-5,1
edt,1
gmt-4,1
strongli,1
//www.cert.org/cert_pgp.key,1
//www.cert.org/,1
cert-advisori,1
NO,1
impli,1
exclus,1
infring,1
sponsorship,1
pgpfreewar,1
5.0i,1
non-commerci,1
charset,1
noconv,1
iqcvawubovd6laycfu8gszjzaqfyuap8dvagib1g7lm2ffsx5yeweipfd8qt/hdi,1
a+gtyi/la2juavca5gx5gcmqmookeczyjcaiysoacal7yojotzlitqcqqv1tbk+8,1
8j3idsrbo5oksakeq5m2hg78uzpgjwowoonoqdskzxvjxo0bng3ybtiivg3flg6x,1
8ioirgdcliw=,1
=+b8w,1
-end,1
adm,2
adm26984,1
myquot,1
readonli,1
soakley,2
compugen.com,2
contempl,3
bowen/enron,1
04:33,1
5/8/2001,1
'imceanotes-todd+20bowen_cal_ect+40ect,1
www.blackberry.net,1
bowen/cal/ect,1
imceanotes-todd+20bowen_cal_ect+40ect,1
19:58:18,1
intel,1
933,1
mhz,1
mb,1
2x,1
9.1,1
ultra2,1
7200rpm,1
sku,1
webserv,2
hammer,2
neglect,2
ongo,2
draconian,2
web/fil,2
lie,2
day-to-day,2
quarter-tim,2
vital,2
9000,2
piii,2
930,2
9gb,2
reliabl,3
backend,3
fault-toler,2
boost,2
catalyst,2
christoph,2
spann,2
mcse,2
Sr,2
713.345.4986,2
05/10/2001,3
09:35,2
heizenrader/enron,5
fester,2
H.,3
back-up,2
fail-ov,2
training/certif,2
stronger,2
conclus,3
expertis,1
10:51,2
compliant,1
long-tim,1
rel,1
bargain,1
standards.doc,1
seattle/tacoma,4
coach,4
f28,3
340,1
2378,1
dh4,1
2406,1
1:30,1
2:15,1
2439,1
2:57,1
5:20,1
conspici,1
newslett,5
newsletters.microsoft.com,4
microsoft.com,4
05/11/2001,2
accuraci,2
0_13537_014a38a4-8837-44da-9e8f-9479373a2d6e_u,1
11:06,1
3_13537_014a38a4-8837-44da-9e8f-9479373a2d6e_u,1
source-,1
online.get,1
mspress.microsoft.com,1
//mspress.microsoft.com/cashback,1
~~~~~~~~~~~~~~~~~~~~~~~~~,1
list~~~~~~~~~~~~~~~~~~~~~~~~,1
mailto:1_13537_014a38a4-8837-44da-9e8f-9479373a2d6e_u,1
subject=unsubscrib,1
mailto:2_13537_014a38a4-8837-44da-9e8f-9479373a2d6e_u,1
subject=stopmail,1
stopmail,1
//www.microsoft.com/misc/unsubscribe.htm,1
pursuant,1
'a,1
modif,1
therein,1
overdu,1
richter,1
beach,1
pong,1
11:44,1
xalert,1
05/13/2001,1
06:26,2
18:28:48,1
alarm,2
hello_newman,1
tmpwx_forecast,2
datasourcecod,2
wxreportd,1
wxforecastd,1
wxstationcod,1
maxtemp_c,1
mintemp_c,1
avgtemp_c,1
sp_dci_transfer_wx_forecast,1
'mrf,1
lisp,2
//www.paulgraham.com/paulgraham/avg.html,1
paragraph,1
03:38,1
umm,1
02:49,1
heizenrader/pdx/ect,1
2001-05-14,64
353.0,32
0.0,32
sd3,16
97,16
sd4,16
07:05:00,4
06:50:00,4
264.0,3
07:09:00,2
07:20:00,2
07:16:00,2
06:59:00,2
07:11:00,2
06:54:00,2
07:01:00,2
06:44:00,2
06:55:00,2
06:39:00,2
06:34:00,2
06:46:00,2
06:29:00,2
06:40:00,2
06:24:00,2
06:36:00,2
06:19:00,2
06:31:00,2
06:14:00,2
344.0,2
06:25:00,2
06:09:00,2
345.0,2
06:20:00,2
06:05:00,2
06:16:00,2
05:59:00,2
06:11:00,2
05:54:00,2
06:06:00,2
238.0,2
324.0,2
genid,1
maxcapacityr,1
341.0,1
313.0,1
305.0,1
276.0,1
285.0,1
318.0,1
346.0,1
343.0,1
303.0,1
291.0,1
283.0,1
272.0,1
243.0,1
287.0,1
312.0,1
323.0,1
325.0,1
326.0,1
datainterv,2
2001',2
sp_ab_getdata,1
dataclass,1
'gen',1
datacod,1
hourtyp,1
'7x24',1
esta,1
aqui,1
mari,2
cari,2
schaub,2
nikcari,2
05/15/2001,3
02:06,1
dan/tim,1
telu,2
unrel,1
coincid,1
win2k,4
pc,2
sp_auto_dci_updateimportparamet,1
//www.arsdigita.com/books/panda/,1
travel,2
06:29,2
6:20,2
pic24750.pcx,2
05/16/2001,2
01:41,2
litton,4
prc,4
03:49,1
stephen,1
swain,1
02:45,1
belden/hou/ect,1
zufferli/cal/ect,1
slide,1
l/r,1
09:04,1
coz,1
mid-week,1
9:54,1
pic32544.pcx,1
doh,1
07:26,1
monsiour,1
sil,1
vou,1
plait,1
//nooper.co.jp/showcase/gallery.php,1
s=15,1
l=en,1
reboot,2
smp,1
//www.handheldcanada.com,1
Mo,3
co-host,2
topic,1
05/23/2001,1
08:07,1
cadatetim,1
fleec,7
cube,6
unrespons,1
puls,1
afraid,1
trigger,1
tactic,1
axford/enron,1
05/24/2001,1
01:06,1
hee,1
2:56,1
//albertapower/volumemanagement/dispatch/enterdispatch.asp,1
lavo,1
alcohol,1
05/25/2001,2
movin,1
outta,1
.......,1
alerts/notif,2
load/resourc,2
collabor,1
tabular,1
pivot,1
//albertapow,1
futz,1
houten/enron,1
ftr,1
temperatur,1
spokan,1
kalispel,1
dramat,1
approxim,1
temp,1
freez,1
oasi,1
webpag,3
tweak,1
index,1
rewrit,1
05/28/2001,3
09:45,1
'meter,1
6777,1
watchtower.pl,1
01:49,1
rework,1
bchyrdo,1
poller,1
bch_trans_poll.pl,1
-p,1
127.0.0.1:8488,1
wnacal-0086:4000,1
-d,1
\production\output\auto\transmission\data,1
v_fin_pricevolatil,1
glen,1
eagl,1
knife,1
12:35,1
buffet,1
offci,1
canmor,1
shakey,1
05/22/2001,2
'mike,2
david.m.richey,2
lmco.com,2
crack,2
esp,2
10:31,2
accomod,2
pic23216.pcx,2
05/18/2001,2
01:57,2
05/29/2001,7
04:53,1
fin_pricevolatil,1
decim,1
//www.golftherockies.net/,1
06:55,1
vice,1
versa,1
teetim,1
twilight,1
6:23,1
pic20426.pcx,1
smtp-,8
datasend,3
messageid,2
sendemail,1
\n,1
:smtp-,1
'mail.ect.enron.com,1
||,1
die,1
coul,1
sender\n,1
subject\n,1
dataend,1
email/calendar,2
wiebe/cal/ect,1
2-,1
survey/inform,1
5-30-01,1
'repli,1
'send,1
pda,1
ipaq,1
exact,1
date/tim,1
6:30am,1
bacon/enron,4
01:10,3
firewal,3
dietrich/enron,2
blat,2
mail.ect.enron.com,2
theizen,2
bounc,2
dserve1.ect.enron.com,2
02:39,1
10:52,1
subdomain,1
elimin,1
server-,1
sendmail.cf,1
identif,1
nt4,1
10:35,1
mailer,1
2000-,1
relay,1
dserv1.ect.enron.com,1
dserv1.ect,1
reachabl,1
8:19,1
sm,1
urin,2
jay-roo,1
debt,1
vivo,1
silico,1
shame,1
spoken,1
severli,1
disappoint,1
normal/corpor,1
tv,1
blankli,1
_kitchen,1
confidential_,1
actress,1
backstag,1
howz,1
coop-er,1
jerusha,1
jerushaklemper,1
coo-per,1
daniella,1
sane,1
frisbe,1
spring,1
well-don,1
-ru,1
//auctions.yahoo.com/,1
username/password,2
sp_wx_getforecast,1
05/30/2001,2
sproc,1
chartfx,1
02:46,1
www.djinteractive.com,1
5:07,1
stamp,1
6th,2
esbi,1
9-12,1
8:45,1
08:33,1
St,1
terri,1
morgan,1
stanley,1
300mw,1
heatrat,1
