PM,967
thru,188
sat,190
outag,204
5/19/2001,72
impact,137
AM,512
schedul,224
server,90
CT,116
PT,115
london,129
fri,89
No,191
5/18/2001,33
environ,83
713,159
purpos,91
backout,67
contact,165
time,327
corp,57
sun,72
5/20/2001,21
old,99
7:00:00,33
wed,51
10:00:00,29
pager,56
system,142
data,99
center,85
3:00:00,32
sitara,57
E,57
mainten,35
databas,32
12:00:00,38
unifi,43
19-may-2001,12
sydney,12
S,26
may,92
facil,26
oper,78
enron,870
servic,123
internet,28
john,122
9:00:00,24
1:00:00,18
user,54
EI,28
5/16/2001,9
5/23/2001,9
manag,125
room,71
requir,44
product,146
well,123
6:00:00,29
resourc,28
Y,12
T,17
L,63
2001,205
edi,17
5:30:00,10
io,6
new,232
revert,9
note,71
11:00:00,17
2,125
week,124
interv,9
n/a,8
market,92
4:45:00,6
2:45:00,7
10:45:00,6
cabl,7
comput,27
date,118
migrat,95
dss,6
thi,842
4:00:00,20
8:00:00,13
2:00:00,10
move,81
tdsprod,6
also,99
allow,37
instanc,7
restart,6
memori,13
cpu,6
malcolm,11
713-345-3716,10
need,157
power,56
gmt,13
houston,55
portland,7
test,35
help,141
on-cal,22
853-9797,16
W,60
K,16
N,8
D,155
M,28
V,10
B,25
F,18
O,13
R,15
18,13
5:00pm,11
21,19
12:00am,6
ardmor,10
azurix,9
eb34,8
south,47
north,82
american,26
lan,10
field,32
10:30:00,6
11:30:00,5
8:30:00,7
9:30:00,5
4:30:00,6
upgrad,20
enefw4,3
code,7
ha,309
bug,6
fix,14
state,15
failov,3
featur,11
back,156
shupak,3
713-853-7943,3
bryan,11
aubuchon,3
713-345-8446,3
messag,230
cnote,4
reboot,6
ani,236
mailserv,5
list,51
make,133
sure,41
come,131
trey,4
rhode,4
345-7792,4
local/domestic/foreign,4
site,19
david,72
ricafrent,4
713-646-7741,4
eb3460,3
trade,126
group,118
improv,11
perform,31
order,80
compli,9
standard,19
sieckman,4
713-345-7862,4
NT,13
os/2,8
ot,3
et,14
29,9
2001/2/2001,3
gthou-appsq03p,3
abl,67
access,86
eneds01_adapt,3
exist,18
outdat,3
sql,5
2000,89
provid,81
increas,24
function,10
conform,5
platform,13
mari,27
vollmer,5
713-853-3381,5
joe,46
hellsten,3
713-853-7346,3
713-545-4164,3
ena,21
give,148
space,12
current,61
use,113
enpow,12
refract,3
expand,26
tnsnames.ora,3
entri,6
chang,65
point,72
jahnk,3
713-345-4398,3
addit,73
moe,3
pep,13
global,27
constrain,6
shutdown,4
configur,8
see,168
abov,19
additionto,3
aurora,3
add,24
remov,27
newli,4
ad,26
config,4
sun/oss,8
telephoni,11
termin,21
11:45:00,4
infrastructur,6
brian,11
ripley,3
713-345-4709,3
charl,36
ballmer,3
713-853-0684,3
bob,55
ward,5
713-345-4409,3
australia,6
5:00:00,17
origin,109
de-pow,3
plug,4
equip,13
uncondit,3
colin,3
wood,10
+61-416-248-353,3
elliott,3
katz,4
+61-292-292-309,3
assist,31
853-1411,8
resolut,18
specif,42
inform,133
risk,20
853-5536,8
sap/isc,8
345-4727,8
284-3757,8
288-0101,8
rus/gops/geotools/apr,8
639-9726,8
oss/ua4/tarp,8
285-3165,8
cpr,15
284-4175,8
support,44
327-3893,8
ee,24
desk,58
OR,13
888,9
ect,681
If,267
ye,63
outlook,61
To,693
Do,101
anyon,40
eric,17
mark,51
scott,125
pleas,283
team,83
andrea,621
survey,11
click,53
',129
mailbox,10
offic,63
type,20
desktop,25
permiss,9
email/calendar,8
respons,102
updat,35
els,21
address,38
book,33
share,35
calendar,17
mm/dd/yy,8
05/14/2001,19
01:26,4
weldon/hou/ect,4
Ed,5
mcmichael/hou/ect,4
boyt/corp/enron,3
moon/hou/ect,4
geraldin,5
irvine/hou/ect,4
jin,4
guo/hou/ect,3
loui,52
dicarlo/na/enron,4
maria,19
garza/hou/ect,4
breese/hou/ect,3
sandi,4
olitsky/hou/ect,4
santiago,4
garcia/na/enron,4
steven,14
curlee/corp/enron,4
alexandra,5
villarreal/na/enron,4
ring/hou/ect,582
brad,12
mckay/hou/ect,4
chri,32
germany/hou/ect,4
hendrickson/hou/ect,20
thode/corp/enron,4
jennif,12
walker/na/enron,3
judi,28
townsend/hou/ect,8
kathi,6
grabstald/hou/ect,4
kimberli,23
bates/hou/ect,4
koenig/corp/enron,4
peter,8
keavey/hou/ect,3
rebecca,9
ford/hou/ect,4
sandra,22
brawner/hou/ect,8
goodell/corp/enron,3
neal/hou/ect,16
sean,16
boyle/corp/enron,4
susan,52
pereira/hou/ect,34
victoria,16
versen/hou/ect,8
vladi,8
pimenov/na/enron,3
craig,69
taylor/hou/ect,41
jones/na/enron,8
frank,36
vickers/na/enron,3
gil,11
muhl/corp/enron,8
hodge/corp/enron,8
maureen,10
smith/hou/ect,4
nelson,5
ferries/corp/enron,4
phil,4
demoes/corp/enron,3
robin,36
barbe/hou/ect,4
ruth,13
concannon/hou/ect,8
tammi,22
depaolis/corp/enron,12
daniel,19
lisk/na/enron,4
hillari,4
mack/corp/enron,3
jan,21
sutherland/na/enron,4
jason,10
wolfe/na/enron,4
shannon,3
groenewold/enron,4
enronxg,64
shelli,4
mendel/na/enron,4
stacey,4
J,5
brewer/hou/ect,3
suzann,13
christiansen/hou/ect,4
ted,4
evans/na/enron,4
dina,4
snow/corp/enron,4
kay,4
young/hou/ect,4
lanc,7
schuler-legal/hou/ect,3
vineet,4
arora/na/enron,4
beth,5
ryan/hou/ect,4
bill,30
berkeland/corp/enron,3
terlip/corp/enron,4
doug,10
leach/hou/ect,3
marc,12
De,8
La,4
roche/hou/ect,4
randal,10
maffett/hou/ect,4
tushar,4
dhruv/corp/enron,3
yolanda,4
cordova-gilbert/hou/ect,4
ami,9
villasenor/ots/enron,3
debra,4
young/ots/enron,4
jeff,31
arnold/ots/enron,4
reese/fgt/enron,4
josh,4
mayes/ots/enron,4
larri,11
fenstad/ots/enron,3
adleman/ots/enron,4
ann,51
johnson/ots/enron,4
lynn,8
dix/ots/enron,4
mike,41
thomas/ots/enron,4
morri,6
brassfield/ots/enron,3
rinetia,4
turner/ots/enron,4
robert,50
geheb/ots/enron,4
ruthann,4
frausto/ots/enron,4
tyron,4
brown/ots/enron,4
cc,462
subject,701
2-,3
survey/inform,4
email,69
5-17-01,4
ensur,20
experi,30
success,17
necessari,13
gather,16
individu,22
prior,14
take,128
minut,18
complet,51
fill,15
follow,102
doubl,8
document,28
put,99
edit,8
mode,4
finish,20
simpli,6
'repli,4
histori,21
button,29
hit,39
'send,4
automat,6
sent,178
thank,206
full,34
name,68
ring,35
login,11
ID,22
hulahoop1,4
extens,18
35775,4
locat,39
3223e,4
laptop,4
pda,4
none,17
ipaq,4
palm,8
pilot,5
jornada,4
doe,68
Is,21
distribut,16
maintain,19
mass,7
mail,37
applic,36
In,126
effort,33
plan,128
exact,4
date/tim,4
know,227
normal,19
work,171
hour,19
7:00am,4
near,26
futur,32
vacat,19
leav,95
etc,18
10/26/2000,40
forward,514
jare,134
women,169
motorcycl,48
n't,403
mix,25
04:19,16
kaiser/hou/ect,62
casas/hou/ect,24
10/27/2000,8
03:02,8
kaiser,92
dick,60
jenkins/hou/ect,16
casa,8
04:12,8
bowen,11
ccmail,8
04:11,8
america,72
corp.,65
victor,33
lamadrid,17
03:40,8
allwein/hou/ect,8
beverli,23
beaty/hou/ect,16
tricia,41
bowen/hou/ect,8
sabra,17
dinari/hou/ect,16
clarissa,12
garcia/hou/ect,8
meredith,21
mitchell/hou/ect,8
cindi,16
vachuska/hou/ect,8
jess,16
villarreal/hou/ect,16
alvin,8
thompson/corp/enron,8
joann,8
collins/corp/enron,8
edward,11
terry/hou/ect,8
angi,28
zeman/corp/enron,8
cynthia,8
franklin/corp/enron,8
steve,37
gillespie/corp/enron,8
lloyd/hou/ect,8
loving/na/enron,16
lia,16
halstead/na/enron,16
christina,17
sanchez/corp/enron,16
wait,38
.....,22
funni,20
evilke~1.mp,8
03:01,8
10/17/2000,70
cat,71
clip,77
............,66
spawglass.com,66
thought,144
03:10,44
Fw,118
davidk,44
heidi,44
Jo,44
warnick,44
might,38
like,266
10/20/2000,6
12:39,4
08:21:23,22
jkaiser,30
enron.com,129
hwarnick,22
friday,82
octob,53
13,42
2:28,22
cheer,39
haul,22
around,97
estim,22
secretari,22
spawglass,22
contractor,24
inc.,41
sccat.mpg,22
12:36,19
Hi,116
brawner,13
ga,314
daili,11
finanti,3
gulf,33
coast,9
tomorrow,19
ask,248
run,96
alreadi,31
henri,12
hub,24
griff,15
gray,4
set,47
call,118
question,177
hope,100
littl,173
10/18/2000,12
03:28,4
mayb,22
much,94
love,118
03:26,8
02:55,4
03:57,4
wa,814
plant,37
1,200,000,9
greg,8
copi,31
unwind/rebook,3
summari,7
trigen,9
deal,114
rebook,7
1998,7
elsa,6
piekielniak,6
would,449
sign,27
unless,15
prudenc,3
incas,3
went,133
forc,19
majeur,3
per,33
worksheet,3
show,40
thawt,3
asid,3
c.,3
ever,54
happen,43
still,110
reason,32
becaus,122
gone,6
year,126
dian,7
x-37059,4
probabl,25
mad,16
took,82
could,181
get,325
husband,75
interest,45
downtown,18
think,244
yeah,7
right,116
said,292
fun,23
parti,45
mean,80
sight,8
mind,15
wish,18
happi,49
veri,87
bright,7
care,75
us,128
often,16
andi,42
ignor,3
comment,18
one,308
day,357
sorri,68
tell,68
anyth,26
price,103
lunch,23
dan,24
go,275
ymca,4
ca,42
routin,5
talk,54
want,172
start,99
next,117
monday,89
pictur,57
montana,24
forest,46
fire,72
10/05/2000,8
01:13,4
michel,92
winckowski,63
10/02/2000,12
02:04,8
bcc,141
fwd,143
FW,115
subj,8
awsom,8
rather,15
chill,12
mother,107
natur,97
spectacular,8
awesom,12
taken,22
bitterroot,8
nation,19
august,12
6,51
behavior,12
analyst,14
fairbank,8
alaska,8
mccolgan,8
digit,8
camera,8
sinc,56
sell,67
profit,12
least,35
recogn,17
photograph,9
onc,50
lifetim,8
shot,22
att09176.jpg,8
01:12,12
made,82
week-end,8
bad,47
final,61
got,101
nice,14
never,65
first,120
mistak,7
caus,26
sever,48
peopl,157
extra,9
saturday,11
phone,34
felt,18
sunday,9
brunch,4
pappasito,4
left,53
retain,9
wrap,6
napkin,4
tabl,56
cost,41
800.00,4
replac,20
cheap,4
tuesday,69
four,28
doctor,48
appoint,8
bookcas,4
clean,31
spider,4
web,22
halloween,23
decor,12
mom,37
My,48
hous,128
look,298
realli,68
actual,39
We,169
chandeli,4
dine,8
beauti,72
reserv,21
thankgiv,4
sad,14
told,99
home,161
stay,40
understand,24
carla,28
russ,4
eat,30
rose,5
better,52
insid,55
f.e.r.c,27
LA,23
.0075,12
transco,46
tetco,28
describ,7
e-mail,107
anr,13
columbia,44
sonat,6
tennesse,14
trunklin,12
relat,26
purchas,49
phillip,15
petroleum,3
compani,107
volum,28
properti,13
attach,57
9/19/2000,3
propos,19
assum,16
deliv,53
pool,48
case,36
let,139
adjust,21
transport,50
fuel,9
possibl,43
s.e,3
.0025,3
destin,3
zone,119
3,101
.01,7
wla,5
venic,4
ela,6
.0175,3
.00,3
.0125,6
discuss,42
onli,166
intend,25
inclus,7
term,27
transact,34
tranact,3
herein,11
review,39
approv,32
execut,16
difinit,3
agreement,24
contain,28
appropri,30
provis,13
includ,71
credit,35
limitaion,3
damag,19
feedback,30
process,61
request,49
select,20
particip,34
employe,130
import,33
option,46
4,84
mid,5
play,37
role,18
critic,29
goal,12
http,71
//pep.enron.com,3
main,14
menu,5
begin,28
immedi,41
form,48
25,24
2001.,3
regard,34
1.713.853.4777,3
perfmgmt,3
44.207.783.4040,3
pep.enquiri,3
cumul,3
statu,13
open,87
submit,24
declin,3
longer,15
appear,11
receiv,103
AS,3
chavez,3
alejandra,3
homco,4
loock,4
kelli,12
william,44
pdq.net,8
athlet,8
qualifi,8
olymp,8
=====,8
10/04/2000,8
01:35,4
09/29/2000,4
03:39:32,4
andrea.r,9
adelin,4
ripper,4
aripp,4
admin.katy.isd.tenet.edu,4
enclosur,4
silver.mpg,4
gold.mpg,4
javelin.mpg,4
bronze.mpg,4
01:25,4
02:06,4
dog,34
famou,12
monica.jpg,4
yesterday,13
vote,12
debat,4
last,66
night,84
seem,36
gore,4
best,58
physic,45
swap,15
link,30
hehub,8
guess,29
delet,22
except,10
section,17
stack,26
financi,24
exampl,6
rest,9
month,80
refer,17
someon,46
realiz,35
connect,19
advanc,12
griffith,33
trailor,20
trash,20
09/13/2000,16
03:27,8
odessapumps.com,8
hotmail.com,33
ddpo.com,8
-origin,114
clayton,8
septemb,22
12,18
darlap1,8
aol.com,171
11,42
front,54
spous,8
kid,53
marri,51
school,75
09/19/2000,4
04:05,4
09:11,4
griffith/corp/enron,4
09:55,4
09/12/2000,4
03:16:09,4
rick,7
rickegriffith,4
rhonda,4
rng1993,4
cs.com,33
moor,8
markmoor,4
paul,34
joiner,4
jpj,4
sonoratx.net,4
john.griffith,4
ampaez,4
earthlink.net,14
knighten,4
briank,4
knighteninc.com,4
damon,4
stuard,4
dstuard,4
coors-okla.com,4
dana,22
buxton,4
dbuxton,4
odessa,4
pump,5
915-333-2817,4
10:43,4
mailto,48
8:19,4
jimbobhfd,4
nsatsss,4
gte.net,4
1,127
pumpkin,4
porch,4
teeth,8
twelve-year-old,4
daughter,47
smoke,9
dinner,51
've,79
three,43
in-law,4
woman,235
leagu,9
bowl,8
differ,28
5,80
jack,4
admir,4
genitalia,4
italian,4
airlin,5
7,28
wonder,31
station,53
keep,41
restroom,4
8,14
famili,38
die,72
say,217
hey,21
y'all,4
watch,16
9,21
junior/senior,4
prom,4
daycar,4
10,48
word,43
star,7
spangl,4
banner,4
gentlemen,4
engin,10
lit,4
match,25
bathroom,21
explod,8
wheel,7
toothpick,4
bluebook,4
valu,16
truck,4
goe,19
depend,10
14,19
outsid,18
someth,59
'fridg,4
15,24
born,8
17,17
hole,4
punch,4
card,38
freebi,4
tattoo,4
Ya,4
yer,4
sweetheart,4
'caus,4
law,17
19,29
parent,15
high,41
20,34
load,27
dishwash,4
wife,137
drunk,8
fight,26
song,5
duel,4
banjo,4
22,17
toilet,19
paper,22
page,34
number,45
darla,4
eol,21
koch,6
sabin,4
dure,44
frame,5
369260,3
369298,3
person,73
trader,31
east,62
neal,36
mani,73
problem,66
slow,25
suggest,17
everyth,38
US,8
accomplish,5
attempt,6
speed,8
unsuccess,4
even,99
long,55
find,84
thursday,64
2:00,9
agre,27
verbal,15
convers,6
earlier,14
today,34
400,000mmbtu,4
800,000mmbtu,4
duke,9
firm,49
equal,9
nymex,10
deliveri,40
concern,22
press,19
trust,8
signer,6
journal,9
OF,12
17th,6
save,41
send,81
pre-migr,3
must,31
network,8
befor,84
pop-up,3
box,26
prompt,5
abort,3
cancel,16
manual,3
re-ad,3
failur,5
todo,3
result,22
delay,12
restor,22
encount,3
error,11
713-853-1411,3
worri,22
'm,113
glad,12
jay,4
studi,25
dani,3
drive,32
enjoy,31
summer,3
traffic,3
lighter,4
7:00,4
7:15,3
hi,566
brother,27
russel,15
christma,44
sweat,3
teenag,11
andrew,4
'll,44
movi,8
richard,22
gere,4
sob,4
togeth,25
drop,34
line,100
chanc,31
hello,8
brown,19
detail,16
charg,30
account,32
men,135
taylor,30
god,123
undress,8
boss,45
lost,18
seen,31
enough,52
07/11/2000,8
04:40,4
06/14/2000,4
12:05,8
quot,4
Ah,8
divorc,14
.......,22
latin,14
rip,18
man',4
genit,14
wallet,20
complain,14
premenstru,14
syndrom,14
roseann,24
sex,30
place,76
billi,23
crystal,14
foolish,14
thing,120
're,86
would'v,4
conneri,4
accord,9
feel,47
comfort,9
judgment,5
cours,34
grate,4
niro,4
job,45
cosbi,4
coupl,36
bra,4
countri,4
pay,30
attent,12
breast,5
hugh,7
grant,14
militari,14
kill,22
gener,57
walk,40
enemi,16
fat,39
uniform,15
elayn,4
boosler,14
medic,5
crisi,10
report,71
allerg,4
reaction,5
latex,4
condom,4
swell,12
So,49
dustin,4
hoffman,4
moral,28
elizabeth,28
advic,23
magazin,4
lot,48
learn,43
somebodi,6
nake,4
jerri,24
seinfield,4
instead,37
rod,8
stewart,4
brain,14
peni,14
blood,16
03:45,4
06/28/2000,4
01:17,4
correct,48
usual,16
premium,4
period,17
juli,9
check,34
TO,39
=20,418
item,10
BE,9
l=20,6
100mb,6
lotu,6
microsoft,24
IS,15
factor,7
integr,13
convert,6
notif,10
unabl,4
action,24
old/un-need,3
emai=,3
migration.,3
to=,8
alloc,16
total,48
space.,3
more=,3
amount,13
sen=,3
d=20,11
limit.,3
now=,3
prevent,5
enron=01,6
ou=,3
tlook=20,3
worldwid,3
email=20,3
functions.=20,3
whi,73
contribut,30
decis,20
to=20,10
exchange/outlook,3
promin,3
signific,12
advantag,11
wit=,4
h=20,6
app,4
window,19
explor,18
effici,15
PC,4
roam,3
palm/c,3
devic,3
instant,5
capabl,12
30,30
thirti,3
folder,4
store,31
past,24
ten,19
i=,3
n=20,6
creat,22
wil=,3
re-creat,3
altrad,8
respond,23
indic,32
wrote,9
incorrectli,9
found,69
discrep,4
larg,29
tomato,80
red,53
gentleman,52
garden,52
turn,106
twice,38
expos,20
05/02/2001,25
04:06,5
karen,149
mcilvoy,123
04/10/2001,10
08:20,10
ragan.bond,56
bhlp.com,56
grow,29
stroll,10
came,73
upon,41
neighbor,26
huge,15
stand,38
blush,10
impress,10
decid,62
tri,85
two,136
pass,70
By,31
way,98
repli,80
cucumb,10
enorm,10
preacher,88
race,76
donkey,50
ass,52
bishop,51
enter,55
nun,40
hors,30
headlin,32
buy,81
He,186
03:52,5
winckowski/enron,25
04/04/2001,15
03:12,10
teb,15
lokey/enron,15
salazar/ots/enron,15
humor,15
rais,19
money,39
church,45
fortun,27
howev,33
local,16
auction,20
steep,10
end,80
figur,14
ahead,20
surpris,20
third,40
carri,38
upset,15
kind,24
public,32
anoth,52
newspap,18
print,23
scratch,10
rid,12
anim,18
nearbi,10
convent,10
read,46
town,14
faint,10
dispos,12
farmer,13
peddl,10
buck,10
buri,12
03:50,5
shay,140
ball,64
father,61
base,67
boy,166
pitcher,30
second,47
choic,29
inning,25
game,28
bat,24
step,33
baseman,20
children,36
son,79
world,54
opportun,62
divin,17
knew,32
ninth,15
win,24
everyon,48
softli,19
toward,51
As,72
ran,43
At,52
believ,48
bring,37
child,46
present,32
stori,36
understood,10
eighth,10
bottom,18
score,14
ear,15
plate,11
pitch,10
swung,10
thrown,10
threw,29
far,25
reach,22
yell,28
life,97
round,18
fielder,10
thousand,11
03:46,5
03:17,5
weepi,5
fund-rais,5
serv,11
learning-dis,5
student,15
speech,6
forgotten,5
attend,32
extol,5
dedic,9
staff,9
offer,67
done,39
perfect,8
yet,34
reflect,14
audienc,7
queri,13
continu,62
answer,122
treat,23
park,41
basebal,9
shay',5
much-need,6
sens,13
belong,5
approach,15
guidanc,5
teammat,5
matter,24
hand,59
lose,9
six,9
behind,39
top,18
glove,9
outfield,5
although,6
obvious,11
ecstat,5
grin,6
wave,10
potenti,16
at-bat,5
junctur,5
away,49
surprisingli,5
given,15
imposs,12
hold,46
properli,6
less,9
lob,5
clumsili,5
miss,28
toss,5
ground,15
pick,32
soft,6
grounder,5
easili,18
arc,5
beyond,5
scamper,5
baselin,5
wide-ey,5
startl,5
tag,5
intent,5
head,45
runner,5
deliri,5
circl,7
oppos,5
shortstop,5
direct,38
shout,9
scream,23
hero,5
grand,6
slam,5
tear,16
roll,10
face,50
piec,14
footnot,5
joke,16
without,33
crude,25
vulgar,13
sometim,36
obscen,9
freeli,5
cyberspac,5
decenc,5
suppress,5
workplac,5
seemingli,9
trivial,5
interact,12
along,34
spark,5
Or,18
bit,26
colder,5
lend,5
habit,4
fricken,4
mouch,4
legend,5
previou,6
regular,15
excit,11
port,4
late,8
babi,16
news,12
laugh,29
03:38,5
wisom,20
oldmoney,20
choos,28
infant,20
man,213
barri,24
swim,20
teach,32
west,48
institut,21
suppos,28
05/01/2001,25
02:40,5
04/17/2001,10
10:20,11
april,15
9:39,10
lewi,10
grizzard,10
design,19
driver,12
program,31
desir,12
suck,10
wrong,29
foxworthi,10
catch,18
fli,13
consid,22
dave,14
-marilyn,10
pittman,10
relationship,14
hard,46
It,124
boyfriend,16
girlfriend,11
notic,76
temp,10
etting,10
lake,19
boat,14
'mom,11
paula,11
poundston,10
washington,12
post,43
skill,10
author,27
duh,10
conan,10
o'brien,10
sea,13
seafood,10
restaur,19
halfway,10
fish,10
burger,10
Oh,21
....,21
learner,10
lynda,10
montgomeri,10
sear,10
ride,14
vacuum,10
cleaner,11
chicago,10
bunch,14
york,30
'gee,10
crime,10
poverti,10
cold,21
jeni,10
fair,11
elvi,10
aliv,13
imperson,10
dead,19
-johnni,10
carson,10
war,11
geographi,10
rodriguez,10
florida,15
sixti,12
seinfeld,10
elementari,10
quietli,18
singl,13
file,84
smallest,10
tallest,10
logic,10
tall,10
burn,30
slower,10
warren,10
hutcherson,10
bigami,10
monogami,10
oscar,10
wild,20
marriag,15
great,41
readi,36
mae,10
idiot,10
member,26
congress,11
repeat,26
twain,10
bomb,18
smarter,10
averag,20
kuwait,10
A.,18
whitney,10
Aw,10
'mi,10
-dave,10
'you,10
-elayn,10
beat,18
arrang,19
beaten,10
georg,30
carlin,10
grandfath,10
peac,12
sleep,19
passeng,10
car,16
free,30
download,16
msn,14
//explorer.msn.com,10
02:39,5
02:02,5
04/23/2001,10
09:28,10
gerrish,12
robari,16
smtp,17
appreci,20
mammo.jpg,10
01:58,5
04/26/2001,10
mcilvoy/hou/ect,30
wander,11
12:43,5
12:16,5
jadd202,27
hghanley,23
jmcilvoy,19
houston.rr.com,36
mthiri,5
entergy.com,19
namer/corp/enron,5
gseay,5
reliantenergy.com,9
12:15,5
rivera,13
04/19/2001,5
07:46,5
liz,6
hillman/corp/enron,5
despain/enron,5
imagin,5
diaper,5
shut,7
door,85
moon,9
alon,11
Go,10
younger,14
matur,5
anyway,18
apart,5
definit,19
bachelor,5
miser,5
fool,5
blind,5
real,12
eye-open,5
commit,8
mental,6
hospit,13
israel,5
desert,9
40,11
biblic,5
sort,5
checkbook,5
rememb,26
sadli,5
manhood,12
04/05/2001,16
mangl,8
03:55,4
09:08,4
barry.belch,34
pss.boeing.com,34
rivera/corp/enron,4
terribl,8
accid,4
torn,8
bodi,28
assur,9
modern,4
medicin,4
insur,36
cover,8
surgeri,12
cosmet,4
3500,4
small,15
6500,4
medium,4
14,000,4
urg,7
explain,18
quit,8
deject,4
'd,45
remodel,4
kitchen,40
prettier,20
proper,20
DO,25
spend,15
Of,23
fear,9
dear,26
ME,11
shit,12
emphat,8
incorrect,11
pretti,24
03:53,4
09:17,4
difficult,12
everi,15
guarante,4
major,13
argument,4
i.e.,4
truth,12
therefor,8
analyz,4
quiet,9
warm,13
intellig,8
lucki,6
met,12
bear,6
resembl,4
true,14
hockey,4
perhap,6
Al,4
bundi,4
peg,4
inappropri,4
5.,4
Me,6
among,9
compar,11
exactli,10
thin,4
weight,13
good,91
fatter,4
'S,6
thinner,4
age,12
defin,8
IF,14
no-win,4
corvett,4
prepar,24
follow-up,4
remarri,4
okay,18
hurt,14
ON,15
bed,38
golf,4
club,16
left-hand,4
-silenc,4
graphic,8
view,28
count,7
analysi,6
breakout,3
adam,12
johnson,5
x54877,3
enrononlin,8
paramed,20
patio,19
floor,53
street,33
wors,17
lie,23
ambul,12
stair,20
heard,30
california,23
flipper,8
reveal,8
diver,8
dip,8
slip,13
onto,21
dump,8
shatter,8
arriv,14
towel,12
cigarett,8
leg,16
blown,8
stretcher,8
arm,18
04/03/2001,12
03:13,4
03/27/2001,8
12:30,4
gloomi,4
melancholi,4
mood,4
voic,30
gloom,4
'cheer,4
corps,4
assess,7
deceas,4
male,4
dress,7
wet,4
suit,13
scuba,4
tank,4
facemask,4
post-mortem,4
massiv,4
intern,13
injuri,4
dental,4
record,15
posit,14
identif,4
investig,14
determin,14
fulli,9
clad,4
middl,4
dive,4
trip,12
mile,10
fighter,6
seek,9
control,10
quickli,23
fleet,4
helicopt,4
bucket,4
water,15
ocean,4
flown,5
empti,7
pacif,10
breaststrok,4
fire-dip-bucket,4
300,5
feet,40
air,5
appar,7
extinguish,4
5'10,4
articl,25
examin,4
march,9
accident,6
gear,6
handl,6
bar,7
drag,4
glass,6
hear,41
crash,4
cut,21
bleed,4
summon,4
live,48
fairli,4
hill,4
flight,4
escort,4
push,10
spill,4
blot,4
petrol,4
releas,12
becam,6
despond,4
flip,4
seat,14
loud,20
explos,4
trouser,5
suffer,5
buttock,4
groin,8
crew,4
dispatch,4
began,62
accompani,4
tip,6
fell,21
remain,30
broke,16
shake,4
frantic,4
wire,4
waist,9
electr,15
kettl,4
jolt,4
deadli,4
whack,4
handi,6
plank,4
break,30
moment,36
happili,5
listen,29
walkman,4
iraqi,4
terrorist,4
khay,4
rahnajet,4
postag,10
letter,13
return,40
sender,8
stamp,8
forget,10
.........................,4
witch,52
arthur,53
gawain,36
monarch,16
young,72
kingdom,12
friend,61
freedom,10
accept,30
spoke,9
nobl,8
hideou,8
spare,8
half,16
self,9
03:03,4
12:32,4
brew,4
king,6
ambush,4
imprison,4
youth,4
perplex,4
knowledg,9
death,14
proposit,4
poll,4
everybodi,6
princess,4
prostitut,12
priest,12
wise,6
court,9
jester,4
satisfactori,4
consult,9
throughout,9
exorbit,4
altern,15
knight,4
closest,4
horrifi,4
hunchback,4
aw,4
tooth,4
smell,8
sewag,4
nois,17
across,15
repugn,4
creatur,4
refus,6
endur,4
burden,6
noth,30
big,35
sacrific,4
preserv,7
henc,4
proclaim,4
instantli,4
utter,4
relief,6
anguish,4
alway,36
gentl,4
courteou,4
worst,6
manner,7
display,12
ate,4
belch,4
uncomfort,4
steel,4
horrif,4
bedroom,16
await,4
lay,22
astound,4
horribl,4
deform,4
maiden,4
cruel,4
predica,4
privaci,9
spooki,4
prefer,8
intim,4
chose,4
announc,29
respect,19
ugli,4
smart,9
dumb,4
underneath,12
project,41
sundanc,16
expans,19
capac,46
carolina,12
CP,12
mmcf/d,12
light,9
million,16
commiss,19
dth/d,9
southeast,10
southern,10
later,42
02:03,4
cantrel,8
03/28/2001,4
brenda,5
H,38
fletcher/hou/ect,4
colleen,5
sullivan/hou/ect,4
donna,14
greif/hou/ect,4
tate/hou/e,4
superty/hou/ect,4
calcagno/na/enron,4
lamadrid/hou/ect,12
ferc,20
green,8
10:11,4
cst,17
mar,8
28,15
transcontinent,24
pipe,34
134,4
feder,9
energi,57
regulatori,11
draft,9
issu,46
regularli,5
meet,65
loop,7
compress,5
236,383,4
mid-atlant,4
region,20
38,9
pipelin,85
mainlin,6
instal,8
modif,4
compressor,11
alabama,4
georgia,4
spring,8
2002,154
robust,4
econom,6
growth,14
develop,26
gas-fir,5
co.,45
140,000,4
75,5
build,36
100,18
82-mile,4
intrast,4
downstream,14
iredel,4
richmond,5
counti,11
30-inch-diamet,4
initi,18
200,4
700,4
ago,22
PG,18
dampen,3
spirit,5
sold,7
stock,19
eighti,3
awhil,3
backyard,3
mild,7
winter,14
dread,3
heat,12
ceram,3
omaha,13
relax,3
proudli,3
holiday,40
easter,3
nasal,3
highli,3
predict,3
write,10
cuckoo,40
clock,20
03/29/2001,16
03:51,4
01:10,4
invit,31
midnight,5
promis,5
beer,5
easi,16
2:30,8
a.m.,9
skunk,4
hall,13
wake,6
proud,5
quick-wit,4
solut,8
smash,4
escap,4
conflict,4
morn,19
twelv,4
o'clock,6
disturb,4
whew,4
oh,4
clear,11
throat,8
giggl,12
fart,4
girl,62
=01,23
e=20,26
adopt,17
heart,21
pair,16
=09,97
r=20,12
discourag,16
jami,13
part,29
eye,22
sarah,12
shoe,37
fellow,13
sock,12
contest,10
an=,8
cri,19
a=,15
the=20,14
barney,8
stop,36
s=20,11
w=,8
chosen,11
lesson,17
daddi,32
ladi,18
clerk,8
he=20,8
03:49=,4
=09from,4
brighten,4
faith,4
lectur,5
leo,4
buscaglia,4
was=,4
judg,6
chil=,4
d.=20,4
winner,6
whose,10
elderli,12
recent,26
yard,4
climb,4
lap,4
teacher,13
debbi,7
grader,4
family.=20,4
color,5
hair,13
little=,4
do=,4
es,4
it=20,4
that=,6
grew,4
mommi,12
tummi,5
pediatrician,4
docto=,4
otoscop,4
bi=,4
g=20,4
bird,54
silent,4
tongu=,4
depressor,4
the=,9
cooki,28
monster,4
silent.=20,4
stethoscop,4
chest,4
he=,4
no=,4
jesu,25
heart.=01,4
underpan=,4
ts,4
local=,4
A=,4
bench,4
first-bas,4
boys=,4
was.=01,4
sm=,4
ile.=01,4
puzzl,5
whenev,5
disappoint,5
spot,17
abo=,4
ut=20,4
scott.=01,4
play.=,4
though,10
feare=,4
On,36
award,4
collect,13
rush,7
shine,4
pride,12
nd=20,7
those=20,4
clap,4
cheer.=,4
wa=,7
muscl,9
foot,13
wear,12
brace,4
she=,4
compet,4
da=,5
competit,6
event,9
becaus=,4
encouragement=20,4
down=,4
advantage.=20,4
head=20,4
say=20,4
advantage=01,4
i=20,4
harder,6
An,15
wit,6
citi,18
december=,4
a=20,4
roadway,4
barefoot,4
peer,8
shiver,4
cold.=,4
you=,5
earnestli,4
o=,9
f=20,4
th=,9
dozen,4
S=,5
basin,9
quickly=20,4
brought,6
sto=,4
re=20,4
knelt,8
wash,4
dri,5
towel.=01,4
returned=20,4
pai=,4
tie,4
gave,12
sh=,5
pat,9
doubt,4
feel=20,4
astonish,20
lad,5
caught,19
h=,4
er=20,4
t=,9
earli,65
blond,24
03/07/2001,40
brunett,16
redhead,16
03/26/2001,4
04:47,12
09:40,8
09:42,8
03/06/2001,8
09:14,8
ragan,14
bond/corp/enron,8
femal,15
thrill,8
spent,20
playtim,8
elat,8
quick,19
workout,8
spa,8
muffl,8
slowli,14
crack,20
mortifi,8
gentli,10
close,46
crept,8
coffe,27
exclaim,16
almost,9
dreyfu,44
michael,45
enronga,32
.xl,32
mousteiko,28
fax,25
03/15/2001,8
12/00,20
01/01,12
454380,12
454386,20
mousteiko/na/enron,16
lee,19
invoic,20
mclaughlin,16
calcul,19
0101,16
1200,16
646-8453,7
03/20/2001,20
02:18,4
10:38,4
spreadsheet,4
10:30,8
03:05,8
otto/hou/ect,20
chance/corp/enron,8
realloc,12
02:54,12
mclaucj,8
ldng.com,8
01:24:31,8
'michael,8
michael.mousteiko,8
OK,10
confus,13
mcl,8
ouch,20
05/16/2001,15
08:18,10
10:27,10
janet,14
vuittonet,14
03:15,5
lmcmurtri,5
mdck.com,5
wallis/enron,5
10:14,5
kick,9
laura,14
8:34,5
presa,7
jessica,8
hardi,5
rangel,11
ina,11
becki,10
quezada,6
hernandez,6
pano,5
walli,5
H.,8
pet,16
cage,16
madam,16
keith,35
02:16,4
01:42,8
shop,36
parrot,8
50.00,8
owner.=20,8
owner,10
stuff,15
hung,8
shock,16
implic,8
saw,21
offend,9
situat,18
work.=20,8
02:14,4
03/08/2001,8
04:36,4
hell,6
04:33,4
cm,3
8.74,3
clinton,16
lht,16
02/27/2001,8
02/28/2001,4
12:56,4
10:55,4
10:51,4
02/22/2001,12
10:42:47,4
lante,4
lsuhsc.edu,4
barry.j.belch,4
boeing.com,4
hardycol,4
blyzes,4
heart.org,4
lcpflyer72,4
kalo,4
prodigy.net,6
karen.d.mcilvoy,4
pendulumenergy.com,4
dmmiller,4
wkhs.com,4
return-path,17
full-nam,6
message-id,17
31.10cd93ea.27c69829,4
thu,7
feb,22
11:28:25,4
est,13
mime-vers,17
1.0,17
content-typ,17
multipart/mix,7
boundary=,14
part2_71.af596aa.27c69829_boundari,4
x-mailer,17
6.0,5
sub,8
10502,4
whitehous,4
terri,13
togerth,3
cokino,12
axia,6
coral,6
nick,3
aquila,4
garrison,3
bergin,3
ricker,3
sempra,3
chamber,3
riopel,3
bond,5
bridgelin,5
kevin,25
tim,7
riordan,6
hess,3
duan,3
lawhorn,3
jaqu,3
02/26/2001,12
jane,17
matthew,25
tholt/hou/ect,8
02/23/2001,8
lenhart/hou/ect,16
timothi,9
12:24,4
tholt,6
11:52,4
11:44,4
lenhart,8
03:11,8
ermis/hou/ect,4
P,4
south/hou/ect,4
allen/hou/ect,4
grigsby/hou/ect,12
tori,5
kuykendall/hou/ect,4
holst/hou/ect,12
moniqu,4
sanchez/hou/ect,4
lucci/na/enron,4
gay/hou/ect,4
03:09,4
bass/hou/ect,4
hull/hou/ect,4
lui,4
mena/na/enron,4
blanchard/hou/e,4
04:45,4
blanchard,4
04:24,4
713-853-4755,4
aip,4
cnnfn,4
02/20/2001,12
453380,8
12:45,4
07:22,4
07:14,4
01/29/2001,4
07:48,4
1976,3
june,7
recheck,3
waitress,24
02/14/2001,40
bush,16
cheney,16
white,20
08:24,8
merenolan,16
mediaone.net,16
heart-healthi,8
salad,8
dubya,8
Mr,8
presid,21
quicki,8
huff,8
era,8
rectitud,8
politician,8
storm,9
sit,27
stun,8
lean,18
pronounc,8
quich,8
____________________,80
pancak,24
three-year-old,24
bibl,26
joel,24
kitten,24
porter,20
ryan,19
four-year-old,16
dad,16
pastor,18
six-year-old,16
lord,22
groceri,20
seal,20
tue,24
ns.waymark.net,12
argu,8
_________________,8
beach,8
grab,40
led,14
shore,12
seagul,8
sand,8
heaven,26
throw,11
poorest,8
bless,11
bow,8
earth,9
prayer,14
bedtim,8
solo,8
enunci,8
lead,16
temptat,8
fascin,8
suddenli,21
leaf,10
tree,35
momma,8
sang,8
sister,8
husher,8
warn,22
flee,8
salt,8
flea,8
litter,8
breathlessli,8
brow,8
midmorn,8
kindergarten,8
finger,16
cracker,8
spread,13
broken,8
steveb,8
waymark.net,8
rly-za01.mx.aol.com,8
esmtp,22
06,8
-0500,18
0019283281,8
webtv.net,8
cute,35
03:07,4
08:37,4
sandy_m_bramanti,4
rly-za01.mail.aol.com,4
172.31.36.97,4
air-za02.mail.aol.com,4
v77_r1.21,4
12:14:53,4
207.18.144.2,4
v77.27,4
12:14:17,4
ip148.dallas1.tx.waymark.net,4
206.176.137.148,4
8.11.1/8.11.1,4
id,23
f16hdy028305,4
11:13:35,4
-0600,9
003c01c09070,4
eced85a0,4
9489b0ce,4
bradish,4
wagner,4
ken,23
kwagne22,4
csc.com,4
stenstrom,4
milt,4
stella,9
miltm,4
bussel,4
bussellr,4
yahoo.com,7
perri,4
max,4
perry.max,4
davis-dyer-max.com,4
jimnyfel,4
jbaird8910,4
ralph,4
hallralph,4
ghyst,4
norm,4
nghyst,4
wantland,4
allen,12
dixi,4
dixala,4
childress,4
kate,4
kkchildress35,4
aporter988,4
errol,4
jporter909,4
polli,4
purhrt22,4
sport67,4
theriver.com,4
robert.port,4
azwebmail.midwestern.edu,4
cschre1054,4
kati,4
jfb1274,4
airmail.net,4
butler,4
carol,8
mdbutler,4
interserv.com,4
11:13:38,4
-0800,8
multipart/altern,7
=_nextpart_000_0039_01c0902d.dae5df80,4
x-prioriti,6
x-msmail-prior,6
express,28
5.00.2615.200,4
x-mimeol,6
produc,20
mimeol,6
v5.00.2615.200,4
loud.,4
freckl,28
cheek,8
paint,9
grandmoth,9
03:00,8
08:39,4
grandson,4
sprinkl,4
zoo,4
artist,4
tiger,4
paw,4
fella,4
embarrass,4
trace,4
intens,5
grandma,4
whisper,4
wrinkl,4
bake,8
agoni,8
favorit,10
chocol,9
chip,8
02:57,4
08:40,8
aroma,4
waft,4
strength,9
lift,6
wall,6
greater,10
grip,4
rail,4
labor,5
breath,4
doorfram,4
gaze,4
liter,5
hundr,12
act,9
heroic,4
devot,4
muster,4
land,4
knee,9
rumpl,5
postur,4
parch,4
lip,4
wondrou,4
tast,4
mouth,4
wither,4
shakingli,4
edg,5
smack,4
spatula,4
funer,5
extrem,16
sport,15
02/13/2001,8
12:25,5
02/07/2001,4
10:13,4
sports.jpg,4
12:23,4
02/09/2001,4
10:25,4
guy,54
i146_1.gif,4
i133_1.gif,4
i131_1.gif,4
i129_1.gif,4
i126_1.gif,4
i125_1.gif,4
i120_1.gif,4
ad2.jpg,4
ad.jpg,4
jesus.jpg,4
i151_1.gif,4
marin,16
bank,13
nomin,13
confirm,19
januari,106
236,4
1mmbtu/d,4
42mmbtu,4
853,5
5775,4
claim,22
row,3
resubmit,3
custom,70
depart,11
frustrat,19
ya,11
pakistani,24
sandal,20
pakistan,8
dem,8
pant,8
02/01/2001,4
02:44,4
01/31/2001,4
03:42,4
tour,4
marketplac,4
accent,4
foreign,6
indo,4
humbl,5
special,18
tink,4
dey,4
camel,4
freak,4
saiheeb,4
badger,4
conced,4
soon,28
raw,4
sexual,4
blink,4
bent,4
yank,4
DE,4
527410,3
rape,20
class,78
attack,17
rapist,16
taught,12
target,13
cloth,14
weapon,12
instructor,12
wrist,12
pinch,12
troubl,18
01/16/2001,8
self-defens,8
garag,13
hairstyl,8
overal,9
worth,14
deterr,8
pepper,8
spray,8
pull,12
stumbl,8
knuckl,8
pressur,16
12:49,4
09:47,4
WE,5
IN,9
HE,6
entertain,8
solid,5
amaz,4
sponsor,7
shandwick,4
valuabl,15
info,4
westport,4
plaza,10
st.,12
abandon,5
black,8
belt,6
karat,4
train,10
segal,4
interview,6
prison,5
fact,8
victim,5
ponytail,4
bun,4
braid,4
short,9
common,9
outfit,5
scissor,4
strap,4
cell,11
search,9
purs,4
activ,48
guard,4
overpow,4
8:30,10
a.m,7
abduct,4
from/attack,4
lots/garag,4
3-5,4
sentenc,6
15-20,4
time-consum,4
umbrella,4
similar,7
object,8
distanc,5
key,14
idea,7
convinc,4
defens,4
mechan,4
elev,4
stairwel,6
identifi,9
lineup,4
appeal,5
afraid,4
advoc,4
wherev,4
outsmart,4
twist,4
bone,4
momentum,10
backhand,4
forehead,4
nose,4
either,23
elbow,4
armpit,4
upper,4
inner,4
thigh,4
underarm,4
skin,5
tore,4
strand,4
stitch,4
particularli,4
unfortun,8
slap,4
pain,5
piss,4
bend,4
audibl,4
appli,14
awar,9
surround,7
odd,4
dismiss,5
instinct,5
silli,4
simpl,8
pic06208.pcx,4
pic02115.pcx,4
ticket,10
10.50,3
spin,40
01/04/2001,24
Re,31
exercis,20
bootcamp,12
wednesday,65
depaoli,8
mora,8
condit,23
01/08/2001,12
01:39,12
02:43,4
spence/hou/ect,20
02:30,4
02:01,8
quarter,15
evalu,6
mainli,4
accordingli,4
brand,4
bike,4
cardio,4
01:56,4
mora/hr/corp/enron,4
numer,5
due,29
previous,11
studio,4
thrusday,4
insert,4
ab,4
lab,4
5:30,4
pm,16
work-out,4
acoupl,4
boot,4
camp,7
particiapt,4
suggeston,4
01/05/2001,48
depot,32
dabacl,32
molli,24
homco/hou/ect,16
home_depot_darwin.doc,16
01:30,4
spenc,8
08:55,8
junek/hou/ect,8
08:53,8
sumrow,8
08:50,8
lestev,8
swbell.net,9
stevesj,8
oceusa.com,8
chris_sumrow,8
kindermorgan.com,8
jim,15
katherin,9
kelly/hou/ect,8
riot,8
sumrow/hou/ect,8
08:46,8
coyl,8
john.coyl,8
diamondcluster.com,8
03:38:10,8
james.whitehead,8
patrick.scal,8
carrie.slagl,8
molly.sumrow,8
kristin.cantu,8
01:29,4
12/20/2000,16
12/13/2000,12
04:02,4
12/15/2000,4
10:48,4
snowflakes.jpg,4
envelop,30
tongu,28
lick,16
sore,12
roach,8
egg,8
02:20,4
ughhh,4
yike,4
wo,6
anymor,5
spong,4
abnorm,4
demand,15
x-ray,4
lump,4
minor,8
crawl,4
hatch,5
saliva,4
moist,4
cnn,7
hume,4
factori,4
float,4
gum,4
tray,4
esp,3
26th,3
ene,4
travel,11
bought,3
crazi,7
eve,3
thanksgiv,10
welcom,11
merri,4
join,45
busi,77
egm,20
ship,23
focu,26
japan,15
lng,16
mid-market,12
weather,21
within,24
randi,11
europ,11
assign,13
on=20,9
ace,9
gross,8
combin,8
decemb,65
wholesal,15
is=20,6
of=,8
focus,9
petchem,6
hire,8
u.s.,10
plastic,7
portfolio,7
fr=,6
om=20,6
has=20,6
coal,6
asset,17
trading=20,6
conting,6
deriv,6
y=20,6
establish,14
oil,14
hedg,6
fund,16
margin=,3
repres,18
increa=,3
se=20,3
margin,3
Q1,3
with=20,3
outstand,7
1=,8
87=20,3
tremend,4
facilit,5
organization.=20,3
berkeland,3
focus=,3
ed=20,3
fred,8
lagrasta,8
some=,3
variou,12
flow,10
product=20,3
maffett,3
world=,3
proper=,3
wide,5
scope,3
doug=,3
friedman,4
ngl,3
joh=,3
nowlan,3
union=20,3
carbid,3
O=,3
conner,3
meteor,3
bot=,3
leach=01,3
ra=,3
ndy=20,3
maffett.=20,3
jackson,5
ngl=01,3
chad,3
have=,3
reorgan,17
stuart,3
bland,3
alan,3
engberg,3
for=,3
moncrieff,3
network=,3
all=20,3
aspect,6
presenc,3
in=20,3
tawney=01,3
efforts=,3
office=,3
murray,3
castlebridg,3
partner,7
continent,3
ross,11
mcintyr,3
will=,3
windl,3
bill=01,3
mos=,3
t=20,3
eb,7
organ,16
oslo,3
offic=,3
thor,3
lien,3
scandinavia,3
weather=20,3
and=20,3
32,3
on=,8
schroeder,3
origination=,3
mark=01,3
as=20,3
australia=,3
deregul,3
decisi=,3
scale,4
hirl,3
ceo,10
organization=,3
be=20,3
produc=,3
ts=20,3
long-term,3
will=20,3
coordin,12
implement,8
their=20,3
vision,3
of=20,3
contractu,3
around=,3
jonathan,15
whitehead,3
gerstandt,3
independ,6
kurt,3
lindahl,3
global=20,3
area,47
western,4
freight,3
efm,6
conclud,5
2,000,4
chris=,3
krava,3
mid-market=20,3
enabl,4
domin,3
player,3
metcalf,3
ebs=,3
shawn,3
cumberland,3
deirdr,5
mccaffrey,5
structur,10
matt,3
arnold,5
diesel,3
hoog,3
quickly=,3
built,3
unit,12
price=,3
hybrid,3
draw,3
enr=,5
alex,8
tartakovski,3
and=,4
marcu,3
joana,3
bekerman,3
toni,5
recentl=,3
month=,3
startup,6
blesi,3
operati=,3
grm,3
european=20,3
are=20,3
charter,3
rate,45
insolv,3
vpp,3
wi=,3
th=20,3
decommiss,7
new=,3
seks,3
dyk,3
ne=,3
w=20,3
commodit=,3
liqui=,3
ds=20,3
commod,6
stephen,4
plauch,3
americas=01,3
desk=,3
developing=20,3
agricultur,3
lemmon,3
associ,9
congratul,5
12/18/2000,8
pseg,8
03:20,4
tera,4
moss,4
01:48,8
sanjeev,4
khanna/na/enron,4
intra,4
4:00,13
confer,13
EB,5
3243b,4
gift,7
and/or,8
sale,15
torch,3
valid,6
santa,48
angel,39
elv,24
toy,24
stress,24
12/12/2000,8
09:53,8
annual,9
everywher,8
sick,8
traine,8
fast,10
mrs.,8
clau,8
visit,12
har,8
reindeer,8
birth,8
jump,8
fenc,8
sleigh,8
board,17
bag,8
scatter,8
cup,8
whiskey,8
cupboard,8
liquor,8
drink,11
pot,12
broom,8
mice,8
eaten,8
straw,8
bell,10
rang,10
cuss,8
12:04,4
danceoff.ex,24
12/01/2000,20
11/28/2000,16
danc,9
MW,8
elect,46
concess,40
retract,40
parodi,40
audio,43
11/13/2000,40
11/15/2000,20
11/16/2000,8
02:27,8
prevatt/hou/ect,8
12:35,9
//www.mediatrip.com/shows/phone_flash.html,8
01:51,4
pereira,13
08:10,4
08:05,4
hendrickson,4
12:31,4
susan.pereira,4
12:19,4
jenkin,4
11:58,4
11:57,4
holst,5
11:48,4
11/14/2000,4
11:46,4
grigsbi,9
carey,4
metz/hou/ect,4
01:08,4
otto,4
01:03,4
gaskil,4
tara,4
piazze/na/enron,4
gaskill/corp/enron,4
bir,4
delphihome.com,4
12:29:45,4
chris.gaskil,4
10:49,8
frazzl,8
frazzled.jpg,8
01:47,4
01:46,4
kenneth,6
lovejoy,6
oec,6
apolog,5
inconveni,5
pleasur,4
EH,3
directli,18
donni,3
willmann,3
central,14
caribbean,3
environment,6
health,9
safeti,6
industri,5
1996,3
van,4
junip,4
wellhead,3
midstream,3
texa,61
respnsibl,3
resum,8
backround,3
11/08/2000,4
03:58,4
jone,16
11/01/2000,18
ok-i,4
somewher,6
nebraska,7
footbal,7
11th,5
interoffic,4
everyday,4
celebr,5
upcom,3
season,15
11/02/2000,14
01:22,2
10:26,14
tshield,14
att19368.jpg,14
01:21,4
01:20,4
01:19,4
pack,8
amanda,20
rybarski,12
fundament,7
853-4384,5
877,3
482-0772,3
560-0934,5
session,25
februari,51
7th,5
orient,5
split,7
divid,4
alpha-ord,3
10am-12,2
2pm-,2
encourag,7
10am,4
A-,3
2pm,3
l-z,3
neil,1
davi,3
IM,1
nov.,1
27th,1
x,3
33570,1
steno,1
5969,1
searobin,1
absens,1
rain,3
F.,18
mckay,16
smith,15
3:00,8
bate,6
novemb,88
1:55,1
gari,9
Cc,15
ame,8
chuck,10
germani,5
hodg,10
keavey,4
W.,7
pimenov,4
savva,2
leonida,2
townsend,14
versen,8
barb,7
concannon,5
goodel,6
muhl,3
shauywn,2
willi,3
zivley,2
jill,2
T.,6
culotta,2
lindsay,3
frihart,4
bryant,4
giron,2
darron,2
C.,7
mim,4
patric,4
L.,12
murrel,2
pollan,3
sylvia,3
S.,18
tucker,2
patrick,3
RE,9
afternoon,5
conf,2
05075,2
intercontinentalexchang,55
=09+,16
citygate=09,25
=09=09=09=09=09=09=09,20
ngpl,20
paso,20
transmiss,30
pool=09,11
eastern,47
louisiana,14
1.8900=09,2
2.4700=09,5
2=,10
1.9300=09,2
tenn,10
1.8150=09,2
co.-zon,8
L=,6
eg,6
ela=09,8
1.8200=09,3
2.5000=09,4
2.4500=09,3
0=09+,3
nicor,10
1.8950=09,2
nipsco,12
NY,10
El,13
1.7500=09,2
specifi,10
metal,10
acknowledg,10
entiti,15
written,10
consent,11
unsubscrib,14
bulletin,14
2001=,3
200=,8
index,18
sell-sid,5
hub=09high=09low=09wtd,4
avg,21
index=09chang,4
=09vol,4
mmbtu,9
=09hu=,4
b,5
name=09,4
se=09,4
2.3800=09,3
2.0225=09+,1
.4136=09,1
293,000=09american,1
SE,5
onshore=09,4
1.8700=09,1
.1529=09+,1
.5234=09,1
270,300=09columbia,1
hub=09,4
2.4600=09,3
2.0774=,1
.3593=09,1
1,472,500=09henri,1
tailgat,5
la=09,4
2.3275=09,1
1.8600=09,1
1.9720=09+=,1
.3835=09,1
238,800=09natur,1
louisia=,3
na,3
500l=09,4
2.3400=09,1
2.0306=,1
.4295=09,1
422,700=09tennesse,1
500,4
800l=09,4
2.3300=09,1
2.0073=,1
.4024=09,1
251,300=09tennesse,1
800,4
2.5200=09,4
1.8550=09,2
2.1374=,1
.4885=09,1
248,500=09texa,1
wla=09,4
2.4800=09,3
1.9198=,1
.3116=09,1
244,200=09texa,1
65=09,4
1.9650=09,1
2.1221=,1
.3847=09,1
244,600=09transco,1
65,12
1.97=,1
95=09+,1
.4371=09,1
103,300=09trunklin,1
louisiana=,4
txga,5
sl=09,4
1.8800=09,2
2.0918=09=,1
.4279=09,1
328,900=09texa,1
corp.-zon,4
SL,6
FT,17
poo=,3
l,3
midcontin,5
michcon,5
2.4300=09,4
2.0700=09,2
2.1744=09+,1
.3588=09,1
243,500=09michigan,1
consolid,5
midcont=09,4
2.1000=09,3
1.7150=09,1
1.793=,1
.4001=09,1
165,400=09natur,1
mi=,3
d-contin,3
2.4200=09,2
2.0090=09+,1
.3880=09,1
519,500=09natur,1
ame=,4
rica,4
1.9945=09+,1
.3900=09,1
121,200=09natur,1
am=,4
erica,4
nng,7
demarcation=09,4
2.3900=09,3
1.8100=09,1
2.=,3
0449=09+,1
.5635=09,1
217,200=09northern,1
demarc,6
po=,3
ol,3
northeast,11
tco=09,4
1.9800=09,3
2.141=,1
7=09+,2
.3887=09,1
605,300=09columbia,1
tco,6
dominion,7
so.point=09,4
3.0000=09,1
2.0600=09,2
2.3471=09+,1
.5403=09,1
367,500=09dominion,1
m3=09,4
3.0900=09,1
2.2100=09,1
2.5296=09=,1
.5388=09,1
399,000=09texa,1
M3,6
z-6,5
3.2375=09,1
2.4100=09,2
.6257=09+,1
.6410=09,1
327,600=09transcontinent,1
corp=,3
non-bondad=09,4
1.7800=09,1
1.5900=09,1
1.7077=09+,1
.5433=09,1
83,200=09el,1
san,6
juan,6
blanco,5
huntingdon/sumas=09,4
1.7650=09,1
.8250=09+,1
.5531=09,1
128,000=09westcoast,1
northwest,5
pipeli=,4
ne,4
corp.=09,4
opal=09,4
1.4900=09,1
1.5583=09+,1
.3706=09,1
129,800=09opal=09,1
2.0500=09,4
1.9756=,1
.5850=09,1
287,000=09pg,1
cityg,11
socal,5
border=09,4
1.9500=09,1
1.8300=09,1
1.885=,1
.4775=09,1
226,600=09southern,1
border,6
ehre=,4
nberg,4
topock,5
needl,5
keystone=09,4
2.0900=09,2
1.6300=09,6
1.7492=09+,1
.4700=09,1
310,000=09el,1
keyston,6
waha=09,4
2.2000=09,2
1.8735=09+,1
.5027=09,1
213,800=09waha,1
rade,4
11:30,6
prevail,5
liquid,6
over-the-count,6
in=,4
clude,4
refin,5
pr=,4
oduct,4
preciou,5
instrument,5
nd,4
proprietari,6
yo=,4
u,4
shall,11
dissemin,5
intercon=,4
tinentalexchang,4
witho=,4
ut,4
furthermor,6
exclus,6
valuab=,4
le,4
bei=,4
ng,4
avail,95
commun,26
rese=,4
rve,4
reas=,4
represent,5
r,4
warranti,5
impli,6
becom,14
exchang,14
inquir,5
cont=,4
intcx.com,5
copyright,5
20=,8
01,17
veronica,3
espinoza,2
x6-6002,2
revis,11
11/19/01,1
yuma,1
column,1
personnel,7
R.,1
x5-3923,1
darren,5
vanek,1
x3-1436,1
volunt,7
channel,15
//cr.enron.com/eia.html,3
cirqi,3
du,3
solei,3
saint,1
nichola,1
nutcrack,7
noah,3
daycamp,3
recov,3
disast,4
fashion,3
luncheon,3
watcher,3
my.home.enron.com,3
set-up,3
screen,12
eia,3
turret,4
nec,3
monitor,4
avaya,3
stentophon,3
wireless,4
technolog,3
guid,4
reduc,10
televis,2
coverag,3
consist,4
amtel,2
on-lin,1
occup,1
guidebook,1
enhanc,8
printer,1
keyboard,1
procedur,6
anti-glar,1
strain,1
elimin,4
speaker,1
allianc,2
MX,1
caller,1
voicemail,2
50,11
plasma,1
5th,7
6th,5
via,7
telephon,3
ipc,1
dial,1
shown,1
12401,1
801,1
12402,1
802,1
12403,1
803,1
cnbc,1
12404,1
804,1
msnbc,1
12405,1
805,1
bloomberg,1
12406,1
806,1
12407,1
807,1
12408,1
808,1
fox,1
12409,1
809,1
espn1,1
12410,1
810,1
cellular,1
virtual,5
multi-network,1
in-build,1
qualiti,17
campu,2
touch,3
multi,1
level,5
encrypt,1
secur,12
intellectu,1
safe,7
eavesdropp,1
hacker,1
flexibl,4
n,2
footprint,3
softwar,1
one-touch,1
extern,2
forum,1
enron.center.south.technolog,1
11/17/2001,60
11/18/2001,24
11/16/2001,24
disk,22
layout,17
erm,4
hudson,2
713-853-9289,2
nahou-msdev01p,2
nahou-msmbx01v,2
skywalk,2
patch,2
standbi,3
3ac-17,2
vm,2
nahou-ordb07p,2
16,7
seee,1
nahou,6
cluster,5
node,1
defragment,1
storag,24
reclaim,1
un-us,1
nahou-sqefm01p,1
nahou-sqlac01p,1
mssql,1
6.5,1
mallari,1
mccrori,1
853-5749,1
kogotkov,1
345-1677,1
hardwar,6
713-284-4175,1
test/dev,2
ferrari,3
modena,1
trout,1
cypress,1
bravo,1
enw,2
mirror,1
resync,1
chewbacca,1
foxtrot,1
acta,1
pwrprod1,2
tantra,2
invedi,2
4304,1
35th,1
3ac,3
jame,6
713-345-8111,1
jon,2
goebel,1
713-345-7570,1
deploy,2
charlen,1
fricker,1
713-345-3487,1
dbase,1
tape,2
DB,1
devol,1
713-345-8970,1
td,5
-trader,5
327-6032,5
p/l,17
//trv.corp.enron.com/linkfromexcel.asp,15
report_cd=1,15
report_name=east+p/l+tot,15
category_cd=1,15
category_name=east,15
toc_hide=1,15
stv1=1,15
tv1exp=i,15
current_efct_date=11/16/2001,1
publish,16
websit,30
hunter,10
contract,38
shive,9
04,5
ub,39
attorney,5
superti,8
w/,4
lawyer,3
legal,19
packag,7
11:08,1
martin,9
thoma,6
K.,2
9:49,1
calcagno,4
murtagh,1
overview,4
util,14
underli,1
risks/exposur,1
basic,12
non-negoti,1
side,8
facilti,1
challeng,5
lenghti,1
expedit,1
satisfi,1
addtion,1
defintit,1
discuss/recap,1
additon,1
settl,3
shortli,4
8:56,1
sap,8
descript,1
prod,1
interfac,1
ebp,1
ipayit,3
ibuyit,3
ftp,1
suffici,2
commenc,5
8:00pm,1
2:00am,1
isc,1
713-345-4727,1
sentiff,2
713-857-2161,1
intercontentalexchang,4
current_efct_date=11/15/2001,1
11/15/2001,1
mon,5
11/19/2001,5
8th,4
2:30:00,2
12:30:00,3
6:30:00,3
autex,2
swing,3
9th,2
IP,1
re-issu,1
trunk,1
eb44,1
micah,1
stagg,1
713-345-1696,1
redund,1
ard-cor-ccx1/2,1
ena-cx1/2-ard,1
bandwidth,1
/,8
resili,1
equipment/config,1
denni,2
mcgough,1
713-345-3143,1
1st,1
3rd,3
dalak,1
malik,1
713-345-8219,1
tauru,1
obsolesc,1
procur,1
713-345-5125,1
current_efct_date=11/14/2001,1
11/14/2001,1
inlin,5
/o=enron/ou=na/cn=recipients/cn=ar,5
'sandra.brawn,3
enron.com',4
6:40:46,1
4:16,5
cubicl,6
hurdles.mpeg,6
hallway,8
races.mpeg,6
rowing.mpeg,6
'sandra,1
f.brawner,1
7:07:36,1
7:06:04,1
'brawner,1
sandraf,1
7:10:02,1
cash,21
2.4525,3
2.0750,3
2.9650,3
2.4863,3
2.1075,3
2.9975,3
2.5200,3
2.1400,3
3.0300,3
26,27
customernotic,20
wgphou,20
wgphou.customernotic,20
williams.com,20
1:31,1
corpor,26
shipper,35
2.5338,1
2.1522,1
3.0461,1
2.5950,1
2.2060,1
3.1172,1
2.6445,1
2.2495,1
3.1747,1
IT,39
2.5745,1
2.1929,1
3.0868,1
2.7807,1
2.3917,2
3.3029,1
2.9387,1
2.5437,1
3.4689,1
ftg,5
2.6016,1
2.2200,2
3.1139,1
2.9045,1
2.5155,1
3.4267,1
ftnt,5
2.5375,1
2.1500,2
3.0500,1
casilda,2
vasquez,2
215-4504,2
Yu,5
215-3381,5
irena,6
xml,1
namespac,1
prefix,2
ns,1
urn,1
schemas-microsoft-com,1
negoti,13
recours,7
polici,8
tariff,17
adequ,4
buyout,3
negotiated-r,3
nondiscriminatori,3
sullivan,4
permit,4
undu,2
discrimin,2
obtain,3
languag,2
practic,2
reduct,4
breathitt,2
fyi,17
11:16,1
mcmichael,1
jr.,1
kinsey,3
lisa,10
luce,1
shireman,1
kristann,1
miller,4
stephani,9
lucci,1
gay,2
patti,4
M.,6
kuykendal,1
mahmassani,1
souad,1
P.,2
gomez,1
steff,1
D.,7
lawner,1
lesli,1
neustaedt,1
alert,4
dealt,1
strictli,4
rate-rel,1
scrutini,2
layer,1
seri,4
contract-specif,1
sharpen,1
heavili,1
linchpin,1
cost-bas,1
chairman,6
iii,9
brave,1
basi,14
proclam,1
reaffirm,1
trend,2
assert,1
unaccept,1
substanti,5
unequ,1
treatment,1
declar,1
whether,4
materi,8
deviat,3
extent,3
involv,7
gt01-25,1
rp99-301,1
rp96-312,1
al,1
cp01-70,1
rule,7
held,13
reconsid,1
tradit,1
quantiti,5
observ,5
substitut,1
insul,1
certain,15
degre,1
recourse-r,1
expir,5
avoid,6
liabil,2
unduli,1
discriminatori,1
forth,4
similarli,1
commission,1
linda,3
applaud,1
shift,1
character,1
muddl,1
tortur,1
obscur,1
common-sens,1
tug,1
engag,2
receipt,32
infopost,12
duke-energy.com,12
TE,8
anticip,9
absorb,7
imbal,7
ofo,6
ordway,5
8:15,1
boudreaux,4
shanna,5
garcia,4
12:00,13
LP,3
excess,2
system-wid,3
significantli,3
exceed,5
unseason,4
inventori,4
eastern',2
approxim,12
98,3
linepack,3
abil,3
supplier,5
non-compli,3
penalti,3
dekatherm,5
protect,6
limit,10
suspens,4
oba,3
onlin,16
subscrib,7
subscript,4
//www.link.duke-energy.com/script2/notification.asp,4
uncheck,4
checkbox,4
tabs-2,11
decreas,6
pursuant,6
7:37,1
pritchard,2
3.3,1
aggreg,3
300,000,1
tabs-1,1
city-,1
gate,2
stx,1
etx,1
first-com,1
first-serv,1
notifi,11
balanc,4
7:34,1
logist,16
commerci,9
retail,3
greif,2
oling,2
realign,2
maxim,6
choat,3
heather,3
8:51,1
hogan,5
villarr,3
brande,2
saldana,1
shower,2
digna,2
daren,2
J.,7
jaquet,1
strengthen,1
kim,5
electron,6
commerc,1
lee-jaquet,1
affair,3
senior,5
promot,2
tom,5
mard,1
driscoll-ernest,1
charli,1
muzzi,1
dinari,1
ongo,5
strong,2
talent,1
lavorato,4
_____________________________________________________________________________________________________________________,1
11/7/01,2
60066d20d2ed11d5b44b,1
expens,13
paid,4
11/25/2001,18
thur,20
11/22/2001,14
11/24/2001,11
backup,8
11/23/2001,6
disklayout,6
dolan,6
michael713-345-3251,6
malcolm713-345-3716,6
dev,5
11/21/2001,6
equiti,4
infin,3
siebel,3
pop,3
06:00,3
6:00,4
04:00,3
00:00,3
backed-up,2
log,10
cei,2
estrem,2
reloc,2
govern,6
om,2
yantra,2
rm,2
ecm,2
eeshou-fs2,1
larger,5
jordan,2
713-562-4247,1
roder,1
gerlach,1
713-345-3077,1
713-345-8809,1
novark,1
713-345-4962,1
nahou-msmbx01p,1
02p,1
7:30:00,3
1:30:00,2
nahou-msdog01v,1
hotfix,1
exifs.si,1
version,11
lin,1
713-345-1619,1
11/26/2001,2
re-org,1
berger,1
713-345-3190,1
281-960-5571,1
oracl,1
dba,1
888-993-3793,1
brewer,2
713-345-4868,1
281-960-7066,1
713-853-4304,1
281-960-7184,1
croaker,1
erp/trv,1
etalk,1
itop,1
izzi,1
webmod,1
remedi,1
weekend,7
salmon,1
dcaf-2,1
eim,3
mkm,1
charon,1
opm,1
enlighten,1
ram,1
power-exot,1
astral,1
dcaf3,1
phoenix,1
oltp,1
titania,1
=09-,12
1.6000=09,6
1.6700=09,3
2.0000=09,4
2.1500=09,2
1.8400=09,3
1.3200=09,2
1.9000=09,3
1.8500=09,2
1.4500=09,2
2.0100=09,1
1.8645=09-,1
.7481=09,1
1,068,000=09american,1
.8317=09-,1
.6560=09,1
1,342,500=09columbia,1
2.2450=09,1
1.9115=,1
.7065=09,1
5,318,000=09henri,1
1.8028=09-=,1
.7152=09,1
935,500=09natur,1
1.6025=09,1
1.7718=,1
.7577=09,1
603,000=09tennesse,1
1.9100=09,1
1.8127=,1
.6713=09,1
775,500=09tennesse,1
2.1700=09,2
1.8862=,1
.7131=09,1
610,000=09texa,1
1.6100=09,2
1.7888=,1
.8088=09,1
946,000=09texa,1
2.1100=09,1
1.7200=09,1
1.9390=,1
.7366=09,1
1,040,500=09transco,1
1.9600=09,1
1.80=,1
91=09-,1
.7390=09,1
369,500=09trunklin,1
1.8971=09=,1
.7273=09,1
993,000=09texa,1
2.2500=09,1
2.1075=09-,1
.6977=09,1
977,000=09michigan,1
1.5800=09,1
1.703=,1
2=09-,1
.7773=09,1
764,500=09natur,1
2.1650=09,1
1.7475=09,1
1.8816=09-,1
.7266=09,1
2,890,000=09natur,1
2.0850=09,1
1.7900=09,1
1.8770=09-,1
.8610=09,1
450,000=09natur,1
1.9700=09,2
1.=,1
7476=09-,1
.7355=09,1
907,500=09northern,1
1.6800=09,1
1.948=,1
3=09-,2
.7804=09,1
772,500=09columbia,1
2.1367=09-,1
.7606=09,1
997,000=09dominion,1
2.3100=09,1
1.9200=09,1
2.1651=09=,1
.8869=09,1
831,500=09texa,1
.3261=09-,1
.9184=09,1
725,500=09transcontinent,1
1.6500=09,2
1.4438=09-,1
.9084=09,1
1,081,500=09el,1
1.5000=09,1
.6757=09-,1
.7201=09,1
732,000=09westcoast,1
1.4566=09-,1
.7948=09,1
1,024,000=09opal=09,1
1.7012=,1
.8513=09,1
980,000=09pg,1
1.588=,1
6=09-,1
.9707=09,1
1,145,000=09southern,1
1.5963=09-,1
.8563=09,1
2,508,500=09el,1
1.5500=09,2
1.6598=09-,1
.8520=09,1
1,445,000=09waha,1
ding,1
blackberri,1
hafrank,1
vicker,11
vip,3
transit,20
clickathom,2
suspend,5
honor,6
discontinu,2
subsid,4
dollar,2
unpreced,1
adapt,1
fit,4
especi,7
effect,25
switch,2
entir,3
incent,1
indefinit,1
charit,1
donat,5
non-profit,1
submiss,1
regret,5
31,16
3:57,1
ecs06100,2
2:22,2
9:30am,3
8:03:21,1
11:41,1
martinez,1
thong,1
current_efct_date=11/20/2001,1
11/20/2001,1
1.6200=09,3
2.6000=09,2
2.3500=09,3
27,20
1.8653=09+,1
.0773=09,1
335,000=09american,1
1.5950=09,1
.7426=09+,1
.0098=09,1
289,800=09columbia,1
1.8990=,1
.0821=09,1
1,259,500=09henri,1
1.9199=09+=,1
.1225=09,1
265,800=09natur,1
1.4800=09,1
1.8412=,1
.2200=09,1
214,500=09tennesse,1
1.4700=09,1
1.7692=,1
.1305=09,1
221,300=09tennesse,1
1.8331=,1
.1944=09,1
250,700=09texa,1
2.1250=09,1
1.8223=,1
.2301=09,1
211,800=09texa,1
1.8037=,1
.0136=09,1
145,500=09transco,1
2.0200=09,1
1.4600=09,1
1.81=,1
93=09+,1
.1175=09,1
138,500=09trunklin,1
1.8437=09=,1
.0955=09,1
374,400=09texa,1
1.9750=09,1
2.3028=09+,1
.2782=09,1
270,200=09michigan,1
2.2600=09,1
1.7700=09,1
2.132=,1
4=09+,1
.3366=09,1
157,700=09natur,1
2.1943=09+,1
.2759=09,1
1,146,800=09natur,1
2.2151=09+,1
.2344=09,1
237,800=09natur,1
3617=09+,1
.2849=09,1
234,800=09northern,1
1.844=,1
.1063=09,1
710,500=09columbia,1
2.2300=09,1
1.9018=09+,1
.1479=09,1
243,400=09dominion,1
1.7425=09,1
2.1459=09=,1
.2367=09,1
218,900=09texa,1
2.7500=09,1
1.7600=09,1
.1603=09+,1
.0924=09,1
130,200=09transcontinent,1
2.1800=09,1
2.3038=09+,1
.3327=09,1
159,000=09el,1
2.4650=09,2
.4238=09+,1
.2272=09,1
117,600=09westcoast,1
2.3000=09,1
2.1438=09+,1
.2545=09,1
75,800=09opal=09,1
2.7200=09,1
2.6311=,1
.3528=09,1
161,500=09pg,1
2.431=,1
.3114=09,1
308,400=09southern,1
2.1750=09,1
2.3286=09+,1
.3599=09,1
396,000=09el,1
2.4150=09,1
2.3326=09+,1
.3120=09,1
284,000=09waha,1
pl,2
wcom,2
carolyn,3
graham,3
llc,4
vendor,3
713-345-8008,2
7:56,1
raffl,2
4th,6
current_efct_date=11/21/2001,2
current_efct_date=11/19/2001,2
10:00,13
2:54,1
allwein,1
ecs06990,4
646-3564,2
verm,11
cow,3
island,5
oak,5
cam,3
vermilion,4
pvr,6
meter,6
transfer,18
12.0,2
sourc,8
2:11,1
block,6
percentag,6
monthli,11
statement,2
1995,1
liquifi,2
shrinkag,2
02/2002,2
2008,1
19.5,1
0181,1
2009,1
14.5,1
0182,1
2042,1
18.9,1
7327,1
leleux,1
2052,1
14.3,1
6913,1
2055,2
0.0,1
gueydan,1
pure,1
2060,1
76-67,1
2202,1
6.9,1
0447,1
46,2
35,2
2232,1
4.7,1
0056,1
2278,1
6.7,1
6400,1
0013,1
6922,1
2303,1
16.4,1
1023,1
2428,1
5.6,1
0053,1
2406,1
89,1
2462,1
4.6,1
0014,1
131,1
2516,1
0080,1
kaplan,1
2694,1
22.1,1
6358,1
2716,1
13.0,1
6840,1
7200,1
0655,1
78,1
2766,1
12.9,1
0975,1
8505,1
E.,18
109,1
2792,1
10.7,1
1082,1
2354,1
llog,1
2827,1
23.2,1
9366,1
9364,1
87,1
2843,1
4.2,1
oak-brouss,1
2845,1
8.5,1
83,2
2846,1
2.3,1
blk,7
39,2
2852,1
6.1,1
indent,2
G.,6
cunningham,3
215-2665,1
asap,2
correctli,5
nativ,4
correspond,5
x39673,4
teresa,6
mandola,6
x39807,4
mcquad,6
x53614,4
diamond,7
32-bit,6
qws3270,4
16-bit,4
rank,4
Up,3
grade,2
producer-suppli,2
mainfram,2
tool,6
margaret,2
kleiner,2
terrebonn,6
advis,10
4:29,2
otherwis,4
prevott,1
713-215-4396,1
713/215-2665,2
05,9
fitch,3
1:43,1
construct,3
harri,5
secondari,6
interrupt,13
affect,33
215-3361,1
mcgrath,15
215-2514,8
disregard,2
2/2/2002,12
2/1/2002,9
envis,4
filenet,4
panagon,4
idm,4
1/31/2002,9
_________________________________________________________________,10
corporate-wid,2
R3,2
captur,3
profession,2
rye,2
gregori,2
713-345-3022,2
2/4/2002,1
3:30:00,2
2/3/2002,1
nahou-squfy04,1
estat,6
skinner,1
713-345-9334,1
713-286-5308,1
warner,1
713-345-1756,1
eeshou-dbrg,1
w2k,1
nguyen,1
713-345-6137,1
repair,1
reindex,1
ubsw.com,12
cook,8
esmeralda,4
tycholiz,2
larubbio,2
101,2
master,12
gisb,2
2:37,3
'bryan.murtagh,2
clair,3
nemec,2
gerald,2
sager,2
jeffrey,3
angela,2
'william.glass,2
'lisa.feld,2
'sanjeev.karkhani,2
'gary.riddel,2
'jennifer.gabrielson,2
ubs.com,2
'david.maloy,2
'jeff.stewart,2
ubsw.com',2
haedick,4
gonzalez,3
bradford,4
calger,2
christoph,2
louis,7
redlin,2
counter,4
collater,2
cordial,3
1400,4
38th,3
77002-7361,3
345-7732,3
646-3393,3
mary.cook,3
drug,1
onboard,1
payrol,5
HR,3
2.2425,3
2.0250,3
2.4700,6
2.2794,3
2.0550,4
2.5075,6
2.3163,6
2.0850,6
2.5450,6
3:48,1
offshor,4
onshor,4
2.01,1
2.04,1
202/662-,1
0700,1
2.3292,2
2.0969,2
2.5589,2
2.3864,2
2.1496,2
2.6206,2
2.4327,2
2.1923,2
2.6705,2
2.3699,2
2.1376,2
2.5996,2
2.5721,2
2.3353,2
2.8063,2
2.7269,2
2.4865,2
2.9647,2
2.3970,2
2.1647,2
2.6267,2
2.6959,2
2.4591,2
2.9301,2
2.3225,2
2.0900,2
2.5500,2
yang,3
215-3462,3
ray,7
postpon,2
media,8
reschedul,1
//www.corporate-ir.net/ireye/ir_site.zhtml,2
ticker=en,2
script=2400,2
item_,1
dl-netco,2
2:58,1
forster,3
ubsw,10
xm,2
pre-clos,2
payment,6
immin,1
possess,5
known,1
deposit,3
incur,3
www.enron.com,1
highlight,1
varga,1
3-5280,1
georgann,1
3-0430,1
mdt/day,33
tier,15
regul,24
sta,14
180,11
leidi,8
centervil,10
520,6
11:40,1
summar,5
II,5
90,7
virginia,5
167,5
144,5
0,20
linden,5
union,11
jersey,5
mobil,8
bay,7
162,5
upstream,5
bottleneck,5
cooper,11
215-4061,6
mcmahon,2
11:00am,1
cliff,3
baxter,1
inspir,2
lieu,1
flower,2
cancer,1
societi,1
6301,1
ave.,1
77057,1
1-800-227-2345,1
junior,1
achiev,5
2115,1
governor,1
TX,7
77092,1
682-4500,1
hometown,1
privat,2
bankruptci,9
district,1
herebi,2
affili,9
debtors-in-possess,1
jointli,1
administ,2
chapter,6
proceed,4
refrain,1
destroy,3
violat,1
seriou,1
consequ,3
eap,5
onsit,3
counselor,3
eb32c2,2
confidenti,7
counsel,5
24,10
circumst,4
remind,14
innov,1
minim,2
9:00,9
11:00,2
1:30,1
3:30,2
4:30,2
registr,4
conveni,3
hotlin,1
varieti,2
neighborhood,3
seven,3
speak,17
713-853-6057,1
24-hour,2
1-800-345-1391,1
brochur,2
www.stress.org,1
www.wellnessjunction.com,1
chief,7
restructur,4
netco,11
resign,5
committe,12
director,5
interim,7
warburg,13
undoubtedli,1
regroup,1
rebuild,4
creditor,11
viabl,1
zolfo,1
recoveri,2
comprehens,1
emerg,10
whalley,4
coo,2
vice,5
uncertainti,2
constant,1
leadership,3
devis,1
strategi,3
//www.enron.com/corp/pressroom/releases/2002/ene/012902release.html,1
2.2975,3
2.2300,4
2.3069,3
2.1650,3
3:12,1
ec,6
06980,3
x30681,1
1/25/2002,7
1/24/2002,3
1/27/2002,3
1/28/2002,1
palo,1
02,4
nilson,1
busto,1
55-11-5503-1347,1
1:45:00,1
12:45:00,1
7:45:00,1
8:45:00,1
NA,1
brennan,2
713-853-4545,2
7138536744,1
brook,1
713-345-8077,1
assembl,2
subpoena,1
sec,1
justic,1
3-6239,1
9:22,1
2-4,2
p.m,5
fbi,5
agent,2
bureau,3
phi,1
bore,2
rb,1
levi,2
alleg,1
destruct,1
swidler,1
berlin,1
shereff,1
ned,1
cradi,1
3-4558,1
d.c.,1
202-295-8414,1
themselv,5
percent,6
multipl,2
inquiri,2
concentr,1
stakehold,3
begun,2
specialist,2
truli,1
surviv,4
rigor,1
safest,1
passion,1
creativ,1
tirelessli,1
regardless,3
houstonian,2
hotel,2
10am-1pm,1
2pm-5pm,1
licens,4
bu,12
buse,3
java,2
8:45am-9am,1
12:45pm-1pm,1
copier,4
bankrupt,2
non-bankrupt,2
leas,6
rent,2
grubb,4
713-853-5417,3
harry.grubb,2
corey,1
713-853-9948,1
paula.corey,1
esop,3
otc,4
401,2
k,2
pend,6
invest,3
nyse,5
chair,3
benefit,12
navig,6
nisource.com,6
retainag,3
23,5
9:53,1
cgt,1
feruari,1
3430,1
NO,2
unaccount,1
2.470,1
0.422,1
0.302,1
offsystem-onshor,1
btu,3
blue,3
evid,7
25.2,2
imposit,2
1050,2
impos,2
harm,2
9:44,1
other,20010119,1
gulf,007854581,1
2435,1
interconnect,4
tender,1
cubic,2
columbia-oper,1
shorelin,1
southwestern,1
header,1
null,1
composit,1
stream,5
egan,1
redeliveri,1
reliev,1
oblig,4
25.1,1
merchant,6
occur,3
fail,3
reevalu,1
redress,1
higher,4
espey,3
267-4761,1
pillion,1
267-4764,1
topic,3
fine,6
resolv,6
categori,1
8.30am,1
9.30am,1
9.30,1
1pm,1
breakfast,2
9am,1
sandwich,1
afterward,1
ballroom,1
gain,4
schopp,1
behalf,3
litig,6
eager,1
all-employe,1
hyatt,1
regenc,1
frenzi,1
certainli,1
organiz,3
expect,9
memo,1
1/23/02,1
1:00,3
sharp,1
dth/day,7
bid,8
2471,5
kosciusko,4
7.4,4
holmesvil,3
agua,2
dulc,2
8075,2
2690,2
carthag,2
664,2
20,000,2
koscuisko,2
multiple-year,2
2003,1
43,000,1
32,500,1
70,000,1
464,1
15912,1
bistineau,1
10402,1
5,000,1
primari,4
29th,1
p.m.,8
cct,1
minimum,1
supplement,1
separ,3
60,1
bidder,3
forty-eight,1
fee,3
aforement,1
dwight,1
helm,1
713-544-7603,1
howard,1
713-544-5402,1
SS,32
smi,12
C,9
SP,5
1045,5
decad,4
bayou,4
shoal,4
canyon,4
shell,3
Au,2
fer,2
0209,2
48/49,2
6970,2
0041,2
208/215,2
0009,2
107,2
205,2
58,3
eugen,2
12:58,1
95,1
2129,1
12.216,1
6393,1
rep,1
2136,1
10.181,1
1120,1
2165,1
6.001,1
0204,1
7884,1
5659,1
copasaw,1
2181,1
2.329,1
0189,1
128/129,1
2250,1
14.772,1
6788,1
126/120,1
2254,1
9.119,1
0004,1
3249,1
28c,1
2266,1
10.934,1
6797,1
7201,1
128/128,1
AC,2
2272,1
15.646,1
0008,1
113/114b,1
2276,1
9.177,1
0038,1
20/19,1
2280,1
11.940,1
6973,1
11/10,1
2282,1
8.751,1
0069,1
169,1
2296,1
5.045,1
0039,1
D2,1
2400,1
10.323,1
0033,1
9757,1
1964,1
2404,1
6.242,1
23/22,1
2410,1
8.571,1
0047,1
2412,1
5.767,1
6968,1
208/209f,1
2418,1
6.456,1
1961,1
100/105,1
2424,1
10.595,1
6961,1
6710,1
2432,1
11.615,1
0003,1
107/108,1
2456,1
8.333,1
0037,1
208/214,1
2458,1
7.133,1
239,1
2474,1
9.010,1
0048,1
6127,1
266/253c,1
2476,1
8.161,1
0063,1
2480,1
4.795,1
230/229a,1
2482,1
16.057,1
7212,1
208/214h,1
2488,1
7.005,1
7812,1
222/224,1
2492,1
6.057,1
0042,1
215a,1
2496,1
14.366,1
0078,1
205/206,1
2498,1
5.327,1
2500,1
11.037,1
0010,1
208/193,1
2502,1
10.675,1
66c,1
2504,1
2.907,1
38-33,1
2512,1
6.426,1
0049,1
205/196c,1
2535,1
11.793,1
208/209k,1
2537,1
6.668,1
2054,1
274/269b,1
2539,1
4.888,1
6241,1
118e,1
2543,1
6.680,1
6939,1
72j,1
2559,1
8.610,1
0035,1
106,1
2563,1
9.976,1
6937,1
2565,1
10.642,1
0072,1
2567,1
2.593,1
0067,1
0177,1
130a,1
2569,1
13.666,1
0074,1
2467,1
7899,1
331,1
2573,1
9.516,1
0082,1
246,1
2575,1
5.855,1
0050,1
0648,1
10ab,1
2579,1
9.394,1
0066,1
2593,1
12.355,1
7217,1
6753,1
mosquito,1
2635,1
3.171,1
7851,1
humphri,1
2647,1
4.467,1
St,1
2653,1
0.537,1
6389,1
texaco,1
2685,1
10.657,1
0197,1
313b,1
2712,1
6.742,1
0682,1
6523,1
84,1
2714,1
6.622,1
7215,1
0649,1
136/158b,1
2720,1
8.097,1
0477,1
arco,1
2728,1
7.915,1
108/129,1
2729,1
7.614,1
0443,1
3322,1
330a,1
2733,1
6.908,1
6722,1
233b,1
2735,1
9.933,1
6898,1
218,1
2737,1
5.291,1
6726,1
9523,1
69,1
chevron,1
2739,1
14.968,1
0497,1
315,1
2741,1
9.054,1
0595,1
2742,1
8.264,1
0458,1
9499,1
332,1
leviathan,1
2748,1
15.338,1
113,1
2752,1
10.899,1
0784,1
182,1
2754,1
7.243,1
7214,1
7167,1
0500,1
259,1
2760,1
6.487,1
7345,1
7906,1
2204,1
322,1
2768,1
5.988,1
0764,1
6470,1
3835,1
1963,1
52,1
2771,1
45.655,1
0993,1
184a,1
2773,1
18.656,1
6A,1
2775,1
11.698,1
0994,1
174,1
2776,1
16.150,1
1368,1
2021,1
0602,1
191,1
2783,1
7.480,1
0991,1
0992,1
2785,1
11.921,1
1007,1
117,1
2787,1
11.660,1
2028,1
57,1
2789,1
4.782,1
2252,1
timb,1
198,1
2791,1
1.534,1
2299,1
184,1
2796,1
12.634,1
2884,1
2883,1
147,1
2797,1
6.433,1
5777,1
2798,1
8.697,1
5779,1
5780,1
3602,1
33,2
2808,1
4.889,1
5128,1
1589,1
2813,1
3.818,1
243,1
2814,1
8.578,1
193-b,1
2816,1
7.706,1
192,1
2818,1
2.086,1
390,1
2819,1
7.763,1
76,1
2823,1
15.387,1
105d,1
2824,1
9.504,1
cairn,1
261,1
2825,1
2.340,1
135,1
2826,1
11.280,1
354,1
2830,1
10.307,1
2832,1
9.107,1
309,1
2840,1
5.957,1
timblier,1
217,1
2841,1
2.070,1
2842,1
16.919,1
92853,1
5.804,1
92858,1
5.462,1
LL,1
3291,1
3.499,1
0569,1
nrc,1
2686,1
7.837,1
3530,1
18.349,1
7334,1
283,1
3879,1
6.659,1
slone,1
jeani,1
11:27,1
6980,1
membership,20
reward,8
redeem,3
zero,2
reinstat,2
enron/american,1
earn,1
accru,1
1-800-the-card,1
843-2273,1
cardmemb,1
redempt,1
1-800-297-3276,1
consum,2
traci,1
ramsey,1
853-6457,1
o'tool,2
nbc,2
sharon,1
sharon.otool,1
elpaso.com,1
12:50,1
'ami,1
'blanca,1
daugherti,1
'debbi,1
chance-hm,1
'diana,1
naylor,1
knox,1
'dwain,1
'fran,1
'gloria,1
'harold,1
'jeff,1
harvard,1
'kevin,1
'juli,2
hettig,1
'linda-hom,1
'kim,1
uri,1
'lisa,1
lander,1
'martha,1
senf,1
'becki,1
buslett,1
'norma,1
bearrow,1
baden,1
pamela,1
'pat,1
'patric,1
deaton,1
'patsi,1
gayken,1
'robert,1
haworth,1
'selena,1
p-home,1
'staci,1
franz,1
'tim,1
mckone',1
powerpoint,3
97,1
transmit,1
elpaso,1
sole,4
pic,1
year2.ppsa,1
s-2,3
02/01/02,2
10:18,1
sheet,7
docket,1
rp02-131,1
x-28,1
render,1
0.0270,1
0.0021,1
withdraw,3
0.0008,1
heeney,1
215-2424,1
tonight,2
3-1411,5
employ,9
labb,1
human,5
5-7809,1
fallon,3
delainey,1
criteria,2
quotat,2
symbol,2
enrnq,1
delist,1
www.nyse.com,1
1.00,1
consecut,1
trading-day,1
pink,1
luther,2
pleasant,6
valley,5
11:04,1
bi-direct,1
cove,1
llp,1
monti,1
lindloff,1
215-2536,1
komp,6
horticultur,3
sticker,3
plu,4
tax,6
49,2
16th,1
escal,1
guidelin,2
desk-top,1
chrome,1
bronz,1
clay,1
pick-up,1
inspect,1
premis,2
hensch,1
ext,6
35522,1
instruct,6
threaten,1
345-2402,1
ect.enron.com,2
ei.enron.com,2
ees.enron.com,2
firstname.lastnam,2
domain,1
18th,1
enron.messaging.administr,4
administr,6
gtc,6
9:42,1
1:24,2
1:07,1
hooser,1
sooner,1
netcoonlin,10
PA,10
launch,9
eta,5
buyer,3
splash,2
password,12
sub-us,2
refresh,1
timet,1
sequenc,1
format,2
redirect,1
www.enrononline.com,1
admin,1
jan.,1
approx,1
3,000,1
450,1
frequent,1
particular,2
trading/origin,1
introduc,1
marketing-specif,1
shult,2
30397,2
31861,2
39807,1
kara,1
boudreau,1
30570,1
53614,1
39673,1
signatur,1
typic,1
signatori,1
offlin,1
supersed,1
embed,2
paintbrush,1
distract,4
former,11
tfiandt,6
recipi,12
fiandt,7
sound,6
4813,5
bellview,5
bellair,5
77401,5
713.661.0245,1
1:41,1
closer,4
3:13,2
ruggl,3
713.661.0245tfiandt,4
relev,4
privileg,3
disclosur,4
prohibit,3
hereto,3
bind,3
enforc,3
reli,3
estoppel,3
10:31,1
1/11/2002,5
713.345.7707,2
1/13/2002,1
back-up,1
chiller,1
10:45,1
crac,1
handler,1
filter,1
drain,1
2.5,8
1,000,4
dt,4
2.7200,9
cashout,3
2.2570,3
2.01944,3
1.8650,6
2.2840,3
2.54984,3
2.6700,6
2.3110,3
2.67764,3
minority\major,2
11:38,1
nonpenalti,1
2.3239,1
2.59037,1
2.7347,2
2.3810,1
2.79276,1
2.7998,2
2.4272,1
2.82083,1
2.8524,2
2.3646,1
2.63107,1
2.7754,2
2.5667,1
2.97846,1
2.9855,2
2.7214,1
3.11503,1
3.1466,2
2.65817,1
2.8025,2
2.6905,1
3.10226,1
3.1093,2
2.3340,1
2.69134,1
-2,4
...............................................,4
-10,4
sm14.texas.rr.com,3
collin,3
+1,3
..........,3
..................,3
+5,3
suspici,3
pal,3
-15,3
belli,3
karen.ferazzi,2
verizon.net,2
msn.com,8
eganholm,2
ev1.net,2
collinsclan,2
rly-xf02.mx.aol.com,2
holder,2
-1,2
-5,2
resort,2
kleenex,2
liner,2
...........................,2
...............,2
.....................................,2
+10,2
......................................................,2
.............................................,2
tiffani,2
birthday,2
...........................................,2
..........................................,2
all-you-can-eat,2
-3,2
.......................,2
............................................,2
...................................,2
-20,2
maria.pavl,1
lferaz,1
lisa_rice_hulsey,1
itc.co.harris.tx.u,1
glauderdal,1
8:12,1
2002/01/04,1
11:13:44,1
dylconmom,1
docegan,1
whackney,1
pharr,1
lmcswain,1
selec.net,1
bankmor,1
per-ssp,1
ssavi,1
krstover,1
content-transfer-encod,2
7bit,2
rly-xf02.mail.aol.com,1
172.20.105.226,1
air-xf02.mail.aol.com,1
v82.22,5
mailinxf210-0104183908,1
18:39:08,1
24.93.35.41,1
v83.18,5
mailrelayinxf210-0104183840,1
18:38:40,1
pc61,1
cs6669133-158.houston.rr.com,1
66.69.133.158,1
8.12.0.beta16/8.12.0.beta16,1
g04ndsu3019764,1
17:39:57,1
freddi,1
bradshaw,1
ftbhous,1
bobbi,1
bobbacollin,1
reeni,1
reenie.collin,1
tenethealth.com,1
jimmi,1
jrholder53,1
jthbeattu,1
salli,1
janacej,1
janacek,1
texasnet.com,1
gretchen,1
nagaiti,1
gretchen.naga,1
eng.sun.com,1
peabodi,1
102501.2033,1
compuserve.com,1
proegler,1
azp77429,1
lani,1
thornton,1
l-thornton,1
tamu.edu,1
17:12:49,1
lobbjepbdjbapcllochhoehocbaa.collinsclan,1
text/plain,3
charset=,2
iso-8859-1,2
imo,1
9.0.2416,1
9.0.2910.0,1
v6.00.2600.0000,1
merit/demerit,1
romanc,1
dislik,1
subtract,1
offici,2
duti,2
...................................................,1
pillow,1
bedspread,1
........................,1
.......................................,1
barren,1
........,3
................,1
extra-light,1
panti,1
wing,10
snow,1
........................................................,1
+8,1
.....................................................,1
-25,1
pummel,1
iron,2
-40,1
AT,4
...............................,1
chat,1
colleg,1
buddi,1
-4,1
dancer,1
implant,1
..............................................,1
-18,1
.......................................................,1
.........................................,1
..................................................,1
-7,1
gr8,1
nbed,1
......................,1
+2,1
..................................,1
+4,1
hate,3
+6,1
cop,1
cyborg,1
.............................,1
-9,1
film,1
orphan,1
.............,1
physiqu,1
................................,1
loos,1
jean,3
baggi,1
hawaiian,1
shirt,1
-30,1
-800,1
hesit,1
........................................,1
-35,1
-100,1
................................................,1
....................................,1
+50,1
............................,1
-50,1
TV,6
+100,1
fallen,1
asleep,5
..............,1
taxabl,2
incom,2
ecn,9
306,2
exclud,1
taxat,1
imput,1
subsidi,1
100.00,3
65.00,1
35.00,1
unreserv,3
31st,2
94,2
99,2
215,2
225,2
165,2
175,2
paycheck,3
37060,1
36399,1
59322,1
ew,4
rich,2
canada,5
dimichel,1
broadband,1
hickerson,1
rodney,1
shaw,1
kyle,1
kitagawa,1
schuler,3
pearc,1
gort,1
rac,1
kent,1
castleman,1
funkhous,1
MS,1
chart,1
2.0,1
colleagu,4
donut,1
8:00,6
lobbi,1
simul,29
ubswenergi,5
feb.,5
mid/back-offic,4
restrict,8
profil,3
enron/ub,1
0900,1
1100,1
verifi,3
setup,1
demonstr,1
role-play,1
back-offic,1
counterparti,1
trade-data,1
handout,1
re-launch,1
713.853.1861,1
david.forst,1
09,5
9:26,1
fork,14
cbischof,5
08,4
bischof,4
dsnoddi,4
rly-yb05.mx.aol.com,2
harrier.prod.itd.earthlink.net,2
alltel.net,6
imo-m04.mx.aol.com,2
casket,2
grasp,2
smile,16
rly-yb05.mail.aol.com,1
172.18.146.5,1
air-yb01.mail.aol.com,1
mailinyb18-0108204603,1
20:46:03,1
1900,2
harrier.mail.pas.earthlink.net,1
207.217.120.12,1
mailrelayinyb56-0108204528,1
20:45:28,1
sdn-ar-003neomahp112.dialsprint.net,1
158.252.162.72,1
helo=earthlink.net,1
exim,1
3.33,1
16o7nr-0004zu-00,1
17:45:19,1
3c3b9ed4.5ff155c0,1
19:37:25,1
reply-to,1
mozilla,1
4.74,1
macintosh,1
U,1
ppc,1
x-accept-languag,1
en,1
sbischof,1
esu3.esu3.k12.ne.u,1
tbischof,1
ameritas.com,1
huskermik,1
oldrojo,1
snoddi,1
lyne,1
muzgeorg,1
shirley,2
coll,1
scoll,1
jeffco.k12.co.u,1
lou,6
patra,1
maher,1
vikingdatt,1
hart,1
hartfam6,1
goetz,1
bgandlg,1
alic,1
kotwich,1
akotfam,1
battrick,1
dbattrick,1
90c6530768aa9d0c1dce4769,1
64.12.136.7,1
merlin,1
earthlink,1
u3fcvf.cgp.37tiu4,1
18:18:23,1
pst,1
mail_out_v31_r1.9,1
m.145.7665c8e,1
4412,1
21:18:15,1
145.7665c8e.29690de6,1
21:18:14,1
mantworth,1
councilbluffsiowa.com,1
wdaniel,1
madun,1
home.com,2
jgillespi,1
council-bluffs.k12.ia.u,1
rockyski,1
koz-ck,1
worldnet.att.net,1
sava,1
frontier.net,1
pmcintosh,1
lovelace7,1
stjoseph,1
inetnebr.com,1
aubreypotter78,1
eturn,1
avenew.com,1
zzvoge,1
washburn.edu,1
wiegand8,1
charter.net,1
part1_145.7665c8e.29690de6_boundari,1
aol,3
7.0,2
118,1
x-mozilla-status2,1
00000000,1
diagnos,1
ill,1
sung,1
scriptur,1
excitedli,1
stood,2
honest,2
social,2
dish,1
inevit,1
'keep,1
velveti,1
cake,1
deep-dish,1
appl,1
pie,3
substanc,1
joy,1
hug,2
good-by,1
cloak,1
rare,1
jewel,2
inde,1
succeed,1
prais,1
cherish,1
sweet,1
07,2
1:44,1
northern,16
dynegi,18
settlement,14
disput,3
acquir,4
pursu,3
protract,3
stan,4
lawsuit,1
extend,1
repurchas,1
9,000,1
interst,1
core,1
billion,1
horton,2
weigh,4
turmoil,2
steer,2
day-to-day,2
satisfact,2
smooth,2
align,2
reliabl,5
consciou,2
1/5/2002,12
fault,4
df,4
sysadmir,3
toler,3
nahou-bpms01p,2
nahou-bpmsft01p,2
1/4/2002,1
1/7/2002,1
netco/est,1
brief,1
database/mast,1
replic,1
reenabl,1
tolernac,1
713-853-6225,1
de-commiss,1
cheng,1
7138531672,1
mcnair,1
7138537955,1
workshop,9
shuttl,3
joy.wagman,2
efcu,1
layoff,1
rider,1
doubletre,1
attende,1
rsvp,5
announcement/corp/enron,1
03,4
11:09,1
erron,1
hewitt,1
intranet,1
benefits.enron.com,2
resources.hewitt.com/enron,1
log-in,1
800-332-7979,1
kobra,2
reuter,1
pecherski,1
853-9225,1
machin,3
inbox,1
ice,4
n.a,2
27=,1
1.=09anr-sw,2
2.=09consum,2
3.=09ngpl-txok,2
4.=09panhan=,1
dle,1
5.=09tgp-z0,1
6.=09dawn,1
7.=,1
=09station,1
wei,1
be=,1
conduct,2
bud,2
hum,2
312.674.4915,1
adevai,2
646.792.2620,2
helpdesk,3
770.738.2101,2
milk,26
gallon,8
pray,7
drove,6
seventh,6
obey,4
samuel,4
obedi,4
intersect,4
dark,4
tidbit,2
see/hear,2
wed.,2
strangest,2
shook,2
eli,2
jokingli,2
curb,2
semi-commerci,2
insan,2
stupid,2
t-shirt,2
strang,2
stranger,2
doorstep,2
thrust,2
loudli,2
spanish,2
half-cri,2
retent,5
wider,2
treasur,2
financ,2
calm,1
somewhat,2
truste,1
compris,1
bondhold,1
advisor,1
ultim,2
perspect,1
overhead,1
dramat,1
stage,3
formul,1
healthi,3
re-build,1
ownership,1
non-control,1
closur,1
muller,2
element,1
departur,1
frevert,1
kean,1
mcconnel,1
shankman,1
joint,1
ventur,1
unsettl,1
patienc,3
stingray,2
mess,3
anytim,7
.I,2
britt,2
granddaught,2
aunt,6
uncl,6
//home.enron.com/updates/qa.html,2
deserv,2
accur,2
career,8
deduct,5
partnership,2
gracious,2
current/form,2
lifestyl,3
waiv,2
2/28/2002,2
62.79,2
713.652.0700,2
georgia.fogo,2
20th,4
.for,2
complimentari,2
bonni,2
monych,2
cpc,2
climat,2
hot,2
713.289.3853,2
lori,6
madison,3
23rd,3
lenora,4
austin,3
marsha,3
puppi,3
yellow,3
labrador,3
gypsi,3
p.,4
p.p.,3
uniqu,1
improp,1
all-enron,1
transpir,1
imprud,1
merit,1
2.7900,2
2.8200,2
2.7400,2
2.2800,2
2.2500,2
2.9000,2
2.8000,2
2.4500,2
opal,2
2.3800,2
waha,2
low,1
wtd,1
vol,1
2.1000,1
2.6126,1
+.5901,1
222,600,1
2.7450,1
2.5128,1
+.3097,1
305,200,1
2.6180,1
+.5406,1
1,538,500,1
2.5180,1
+.5460,1
287,900,1
500l,1
2.5295,1
+.4989,1
275,100,1
800l,1
2.7300,1
2.2450,1
2.4840,1
+.4767,1
248,800,1
2.5993,1
+.4619,1
164,900,1
2.7700,1
2.3300,1
2.5976,1
+.6778,1
208,300,1
2.3000,1
2.6756,1
+.5535,1
176,100,1
2.7600,1
2.0000,1
2.5481,1
+.5686,1
82,500,1
2.8400,1
2.6244,1
+.5326,1
245,000,1
2.8052,1
+.6308,1
219,800,1
michigan,1
midcont,1
2.5900,1
2.4805,1
+.6875,1
221,700,1
mid-contin,1
2.7975,1
2.1300,1
2.6082,1
+.5992,1
1,231,800,1
2.5400,1
2.7380,1
+.7435,1
107,500,1
2.7000,1
2.1250,1
2.4831,1
+.4382,1
214,200,1
2.9100,1
2.2900,1
2.7287,1
+.5870,1
533,300,1
so.point,1
3.1000,1
2.7800,1
2.8973,1
+.5502,1
235,300,1
3.3100,1
3.0520,1
+.5224,1
218,400,1
3.4100,1
3.2445,1
+.6188,1
100,000,1
non-bondad,2
2.1600,1
2.3522,1
+.6445,1
183,900,1
huntingdon/suma,1
2.3200,1
2.3958,1
+.5708,1
126,000,1
westcoast,2
2.4100,1
1.9600,2
2.2514,1
+.6931,1
109,800,1
2.6500,1
2.5525,1
+.5769,1
227,500,1
2.4000,1
2.5593,1
+.6743,1
208,000,1
ehrenberg,1
2.5300,1
2.3700,1
2.4526,1
+.7034,1
606,000,1
2.5700,1
2.5118,1
+.6383,1
245,300,1
dial-in,2
fusco,1
800.486.2726,1
host,1
353763,1
547763,1
713.853.1935,1
713.853.1838,1
713.854.3056,1
maritim,19
phase,9
IV,7
l.l.c,3
algonquin,3
nova,2
scotia,2
pancanadian,2
hublin,2
municip,2
agenc,3
37.5,2
12.5,2
9:07,1
boston,1
/prnewswire-firstcall/,1
250,1
nearli,1
northeastern,1
415,000,1
800,000,1
england,1
rapid,1
third-parti,1
emphas,1
atlant,1
o'connor,1
suppli,3
cleaner-burn,1
400,1
deep,1
panuk,1
accommod,1
complement,1
methuen,1
650-mile,1
1,000-mile,1
26,800,1
horsepow,1
31.3,1
eliot,1
gorham,1
searsmont,1
landown,1
penney,1
complianc,3
armi,1
coastal,1
2004,1
exxonmobil,1
emera,1
www.mnp-usa.com,1
//www.mnp-usa.com,1
maryle,1
hanley,1
617/560-1573,1
704/382-8333,1
Z4,6
kam,3
Z3,5
trigen-nassau,2
quess,1
keiser,1
10:05,1
transco/z4,1
tagg,1
palmer,3
vng,1
x3-5781,1
tbg,7
differenti,4
exe=,2
m=,3
ore,2
baseload,2
12,500,2
del=,2
iver,2
giv=,2
e,2
stati=,2
85,3
ups=,2
tream,2
45,2
check=,2
1:52,2
hilli,1
4pm,1
ecs-06980,1
cp,1
asst,1
net,1
853-3278,1
merger,6
Q,2
//home.enron.com/updates/mergerqa.html,1
immigr,1
tune,1
telescop,2
loss,2
3:43,1
brooklyn,1
11/1/03,1
10/31/04,1
1,3,1
slight,1
offset,1
valuat,2
3:37,1
irvin,1
2:19,1
horn,1
pm-3:30,1
gmt-06:00,1
5102,1
mia,3
folk,2
laid,2
current_efct_date=11/26/2001,1
713-706-2929,1
m.,2
mish,2
current_efct_date=11/27/2001,1
11/27/2001,1
antitrust,2
eickenroht,2
rob,2
sharehold,1
competitor,1
undertaken,1
length,1
unaffili,1
notwithstand,1
absolut,1
disclos,1
forego,1
713/853-5419,1
713/853-3155,1
713/853-6544,1
713/646-6017,1
ghcf,4
foundat,3
ex-employe,2
mdpc,2
presbyterian,2
re-ent,2
workforc,2
//careerservices.enron.com/,1
1,300,1
recruit,1
3,500,1
candid,1
600,1
collabor,1
urban,2
intervent,1
mortgag,2
landlord,1
defer,1
tax-deduct,1
713-268-6458,1
4550,1
317,1
77027,1
payabl,1
713-533-4598,1
1-800-493-4598,1
//www.eerfa.com,1
eerfarequest,1
surfmk.com,1
non-memb,1
two-day,2
discretionari,1
short-term,1
holist,1
713-953-2550,1
05852,1
hamburg,1
flag,3
noon,2
2/01/02,1
void,1
stub,1
payroll/benefit,1
lastli,1
ehronlin,1
resid,1
jarrett,1
3-,1
7829,1
//fundamentals.netco.enron.com/main.asp,1
dmsteinbr,3
five,3
127.aeb729a.2982599c,1
01:47:56,1
part2_d3.57994ac.2982599c_boundari,1
undisclosed-recipi,2
256,1
slim,1
stolen,4
fraud,3
thiev,3
photocopi,2
sr.,1
metlif,1
investor,1
515,1
457-4233,1
tom.mil,1
investmet.com,1
content,2
horror,1
firsthand,1
visa,2
gateway,1
pin,1
dmv,1
toll,2
polic,1
jurisdict,1
prove,1
dilig,3
theft,1
track,1
equifax,1
1-800-525-6285,1
experian,1
formerli,2
trw,1
1-888-397-3742,1
tran,1
1-800-680-7289,1
1-800-269-0271,1
ador,1
//makesmesmile.com/friends/keepsmiling/titleimg.gif,1
infecti,1
flu,4
corner,1
mine,2
'round,1
undetect,1
AN,1
epidem,1
infect,1
//makesmesmile.com/friends/keepsmiling/smilecat.jpg,1
BY,3
ubs-w,7
thorough,1
meanwhil,1
confid,1
enthusiasm,1
oxley,1
____________________________________________________________________,1
recept,1
simultan,1
713-853-5360,1
ski,1
cafeteria,1
8535360,1
mcauliff,1
713-853-7468,1
22nd,1
34th,1
counterpart,1
badg,1
yahoo,2
certainti,1
newco,1
dayem,1
__________________________________________________,1
video,1
//promo.yahoo.com/videomail/,1
dayem_khandker.doc,1
parachut,13
plumb,12
arnan,3
rly-yg05.mx.aol.com,4
mta02-srv.alltel.net,2
navi,2
jet,2
vietnam,2
plane,2
chute,2
sailor,2
rly-yg05.mail.aol.com,2
172.18.147.5,2
air-yg02.mail.aol.com,1
mailinyg210-0115094114,1
09:41:14,1
mta02.alltel.net,1
166.102.165.144,1
mailrelayinyg56-0115094107,1
09:41:07,1
207.91.28.95,1
20020115144059.xvcw6313.mta02-srv.alltel.net,1
08:40:59,1
003301c19dd0,1
c66bda80,1
5f1c5bcf,1
nanci,1
08:27:32,1
5.50.4133.2400,1
v5.50.4133.2400,1
smithberg,1
lsmithb,1
werner.com,1
lm10327,1
dlight0236,1
fumper,1
judybhar,1
juliaann42,1
dewil,1
brookecorp.com,1
spetersen,1
cetac.com,1
berrinyce5,1
pfhkappi,1
judyh,1
editechpost.com,1
lpdlfrd,1
juno.com,5
mary.alding,1
milliman.com,1
jsazama,1
shopprobe.com,1
8:22,1
prioriti,1
combat,1
mission,1
surface-to-air,1
missil,1
eject,1
communist,1
vietnames,1
ordeal,1
flew,1
aircraft,1
carrier,1
kitti,1
hawk,1
gasp,1
gratitud,1
kept,1
hat,1
bib,1
bell-bottom,1
'good,1
wooden,1
bowel,1
weav,1
shroud,1
fold,1
silk,1
fate,1
territory-h,1
emot,1
spiritu,1
compliment,1
usus,1
pound,1
older,1
elast,1
inventor,1
high-heel,1
forgiven,1
nine,1
pantyhos,1
size,1
crotch,1
smaller,1
taller,1
he/sh,1
raini,1
luggag,1
tangl,1
catcher',1
mitt,1
friendli,1
phenomen,1
boost,1
esteem,1
boob,1
ok,9
tough,2
713-853-5787,2
lexis-nexi,11
clinic,5
dow,5
esourc,4
eb560,3
novic,2
prospect,2
nexis.com,2
eb572,2
5-7928,2
no-show,2
200.00,2
placewar,2
dji,2
guest,1
anywher,1
713-345-7928,1
stephanie.e.taylor,1
introduct,2
personalizing/custom,1
tailor,1
//esource.enron.com/training.htm,1
current_efct_date=10/29/2001,1
10/29/2001,1
susan.jon,3
neg.pge.com,3
referenc,6
5:08,1
3:36,2
napa,3
meant,5
fall,7
logo,3
neither,3
model,3
psim,2
research,1
consider,1
monte-carlo,1
complex,1
eb5c2,1
huang,1
crenshaw,1
3-5290,1
regist,1
pizza,2
current_efct_date=10/26/2001,1
10/26/2001,1
SO,2
djunek,3
aeglobalmarkets.com,3
super,2
highway,2
tighter,2
bitch,1
repay,1
favor,1
5:00,1
smartyp,1
viru,1
timer,1
cope,1
tragedi,2
lone,1
passag,1
easier,1
junek,3
imceanotes-+22junek+2c+20daniel+22+20+3cdjunek+40aeglobalmarkets+2ec,1
om+3e+40enron,1
10:33,1
0.05,1
//www.sendoutmail.com/forward/deskflag/deskflag.htm,2
usa,1
Be,3
href=http,1
/a,1
___________________________________________________,1
go.com,1
//mail.go.com,1
audrey,1
hepburn,1
boe,3
......,4
messagefromboeing.pp,2
photo,5
tribut,1
//www.ojc.org/powforum/wtc/,1
workstat,1
5-4745,1
architectur,1
tent,1
43,1
sep,5
gordahl,3
luthbro.com,3
rly-ye04.mx.aol.com,2
-0400,2
-0700,2
ahler,2
jeanin,2
sauerbrey,2
ranger,2
rly-ye04.mail.aol.com,1
172.18.151.201,1
air-ye01.mail.aol.com,1
vx,1
mailinye14-0926135311,1
13:53:11,1
oe137.pav0.hotmail.com,1
64.4.33.130,1
v80.21,1
mailrelayinye45-0926135239,1
13:52:39,1
pickup,3
smtpsvc,3
10:52:38,1
x-originating-ip,3
209.180.10.179,1
dawn,1
berg,1
bethannberg,1
betti,1
netgranni,1
bruce,3
hopp,2
debbiehopp,4
diana,1
princ,1
dlprinc,1
uswest.net,1
dahler,1
huot,1
huot.com,1
mnorag,1
lizabee81_hotmail_com,1
lizabee81,1
loi,1
lmh2910591,2
mark.w.sauerbrey,1
xcelenergy.com,1
dean,1
louck,1
ddmalouck,1
wctel.net,1
maryl,1
katbill59,5
paulson,1
pattywilli,1
sue,1
nygaard,1
nygaard1212,1
12:59:34,1
6.10.0016.1624,1
=_nextpart_001_0000_01c1468b.16f5f1e0,1
oe137d3mbhe3wyigoft0000ec45,1
x-originalarrivaltim,3
17:52:38.0598,1
utc,3
filetime=,3
08097660:01c146b4,1
lamm.gay,1
7:58,1
johnsonsyx,1
scwegwerth,1
ltaub,1
pearlbaths.com,1
jkgilstad,1
crossfil,1
jlamm812,1
jeanne.r.fisch,1
wellsfargo.com,1
jdcampbell3,1
stange,1
tuhs.temple.edu,1
galout,1
lammden,1
chrobinson.com,1
afmas,1
usfamily.net,1
alice-graf,1
esperum.brenda,1
kuehn.lynda,1
geograph,1
penetr,1
yellowston,1
trek,1
mountain,1
inferno',1
petrifi,1
ash,1
perch,1
statuesqu,1
sicken,1
eeri,1
knock,1
stick,1
struck,1
tini,1
chick,1
scurri,1
keenli,1
impend,1
offspr,1
toxic,1
rise,1
blaze,1
scorch,1
steadfast,1
feather,1
refug,1
psalm,1
91:4,1
faster,1
guardian,1
richardson,1
jeannett,1
3:39,1
fleme,1
jez,1
713-621-7944,1
sean_jez,1
fleming-law.com,1
www.fleming-law.com,1
OA,3
varianc,3
ngw,1
eventu,4
flatten,1
4:11,1
PL,1
amend,2
qnec,2
transfer/realloc,2
fidel,1
default,1
diversif,1
diversifi,1
acct,1
recommend,1
//resources.hewitt.com/enron,1
gas/origin,1
713-853-5193,1
713-646-8453,1
kiss,2
louder,2
hardest,2
clover,2
sibl,2
forgot,2
scare,2
besid,2
friendship,2
forev,2
frown,2
nobodi,2
angri,2
wast,2
fourth,2
current_efct_date=12/14/2001,1
12/14/2001,1
perman,1
//remoteservices.netco.enron.com/ica/ubswenergy.ica,1
ubswenergy/enron,1
q,1
9M,1
npx,1
www.ubsenergy.com,1
//www.ubswenergy.com/site_index.html,1
pb-east,1
mus93812,1
x33465,1
713-584-4444,1
713-853-3465,1
2.5100=09,3
2.5700=09,2
.0038=09,2
2.5550=09,2
2.6400=09,2
P=,2
ool,2
2.5400=09,2
2.6300=09,2
2.5850=09,1
2.4525=09,1
2.4796=09-,1
.0269=09,1
205,700=09american,1
piplelin,1
se=,1
2.5650=09,1
.5254=09+,1
.0158=09,1
178,500=09columbia,1
2.5428=,1
872,700=09henri,1
2.4625=09,1
2.4928=09-=,1
.0070=09,1
258,500=09natur,1
louisi=,1
ana,1
2.5425=09,1
2.5000=,1
.0013=09,1
165,500=09tennesse,1
500=,1
2.4400=09,1
2.4892=,1
.0057=09,1
112,900=09tennesse,1
800=,1
2.4850=09,1
2.5220=,1
.0064=09,1
225,700=09texa,1
2.5275=09,1
2.4450=09,1
2.4845=,1
.0104=09,1
153,500=09texa,1
2.5600=09,1
2.6030=,1
.0110=09,1
329,800=09transcontinent,1
st=,1
ation,2
2.46=,1
03=09+,1
.0163=09,1
90,800=09trunklin,1
2.5294=09=,1
.0083=09,1
286,100=09texa,1
2.6650=09,1
2.5822=09-,1
.0096=09,1
221,900=09michigan,1
2.429=,1
5=09-,1
.0497=09,1
108,400=09natur,1
M=,2
id-contin,1
2.4999=09-,1
.0459=09,1
899,100=09natur,1
2.5500=09,1
2.5050=09,1
2.5264=09-,1
.0278=09,1
153,000=09natur,1
4800=09-,1
.0168=09,1
326,200=09northern,1
2.8000=09,1
2.6500=09,1
2.691=,1
0=09-,1
.1076=09,1
407,500=09columbia,1
appalachia=,1
2.7600=09,1
2.7128=09-,1
.0047=09,1
317,900=09dominion,1
3.0500=09,1
2.9200=09,1
3.0055=09=,1
.0293=09,1
348,600=09texa,1
3.0700=09,1
2.9500=09,1
3=,1
.0185=09-,1
141,800=09transcontinent,1
corp.=,1
2.3450=09,1
2.3996=09-,1
.1108=09,1
155,800=09el,1
.6036=09-,1
.0473=09,1
55,500=09westcoast,1
2.2950=09,1
2.3211=09-,1
.0709=09,1
211,900=09opal,1
tailgate=09,1
2.9550=09,1
2.8900=09,1
2.9352=,1
.1459=09,1
87,000=09pg,1
2.6600=09,1
2.647=,1
.1291=09,1
75,000=09southern,1
2.4000=09,1
2.4551=09-,1
.0812=09,1
242,500=09el,1
2.4643=09-,1
.0581=09,1
138,000=09waha,1
dalla,1
20+21,1
281-358-8576,1
22-26,1
972-418-0683,1
713-412-8730,1
2:51,2
slightli,1
btu/cf,1
poor,2
outlin,1
re-post,1
ron,1
doyl,1
713-215-2921,1
713-215-,1
3361,1
drill,3
3:15,2
3:45,2
alarm,3
1500,1
client,1
visitor,1
difficulti,1
facilitieshelpdesk1,1
impair,1
disabl,1
excus,1
ballet,5
//ticketing.ticketmaster.com/cgi/purchasepage.asp,4
ticketmast,2
discount,2
7:30pm,2
2:00pm,2
hail,1
chronicl,2
crown,1
long-tim,2
nut1,1
event_id=c003345c3de86fb,1
event_code=ehl1226,1
event_id=c003345d10fb243,1
event_code=ehl1227,1
event_id=c003345cdb2a7a1,1
event_code=ehl1229m,1
event_id=c003345cddba7f9,1
event_code=ehl1230m,1
001,2
2:20,1
dec,14
junk,8
rly-yc02.mx.aol.com,2
64.12.107.51,2
lw7fd.law7.hotmail.msn.com,2
03:26:43,2
qwest.net,2
unknown,2
smca4321,2
easiest,2
gwgar,2
208.15.96.24,2
156.6141e6f.295439ec,1
02:08:28,1
part2_b9.18e0de84.295439ec_boundari,1
compuserv,1
10503,1
rly-yc02.mail.aol.com,1
172.18.149.34,1
air-yc02.mail.aol.com,1
mailinyc22-1219222708,1
22:27:08,1
f16.law7.hotmail.com,1
216.33.237.16,1
mailrelayinyc29-1219222648,1
22:26:48,1
19:26:47,1
cschmidt,1
co.doc.state.mn.u,1
cahjkuhn,1
chop69,1
cindy.zillm,1
milaca.k12.mn.u,1
dhu1638788,1
linepol,1
hops68,1
fatmanvb,1
lakeland.w,1
hondo,1
cloudnet.com,1
smithjen007,1
jbegotka,1
new.rr.com,1
nationalmicroscope.com,1
potsie50,1
susieq6179,1
=_nextpart_000_1b4_7476_1042,1
f162om1jokib5i5qy2l00008531,1
03:26:47.0707,1
280156b0:01c18906,1
dengstrom,1
mhrinc.net,1
eaengstrom,1
kate_engstrom,1
excite.com,1
madzlik,1
mickeyshell29,1
20:10:59,1
air-yg04.mail.aol.com,1
mailinyg48-1219075135,1
07:51:35,1
f48.law7.hotmail.com,1
216.33.237.48,1
mailrelayinyg51-1219075119,1
07:51:19,1
04:51:19,1
12:51:15,1
farmallh42,1
neesy27,1
hick,1
arn.net,1
oportunit,1
bayer9,1
07:51:15,1
format=flow,1
f485rsosrwlmlcpbkcc000021a8,1
12:51:19.0290,1
daa0fda0:01c1888b,1
pre,1
2nd,1
cool,1
coupon,1
citibank,1
anonym,1
they'r,1
postal,1
fifti,1
//photos.msn.com/support/worldwide.aspx,1
largest,1
hotmail,1
//www.hotmail.com,1
protocol,4
Z,2
certif,2
cheat,1
\estate\,1
AG,1
guinn,1
3829a,1
853-6401,1
francisco,1
pinto-leit,1
345-7942,1
imag,4
10:22,1
888-877-7757,1
1-800-973-6766,1
1-800-97-enron,1
31411,1
toll-fre,1
directori,1
modem,1
646,1
aviat,1
center-houston,1
713-345-4745,1
888-465-4745,1
center-omaha,1
402-398-7454,1
metro,3
elig,1
woodland,1
30-day,1
unlimit,1
fare,1
buser,1
higher-cost,1
lower,1
3-7060,1
9:58,1
2.2930,3
2.6200,3
2.3285,3
1.9000,3
2.3640,3
1.9350,3
11:07,1
2.3771,1
1.9463,1
2.4353,1
1.9961,1
2.4823,1
2.0363,1
2.4178,1
1.9870,1
2.6210,1
2.1818,1
2.7765,1
2.3305,1
2.4449,1
2.0141,1
2.7448,1
2.3056,1
2.3820,1
002,1
13:30,1
follow=,1
ing,1
4.=09panhandl,1
5.=09tgp-=,1
Z0,1
6.=09union,1
gas-dawn,1
7.=09station,1
vol=,1
ume,1
analy=,1
si,1
312.674.4915=,1
intercontinentalexch=,1
ang,1
ubswenergy.com,3
9-11,1
3-9555,1
walker,1
3-7533,1
flat,1
tight,1
non-ub,1
e.g,1
inactiv,1
clean-up,1
713.584.4444,1
compliant,1
hectic,1
task,1
3-5227,1
10:41,1
belden,1
benson,1
serena,1
brodeur,1
stephan,1
cof,1
crandal,1
dorland,1
ermi,1
fischer,1
guzman,1
mallori,1
olsen,1
padron,1
quigley,1
dutch,1
schneider,1
bryce,1
storey,1
geoff,1
slinger,1
-stack,1
9:47,1
optic,1
illus,1
volt.com,6
mall,5
hoax,5
10/31,4
charlotte.cal,2
libertymutual.com,2
megan,2
skeptic,3
katsi,2
behren,2
cbehren,2
lkatsi,2
opsvolt_track,2
6:12,1
4:37,1
josi,1
lucil,1
niec,1
dont,1
precaut,1
l.a.,1
peggi,1
legit,1
scari,1
huh,1
creator,1
serious,1
admit,1
kent/us/fabtech,1
10/05/2001,1
12:09,1
reactionari,1
cross,1
path,1
credibl,1
afghanistan,2
9/6,1
9/10,1
mention,1
beg,1
9/11,1
devast,1
714/921-5424,1
MY,2
1:17,1
hog,1
snug,1
shadow,1
sunshin,1
lawn,1
mow,1
gutter,1
complaint,1
sing,1
pile,1
laundri,1
weari,1
ach,1
blame,1
luck,1
7:51,1
reitmey,1
ferri,1
gillespi,1
baumbach,1
x5-4298,1
10/19/2001,1
9:30,5
afghani,3
8:13,1
kostin,1
goldberg,1
jake,1
kapoor,1
ravi,1
yufe,1
'kenneth,1
pogrin',1
1:34,1
husseinfeld,1
sanction,1
osama,1
allah,1
mcbeal,1
terror,1
buffi,1
yanke,1
imperialist,1
slayer,1
forbidden,1
darndest,1
wackiest,1
blooper,1
survivor,1
jalalabad,1
goodnight,1
rock,1
kabul,1
pita,1
bread,1
shoot,1
dirt,1
dusti,1
ER,1
veilwatch,1
martyr,1
closet,1
shapeless,1
veil,1
laden,1
bagdad,1
achm,1
creek,1
dream,1
jihad,1
rfp,2
requests-,2
nov,4
piedmont,2
kY,2
pamela_edward,2
dom.com,2
fraser,1
2:16,1
3:05,1
e.r,1
carpent,1
Co,1
solicit,1
ldc,1
ellen,2
match-up,4
oct,2
1068979,1
wallumrod,1
deme,2
sucess,1
renegoti,1
=09vicker,1
=09monday,2
2:31,1
=09ring,2
=09neal,1
=09tbg,1
terms.doc,1
gill,2
kansa,1
pete,1
full-tim,1
kendal,1
fine.how,1
9:10,1
8:43,1
worldcom,1
hungerford,3
11/28/2001,2
9:04,1
claus,2
kristen,2
bradi,2
fowler,2
kulvind,2
lucha,2
mckinney,2
hal,2
mill,2
B.,2
'crabon,2
singla,2
kimat,2
videtto,2
melissa,2
ashley,2
trv,2
current_efct_date=11/28/2001,1
11/29/2001,2
rabon,1
7:31,1
current_efct_date=11/29/2001,1
x35775,2
vac=,1
compa=,1
ny,1
something=,1
hing,1
sector,1
h,2
trag=,1
sad=,1
r=,1
etain,1
jo=,2
=09jone,1
di=,1
ck,1
10:44,1
8:14,1
sne,1
12:28,1
1143838,2
x54298,1
sgreement,1
12:48,1
salina,1
vaccin,1
713-853-7257,1
713-646-3604,1
3:40,1
x54886,1
2000mmbtu/d,1
5-7,1
deni,1
pre-paid,1
sequent,1
fulfil,1
submitt,1
guilti,1
401k,1
retir,1
biggest,1
bankrupci,1
depress,1
upbeat,1
10:35,1
B=,2
=09v,1
boyt/cor=,1
p/enron,1
guo=,1
/hou/ect,1
reese/hou/ect,1
enro=,1
rea,1
sc=,1
ott,1
walker/n=,1
a/enron,1
kim=,1
berli,1
keavey/hou/e=,1
goode=,1
ll/corp/enron,1
usan,1
pimenov/na/e=,1
nron,1
V=,1
ickers/na/enron,1
demoes=,1
/corp/enron,1
tam=,1
mi,1
mack/corp=,1
/enron,1
annon,1
rewer/hou/ect,1
schuler-legal/=,1
hou/ect,1
ber=,1
keland/corp/enron,1
leach/hou/ec=,1
dhr=,1
uv/corp/enron,1
villasenor/ot=,1
s/enron,1
hn,1
fenstad/ots/enr=,1
ari,1
brassfie=,1
ld/ots/enron,1
=09=20,1
=092-,1
f,1
followin=,1
g,1
finis=,1
su=,1
rvey,1
-=,1
ring=09=09,1
pilo=,1
mailb=,1
ox,1
