brian,186
pleas,805
remov,47
distribut,33
list,220
thank,1105
robin,2964
kathi,424
L,268
P,281
canada,255
To,1433
ect,3267
cc,1347
subject,1359
ytd,55
p,155
file,411
Re,532
l,144
feb.,12
report,802
reev,75
03/06/2001,18
PM,996
rodrigue/hou/ect,1089
mckay,27
look,377
final,106
feb,44
would,372
need,664
could,272
rodrigu,327
reeves/cal/ect,111
let,712
know,1087
send,240
AM,787
thi,1496
attach,398
revis,12
trader,133
move,123
term_gd,3
lambi,24
We,396
howev,85
still,252
35,000,3
It,494
like,336
got,206
updat,124
pull,132
sinc,123
've,240
alreadi,134
ca,102
n't,1289
restat,9
someth,236
chang,230
total,36
An,3
adjust,85
made,158
march,34
correct,88
varianc,87
06:48,3
coupl,67
differ,108
februari,3
take,304
02:51,7
anyth,256
els,112
03:43,6
abl,111
28th,6
03/05/2001,26
10:12,10
go,1009
3/2/01,29
ani,532
question,381
03/02/2001,17
11:17,20
sent,93
last,241
month,212
fine,55
incom,46
hahaha,3
wa,1176
pretti,124
funni,58
feel,97
reaction,3
grandmoth,9
actual,238
thought,148
comment,35
flexibl,6
program,101
hilari,15
talk,344
laura,74
'm,939
chicago,183
'll,666
give,301
detail,117
date,183
later,265
book,1010
id,183
new,252
portfolio,173
ng-price-prc,8
post,195
set,150
susan,142
calcul,22
use,328
two,118
therefor,60
addit,109
risktrac,55
price,235
captur,39
ng-price2-prc,4
attribut,71
ad,121
agg-ga,65
agg-gasiii,26
agg-gasiv,60
In,162
aggiii,4
IV,22
separ,26
name,259
m_maggi,8
If,590
call,460
2/20/01,20
0,482
eff_dt,313
portfolio_id,304
down95,297
management-co,154
management-crd,290
management-ga,290
302,214,4
management-pwr,290
179,444,4
agg-manag,290
416,059,4
caught,17
supposedli,3
meet,133
end,90
5,61
get,724
leav,180
fun,108
dinner,52
stay,56
long,167
come,232
back,284
bye,53
http,116
//ersys.corp.enron.com/index.asp,4
add-in,240
pulp,150
paper,187
version,158
gabriel,442
execut,138
posit,1059
forward,502
10/20/2000,47
monroy/hou/ect,97
john,274
enron,1968
latest,61
publish,129
contain,100
emiss,50
summari,61
natur,84
ga,272
net,67
fix,106
excel,73
select,72
button,76
workbook,53
rang,106
sheet,64
02/20/2001,16
03:53,10
monroy,223
07:56,22
07:54,28
vern,104
vallejo,42
07/12/2000,25
06:04,25
jacobsen/hou/ect,25
robert,33
richard/corp/enron,25
mason,28
hamlin/hou/ect,28
eric,61
groves/hou/ect,25
mark,50
confer/hou/ect,25
frank,179
prejean/hou/ect,25
salli,65
chen/na/enron,39
kristin,28
walsh/hou/ect,25
christa,31
winfrey/hou/ect,40
By,45
ignor,32
correl,25
subroutin,25
lavorato,94
expect,115
see,350
viewer,46
tomorrow,157
morn,236
close,61
instanc,36
detach,25
websave2.xla,25
microsoft,25
offic,110
librari,40
directori,53
usual,81
C,180
\program,25
files\microsoft,25
office\office\librari,25
launch,33
tool,29
menu,35
avail,86
websav,43
present,67
uncheck,25
old,76
websave2,25
current,117
check,181
click,103
OK,43
also,261
copi,128
past,35
product,70
valu,51
nr_ngfixpb,25
nr_emsum,25
nr_pppl,25
nr_pppo,25
nr_ppprice,25
houston,97
train,16
avoid,21
harrass,19
bad,95
'd,172
exactli,49
interest,108
much,207
wors,31
found,40
onli,211
confer,12
room,27
floor,28
keep,102
peek,3
window,13
hang,39
around,114
hope,231
chanc,57
ya,210
told,167
laugh,71
harass,12
david,105
knew,21
away,35
jeff,98
guess,89
noth,86
might,110
well,264
11:14,3
muahaaaaaaa,3
realli,233
receiv,97
email,303
No,95
nobodi,6
think,549
somebodi,20
save,67
cake,19
hey,206
seminar,3
say,136
requir,67
attend,41
one,416
session,12
So,213
afternoon,52
yippe,9
jaim,20
kept,27
breakfast,16
time,450
read,59
king,17
littl,167
friend,115
befor,203
tell,217
truth,20
ask,158
harri,23
part,84
phone,103
number,207
hi,175
better,95
third,17
understood,12
english,3
jami,3
jay-m,3
clue,6
worri,93
eat,66
habit,3
never,105
pepperoni,3
pizza,3
half,51
left,103
home,152
b/c,86
anoth,77
blew,6
R,79
10:31,3
apolog,13
becaus,143
find,195
He,154
said,121
everybodi,6
met,12
nicaraguan,3
colombian,3
hector,15
austin,15
peopl,142
doe,187
particularli,3
ramiro,6
group,173
anyway,77
stood,7
hmmm,3
wait,109
weekend,148
yeahh,9
want,398
tri,202
hungri,7
though,98
assist,51
creativ,3
everi,153
day,431
sure,204
happen,38
order,43
must,166
stone,3
peperoni,3
calzon,7
worst,9
ate,11
My,106
stomach,3
upset,14
junk,9
food,56
less,13
24,17
hour,135
veri,134
tim,32
popular,6
pass,38
10:08,3
none,9
boss,98
work,420
hard,78
compar,21
result,28
analyst,78
disappoint,15
finish,108
At,32
least,83
busi,101
e-mail,23
write,49
exampl,27
lie,18
beauti,3
lake,14
charl,25
oopsss,3
enjoy,35
answer,70
good,463
Do,197
yeah,56
log,76
charlen,9
wrong,66
HR,36
almost,27
legitim,3
pretend,6
alejandra,21
night,177
cook,3
experi,14
lunch,221
plan,122
goin,4
',280
quiet,29
fact,43
even,194
sat,91
accomplish,74
whole,55
lot,68
today,322
're,271
2/16/01,20
318,520,4
177,196,4
429,242,4
monday,78
Te,17
quiero,23
seem,75
impress,16
effect,20
first,142
person,81
priviledg,3
02/16/2001,9
02:40,9
unhappi,10
surpris,36
keot,6
secret,15
2,129
someon,99
includ,222
bradley,20
jone,35
extens,23
713-345-8960,7
binh,84
pham/hou/ect,32
15th,3
-brian,6
hate,22
appar,30
valentin,17
decemb,67
quizz,3
soon,111
spend,36
carribean,3
research,21
destin,3
suggest,13
RR,166
everyon,90
happi,76
flight,39
joke,19
9:00,4
best,71
brad,22
guy,138
walk,27
nice,73
us,81
gone,17
Or,13
bozo,4
owe,4
definit,83
count,36
beach,22
cancun,4
search,12
internet,30
inform,303
PS,59
decid,83
open,51
link,53
print,13
screen,24
websit,71
schedul,104
place,46
farewel,4
//www.qixo.com/details.html,4
ursltid=lf00,4
www.qixo.com,3
2/15/01,20
600,498,4
174,434,4
680,180,4
right,161
stop,54
03/07/2001,23
shock,19
glad,100
10:30,16
fyi,18
confidenti,3
proprietari,3
intend,11
entiti,3
abov,42
10:26,10
alicia,25
perkin,10
ee,458
10:22,3
idea,65
figur,29
promis,25
race,11
whi,126
marin,3
sound,91
familiar,17
02/15/2001,13
01:40,3
subsidiari,6
switch,15
PC,14
alex,3
mail,32
downtown,6
mayb,111
done,115
reliev,3
boredom,3
yesterday,107
drive,83
somewhat,3
safe,29
becki,214
pitr,103
12:58,3
shannon,81
ride,17
whip,7
lash,3
headach,3
lucki,3
make,308
aliv,9
B,114
lynn,69
spoke,70
tuesday,20
contact,85
heard,61
pikofski,14
01:36,6
Hi,108
everyth,105
statu,18
code,120
region,65
nanci,80
midwest,26
ft-im-enov-phi,25
im-emwnss2-phi,28
M,108
NG,46
duplic,18
burton,71
intra-emwnss1-ba,8
im-emwnss1-ba,8
mdwest,8
02/12/2001,11
chri,185
abel/hou/ect,99
mcintyre/hou/ect,50
D,142
trevino/hou/ect,56
per,85
request,105
follow,180
type,50
flag,50
commod,22
discov,15
basi,343
problem,147
physic,88
replac,18
credit,23
purpos,35
appli,26
ID,100
mdwest_old,4
matter,34
help,309
10:17,7
04:46,4
hernandez/na/enron,17
assign,47
intra-emwnss1-phi,7
origin,392
midwest_old,7
understand,59
longer,104
north,108
america,119
corp.,112
hernandez,24
04:33,7
1,152
E,21
prevent,7
midwest1,7
properli,21
erm,97
appos,7
ext,16
54751,7
stori,49
job,88
authur,6
andersen,6
ha,218
certain,17
2/14/01,20
1,332,437,4
169,113,4
1,408,100,4
hear,94
jennif,68
02/14/2001,22
quit,47
VP,14
son,16
hospit,6
ever,26
went,110
basic,9
progress,26
main,3
reason,52
bagwel,7
02:58,3
02:47,7
bagwell/na/enron,16
bag,26
wish,35
probabl,139
7,47
start,152
6:30-6:45ish,3
class,115
downstair,18
3:30,6
thing,144
calm,7
enronxg,44
elizabeth,42
kimat,16
singla/hou/ect,16
georg,35
kori,56
loibl/hou/ect,38
cathi,20
TO,67
10:21,7
irena,42
hogan,19
08:40,11
royed/corp/enron,11
kyle,93
lilly/hou/ect,11
chavez/na/enron,11
kulvind,8
fowler/na/enron,8
hernandez/hou/ect,8
kam,32
keiser/hou/ect,29
lucha,11
johnson/na/enron,11
scott,26
palmer/hou/ect,11
yuan,8
tian/na/enron,8
ann,28
bike/corp/enron,12
jason,45
wolfe/na/enron,14
carol,18
frank/na/enron,8
darron,16
giron/hou/ect,16
patrick,21
ryder/na/enron,14
shim/corp/enron,20
ryan,96
o'rourke/enron,8
kristen,14
clause/enron,8
victor,21
guggenheim/hou/ect,14
phillip,43
love/hou/ect,22
bruce,15
mills/corp/enron,27
andr,8
balmaceda/na/enron,8
souad,11
mahmassani/corp/enron,11
sladana-anna,8
kulic/enron,8
baumbach/hou/ect,37
o'neal,11
winfree/hou/ect,11
michael,117
walters/hou/ect,11
juli,101
meyers/hou/ect,11
jodi,26
crook/corp/enron,20
denver,14
plachy/na/enron,14
rabon/enron,8
russ,8
severson/hou/ect,8
grant/hou/ect,8
martha,19
stevens/hou/ect,18
trang,12
le/hou/ect,8
juana,8
fayett/corp/enron,8
jana,11
morse/corp/enron,8
patricia,14
rivera/na/enron,8
sarah,30
smith/corp/enron,11
errol,38
mclaughlin/corp/enron,29
scott/hou/ect,23
vargas/corp/enron,11
ami,26
cavazos/na/enron,14
sherri,11
dawson/na/enron,11
bilal,149
bajwa/na/enron,47
joey,11
taylor/na/enron,17
huan/na/enron,8
derek,11
bailey/corp/enron,8
De,8
La,17
torre/hou/ect,8
melba,8
bowen/hou/ect,11
sprowls/hou/ect,8
valdes/hou/ect,8
lee/na/enron,8
gregori,11
mausser/hou/ect,11
jame,26
hungerford/na/enron,8
theresa,11
toward/na/enron,8
greg,23
couch/hou/ect,27
soto/hou/ect,8
alexand,8
gonzales/na/enron,8
jones/enron,8
team,47
build,25
note,43
7:05,8
DO,12
BE,11
AT,16
5:30,8
IF,16
admit,9
bore,58
dillusion,3
02:48,6
self,20
stuff,24
02:32,12
pitre/hou/ect,64
qualifi,6
harder,15
eaten,7
yet,125
either,95
mine,39
extrem,11
kind,65
gmat,82
homework,10
oh,13
onlin,122
test,150
cours,205
princeton,104
review,150
web,116
student,105
browser,73
drill,66
support,82
netscap,44
enabl,52
page,50
dure,89
lsat,44
tech,62
higher,36
usernam,33
password,76
instructor,33
02/14/2001=20,12
=20,36
welcom,28
review.com,19
robin.rodrigu,113
enron.com,160
site,26
servic,79
user,47
explor,31
navig,22
4.7,22
javascript,22
cooki,22
default,22
simpli,29
download,25
modem,22
kbp,22
faster,28
4.0,22
appear,38
gre,22
usml,22
possibl,87
learn,41
specif,67
point,78
explan,40
real,44
eastern,26
11:15,10
09:22,13
rerodrigu,8
hotmail.com,27
09:21,8
webstudentservic,8
12/29/2000,14
08:01:07,8
congratul,11
sign,57
prep,11
As,108
enhanc,15
access,87
award-win,11
import,27
Be,23
futur,38
refer,67
101,11
hotwir,11
great,81
resourc,22
//www.hotwired.com/web101,11
system,112
featur,11
5.0,11
mac,17
you=01,11
flash,11
acrobat,11
allow,32
necessari,26
plug-in,11
56,11
prepar,44
recommend,14
address,52
//www.netscape.com/download/,11
28.8,11
IN,40
whenev,14
//www.princetonreview.com,11
top,42
enter,34
appropri,35
field,23
record,22
regist,20
hzq,11
hq,11
public,26
comput,47
dorm,11
computer,11
diagnost,17
offer,47
alway,56
ensur,41
up-to-d,14
reflect,31
provid,76
analysi,17
perform,32
plethora,11
word,49
target,11
extra,25
medium,11
geometri,11
averag,19
multimedia,11
techniqu,11
rememb,74
you'v,11
hold,41
prior,23
remain,25
although,14
practic,21
proctor,11
environ,11
pencil-and-pap,11
supplement,11
materi,18
technic,14
charg,26
friday,85
10am,11
11pm,11
saturday,20
12pm,11
6pm,11
reach,32
websupport,11
1-800-546-2102,11
onc,90
choos,11
way,136
score,11
regard,56
folk,11
postid,43
databas,21
offici,147
resolv,48
anyon,56
options-exotic-prc,6
excelsheet,6
dec,24
29,14
calc,34
administr,32
option,92
premium,10
02/13/2001,26
04:05,3
reno,3
casimir/na/enron,3
powell/hou/ect,10
'00,3
2000,31
gas-chase9,3
accrual,3
Is,60
upload,6
spreadsheet,79
suppos,46
feed,16
3,183
ft-east-ba,3
4,66
weather,41
greatli,3
appreci,39
process,69
tie,52
annual,3
issu,59
manag,112
7:30,6
sister,13
sens,13
humor,16
shoulder,6
far,24
quieter,3
brother,20
var,125
desk,82
30,13
minut,96
essenti,3
5:00,10
neither,13
hell,10
NO,35
explain,49
enough,69
chew,3
romant,9
antiromant,6
mucho,9
mom,71
tambien,9
te,6
06:14,3
TE,3
2/13/01,20
933,816,4
169,657,4
1,019,210,4
sentenc,20
carla,15
organ,14
calub,3
10:05,7
mcpearson/hou/ect,40
nguyen/hou/e,3
jim,18
little/hou/ect,6
thursday,48
2/15,3
lobbi,15
11:15am,3
luxuri,3
eddi,3
bauer,3
x35008,3
sorri,90
compani,94
sunil,10
vladi,10
control,37
......,23
nut,11
love,60
ladi,26
direct,11
scari,17
especi,22
consid,24
face,12
neon,3
exit,3
hall,6
wow,22
lost,30
mind,41
snake,24
sell,48
drug,6
exercis,18
stick,15
stupid,34
bed,25
strong,7
11:00,13
10:48,6
saw,47
1972,6
callad,6
hurs,6
white,29
orang,9
flame,13
front,35
fender,6
huge,10
stereo,6
freak,14
announc,33
10:42,9
softwar,6
connect,6
brows,6
sale,16
bulletin,6
board,10
ball,9
python,6
high,35
bitten,6
bite,6
bomb,6
me.th,6
light,16
care,35
week,200
earli,54
decis,16
2/12/01,40
08:48,4
06:03,12
cct,7
1,016,311,8
169,668,8
1,089,337,8
intra-ont-cad-gdl,8
agg-gasli,4
iii,16
add,58
anytim,4
2/9/01,20
-1241637.23544717,4
-171191.895290718,4
-1307273.98368016,4
4:30,3
stacey,30
power,98
correctli,32
east,68
west,40
second,51
02/09/2001,28
01:33,3
W,30
white/hou/ect,18
confirm,76
pwr-ny-gas-mtm,3
agg-pwrii,3
indic,15
subportfolio,3
agg_pwrii,3
bench,44
within,27
respons,63
without,33
girl,18
imped,3
surgeri,11
seriou,6
unavail,3
shake,3
wo,73
goodby,3
togeth,49
01:14,3
robin-,3
wonder,23
along,13
run,96
spanish,49
intramonth,99
tom,18
benchmark,116
deal,161
ran,27
perfectli,3
load,78
line,36
mtm,10
79,000,3
volumetr,102
approxim,31
600,000,3
conveni,14
huh,24
initi,29
newswir,3
effici,6
09:52,3
yeap,3
gossip,18
cross,21
border,6
extent,4
10:27,4
transit,4
delay,31
famili,41
husband,9
confus,38
hill,6
virginia,6
swamp,3
louisiana,10
smokin,3
crack,15
09:58,9
weird,18
alik,6
server,3
pajama,8
guten,4
morgen,4
german,4
luck,31
Oh,58
....,79
school,14
hideous,4
ugli,4
fit,10
anymor,16
ye,26
invit,26
tammi,22
kimberli,11
louis,15
08:58,7
hillis/enron,4
08:51,8
monica,101
lande/pdx/ect,7
schoppe/hou/ect,4
daili,127
kitchen,15
locat,41
27,4
dave,19
next,94
33,4
hilli,4
chairman,7
713-853-0681,4
713-646-3227,4
fax,15
ft-neast-wh,3
II,6
j_mrha,3
porfolio,7
2/8/01,20
1,395,617,4
171,132,4
1,449,781,4
deliv,25
envelop,4
put,79
drawer,4
rotat,42
shankman,7
yike,7
lavo,25
stress,30
2/7/01,20
1,502,364,4
171,642,4
1,561,696,4
believ,82
given,51
02/07/2001,6
01:39,3
news,11
admin,61
sometim,54
156324.294,84
sum,52
intra-west-ph1,27
delta_posit,24
gamma,24
strip_flag,24
26-jan-01,21
28-feb-01,21
31-jan-01,18
01-feb-01,18
ref_dt,30
wei,49
bharat,12
29-jan-01,12
30-jan-01,12
02-feb-01,12
roll,52
nilay,20
05-feb-01,9
effective_dt,9
delta,22
31,17
jan,56
khanna/na/enron,6
basu/hou/ect,17
may,100
notic,33
jump,10
book_id,18
06-feb-01,6
07-feb-01,6
trend,6
calced/offici,3
rest,39
On,15
jan.,3
extend,3
expert,6
claus,3
januari,32
prompt,62
lead,27
hayden,33
07:31,3
hu/hou/ect,10
whatev,10
pick,89
intra-month,14
intra,23
hit,12
investig,11
rac,6
grm,121
id's/book,3
looksi,3
me/bharat,3
bring,40
pictur,27
Hu,14
02/06/2001,9
04:24,3
hayden/corp/enron,60
consecut,7
1-feb-01,3
up95,3
-534098.14,3
468809.11,3
-2472601.4,3
2351240.92,3
-4860067.9,3
4509638.58,3
-5771829.8,3
5412690.81,3
-6776703,3
6805456.84,3
-6328870.8,3
6454349.9,3
-5535044.3,3
5546160.24,3
intra-west-phi,3
big,31
data,31
rms_open_posit,3
1',3
'intra-west-phy',3
nvl,3
6,50
152041.923,3
161992.376,3
153524.414,3
03-feb-01,3
04-feb-01,3
08-feb-01,3
09-feb-01,3
10-feb-01,3
11-feb-01,3
12-feb-01,3
13-feb-01,3
14-feb-01,3
15-feb-01,3
16-feb-01,3
17-feb-01,3
18-feb-01,3
19-feb-01,3
20-feb-01,3
21-feb-01,3
22-feb-01,3
23-feb-01,3
24-feb-01,3
25-feb-01,3
26-feb-01,3
27-feb-01,3
reference_dt,3
314034.299,3
4530604.63,3
8901557.37,3
9539555.15,3
8782018.97,3
7889069.32,3
7597454.74,3
similar,3
involv,17
sore,41
soccer,14
rank,4
vacat,18
pay,59
coffe,16
break,52
construct,8
2/6/01,20
360,036,4
1,365,573,4
168,943,4
1,445,176,4
fall,15
asleep,4
chair,8
visit,46
apart,18
hotel,21
park,50
renov,3
owner,5
12th,28
goe,14
16th,3
08:49,3
garag,24
full,32
2/5/01,20
late,45
372,344,4
1,387,804,4
175,302,4
1,470,940,4
wan,24
na,37
funniest,3
rather,26
10:51,3
15,13
ab,3
three,35
mile,15
kill,23
27th,6
surf,6
dedic,3
10:41,3
rate,49
game,61
20th,3
season,12
begin,46
pre-season,3
competit,9
leagu,3
purvi,12
spell,15
MD,3
outcom,13
absolut,3
educ,12
acquisit,3
tonight,90
rock,32
resign,4
mean,112
comfort,11
whine,37
sick,37
puppi,3
revok,3
privileg,6
head,55
02/05/2001,23
05:18,3
french,18
took,55
act,7
congress,10
thrill,3
reloc,51
1,500,20
household,62
accept,32
cost-of-liv,17
20,36
facilit,3
elig,3
cover,35
expens,53
outsid,35
i.e,3
hous,37
hunt,3
trip,63
meal,3
etc,12
profession,3
carrier,3
pack,25
opt,43
amount,56
tax,127
ivonn,47
brown,47
57106,3
car,95
depend,13
blue,20
area,7
mess,7
blood,3
pressur,3
shot,7
moron,3
certainli,6
mood,14
necessarili,3
term,32
paperwork,6
potenti,12
buyer,3
minimum,3
vari,3
citi,29
opportun,17
market,64
money,50
advertis,11
mention,17
queri,41
agg_view,8
tabl,34
show,103
rm,10
refresh,4
1062779,4
-477.7,4
contract,131
emili,12
joann,25
birthday,56
zach,10
gotten,25
crank,6
truck,9
util,12
equal,17
amaz,3
rep,9
irrit,26
tactic,3
shortli,9
tire,32
ring,19
friendli,7
determin,13
smith,16
12:34,3
spare,33
kick,16
miss,71
12:40,6
barg,7
usbsb,7
ltadm.latech.edu,7
02/02/2001,10
03:50:09,3
joanne.smith,3
settl,13
Of,34
you'r,6
.....,15
gon,13
here-if,3
busier,3
auditor,3
-yuck,3
til,3
year,108
hide,12
enrol,6
here-can,3
gear,3
larg,10
previous,3
dad,28
automat,18
boy,22
hurt,16
jake,3
warehous,3
stuf,3
ago,16
belat,3
two-buy,3
round,3
handl,37
massag,3
touch,18
sold,8
chronicl,4
prelud,4
21,995,4
18,900ish,4
dealer,4
worthwhil,4
ahead,13
09:34,6
espanol,3
whaaatt,3
Ok,21
ok,18
suspici,7
2/2/01,40
07:34,4
1,994,567,8
176,818,8
2,077,056,8
readi,43
bajwa,46
disturn,22
tieout,4
04:12,4
jonathan,16
mckay/cal/ect,4
2001,32
teeth,18
brush,9
dentur,6
missi,6
stereotyp,3
true,6
grandpar,3
outrank,3
03:22,3
daughter,3
live,33
w.va.,3
janey,3
46,3
icki,3
clean,12
dang,12
fair,3
hygien,3
escal,3
11:30,18
suit,14
2/1/01,20
1,859,251,4
177,383,4
1,935,530,4
linger,4
reek,4
smoke,51
quantiti,12
ramesh/wei,4
estim,10
implement,7
critic,8
bidweek,17
pham,17
1/31/01,20
117,556,4
176,812,4
259,508,4
kid,84
01/31/2001,15
11:08,3
Me,15
forget,13
bought,11
kati,6
flake,3
fight,3
elev,18
crowd,26
sever,26
10:34,3
seen,14
case,36
forgot,21
LA,12
perman,3
3ac,3
EI,3
chat,10
08:35,3
brooklyn,48
couch/hou/e,17
luther,12
IT,43
fwd,19
hot,31
calendar,22
yum,21
07:58,19
smell,9
50,15
million,81
plow,3
1/30/01,20
162,703,4
253,554,4
365,246,4
scenerio,3
except,12
brought,9
flower,7
troubl,21
dress,3
tortilla,3
soup,3
crystal,39
Ps,6
excit,65
1/29/01,20
3,702,4
549,362,4
250,640,4
505,686,4
IL,23
rodrigue/robin,34
termin,40
reserv,43
usd,30
01/23/2001,12
25jan,12
TX,24
non,36
546.50,12
05:40,8
arriv,8
continent,11
airlin,23
CO,8
K,23
thu,8
g.bush,14
interco,14
O,23
hare,8
intl,20
snack,8
durat,20
aircraft,20
boe,14
seat,24
29jan,8
1-312,8
787,8
air,26
vitol,8
travel,30
highlight,32
smoothli,4
nervou,7
01/25/2001,4
10:09,4
itinerari,4
pikofsky/corp/enron,4
steve,17
hanner,4
shanner.vitoltvl,4
us.amadeusmail.com,4
05:36,4
lynn.pikofski,4
agt,7
sh/x3yo36,4
150,4
N,7
michigan,7
ste,7
3610,4
60601,4
attn,7
23,4
enronchi,4
depart,31
653p,4
925p,4
1114,4
2:32,4
757-200/300,4
16a,4
miscellan,8
metropolitan,4
pick-up,7
upon,18
ohar,4
800,4
437-1700,4
drake,4
140,4
walton,4
60611,4
unit,22
state,24
OF,11
telephon,4
2200,4
1431,4
3118346006,4
a0aa1a,4
singl,11
queen,4
size,7
126.00,4
deposit,4
610p,4
845p,4
1107,4
mon,4
2:35,4
737-500,4
10a,4
fare,7
500.47,4
46.03,4
invoic,4
payment,14
ccax378529533782001/0302/a000021,4
S,14
co/jlq4r5,4
ticket,35
co/etkt,4
005,4
7022024100,4
IS,22
ticketless,4
airport,13
1100,4
3230,4
77002,4
713,4
759-1444,4
1/24/01,20
2,952,8
1,604,111,4
314,582,4
1,729,652,4
1/23/01,104
ft-cand-bc-gd-phi,12
ft-cand-egsc-g-ba,12
intra-cand-bc-ba,12
intra-cand-bc-phi,19
intra-cand-we-gd-gdl,12
intra-cand-west-ba,12
intra-cand-west-phi,29
01/24/2001,12
1015877,8
1015878,8
1015872,8
1015871,8
1015831,8
1015830,8
1015829,8
rahmaan,74
mwongozi/corp/enron,67
gillis/cal/ect,41
unoffici,12
prc,29
ft-cand-egsc-ba,4
1015494,4
ft-cand-egsc-ea-ba,4
1015499,4
ft-cand-egsc-opt-ba,14
1015958,4
ft-cand-erms-ba,4
1015506,4
ft-cand-egsc-bc-ba,4
1015503,4
11:07,4
09:50,4
rahmann,4
realiz,31
everynight,4
offoci,4
previou,15
memo,20
intra-month-canada,4
can-west,4
can-bc,4
can-bcpip,4
06:36,4
peggi,7
hedstrom/cal/ect,7
unooffici,4
relat,17
roc,4
overrid,29
advis,7
commun,248
anxiou,4
glitch,4
confid,4
risk,59
repli,34
1,387,422,4
312,747,4
1,505,719,4
parti,29
combin,14
oop,3
workout,3
assum,23
balloon,3
came,33
1/22/01,20
2,951,4
1,305,566,4
319,063,4
1,435,626,4
01:26,7
01:30,7
hairdryer,6
disgust,9
procedur,10
arrang,19
luce,4
coordin,7
tent,4
discuss,41
26,7
713-345-7478,34
01/22/2001,12
loibl,11
02:18,8
trade,72
02:19,4
01/19/2001,4
03:33,7
cassandra,4
schultz/na/enron,7
relief,4
knee,4
relax,7
hpl,4
free,48
sleep,47
graduat,7
career,14
skip,14
blow,4
somewher,21
cold,14
cloth,44
interview,7
bright,7
smart,7
super,7
nicer,4
cut,16
mexico,10
octob,11
thanksgiv,38
obviou,8
crazi,35
plenti,11
rumor,4
bother,19
10,35
hurri,6
buy,57
stamp,6
drunk,11
eventu,11
1/19/01,15
2,950,3
26,939,3
694,462,3
325,224,3
874,468,3
1/18/01,20
-2949.89667608894,4
-25479.530269461,4
-220528.502062834,4
-317853.634803495,4
-435309.04501028,4
1/17/01,20
2,949,4
24,764,4
778,397,4
179,421,4
707,236,4
birdi,12
unfortun,23
gave,18
earlier,32
bounc,3
fabul,10
piec,6
01/17/2001,12
error,23
cd,21
column,36
02:52,4
02:35,4
ganapathi,60
ramesh/hou/ect,45
stage,7
messag,75
'opt_class_cd,4
invalid,4
option_class_cd,4
'amr,4
'asi,4
'asm,4
'eur,4
'usd,4
currency_cd,4
01:55,8
adhoc,4
1/16/01,20
2,948,4
32,404,4
185,483,4
186,963,4
226,899,4
frankli,7
AA,11
cafeteria,4
join,17
ngpl,25
x57478,118
1/12/01,15
2,946,3
25,324,3
968,396,3
185,205,3
1,066,447,3
01/12/2001,9
04:00,3
social,3
clear,6
defer,6
crap,24
mcpearson,3
02:05,3
mclaughlin,3
01:47,3
p/l,3
forrest,4
align,4
tuneup,4
4:30ish,4
chipper,7
bounci,4
1/11/01,20
2,542,8
28,844,4
1,094,625,4
131,193,4
1,202,894,4
dpr,79
01/11/2001,17
base,11
Q1,12
4.1,12
exclud,30
entri,11
account,29
dollar,20
03:40,12
jeffrey,71
gossett/hou/ect,22
stem,2
dealt,2
02:33,2
01:29,6
01/10/2001,71
04:57,5
reduc,13
4.1m,7
ltd,10
orgin,10
12/08/2000,16
10:58,10
3.6,10
7.6million,10
7.6,10
consist,17
canadian,96
tab,58
12/07/2000,30
06:46,10
profit,14
fast,9
listen,18
fire,38
mad,15
heheh,3
convinc,9
verdict,3
emt,9
embarras,6
situat,6
pain,9
quick,16
summat,3
suck,25
rearrang,3
renam,3
titl,13
perfect,9
arnold,10
bit,15
logic,48
favorit,21
8,26
quarter,9
match,14
summer,11
twice,12
complet,79
deserv,3
countri,21
capit,20
fill,39
09:43,3
glass,6
eye,21
imagin,19
pocket,3
paid,16
skill,3
churassco,3
lagrasta,44
gossett,54
11:39,16
michel,111
grant,63
09:18,4
11:38,16
timothi,38
norton/hou/ect,16
matthew,34
condon/na/enron,16
traci,44
beardmore/na/enron,16
joyc,54
kuo/na/enron,16
stewart,66
range/na/enron,16
swinney/hou/ect,16
nelson/corp/enron,16
jeremi,46
postlethwaite/cal/ect,16
casey,35
evans/corp/enron,16
valari,16
sabo/pdx/ect,16
bruce/hou/ect,11
sheila,11
glover/hou/ect,11
beck/hou/ect,11
accur,8
relev,8
middl,49
nymex,160
kuo,38
dist,38
swinn,38
nelson,49
shifali,15
09:15,4
09:25,8
benien/corp/enron,31
fred,15
taken,28
impar,12
item,23
commonli,12
overlook,12
volum,28
buy/sel,12
pub,20
x,21
5-7478,19
benien,19
08:20,16
coal,19
mattew,19
condon,19
norton,19
beardmor,19
FX,19
dbrc,19
blrc,19
cfrc,19
bwd,19
mill,19
alberta,19
joihn,19
postlewait,19
evan,25
valeri,23
sabo,19
1/10/01,20
29,505,4
1,551,575,4
131,929,4
1,671,464,4
oohhh,9
transport,23
counselor,6
broke,3
05:08,7
biiiiigggg,3
niic,3
restaur,3
ceo,3
lawyer,3
invest,6
bank,3
unvest,3
employe,61
stock,9
purchas,11
merger,7
strategi,3
stretch,3
leg,16
unplug,3
convers,23
ohhh,3
sh,3
obvious,3
veto,3
holiday,20
sort,14
due,26
dillig,9
okay,34
appoint,4
9am,4
drop,38
nap,34
goodnight,7
03:38,8
repres,29
debbi,24
recogn,42
ba,3
red,13
calc.,3
manual,47
02:25,3
proof,7
wrote,41
uniqu,22
id/post,3
combo,3
11:27,4
11:22,4
treebeard,12
felt,19
novel,4
yuck,10
subway,4
1/9/01,36
2,541,4
26,820,8
2,228,498,8
131,194,8
2,305,789,8
unless,9
stand,22
world,28
1/8/01,16
24,844,4
243,052,4
130,094,4
352,198,4
tone,3
return,22
kfc.jpg,4
on-demand,20
blockbust,19
content,16
exclus,12
entertain,25
relationship,12
agreement,12
platform,8
subscrib,8
movi,38
03/12/2001,4
10:36,4
ken,4
rice,4
kevin,16
hannon,4
03/09/2001,8
10:10,4
worldwid,8
awar,8
inc.,4
discontinu,4
expand,4
develop,17
partner,7
tremend,4
toward,4
goal,16
becom,25
digit,4
trial,8
seattl,4
portland,4
salt,4
york,4
creat,21
yield,4
qualiti,17
demand,4
proven,4
concept,4
level,19
acceler,4
achiev,4
pursu,4
independ,4
variou,22
eb,22
appris,4
dizzi,3
1/5/01,16
24,752,4
220,002,4
127,715,4
330,482,4
9-9:30,3
awak,22
HE,12
'S,17
gossippi,3
01/05/2001,3
03:49,3
aghhhh,3
stair,3
1/4/01,16
26,055,4
215,220,4
126,036,4
325,844,4
decent,22
cost,18
center,28
supervisor,27
3256a,3
ew,3
083e,3
103845,3
3/15/00,3
baumbach,18
karen,30
davi,26
01/04/2001,6
marc,6
sabine/na/enron,6
castiglione/corp/enron,6
synnott/hou/ect,9
billl,3
asap,12
disappear,3
10:56,3
1/3/01,16
-26903.7558786967,4
-197434.111906427,4
-123487.409118569,4
-310417.099721625,4
space,28
espn2,3
basketbal,7
watch,54
1/2/01,16
165324,4
205910,4
122622,4
271209,4
andrea,15
resum,12
richard,33
x5-7478,3
10:16,3
associ,34
x36499,3
form,27
enron_develop,36
reimburs,16
benjamin,18
christoph,15
daniel,29
justin,12
travi,15
exam,11
eb1193,9
01/02/2001,9
5-8327,6
maria,9
ashley,6
azurix,9
brandon,12
courtney,6
erin,9
heather,12
lisa,18
lui,10
marcu,6
edmonds/hou/e,6
melani,6
paul,62
peter,16
patel/hou/ect,18
russel,6
shilpa,9
todd,35
seven,6
22,12
tuition,6
approv,14
document,9
benefit,9
//hrweb.enron.com,6
polici,21
guid,14
signatur,7
11:24,3
rrodri2,21
ect.enron.com,16
tue,3
letter,7
davis/na/enron,3
11:20,3
12/20/2000,3
03:32,6
aaron,3
martinsen/hou/e,3
ace,3
roman/hou/ect,3
adam,3
siegel/na/enron,3
adnan,9
patel/corp/enron,9
adrian,3
woolcock/hou/e,3
alan,3
nahman/hou/ect,3
alejandro,3
hernandez/enron_develop,3
perkins/hou/ect,9
allan,9
wu/hou/ect,9
alton,6
jackson/corp/enron,6
amanda,6
thakkar/na/enron,3
ha/hou/e,3
jon/hou/ect,3
lehnert/enron,3
ana,7
andi,6
chen/pdx/ect,6
angi,6
zeman/corp/enron,6
anila,3
hoxha/na/enron,3
anthoni,9
sexton/na/enron,6
ashish,3
mahajan/hou/e,3
dietz/enron,3
worthing/na/enron,3
atticu,6
lyon/hou/azurix,3
avinash,6
jain/na/enron,6
ben,3
huxen/na/enron,3
freeman/corp/enron,3
markey/hou/ect,9
thomason/hou/ect,6
beth,6
cowan/na/enron,3
mauritzen/hou/e,3
luna/enron,3
brent,9
dornier/enron,6
cohen/na/enron,3
haufrect/hou/azurix,3
hoskins/hou/ect,9
kolle/hou/ect,3
steinbrueck/aa/corp/enron,3
bryan,12
hull/hou/ect,12
bucki,3
dusek/hou/e,3
carlo,9
vicens/enron,3
carri,16
southard/hou/ect,3
catherin,6
pernot/na/enron,3
chad,18
landry/hou/ect,12
chetan,6
paipanandiker/hou/ect,6
chi,3
sheh/hou/e,3
ching,3
lun/hou/e,3
jantz/enron_develop,3
mallory/pdx/ect,6
ochoa/na/enron,3
walker/hou/ect,10
christiaan,3
huizer/enron_develop,3
christina,7
barthel/corp/enron,3
christin,3
milliner/fgt/enron,3
chenoweth/na/enron,6
watts/na/enron,3
christi,3
wussow/hou/e,3
chuck,6
ames/na/enron,6
cindi,6
to/hou/e,3
clifford,3
nash/hou/e,3
colleen,3
koenig/na/enron,6
childers/enron,3
votaw/na/enron,3
hyde/hou/ect,12
dan,3
feather/sa/enron,3
arzola/enron,3
falcone/corp/enron,17
kang/hou/e,3
darren,6
ramsey/na/enron,3
dupre/corp/enron,3
fontana/hou/e,3
hunker/corp/enron,3
junus/hou/e,3
marye/ots/enron,3
dayem,6
khandker/na/enron,6
dejoun,3
windless/corp/enron,3
mo/corp/enron,3
duc,3
duong/corp/enron,3
elberg,3
gelin/hou/e,3
johnston/na/enron,3
allwardt/lon/ect,3
mason/enron,3
erika,3
breen/hou/e,3
rice/lon/ect,3
willis/hou/ect,6
ethan,3
schultz/enron,3
ethel,3
koskas/na/enron,3
farouk,3
lalji/hou/ect,3
felip,3
ospina/na/enron,3
gallin,3
fortunov/hou/e,3
garrett,3
ashmore/enron,3
gari,21
justice/na/enron,3
geir,6
solberg/pdx/ect,6
thomas/corp/enron,9
gerardo,6
benitez/corp/enron,6
gissel,3
rohmer/hou/e,3
gloria,3
rodriguez/corp/enron,3
grace,3
kim/hou/e,3
martin/hou/ect,6
bui/hou/ect,13
han,3
oliv,3
pereira/hou/e,3
bucalo/hou/ect,6
johnson/hou/ect,3
alon/hou/ect,6
alviar/corp/enron,6
campos/hou/ect,6
henri,6
juniora,3
S.,3
montana/hou/e,6
homer,9
lin/hou/ect,9
ibrahim,36
qureishi/corp/enron,9
irina,3
nekrasova/hou/e,3
israel,6
estrada/corp/enron,6
J,82
champion/lon/ect,3
marks/hou/e,3
whitehead/corp/enron,6
wininger/na/enron,3
wiesepape/hou/ect,6
thompkins/enron,3
jayc,3
roundtree/na/enron,3
jeani,3
miller/corp/enron,3
jean-sebastien,6
fontaine/corp/enron,6
oh/pdx/ect,3
snyder/corp/enron,3
mcquade/na/enron,3
reside/hou/ect,6
keith/hou/e,3
stewart/na/enron,3
jerald,3
surface/hou/e,3
lo/hou/e,3
gardner/enron,3
jin,6
guo/hou/ect,6
thrasher/hou/e,3
esperance/lon/ect,3
hudson/hou/e,3
lang/hou/e,3
weakly/corp/enron,9
anderson/hou/e,3
hoff/hou/ect,6
roumel/enron,3
jonathon,9
pielop/hou/ect,9
joseph,9
piotrowski/na/enron,3
juan,3
padron/na/enron,3
davidson/hou/e,3
ferrara/hou/ect,3
day/hou/e,3
o'malley/hou/e,3
rostant/hou/ect,6
justyn,6
thompson/corp/enron,6
herrmann/na/enron,3
karla,6
compean/hou/ect,6
stowers/hou/ect,3
kendel,3
sprott/hou/e,3
kenneth,9
chow/et,3
s/enron,3
kent,3
mcnellie/hou/ect,3
ashby/na/enron,3
khristina,3
griffin/na/enron,6
kim,3
womack/enron,3
ketchum/na/enron,3
kourtney,6
nelson/pdx/ect,6
kreg,3
hall/hou/ect,6
quinn/na/enron,3
larri,3
F,18
campbell/na/enron,3
lauren,3
schlesinger/hou/e,3
leah,3
stephens/corp/enron,6
lena,3
zhu/enron,3
leon,3
branom/corp/enron,3
lin,3
yin/corp/enron,3
lindsay,6
renaud/hou/e,3
gillette/hou/ect,9
mena/na/enron,3
velez/na/enron,3
tefel/na/enron,6
marissa,3
womble/enron,3
mixon/na/enron,3
marsha,6
francis/corp/enron,6
martin,6
sonesson/enron_develop,3
mateo,3
vegalara/enron,3
almy/na/enron,3
jachimiak/hou/ect,6
lenhart/hou/ect,6
mauricio,3
trejo/na/enron,3
gaar/na/enron,3
king/enron,3
micah,6
hatten/hou/e,6
kolman/hou/ect,6
driscoll/pdx/ect,6
olsen/na/enron,3
simmons/hou/ect,6
spruiell/hou/e,3
gross/hou/e,11
thompson/na/enron,3
waldhauser/corp/enron,6
zhang/hou/ect,9
milli,3
gautam/hou/e,3
misti,13
day/hou/ect,13
mog,6
heu/na/enron,6
molli,6
hellerman/corp/enron,6
monika,6
causholli/pdx/ect,6
nate,6
blackburn/na/enron,6
nathan,3
lang/enron,3
neithard,3
foley/hou/e,3
nicla,6
egmar/hou/e,6
nicol,122
alvino/hou/ect,3
oti,3
wathington/hou/e,3
gregory/hou/ect,6
tan/na/enron,3
bennett/corp/enron,9
ward/hou/e,3
petual,6
jeanmard/corp/enron,6
berry/hou/e,3
posey,3
martinez/hou/ect,6
priya,3
jaisinghani/enron,3
rachana,3
iyengar/hou/e,3
rafael,3
avila/hou/e,3
ragan,3
dolezal/na/enron,3
rahul,6
seksaria/corp/enron,6
rajan,3
oommen/na/enron,3
raul,3
yzquierdo/enron,3
ravi,6
mujumdar/na/enron,6
reagan,3
mathews/enron,3
rebecca,9
walker/na/enron,3
reginald,3
smith/hou/e,6
reza,6
rezaeian/corp/enron,6
ricardo,3
perez/na/enron,3
rob,3
black/enron,3
roberto,3
martinez/enron_develop,3
roger,3
persson/hou/e,3
roman,3
zadorozhny/hou/ect,3
ballato/na/enron,3
T,3
kelley/hou/ect,3
deane/hou/ect,3
hinze/corp/enron,6
sabina,10
rank/na/enron,6
sachin,6
gandhi/na/enron,6
samantha,3
bryce/na/enron,3
samar,3
khleif/enron,3
samuel,3
pak/corp/enron,3
sanjay,6
patel/na/enron,6
sara,7
weaver/hou/e,7
mulholland/hou/ect,9
shimeall/hou/e,3
savithri,3
hospeti/na/enron,3
sebastien,3
bouvier/hou/e,3
selena,9
gonzalez/hou/ect,9
shahid,6
shah/na/enron,6
shalesh,3
ganjoo/hou/ect,3
shanna,6
husser/corp/enron,3
sharon,3
hausinger/hou/e,3
sheetal,6
shelia,3
benke/corp/enron,3
chunchu/corp/enron,6
mane/enron_develop,3
shiraz,6
rehman/na/enron,6
shirley,3
gail,3
sidler/corp/enron,3
simon,9
rose/hou/ect,9
song,3
gao/hou/e,3
sonia,3
balboa/na/enron,3
staci,3
dunegan/corp/enron,3
stephani,18
segura/hou/ect,6
hirsh/enron_develop,6
suresh,3
vasan/enron,3
rance/na/enron,3
tara,6
piazze/na/enron,6
ted,15
huang/enron,3
terranc,3
pinckney/na/enron,3
blanchard/hou/e,6
coffing/hou/e,3
tobin,3
carlson/hou/ect,3
richards/corp/enron,3
van,10
roten/hou/ect,6
baldwin/hou/e,3
andrews/hou/e,3
hansen/hou/e,3
tricia,3
escueta/hou/e,3
tyrel,12
harrison/na/enron,6
usman,6
shaukat/na/enron,6
veronica,6
hill/na/enron,3
chen/enron,3
william,22
st.,15
john/hou/e,3
yan,3
jin/enron,3
yevgeni,3
frolov/enron,3
yvett,12
parker/corp/enron,9
zac,3
mccarroll/enron_develop,3
zaib,6
iqtidar/corp/enron,6
zal,6
masani/enron,6
zeina,6
el-azzi/corp/enron,6
stewart/hou/ect,3
giovannini/hou/ect,3
shelli,6
butler/hou/ect,3
braly/na/enron,3
richards/na/enron,3
jones/na/enron,3
bldg,3
admiss,3
promin,3
applicaton,3
routin,3
teacher,6
fulli,3
6-9:30,3
pm,6
eb560,3
diagnostic,3
9,15
11,10
weekli,3
held,11
eb11c2,3
6-9,3
june,14
august,22
limit,10
25,10
x58327,3
studi,5
directli,3
713-688-5500,3
natala,3
matusz,3
card,18
obtain,3
certif,9
receipt,3
58327,3
valuabl,12
cfa,3
cpa,3
written,9
instruct,3
sleepi,6
curv,79
stuck,12
divid,14
blame,3
delainey,6
bever,3
45,11
central,19
remeb,3
autodestroy,3
12/29/00,16
146,072,4
246,592,4
126,392,4
309,198,4
mensaj,6
patient,10
gabriel_monroy,3
01:47:55,3
mand,3
un,3
tu,3
cuenta,3
de,3
hotmail,3
msn,3
//explorer.msn.com,3
scream,17
12/22/00,16
1,070,059,4
352,780,4
1,270,723,4
12/22/2000,4
11:54,12
8886424977,8
pagenetmessage.net,8
11:20:02,8
sooo,15
much.hav,8
die,14
p.,8
apt,11
disabl,17
virendra,31
incorrect,19
articl,3
volcano,3
12/18/00,16
3,078,639,4
343,266,4
3,253,982,4
sit,61
behind,14
man,90
3/5/01,20
827,620,4
171,395,4
951,273,4
throw,4
chick,8
notari,9
oil,10
tip,7
awesom,35
screw,7
worth,23
Go,10
grown,3
woman,39
kididng,3
meant,14
shop,56
soooooo,3
12/18/2000,4
08:47,4
12/15/00,16
2,262,721,4
343,016,4
2,455,841,4
mwongozi,7
shame,6
ohhhhh,3
cruis,21
catch,18
12/15/2000,12
09:31,6
wake,24
bodi,10
swollen,6
uncertain,6
orlean,9
christma,53
veracruz,6
eve,10
boat,7
invitingm,3
1:00,6
across,7
street,10
09:32,6
09:08,6
12/14/00,16
1949214,4
340692,4
2167170,4
FT,48
hplc,4
9,000,4
texa,26
guilti,3
hoover,4
yahoo,74
store,51
paulrodrigu,33
yahoo.com,37
respond,54
paul_rodrigu,33
bigfoot.com,33
__________________________________________________,37
thousand,69
//shopping.yahoo.com/,33
camera,15
bigger,6
colleg,6
dispos,9
snow,18
degre,12
12/11/2000,49
ruston,30
pat,35
willi,6
campus,3
doubl,20
shift,27
10-2,3
12/14/2000,3
07:47:17,3
campu,3
town,10
mani,20
worrri,6
warm,14
12/13/2000,33
12:49:01,6
stare,9
TV,10
ontop,6
postcard,6
temperatur,9
land,6
zero,30
balmi,6
grandma,9
corner,16
closet,9
sleet,9
muggi,9
10:25:07,9
key,21
hidden,18
easter,12
loud,23
ear,28
closer,18
summitt,12
chant,15
keith,12
blast,12
09:33:18,12
chicogo,12
cancel,18
i'm,12
poor,15
ice,15
wool,12
coat,12
freez,12
tushi,12
driver,16
life,24
megan,19
pray,10
hip,4
hobbl,4
major,10
marathon,4
member,14
bonu,4
split,7
12/13/00,16
2,013,783,4
344,987,4
2,230,055,4
magic,3
Am,3
clark,32
suma,25
aeco,21
cowan,21
shown,21
IM,69
06:49,18
06:31,4
13th,4
despit,4
07:00,4
05:34,7
reconcil,21
gilli,17
aeco/stn2,7
189,7
ie,31
preced,7
brian/kathi,11
unhid,11
c-,11
section,20
green,14
period,22
notion,11
04:21,7
04:22,11
histor,4
fireplac,15
low,9
wear,6
05:14,3
pitch,3
regret,6
restur,10
curl,6
a/a-timesheet,6
torr,3
04:41,3
view,3
RT,6
03:23,3
torres/hou/ect,3
defens,10
wast,10
fail,11
insur,56
turn,33
known,11
ta,7
sooner,6
aaaaaahhhhhhhh,3
slip,3
vent,6
08:00,3
12/12/00,16
3,181,799,4
344,776,4
3,359,650,4
ft-,4
ontario,4
324,805,4
acquir,3
04:20,3
jack,4
novemb,16
hint,3
otherwis,13
40,15
flat,14
12/11/00,16
4,394,424,4
357,959,4
4,579,519,4
bon,3
en,3
francai,3
spent,36
doze,3
horribl,3
04:40,3
model,9
03:13,8
judi,8
dyer/hou/e,8
wayn,8
kimball/hou/e,8
derenda,8
plunkett/enron,8
mcclellan/hou/e,8
gbill,4
contechnet.com,4
FW,44
forc,12
spi,9
chit,3
incrimin,3
c'moon,3
bust,6
worksheet,3
~~~~~~~~~~~~~~~~~~~~~,3
corpor,10
applic,11
713.853.4752,3
congrat,12
10/24/2000,40
vallejo/hou/ect,40
08:43,7
chen,12
12:24,12
12:17,17
12:09,14
10/23/2000,14
11:42,14
12/8/00,16
3,885,186,4
348,979,4
4,068,571,4
signal,3
wood,3
FL,6
court,13
2008,3
elect,10
03:41,6
sup,3
overrul,3
appel,3
recount,3
counti,11
drink,14
lupe,9
11:04,3
crave,6
fajita,3
disrupt,3
sneak,3
12:00,6
doctor,17
deadlock,3
govern,3
medic,3
significantli,14
wade,3
tape,3
polit,22
voic,6
machin,15
black,3
legislatur,3
deni,6
vote,7
quot,3
jackson,3
cri,3
river,3
straight,3
prejudic,3
tennesse,3
fake,3
inbox,3
pop,6
privaci,3
08:31,3
honestli,12
sweet,3
12:50,3
grab,5
sandwich,3
trevino,18
04:56,3
brackett/hou/ect,7
ron,7
nolte/enron,7
moore/hou/ect,7
rudi,7
zipter/hou/ect,7
warwick/hou/ect,10
tracey,10
irvin/hou/ect,10
manfr,7
roenz/corp/enron,7
clara,7
carrington/hou/ect,7
minal,7
dalia/hou/e,7
homan,7
amiry/lon/ect,7
christian,10
lebroc/corp/enron,7
xochitl,7
figueroa/na/enron,7
bjorn,7
hagelmann/hou/ect,7
dalal/corp/enron,7
terri,10
harlan/hou/ect,7
marina,7
ng/na/enron,10
kasemervisz/hou/ect,3
anita,7
luong/hou/ect,7
mechel,7
snow/hou/ect,3
shari,9
mao/hou/ect,6
hanson/hou/ect,3
697,3
x3-1462,6
deadlin,32
export,12
preliminari,9
7:20,6
submit,51
shona,9
wilson,17
7:45,6
2:00,10
london,6
forgotten,3
regular,14
occur,7
10:46,3
10:45,9
bob,9
hall/na/enron,3
lesli,3
reeves/hou/ect,3
maxwell/hou/ect,3
mills/hou/ect,3
earnest/hou/ect,3
brenda,9
herod/hou/ect,9
moscoso/hou/ect,11
albrecht/enron,3
stadler/enron,3
meredith,3
eggleston/hou/e,3
new/lon/ect,3
heidi,3
mason/enron_develop,3
jan-erland,3
bekeng/ap/enron,3
price/hou/ect,3
mike,30
jordan/lon/ect,3
thibodeaux/na/enron,3
eugenio,3
perez/hou/ect,3
serv,13
convey,3
reiter,3
8am,3
violation/notif,3
engin,6
agg,3
4:00,3
7:20-3:00,3
violations/notif,3
merchant,3
asset,3
everyday,26
unaccept,7
12/6/00,16
4,433,359,4
353,366,4
4,638,876,4
financi,29
12/5/00,16
3595275,4
339919,4
3768435,4
promot,7
summar,7
strength,7
goss,3
1,000,21
anywher,3
8:45,5
teach,3
integr,7
overachiev,3
violat,10
x-ma,6
door,17
strang,3
play,38
hing,3
12/05/2000,7
07:51,3
rsvp,12
invitee-,3
invite,3
him/her,3
07:59,7
12/4/00,16
2,989,591,4
336,966,4
3,189,446,4
08/11/2000,30
swinney,22
12/04/2000,13
abel,14
liquid,17
respect,21
aris,15
11:31,11
bas0800,11
3-9111,11
specii0800,11
spec0800,11
metals0800,11
stafford,11
0800dbrc,11
5-8638,11
0800dist,11
0800dist2,11
0800rprc,11
usuk0800,11
0800blrc,11
5-8091,11
0800cfrc,11
res0800,11
frt0800,11
soni,11
ngl_0800,11
3-7729,11
egli0800,11
anjali,11
abraham,11
0800btx,11
3-7434,11
0800pla,11
sharma,11
wti0800,11
3-5170,11
wti_prepay_0800,11
0800can,11
dawn,36
unbeliev,6
kenn,6
kenne/hou/ect,10
allen,22
caus,29
phenomenon,7
chu,6
kelli,9
stephen,21
wilbeck,3
03:09,3
craig,7
hall/etol,3
etol,3
maloney/corp/enron,3
clark/hou/ect,3
Mo,3
bawa/enron,3
massey/hou/ect,3
akasha,3
redrick/corp/enron,3
kate,3
lucas/hou/ect,3
farzad,3
farhangnia/hou/ect,3
shulklapper/hou/ect,3
ruscitti/hou/ect,3
leonard,6
tham/na/enron,3
clair,3
broido/hou/ect,3
yvan,3
chaxel/corp/enron,3
pearc,3
hammond/corp/enron,3
howley/corp/enron,3
graham/na/enron,3
hunker/enron,3
alberto,3
jimenez/corp/enron,3
jebong,3
lee/enron,3
eva,3
rainer/hou/ect,3
ruiz/na/enron,3
imad,3
tareen/corp/enron,3
wang/corp/enron,3
gronvold/hou/ect,6
bret,3
scholtes/corp/enron,3
seigal/hou/ect,6
valter,3
stoiani/corp/enron,3
garberding/hou/ect,3
herron/corp/enron,3
Ed,3
wood/hou/ect,6
scarborough/enron,3
althaus/corp/enron,3
leonardo,3
pacheco/corp/enron,3
mario,3
parra,3
cardoso/corp/enron,3
mccoy/hou/ect,3
raimund,3
grube/corp/enron,3
plauche/corp/enron,3
ross,6
prevatt/hou/ect,6
gaurav,3
babbar/hou/ect,3
banu,6
ozcan/corp/enron,6
milind,3
pasad/hou/ect,3
claudio,3
ribeiro/corp/enron,3
gray,6
calvert/pdx/ect,3
thome/hou/ect,3
wente/hou/ect,6
browner/hou/ect,3
winston,3
cheng/sf/ect,3
vicki,3
ha/sf/ect,3
nick,3
hiemstra/hou/ect,3
howton/hou/ect,3
josephin,3
lin/enron,3
hattenbach/na/enron,3
baker,3
varnell/na/enron,3
jay,3
epstein/hou/ect,3
waldhauser/lon/ect,3
sscott5,3
brando,3
hayden/hou/ect,3
seth,3
hurwitz/corp/enron,3
angeliqu,3
woods/na/enron,3
deane/sf/ect,3
flanigan/enron,3
joe,3
gordon/corp/enron,3
amber,3
hamby/corp/enron,3
sean,3
keenan/hou/ect,3
king/hou/ect,3
little/na/enron,3
stanton,3
ray/hou/ect,3
ying,3
soong/na/enron,3
miguel,3
vasquez/hou/ect,3
virawan,3
yawapongsiri/na/enron,3
cooper,10
richey/pdx/ect,6
jennifer.newbrough,3
bass/hou/ect,6
erica,3
bess/corp/enron,3
betzer/enron,3
teresa,3
dyar/na/enron,3
ferrell/na/enron,3
gim/na/enron,3
gordon/na/enron,3
hackett/lon/ect,3
jolli,3
jose/na/enron,3
keeney/hou/ect,3
joshua,3
clement,3
lau/hou/ect,3
fatimata,3
liamidi/na/enron,3
lyon/corp/enron,3
kelley,3
mcintyre/na/enron,3
iri,3
short/na/enron,3
gauri,3
sohoni,3
khokha/sf/ect,3
southard/lon/ect,3
wax/hou/ect,3
lewi,3
worthy/hou/ect,3
zivic/hou/ect,3
noble/hou/ect,3
brogers2,3
gautam.gupta,3
russell.dyk,3
wjennin,3
doug.sewel,3
connolly/na/enron,3
massimo,3
marolo/na/enron,3
pimenov/na/enron,3
damon,3
harvey/enron_develop,3
joana.ryan.bekerman,3
gain,15
insight,3
jen,9
fraser,3
director,3
egm,3
12,11
30c1,3
rsvping,3
annemiek,14
hunter,7
shive,7
neal,3
grigsbi,3
slikker,3
09:19,3
san,3
marco,6
12/1/00,16
1,152,305,4
340,158,4
1,376,639,4
badli,3
talkin,3
bout,3
12/01/2000,6
beat,12
krispi,6
kreme,6
heaven,6
dozen,6
hand,26
box,19
freight,3
small,23
3:45,3
tempt,6
bulk,3
pair,6
cnn,3
protestor,3
gore,3
communist,3
sickl,3
G.,3
loserman,3
doughnut,3
09:08:20,3
11/30/00,16
1,170,267,4
219,559,4
1,255,081,4
gwen,3
958,3
W.,3
cuyler,3
1S,3
60613,3
gwendolyn,3
09:46,3
sap,3
guest,3
besid,12
11/30/2000,16
afraid,3
realist,3
rephras,3
'M,3
rerol,6
rewind,3
HI,3
10-11,3
08:37,7
half-way,3
08:23,8
4:15,3
mid-day,3
07:39,3
macro,3
push,6
11/29/00,16
1,212,593,4
199,079,4
1,249,461,4
11/29/2000,6
05:05,3
aaannyyi,3
coincid,3
04:45,3
m.a,3
rodriguez,3
erequest,12
mere,8
modul,4
proper,4
girli,3
earn,7
breakout,21
11/28/00,16
241,112,4
198,780,4
341,097,4
assumpt,6
hectic,3
drag,9
formula,7
11/28/2000,19
12:59,6
annoy,9
fault,19
project,3
.......,3
lack,3
knowledg,4
descent,3
GM,3
blond,4
donna,14
buddi,4
circl,4
realtrorarr,4
aggga,23
11/22/2000,29
enov,20
ramesh,38
already-,8
oppos,8
10:24,4
11:50,4
reconcili,7
11:29,7
democrat,8
09:14,4
darryl,4
kendrick/hou/e,4
agudelo/hou/e,4
seal,4
seal.jpg,4
prokop,18
amerex,14
mikep,4
amerexenergy.com,4
07:48:58,4
enronrobin,7
login,7
attempt,7
vice,7
presid,7
cio,7
Ph,7
281-340-5290,7
281-634-8879,7
11/27/00,16
1,286,103,4
198,698,4
1,284,305,4
aleluya,6
pester,3
death,7
haze,9
11/27/2000,15
01:01,3
scratch,6
fri,4
turkey,51
yummi,4
crum,4
brag,4
alon,7
kinder,4
clock,9
bye-by,3
09:37,6
side,11
misteri,3
optimist,3
lower,6
subdu,3
suffer,10
rebuild,6
daze,6
statement,21
nol,6
heavi,9
11/22/00,16
1,269,998,4
200,555,4
1,270,367,4
mcintyr,3
11:34,3
wilson/na/enron,3
format,40
BM,3
12:03,4
ena,10
kathy/brian,8
incorrectli,8
verifi,17
11/21/00,16
1,353,409,4
199,788,4
1,339,756,4
24,200,4
-east,4
pipe,4
11/21/2000,26
agg-gasii,14
ft-cand-egsc-opt-prc,10
ft-hplc-ba,10
ft-hplc-prc,10
ft-int-cen-mkt-gdl,10
ft-us/cand-erms-gdl,10
vladimir,18
gorny/hou/ect,18
keavey,17
ft-canada-ba,3
ft-canada-prc,3
im-texas-ba,3
im-texas-prc,3
im-central-phi,3
ft-canada-gdl,3
03:51,6
03:48,3
elimin,21
amongst,8
ft-peopl,7
j_mckay,7
suggestions/com,7
solv,17
03:52,4
belong,9
repeat,9
03:11,3
ST,3
03:02,6
j_william,6
p_keavey,6
ft-peoples-ba,6
ft-peoples-prc,6
844,045,4
173,922,4
969,159,4
11/20/00,16
2,010,184,4
196,977,4
2,036,711,4
consolid,45
11/20/2000,31
primari,3
Q2,3
06:29,3
firm,13
-7,306,7
2,634,7
07:21,7
signific,16
640k,10
06:10,10
nov.,24
17,28
jun,18
aug,21
sept,22
oct,25
nov,22
274,18
-4,672,18
5,115,18
990,18
-2,517,18
-6,708,18
27,552,18
mar,13
apr,10
2,191,4
9,084,4
6,261,4
4,304,4
12,984,4
07:13,4
07:10,4
ftcd,3
10:59,3
draft,3
modifi,7
jon,4
entir,20
11/17/00,16
2,922,796,4
196,716,4
2,993,595,4
11/16/00,40
11/16/2000,43
deriv,19
11/18/2000,17
overal,8
impact,8
map,8
36,777,800,8
-36,060,600,8
-29,332,789,8
-14,962,485,8
04:58,4
04:53,7
lavorato/corp/enron,7
decomposing/reconstruct,4
resolut,4
motion,8
improperli,4
re-ran,4
decreas,4
increas,4
hedg,8
portfilio,4
approx,7
200k,4
11/17/2000,16
06:43,4
curve/primary-secondari,4
7,411,853,4
10,723,189,4
30,861,483,4
-30,861,483,4
37,015,232,4
-31,053,419,4
lavorato-fin,4
lavorato-texa,4
-6,716,337,4
-6716337,4
lavorato-cnd,4
-10,455,397,4
-7,411,853,4
lavorato-cnt,4
-7,823,233,4
-7,479,112,4
lavorato-west,4
lavorato-east,4
intra-canada,3
urgent,3
12:33,3
12:28,3
rush,3
exhaust,3
despar,3
parent,9
what'cha,3
11:26,3
lone,3
Cd,3
juarez,3
El,3
paso,3
declin,3
foreign,3
stranger,3
bactk,3
10:35,3
evalu,13
procrastin,3
blankli,3
wed.,6
five,11
task,3
thrown,3
longest,3
bowl,3
shirt,3
10:19,10
bug,3
pep,9
avg,3
wild,7
warn,3
shut,19
midnight,3
popcorn,3
CD,3
2,266,862,4
195,997,4
2,336,884,4
04:08,3
text,64
57478,7
3/1/01,20
920,278,4
174,427,4
1,051,128,4
outdat,6
info,13
richardson,9
dead,7
monthli,3
dutch,6
quigley/hou/ect,6
yellow,10
wife,16
=7f,4
marri,4
instead,15
squander,4
paycheck,19
sunday,40
furiou,4
yell,4
wednesday,11
swell,8
florida,12
attorney,8
lotteri,8
MY,8
gener,15
liz,4
dear,7
sir,4
recent,4
win,8
ON,7
ME,4
ass,10
OR,7
palm,4
bid,12
shreveport,15
complain,32
11:01,3
huhh,3
10:49,3
slight,3
crisi,3
fashion,11
07:19,6
MS,9
11/15/00,16
3,570,479,4
200,087,4
3,667,563,4
RC,4
Co,2
3/12/01,1
312-541-1054,1
05:03,1
monitor,4
cultur,1
input,5
staff,1
identifi,17
improv,4
commerci,7
staf,1
leader,1
via,4
inter,1
anonym,1
x3-5213,1
chick-fil-a,3
11/15/2000,6
hwang,33
11/14/2000,9
04:55,3
neil,6
hong/hou/e,6
hamilton/hou/e,3
warren,6
prihoda/hou/e,6
precis,6
built,3
11/14/00,16
2,977,025,4
231,980,4
3,003,246,4
ft-new-texas-ba,3
'ft-new-texas-gdl,3
'ft-new-texas-prc,3
02:30,7
whose,18
gd-market-ba,3
gd-market-gdl,7
gd-market-prc,3
browni,7
rental,12
employ,8
excus,8
co-work,8
advanc,12
8:10,8
stall,8
.69,8
5.85,8
6.85,8
union,8
cash,12
oper,13
ban,4
hire,7
intact,4
constitut,4
breach,4
bereav,4
rel,10
effort,7
non-employe,4
rare,12
funer,4
subsequ,4
share,14
absenc,4
duti,4
restroom,4
alphabet,4
8:00,8
8:20,4
unabl,4
emerg,4
swap,13
exchang,7
strict,4
alarm,11
toilet,4
retract,4
gross,11
1,222.02,4
244.40,4
45.21,4
11.61,4
interst,4
61.10,4
6.11,4
12.22,4
rural,4
4.44,4
1.11,4
1.16,4
1.61,4
Up,4
2.22,4
tic-tac,4
1.98,4
thumbtack,4
3.93,4
carpet,4
tack,4
.98,4
stadium,8
8.32,4
surtax,4
3.46,4
2.60,4
fee,11
5.00,4
fica,4
81.88,4
tgif,4
fund,7
9.95,4
health,7
16.23,4
dental,4
4.50,4
mental,10
4.33,4
reassur,4
.11,4
2.50,4
abil,4
.25,4
liabil,4
3.41,4
unreli,4
10.99,4
cup,4
66.51,4
.32,4
4.32,4
3.77,4
retreat,4
121.35,4
overtim,7
1.26,4
undertim,4
54.83,4
9.00,4
8.00,4
mountain,4
7.00,4
pacif,4
6.00,4
oxygen,4
10.02,4
water,14
16.54,4
heat,4
51.42,4
cool,4
26.83,4
20.00,4
113.29,4
8.01,4
0.12,4
loyalti,4
concern,7
complaint,10
frustrat,28
aggrav,7
insinu,4
alleg,4
accus,4
comtempl,4
constern,4
elsewher,4
//calendar.yahoo.com/,4
11/13/00,16
2,726,690,4
243,892,4
2,785,081,4
jefferi,3
3-7306,3
short,14
11/13/2000,13
blanchard,3
J.,3
champion,3
harrison,7
hyde,14
lang/na/enron,3
H,3
mason/corp/enron,3
huang,3
norri,3
joyou,3
quickli,6
2/28/01,20
854,693,4
164,563,4
964,254,4
la,18
accent,9
moan,9
australia,41
lamb,6
meat,6
pie,10
worn,6
fear,6
speak,6
chafe,3
thumb,3
finger,3
repetit,3
........,11
truli,3
chi-cog-oooo,3
syllabl,3
nearli,6
sydney,15
american,15
chain,13
kfc,3
everywher,3
biggest,6
pumpkin,7
veget,6
beet,3
hamburg,3
cheap,3
common,3
chicken,10
pastri,3
flavor,3
greasi,6
ground,11
beef,3
british,3
influenc,3
lifesav,7
bondi,3
sceneri,3
men,10
speedo,3
young,3
60,3
underwear,3
six,3
layer,3
belli,3
hung,3
scare,20
ev1.net,11
08:38:10,3
needless,3
I.,3
15.5,7
t-shirt,3
banana,6
neat,6
nine,3
slower,3
13,13
chaf,3
insid,3
inner,3
thigh,3
was/i,3
fatigu,3
newspap,3
lawn,3
piti,3
that',3
weak,3
08:39,3
kelly/hou/ect,3
9:30a.m,7
11/02/2000,12
hogan/hou/ect,8
06:05,4
02:14,7
02:13,12
move-team,4
01:16,7
salinardo,4
danita,4
cole/corp/enron,4
11/10,4
churn,4
11/01/2000,7
04:17,4
move-team/epsc/hou/ect,4
x36143,4
941776,13
patel,6
11/10/2000,14
intra-northeast-ba,10
941701,10
region_cd,6
941767,10
11:19,3
intra-gulf4-ba,3
centragulf,3
centgulf,3
cegulfngpl,3
centgulf2,3
10:52,3
portcalc,7
11/09/00,7
intra-cnt-gulf-phi,11
intra-cnt-gulf2-phi,7
chicki,3
dine,16
children,16
choic,12
tribal,12
drum,12
egroups.com,12
1_bakery_mad,8
tradit,8
carv,8
privat,8
egroup,8
rule,16
10:00,10
09:16:15,4
mmf91330,4
cs.com,4
josie_010978,4
annes,4
baumspenc,4
aol.com,12
diann,4
usgdj,4
latech.edu,4
Fw,4
resist,7
sandi,4
ms.,4
i'v,4
sidewalk,4
homemad,4
luminari,4
cleverli,4
row,7
sack,4
desir,4
linen,4
fanci,4
china,4
goblet,4
dish,10
fork,4
refrain,4
plastic,4
rabbit,16
plate,4
santa,4
napkin,4
centerpiec,4
tower,4
fresh,4
fruit,4
display,4
hedgehog-lik,4
decor,4
hand-craft,4
finest,4
artist,4
assur,4
pilgrim,4
hotlin,4
diamond,4
accompani,4
children',4
recit,4
frozen,8
dryer,4
toy,4
dainti,4
silver,4
bell,4
feast,4
chose,7
method,4
we'v,4
formal,4
gather,7
spirit,4
harmoni,4
onlook,4
safeti,4
ceremoni,4
circumst,4
unsuspect,4
electr,4
knife,4
unarm,4
scrumptiou,4
dessert,4
garnish,4
cream,4
fingerprint,4
sourc,10
magazin,4
barbara,4
tyler,4
non-text,4
portion,4
sponsor,4
-~-~,4
elert,4
easi,10
//click.egroups.com/1/9698/2/_/536383/_/973827671/,4
-_-,4
blank,7
unsubscrib,4
1_bakery_madness-unsubscrib,4
digest,4
1_bakery_madness-digest,4
1_bakery_madness-norm,4
archiv,4
//www.egroups.com/archive/1_bakery_mad,4
viru,24
hoax,4
fundrais,4
chariti,4
i.e.,4
work-at-hom,4
spam,4
religi,4
solicit,4
unawar,4
recip,4
11/9/00,16
1328090,4
206934,4
1380765,4
02/28/2001,26
gatorad,12
lent,12
03:37,11
yogurt,6
01:11,6
war,16
olymp,20
halfway,8
85,8
reunion,8
pow,8
greec,8
greek,11
US,23
women,14
gold,4
medal,4
soooo,4
freeman,4
marion,4
tour,7
bronz,4
muscular,4
sufer,4
brisban,4
ship,7
80-100,4
captain,4
80,4
wwii,4
veteran,4
grandpa,4
thier,4
batallion,4
70,7
lifeguard,4
local,10
injuri,4
retir,7
escap,4
nazi,4
camp,4
fled,4
fought,4
citizen,4
europ,8
asia,4
11/8/00,16
1,438,614,4
278,372,4
1,486,991,4
activ,20
cc107074,9
11/08/2000,9
11:09,6
resid,6
11/06/2000,9
02:37,11
suzann,6
nicholie/corp/enron,6
ngp,28
energi,18
phase-in,3
affect,3
workload,3
RM,3
clarif,3
normal,7
survey,3
x3-597,3
mao,3
tree,29
94,3
austalian,3
awkward,3
flew,3
luggag,3
allot,3
iron,3
duper,3
63,3
lb,3
57,3
14,21
inch,9
trunk,3
11/7/00,16
630,912,4
272,969,4
703,128,4
remind,16
10:57,12
perkins/hou/e,3
.002,3
rain,33
babi,21
iah,6
sugarland,3
brianna,3
forearm,3
plu,20
plane,3
dalla,3
golf,30
rusti,3
sarcast,3
remark,3
11/03/2000,38
yeahh.i,3
nervous,3
pl/sql,20
packag,16
oracl,12
08/26/2000,24
08:54,4
03:58,8
bilal_bajwa,4
03:55,4
enclos,7
script,4
enpow,4
expow,4
extract,4
strip,32
to_char,28
'ng,24
roll-off,24
to_dat,24
decod,24
to_numb,24
-1,24
ref_period_dt,20
-2,20
nextmonthdt,23
promptdt,16
add_month,16
p_effdt,16
cutoff,16
null,16
,1,12
rms_deal_leg,12
'01'||to_char,8
expdat,8
popul,16
'gd,8
09:10,4
09:13,4
04:02,4
04:01,4
08/07/2000,31
wong/hou/ect,4
'monyyyy,4
'ddmonyyyy,4
p_commodity_cd,4
exp_dt,4
egs_expiration_d,4
expiration_rule_cd,4
'natur,4
futures',4
promptdt,1,4
V,8
'mm,4
||,4
'yyyy,4
'ddmmyyyy,4
'floatvsfloat,4
swap_cd,7
'swap,4
G,7
custom,13
uppsss,6
3-4ish,3
noonish,3
morton,6
rout,3
hoskin,3
trhough,3
ouchhhh,3
oart,3
sooooo,3
tenni,3
raquet,3
complic,3
11:23,4
michael.abraham,4
us.arthurandersen.com,4
recon,4
ng-price-ba,3
butt,22
intent,7
bait,3
hazard,7
challeng,3
trash-talk,3
mexican,3
knock,3
weakl,3
athlet,3
11:55,3
bureaucrat,3
treasuri,3
financ,3
2:30,3
clueless,6
pump,3
6:30,3
gringo,3
idiot,3
spread,6
100,000,3
9,600,4
northeast,4
7,460,4
dow,12
url,12
intellig,8
interact,11
/,22
dji,8
desktop,8
industri,17
10/25/2000=20,4
09:39,4
djirequest,4
12/14/99,4
janett,4
oquendo,4
mo=,4
st=20,4
comprehens,4
pre-emin,4
th=,4
e=20,4
wall,4
journal,4
barron,4
immedi,8
here's=,4
//djinteractive.com,4
enerrodri2,4
71503034,4
and=20,4
sensit,4
newsstand,4
scan,4
industry.=20,4
6,000,4
tho=,4
se=20,4
customclip,4
alert,4
competitor,4
worl=,4
d.=20,4
analyz,4
revi=,4
ew=20,4
company=01,4
service=,4
a.m.,7
p.m.,10
est,4
800-369-7466,4
wsj.dowjones.com,4
and=,4
self-direct,4
tutori,4
//ask.djinteractive.com/enron=,4
orient,3
accordingli,4
.........,24
sad,16
...............,16
10/22/2000,4
03:31,4
10/13/2000,4
09:03,4
poem,8
.............,8
plot,8
reveng,8
scum,8
bastard,8
teas,11
dumb,8
hair,14
homag,8
porcelain,8
god,20
clumsi,8
oath,8
pledg,8
till,8
loss,20
fallen,8
forecast,4
mild,4
sharpli,4
0.68,4
primarili,4
driven,4
295,4
jani,15
rebook,12
aguayo,6
10/19/2000,3
11:06,3
q46923.1,3
pleasen,3
nicor,3
enerchang,3
llc,3
rpt,3
10/18/2000,3
q44963.1,3
duke,3
10/16/2000,6
09:24,3
09:11,3
dec.20-22,3
thur,3
oct.,3
10/12/2000,3
11:12,3
chokshi/corp/enron,3
delma,3
salazar/na/enron,3
sail,3
accomod,3
human,10
inquiri,3
713-345-7106,3
bosien,3
9/22,4
10/11,4
quietli,4
interrupt,4
inan,4
digress,4
moment,4
cernseck,4
broker,4
gift,28
slow,12
bra,6
hyperion,3
tues.,4
wed,10
281-300-9145,11
cell,18
pager,10
713-781-0545,7
n/a,7
09/15/2000,3
09:12,3
earliest,3
vanessa,3
09/13/2000,19
~me00001,12
.doc,12
workplac,8
poster,8
06:19,4
02:54,4
lawrenck,4
urbanretail.com,4
02:26:57,4
toddl,4
synnex.com,4
jennifer.bagwel,4
kayneg,4
juno.com,4
kgantt,4
co.arlington.va.u,4
ktaylor,4
expeng.com,4
penpointe.com,4
lo,12
angel,12
CA,12
UA,12
23sep,6
airbu,6
a319,6
05c,6
NS,6
kingsfordsmith,6
747-400,6
07oct,6
passport,6
visa,12
reconfirm,6
ja/znt4yg,3
2451,3
corp,6
1400,3
77010,3
sep,3
645p,3
809p,3
377,3
3:24,3
1040p,3
705a,3
815,3
25sep,3
dinner/breakfast,3
14:30,3
34h,3
215p,3
940a,3
816,3
lunch/breakfast,3
13:25,3
34c,3
155p,3
710p,3
518,3
3:15,3
ua/p9040k,3
s0c0011r1002,3
016,3
7951169443,3
u.s.citizen,3
valid,7
beyond,3
agenc,3
dept,3
sam,3
345-5166,3
check-in,3
intern,3
individu,3
72,3
departur,3
failur,3
concierg,3
non-refund,3
penalti,3
and/or,3
collect,3
BY,3
swim,18
dream,9
event,6
butterfli,6
trivia,3
sibl,3
absurd,3
mr.,3
kirkpatrick,3
venu,3
coach,3
swimmer,3
injur,3
freestyl,3
special,3
paul.rodrigu,10
trin.net,10
09:22:25,3
fortworth,3
spray,3
wet,3
road,3
dirti,3
experienc,3
consult,3
suppli,3
arthur,6
9/12/2000,3
3:33:27,3
dri,6
blown,6
drizzl,6
mud,6
puddl,6
aruthur,6
spring,6
bum,3
complexion,3
tomato,3
soft,15
squishi,3
casual,3
suedo-wint,3
mid,3
prognosi,3
serious,3
prayer,3
daylight,9
2/27/01,40
07:33,4
06:38,4
881,664,8
177,139,8
984,782,8
09/12/2000,6
erc,6
runner,6
blind,3
09/08/2000,3
spaceyenronrunn,3
running.com,3
bcc,3
mid-dist,3
host,6
club,19
month.,3
design,10
throughout,3
area.,3
distanc,3
saunder,3
713-853-3532,3
headphon,3
plug,32
decoy,3
neighbor,6
08/31/2000,8
aggi,11
09:36,4
honor,4
delet,8
success,4
b-day,10
junki,9
100,12
platinum,3
08/30/2000,7
08:46:28,3
tast,3
vampir,3
manufactur,3
ironi,3
btw,3
anderson,6
8th,6
8/30/2000,3
8:21:45,3
talbot,6
karon,6
ransom,6
hook,6
sport,6
infomerci,6
wrap,8
clerk,4
11:32,4
08/29/2000,4
03:41:28,4
exact,6
3275d,4
3275f,4
3275g,4
currenc,12
orig,15
spot,18
08/24/2000,8
fx,8
denomin,8
sched,4
convert,4
reciev,4
23rd,4
24th,4
11:43,4
laport,28
01:20,4
function,11
cad,4
compris,4
retransl,4
translat,4
gains/loss,4
mother,12
scandul,3
piss,3
speechless,3
heartless,3
bombard,3
pos-gas-trd,24
gary/susan,20
attent,4
pwr-gas-lt-mgmt-prc,4
jenni,8
latham,4
txt,40
breath,6
terribl,3
appt,3
dr,3
fli,13
shuttl,3
forth,3
dr.,3
rambl,3
recruit,9
geynil,6
dillingham,6
lsu,6
08/18/2000,3
02:57,3
jere,6
overdyke/hou/ect,6
rice/corp/enron,3
randal,3
maffett/hou/ect,3
edward,3
coats/corp/enron,3
martin/hou/azurix,3
schwarz,3
deffner/hou/ect,3
pizzolato/hou/ect,3
hughes/hou/e,3
harrison/hou/ect,3
melissa,7
white/enron,3
price/corp/enron,3
leblanc/corp/enron,3
husser/hou/e,3
mari,13
baker/hou/ect,3
hutton/corp/enron,3
ryan/hou/ect,3
connevey/corp/enron,3
hello,3
chosen,3
univers,3
associate/analyst,3
upcom,3
r.s.v.p,3
flore,3
refin,8
30,600,4
plaza,4
02/27/2001,12
02:31,4
propos,18
billi,8
graham,8
preacher,8
bottom,4
u.s.,4
agricultur,4
anim,4
carcass,4
cancer,4
tumor,4
unaesthet,4
consumpt,4
offend,4
loosen,4
slaughterhous,4
inspect,4
standard,4
aug.,8
weigh,4
pu,4
pneumonia,4
benign,4
glandular,4
infecti,4
arthriti,4
diseas,4
intestin,4
worm,4
hubert,4
penrod,4
jr.,4
hooter,4
nashvil,4
attract,4
crusad,4
porn,4
star,4
singer,4
footbal,4
//www.msnbc.com/comics/nw.asp,4
6,300,4
kay,10
recept,6
chapman,3
frevert/na/enron,3
delainey/hou/ect,3
oxley/hou/ect,3
bland/hou/ect,3
detmering/hou/ect,3
mccormick/hou/ect,3
janet,3
dietrich/hou/ect,3
raymond,3
donahue/hou/ect,3
presto/hou/ect,3
rodney,3
malcolm/hou/ect,3
betzer/hou/ect,3
etter/hou/ect,3
webb,3
jennings/hou/ect,3
stephan,3
brodeur/cal/ect,3
lon,3
draper/cal/ect,3
harrison/den/ect,3
shawn,3
anderson/cal/ect,3
martina,3
angelova/lon/ect,3
antonio,3
benitez,3
kuehl/mad/ect,3
biever/cal/ect,3
tham/hou/ect,3
shankman/hou/ect,3
nowlan/hou/ect,3
beverli,3
chapman/hou/ect,3
nicki,3
daw/na/enron,3
morton',3
contribut,3
steak,3
5000,3
westheim,3
7:00pm,3
7:45pm,3
bland,3
3-5275,3
forum,3
senior,3
17th,10
ebay,18
registr,9
step,6
//cgi4.ebay.com/aw-cgi/ebayisapi.dl,6
ebayregisterconfirm,6
number=12650,3
ema,3
il=rrodri2,3
12650,3
href=,3
//pages.ebay.com/help/basics/select-support.html,3
/a,3
canadapow,3
adventur,3
ng-prc-crude-p1,60
bookrequest,8
691,8
crude,4
hesit,4
01:34,4
sue,4
vasan/na/enron,4
gcp_houston,4
leggett/na/enron,4
newli,4
root,4
agg-ect,4
agg-en,4
gasus,4
commodity-var,4
ng-houston,4
us-var,4
commodity_var1,4
agg-credit,4
discounting-usd,4
infinity-usd,4
credit-agg,4
comp-inc-var,4
8/11/2000,3
600,3
1,763,3
nomin,12
mercuri,9
x3-5070,39
8/10/2000,3
220,3
1,758,3
6am,3
willingli,3
itchi,3
imag,3
cigar,24
claim,23
charlott,4
NC,4
among,4
stockpil,4
seri,4
refus,8
cite,4
consum,4
su,4
judg,4
agre,17
frivol,4
nevertheless,4
warrant,4
guarante,7
defin,8
oblig,4
endur,4
lengthi,4
costli,4
appeal,4
15,000,4
arrest,4
arson,4
testimoni,4
convict,4
burn,4
properti,4
jail,4
24,000.00,4
prob,3
08/09/2000,3
08:12,3
8/8/00,3
1,400,4
intra-east,4
a.k.a,3
whipthebrian.ex,3
trash,3
counter,3
08/08/2000,24
05:11,8
857202,4
857204,4
857207,4
04:36,4
id',10
egsc,37
857160,4
857162,4
857181,4
857198,4
mkt,8
05:10,4
05:00,4
near,3
funnier,3
grad,3
500,4
intra-centr,12
05:53,4
856241,4
856242,4
op,4
856250,4
c,7
856256,4
8/7/2000,3
498,3
1,338,3
lame,3
pathet,9
comedi,3
twist,3
diet,3
sandwhich,3
potato,3
04:51,7
lilli,4
04:52,4
8/7,4
855962,8
04:19,4
01:54,8
855957,4
8/4/2000,3
104,3
clay,6
08/04/2000,3
deshonda,3
hamilton,3
annetta,3
jackson/hr/corp/enron,3
phil,3
gelenberg/hou/e,3
kennedy/hou/ect,6
joni,3
fisher/hou/e,3
dickson/enron,3
thompson/hou/e,3
angela,7
villagomez/corp/enron,3
wilson/enron_develop,3
forbis/hou/e,3
suttle/hou/ect,3
contreras/enron_develop,3
kurt,3
homan/hou/e,3
lee,3
steele/corp/enron,3
kathleen,3
williams/hou/e,3
dag,3
adolfsson/enron_develop,3
dominguez/corp/enron,3
deniss,3
guzman/hou/ect,3
migliore/corp/enron,3
dominguez/enron_develop,3
portz/hou/ect,3
89.00,3
payrol,3
deduct,3
subsid,3
02/26/2001,15
picki,3
NH,3
post-id,19
crash,3
8/3/2000,3
38,3
shorter,12
cornel,4
ft-cand-pwr-prc,4
canadapower_08022000,4
factor,25
7/31/2000,6
08/01/2000,3
10ft,3
bottl,16
demolish,8
fortun,8
wine,8
accid,4
amazingli,4
crawl,4
unhurt,4
peac,4
flatter,4
continu,10
miracl,4
celebr,4
nod,10
cap,4
i'll,4
polic,4
moral,4
clever,4
bitch,4
kenni,12
300,6
7/28/2000,3
349,3
1,137,3
voila,3
SO,3
charm,4
thrower,3
msxssc.shell.com,44
ssi-isac,36
releas,24
mechan,24
07/21/2000,20
07/26/2000,52
jimmi,12
msxsepc.shell.com,12
06:24,12
manguba/hou/ect,8
guerra,8
ssi-isat,8
ssi-epda,8
wessys.com,8
'jerri,8
bankofamerica.com,8
desktop.ex,8
06:30,4
couch,8
rene,10
ingram,7
01:15,4
mcclellan/hou/ect,11
cernosek/hou/ect,7
paula,7
harris/hou/ect,7
navarro,4
09:33,4
hardwick/corp/enron,4
steven,4
nguyen/corp/enron,4
danni,4
ly/corp/enron,4
stokes/corp/enron,4
emmanuel,4
mangin/corp/enron,4
albers/corp/enron,4
pai/na/enron,4
schleicher/hou/ect,4
oishi/na/enron,4
trinh,4
abrell/corp/enron,4
ruth,4
metcalf/na/enron,4
moring/corp/enron,4
dinh/hou/ect,4
nancy.truong,4
bmc.com,4
navarro/na/enron,4
09:28,4
lg202261,4
09:22:55,4
'annguerra,4
annguerra,4
pdq.net,4
'bhdavi,4
bhdavi,4
butler,4
donald,4
DW,4
db183576,4
castillo,4
sergio,4
sc202308,4
cherubini,4
art,4
ac724151,4
brett,4
BH,4
bd186682,4
wendi,4
WG,4
wd202447,4
everett,4
TG,4
te186658,4
ferrel,4
jean,4
jf158003,4
GE,4
gh186598,4
'jaime.navarro,4
jaime.navarro,4
'jamesj,4
jamesj,4
duran,4
jlduran,4
swbell.net,4
'kathy.montgomeri,4
kathy.montgomeri,4
sturm,4
jerry_sturm,4
'john,4
campbel,4
jmcbkc,4
mccoy,4
gerald,4
gm186591,4
'mdk825,4
mdk825,4
nowak,4
ssi-isao,4
vn202477,4
paramor,4
RJ,4
rp186478,4
msxwhwtc.shell.com,4
rabalai,4
br186912,4
rowden,4
ssi,4
dr999244,4
'roxanna,4
gonzalez,4
rgonzalez,4
lgc.com,4
stephenson,4
LC,4
ls186714,4
'olivia,4
niki_17_00,4
janic,12
strong/hou/ect,8
wolfe/hou/ect,8
navair.navy.mil,8
velaw.com,8
dell.com,8
06:27,4
06:23,4
knightstep/hou/ect,4
jones/hou/ect,4
riedel/hou/ect,4
sprock/hou/ect,4
edi,7
leschber/hou/ect,7
02:45,4
wolf,4
christensen,4
christensen/hou/ect,4
jeff_stov,4
tivoli.com,4
09:23:32,4
bryantll,4
ecart,4
janice.christensen,4
cdixon,4
brobeck.com,4
vanice_easley,4
cindy_ramo,4
jramo,4
pbsj.com,4
acsmith,4
stover,4
boredmeet.ex,4
biblic,3
father,6
slave,3
sami,6
02:04,3
rodeo,18
buse,3
catalog,3
wander,3
depot,3
useless,3
gadget,3
7/21/2000,3
7/20/2000,3
sb,3
temprevis,3
files.,3
7/19/2000,3
07/18/2000,2
05:38,2
laporte/cal/ect,45
837780,2
7/18/2000,3
weeni,9
6.50,9
lose,12
PF,3
01:51,3
beeni,3
ummmm,3
B.,6
01:37,3
chees,9
overpr,6
beani,6
entre,6
businessman,6
histori,6
appreici,6
opinion,6
seper,3
exot,70
equival,9
aecou,6
.8,3
2002,3
07/17/2000,3
06:39,3
master,22
1,2,3,3
7/17/2000,3
7/14/2000,3
guidelin,18
recreat,4
NA,4
d-mm-yy,4
julian,4
comma,11
07/13/2000,2
06:32,2
id's/,5
ft-exot,5
7/13/2000,3
intra-cnt-tran,8
intra-cnt-trans-phi,12
7/12/2000,3
1bcf,3
7/11/2000,3
/bench,8
/gas_trad,4
standbi,3
07/10/2000,3
criteria,4
gd-new-prc0,4
GD,4
idx,4
centrltrsp,4
7/07/2000,3
7/7/2000,4
intra-cnt-mkt-phi,4
773281,4
intra-cnt-mid-phi,4
826984,4
483279,4
483282,4
intra-cnt-mkt2-phi,8
773283,4
07/07/2000,15
07:50,6
concert,6
07:41,3
06:17,3
06:20,3
830571,6
830574,6
egsc-c,6
830600,6
egsc-op,6
830593,6
exlcud,4
7/06/2000,6
x5-7274,3
alright,3
permiss,3
imposit,9
xl,3
brief,3
ruin,3
resend,7
stadler,11
Id,67
multimonth,3
uniqui,3
tagg,3
07/06/2000,6
04:50,6
exist,7
imcan-erms-xl-gdl,7
imcan-erms-xl-phi,7
imcan-erms-xl-prc,7
d-mmm-yy,7
dash,7
ref,7
12:15,3
manner,8
4-mar-97,4
2/23/01,20
1,015,646,8
cand,9
BC,9
827908,3
827931,3
827935,3
827936,3
827912,3
827937,3
geri,3
827921,3
827926,3
6/30/2000,3
condit,9
gas-daily-opt-gdl,6
07/05/2000,3
06:11,3
opt_cd,3
'gas-daily-opt-gdl,3
'01,8
'02,8
jan-dec,8
bucket,13
mini-bench,4
index,4
'01-dec,4
'03,4
'04,4
'05-dec,4
'10,4
'11-dec'15,4
'16-oct,4
'23,4
mtd,12
17.5,4
categori,4
concaten,4
spec,4
819,000,4
06/30/2000,9
official/,6
07/03/2000,3
09:23,6
08:22,3
08:09,3
heirarchi,4
02/23/2001,18
10:33,4
08:56,11
3,500,21
movement,14
x713-345-7478,4
portolio,3
21,3
pubcod,3
cgpr-aeco/basi,6
6/29/2000,3
sydney2000,8
6/28/2000,3
02/22/2001,29
tomaski,9
02:59,6
08:42,3
tomaski/corp/enron,3
08:29,6
awhil,6
spoken,6
6/27/2000,6
languag,6
iren,3
nerv,3
excess,3
marriag,3
6/26/2000,3
nightli,3
intra-texas-gdl,4
6/26,4
819207,4
92.9,4
gd-central-gdl,4
819212,4
263.3,4
gd-texas-gdl,4
819657,4
que,8
overload,4
reoffici,4
massiv,4
frequent,4
reopen,4
network,4
lotusnot,4
hazelnut4m,4
bookid,4
6/23/00,4
intra-mkt3-prc,4
818797,4
greater,4
6/23/2000,3
6/22/2000,3
station,4
dab,4
lesson,32
dung,24
asshol,20
bird,20
crow,16
brain,22
shit,16
began,12
cow,12
bull,8
branch,8
promptli,8
feet,8
heart,8
lung,8
lay,8
pile,8
sing,8
cat,8
sudden,4
fox,4
sigh,4
nibbl,4
nutrient,4
peck,4
lump,4
fortnight,4
proudli,4
perch,4
farmer,4
bullshit,4
body',4
strike,4
block,4
becam,4
clench,4
twitch,4
panic,4
fever,4
four,4
south,4
winter,4
froze,4
fell,4
thaw,4
joy,4
dug,4
enemi,4
deep,7
mouth,4
6/21/2000,7
816302,4
intra-st-cove-ba,4
816594,4
intra-st-cove-prc,4
816593,4
06/21/2000,17
difficult,3
aug/sept/of,3
1/30th,3
MI,3
sears/cal/ect,3
kristjansen/cal/ect,3
desig,7
245,7
241,7
07:32,7
05:09,7
griffin,3
wire,3
ib,3
09:05,3
brown/na/enron,3
incur,7
retroact,3
produc,3
resubmit,3
easier,3
calgari,3
403-974-6735,3
6/19/2000,3
6/16/2000,6
06/16/2000,8
intra-cnd,4
11:11,4
ft-cand-egsc-g-pric,7
ft-cand-egsc-g-basi,7
ft-cand-op-gd-gdl,7
intra-cand-bc-gd-gdl,4
intra-cand-west-basi,7
intra-cand-west-pric,7
intra-cand-bc-basi,7
intra-cand-bc-pric,7
06/15/2000,10
09:56,7
descrep,11
omit,11
6/15/2000,3
intra-cnd-bc-gd-gdl,3
06:58,3
06/14/2000,3
06/13/2000,17
6/13/2000,10
08:59,7
watt/cal/ect,29
intra-me-prompt-idx,4
intra-me-prompt-phi,4
intra-me-prompt-prc,4
6/13,3
7-7:30pm,3
06/12/2000,12
311,9
06:18,2
watt,29
07:01,5
jacki,6
jacquelyn,3
univ,3
errand,3
403-245-1668,3
3/7/01,20
618,898,4
171,473,4
742,902,4
2/22/01,20
234,423,4
174,778,4
362,525,4
command,12
bid-week,8
descript,4
rolloff,4
nx3,4
0.33333333333333333333333,4
0.66666666666666666666666,4
06/09/2000,27
lucid,3
senc,3
sesn,3
cens,3
smile,6
02:28,6
pg,6
heck,6
mush,6
12:54,6
nook,9
cranni,9
po,6
fletch,3
multipl,3
former,3
06/08/2000,31
07:15,3
miniscul,3
brighten,3
Ms,3
06:12,3
plain,6
07:03,6
0.70,8
06:00,8
music,3
06/07/2000,59
6/7/2000,36
07:17,4
1.3,7
06:07,7
07:05,11
07:06,11
05:02,14
803771,14
803772,14
803777,14
803815,14
storag,9
matrix,3
toni,6
zoo,6
chao,3
candi,3
sampl,3
chocol,3
sugar,3
garlic,6
toss,6
crisis,3
younger,3
fettuccini,3
crunchi,3
ton,3
03:36,3
08:38,3
ruffer/hou/ect,3
phylli,3
burnett/hou/ect,3
nguyen/hou/ect,3
georgeann,3
hodges/hou/ect,3
franci,3
calub/hou/ect,3
longoria/hou/ect,3
faith,3
killen/hou/ect,3
troy,3
klussmann/hou/ect,3
carmichael/hou/ect,6
greene/hou/ect,3
villalobos/corp/enron,3
pond/corp/enron,3
jerri,3
britain/hou/ect,3
helton/hou/ect,3
barta/hou/ect,3
shepperd/hou/ect,3
pierce/hou/ect,3
may/hou/ect,3
bustamante/hou/ect,3
garcia/hou/ect,3
long/hou/ect,3
shiji,3
varkey/corp/enron,3
ellis/corp/enron,3
bloom/hou/ect,3
austin/hou/ect,3
vos/corp/enron,3
spoede/hou/ect,3
cauley/corp/enron,3
marsala,3
fetuccini,3
butter,3
salad,3
tea,3
cheesecak,3
06/06/2000,3
05:39,3
4:36,3
802703,3
802704,3
802710,3
802714,3
403,3
245-1668,3
06/05/2000,21
sympathi,9
softbal,15
rough,3
dy,3
shape,6
06:45,3
raspberri,3
intens,3
slide,3
sprint,3
05:30,3
slid,6
rasberri,6
calf,6
05:25,6
05:24,6
mri,6
tournament,3
bare,3
bat,3
10:03,3
butcher,3
dresser,3
fuel,6
april,6
soignet,3
06/02/2000,3
01:46,3
schwieger/hou/ect,3
soignet/hou/ect,3
rita,3
wynne/hou/ect,3
daren,3
farmer/hou/ect,3
aguayo/hou/ect,3
boas/hou/ect,3
howard,3
camp/hou/ect,3
bammel,3
pma',3
revenu,3
retent,3
true-up,3
meter,3
cumul,3
facil,3
balanc,3
4,295,3
mmbtu,3
02,6
ngmr/aeco/c,3
equiv,3
0.80,3
wherea,3
1.00,3
04:25,3
'em,3
bu,3
bribe,3
dolor,8
muzzi,4
03:00,4
lonestar,4
paisley,4
eb1190a,4
hwang/hou/e,6
12:20,3
07:52,3
myh,3
barend,3
vanderhorst/hou/e,3
shirley/hou/e,3
jess,3
hewitt/hou/e,3
35k,3
x713-853-3409,3
L-,3
x713-345-8960,3
positions-,3
x713-853-5791,3
censor,6
espeak,3
arbitrarili,3
mistak,12
proud,4
87,4
ragini,4
starv,4
susan/n,4
j_arnold,4
ng-erms-xl-prc,4
ng-exotic-prc,4
2/21/01,20
251,274,4
174,714,4
378,904,4
02/21/2001,3
10:28,3
divorc,3
gag,3
