request,43
thi,502
ha,112
receiv,66
number,30
autom,3
acknowledg,3
wire,15
case,15
2082605,6
pleas,191
refer,8
futur,27
correspond,4
regard,15
person,24
respons,33
process,32
thank,82
choos,8
ameritrad,12
per,19
settlement,12
custom,48
day,133
transact,29
fund,18
If,120
fee,6
25.00,10
dear,8
valu,18
use,104
featur,17
websit,15
submit,12
withdraw,4
amount,20
5700.00,3
feder,3
secur,23
regul,3
requir,19
stock,9
bond,4
trade,38
settl,8
three,15
busi,66
instruct,6
send,50
upon,5
01/29/2001,3
would,94
like,125
sent,158
prior,10
date,54
earli,17
appli,7
structur,6
follow,33
0.35,3
1000.00,3
one-tim,4
charg,12
concern,20
inquiri,4
contact,86
team,51
servic,72
800,3
669-3900,3
402,3
970-5805,3
sincer,11
damon,4
hyne,3
service/wir,3
specialist,4
inc,3
origin,69
messag,194
exclud,3
note,23
new,139
email,174
address,57
danni,7
laura,17
weaver,4
beebuzzboy,3
aol.com,29
WE,3
look,60
forward,42
TO,11
hear,32
calendar,18
desk,38
enter,19
west,30
know,161
effect,10
today,62
group,56
prefer,8
tell,24
everyon,13
access,32
util,5
shock,12
us,53
assist,32
sit,10
morn,63
vacat,21
trip,30
also,59
let,85
gone,14
doe,31
need,86
nice,8
phone,58
call,106
purpos,47
click,20
link,17
icon,4
ad,12
top,33
mani,67
ina,9
rangel,7
fundi,1
confer,7
portland,24
copi,11
moniqu,122
sheet,2
drop,18
box,10
meet,49
ensur,20
latest,10
thnx,1
http,150
got,41
question,49
jeff,17
espeak,4
event,34
idea,13
thinkbank,3
enron,303
ask,14
skill,6
join,29
offic,54
chairman,6
open,14
mike,32
session,10
may,203
30,13
10,32
a.m.,25
houston,54
time,244
Ca,3
n't,143
make,78
live,26
No,123
worri,11
Go,13
//ethink.enron.com/espeak/exec/default.asp,2
tri,49
answer,16
dure,14
hi,42
read,32
transcript,2
later,34
cost,9
cut,7
still,45
come,92
//nahou-lnapp01.corp.enron.com/ethink/thinkbank.nsf/homepag,2
openpag,2
We,105
've,35
great,77
tuck,3
away,9
braini,1
head,25
deposit,6
fiesti,1
convers,6
go,142
emeet,1
//nahou-lnapp01.corp.enron.com/ethink/emeet.nsf,1
start,40
home,59
dinner,32
perk,6
dog,34
get,201
learn,28
ye,24
pack/start,2
laundri,3
'm,83
flex,2
two,38
suggest,5
1,21
egg,3
bacon,3
/biscuit,2
dish,8
walk,20
2,49
slip,9
run,49
gear,8
grab,10
memori,20
jog,4
stop,32
way,65
pick,19
someth,23
veggi,2
tofu,2
-origin,109
sanchez,107
mailto,72
monique.sanchez,82
enron.com,163
tuesday,42
22,12
2001,211
2:33,2
PM,262
To,246
jmenconi,48
adv-eng-ser-inc.com,50
subject,208
yo,3
hey,47
wonder,26
'd,15
tonight,19
probabl,24
stuff,16
pack,3
germ,3
suprem,3
grouchi,3
best,40
forgot,9
shoe,4
sue,3
hank,5
plan,53
wa,271
....,89
drink,9
work/sparebedroom,3
work,112
shoot,10
line,24
chanc,14
...........,3
laterski,5
Mo,54
winmail.dat,7
select,10
review,11
As,30
afternoon,26
yet,27
ani,121
pep,2
system,59
soon,101
possibl,15
terri,4
bosien,1
human,4
resourc,11
manag,45
associ,19
analyst,17
program,23
level,34
alway,44
'll,110
want,58
spend,16
talk,84
thing,78
say,67
think,108
veri,53
relationship,17
hope,74
well,78
realli,33
past,33
weekend,68
bachelor,6
parti,17
involv,8
imposs,7
fit,9
fact,10
matter,15
sorri,31
obviou,6
simpli,11
enjoy,20
fun,39
intellig,13
At,18
differ,18
give,35
advic,17
good,68
final,18
deepest,6
happen,17
life,28
career,18
etc,12
love,42
provid,57
sort,9
insight,12
help,69
soft,7
spot,14
heart,8
strang,6
cheer,8
success,21
sad,14
troubl,6
becaus,28
across,16
mayb,47
could,67
beer,17
friday,70
last,99
ale,12
hous,29
town,22
avail,40
respond,21
joe,29
joseph,22
F.,21
reid,17
accentur,17
617-454-8636,14
W,23
617-515-7679,14
C,24
design,33
recipi,36
onli,59
contain,30
privileg,24
confidenti,29
inform,97
error,22
notifi,22
sender,24
immedi,27
delet,26
prohibit,24
recip,18
vega,10
pretti,19
time.let,6
den,10
fast,96
compani,74
//trax.fastcompany.com/ft,12
take,107
realtim,8
fastcompany.com,18
june,95
ford,4
issu,30
agenda,6
spotlight,4
Z,3
|,20
anni,6
layn,6
linda,4
tischler,3
philadelphia,4
offer,39
week,69
one,109
brand,12
content,13
roundup,2
win,8
journey,2
discov,6
collect,9
25,16
promis,5
leadership,13
strategi,13
execut,15
job,21
motor,2
co.,3
visit,31
trend,6
techxni,2
28,5
newslett,7
ca,36
control,11
It,87
kid,13
rais,6
end,12
wish,24
strong,25
parent,13
scott,41
bedburi,3
founder,1
ceo,3
brandstream,1
firstquote052901,1
advertis,5
plot,1
lifetim,1
nautica',1
latitud,1
longitud,1
fragranc,1
sail,1
paradis,1
exot,1
morocco,1
kayak,1
killer,1
whale,1
perfect,10
adventur,1
nautica052901,1
ON,4
steal,1
just-complet,1
gener,14
remark,1
tool,12
smartest,2
debat,1
pass,16
along,14
philly25052901,1
expect,15
fail,14
whi,22
feel,43
betray,1
panel,1
expert,6
consid,10
keep,36
net,3
phillypanel052901,1
declar,1
resili,2
tough,10
real,7
model,4
mentor,1
share,16
navig,1
downturn,1
pull,10
ahead,7
fleet,1
victori,1
resilience052901,1
miss,15
Do,24
kevin,5
robert,23
michael,20
saylor,1
john,88
elli,1
techniqu,2
competit,8
growth,7
innov,6
e-commerc,2
see,78
entir,5
buy,19
onlin,12
store052901,1
all-new,2
web-exclus,3
home052901,1
confus,2
demand,2
clear,7
focus,7
senior,6
thinker,2
explain,10
crucial,1
item,4
strateg,8
one052901,1
highlight,5
databas,9
articl,8
insid,5
comment,1
search,14
2,000,1
list,28
shine,1
brace,1
anoth,24
lash,1
media,10
fireston,1
tire,4
punctur,1
wound,2
surviv,1
An,8
employe,44
affection,1
'an,1
aircraft,1
carrier,2
valium,1
',66
essenti,2
grassroot,1
fordread052901,1
product-develop,1
profession,11
fordjob052901,1
complet,30
profil,2
fordall052901,1
partnership,4
PC,2
expo,1
forward-think,1
IT,6
part,11
content-rich,1
dynam,2
technolog,14
exchang,10
once-a-year,1
must-attend,1
ever,13
befor,73
exhibit,1
26,6
regist,7
attend,10
code,9
dmpj,1
pcexpo052901,1
vent,4
feedback,8
cecilia,4
rothenberg,4
crothenberg,4
subject=vent_fasttak,4
movement,1
advantag,4
special,15
magazin,7
web,13
reader,6
//www.fastcompany.com/x/,1
fill,7
form,29
first,34
risk-fre,1
current,26
subscrib,9
unsubscrib,6
chang,56
//www.fastcompany.com/newsletter/index.htm,4
email=monique.sanchez,4
webmast,4
subject=fasttak,4
//www.fastcompany.com/help/email.html,4
copyright,5
gruner,4
jahr,4
usa,5
publish,4
right,35
reserv,22
energi,27
global,25
market,63
news,21
modul,9
present,24
project,15
esourc,13
5,16
AM,193
EB,14
5c2,8
addit,31
find,26
region,13
includ,43
seat,15
train,23
free,44
9:00,11
9:30,13
10:00,16
10:30,5
updat,29
analysi,18
whenev,1
feed,5
data,44
sourc,3
In,38
america,9
asia-pacif,1
europe/ci,1
middl,14
east,3
four,7
key,6
core,6
reuter,8
dow,11
jone,14
energy24x,1
bbc,1
AP,1
afp,1
all-in-on,1
second,29
third,13
archiv,2
fourth,2
directori,2
//home.enron.com:84/messaging/globalenergymarkets.pdf,1
stephani,5
E.,7
taylor,10
5-7928,3
show,12
50.00,2
check,25
page,6
//esource.enron.com/training.doc,2
vendor,2
//esource.enron.com,3
embed,12
pictur,10
metafil,5
pay,16
ehronlin,5
period,6
direct,10
view,8
button,3
31,6
bank,6
account,38
sap,6
logon,2
ID,17
field,23
password,6
print,2
mislead,1
regardless,2
whether,3
singl,2
multipl,4
correct,4
indic,6
specif,10
howev,9
abl,21
confirm,11
schedul,130
verifi,3
made,35
step,28
//ehronline.enron.com,1
disclaim,2
accept,15
type,13
e.g,1
P,4
user,15
Id,1
paycheck,3
drop-down,1
radio,8
next,52
result,31
default,2
continu,47
05/16/2001-05/31/2001,1
display,2
scroll,1
bottom,1
screen,6
detail,20
isc,4
care,33
713.345.4727,1
isc.hotlin,1
timesheet,3
except,4
sick,4
a/a,2
member,27
on-lin,3
i.e,3
rotat,4
longer,12
track,8
overtim,1
sinc,15
salari,2
base,9
pool,1
import,29
i.e.,1
holiday,3
sure,48
roll-out,1
abil,4
//ehronline.enron.com/,1
input,2
memo,1
quick,5
remind,16
1195,1
deliveri,7
set-up,1
location/mail,1
locat,24
notic,16
AS,1
OF,3
eb3539c,1
cooper,8
constanc,1
charl,13
sr.,1
HR,7
ext,4
35614,1
man,20
handler,4
He,26
aisl,4
plane,11
airlin,6
rover,3
onc,27
patbel,10
mail.ev1.net,8
rep,3
jump,2
woman,3
return,17
paw,2
arm,2
repli,13
place,29
brebier,4
hn.ozemail.com.au,4
dpries,18
worldnet.att.net,19
marnold2,3
houston.rr.com,4
ian,8
zellweger.freeserve.co.uk,5
tippy_4da,5
hotmail.com,77
fredericrebier,3
6:09,1
fwd,15
FW,40
takeoff,1
occupi,2
empti,1
alongsid,1
sat,110
quizzic,1
said,19
mind,7
sniffer,1
airborn,1
set,11
watch,24
put,20
boy,8
turn,26
possess,1
marijuana,1
polic,6
apprehend,1
arriv,4
fantast,1
sniff,1
besid,2
carri,13
cocain,1
goe,9
someon,21
race,20
back,92
onto,2
crap,1
surpris,2
disgust,1
nervous,2
found,8
bomb,3
________________________________________________________________,3
via,16
ev1,3
webmail,3
practic,5
instructor,3
organ,13
visual,9
particip,41
appropri,2
11,12
12,20
8:00,17
5:00,4
pm,11
eb560,4
900,1
limit,13
intens,4
16-hour,1
workshop,3
nine,2
peer,4
videotap,2
question-and-answ,1
develop,33
self-improv,1
action,9
exercis,10
first-hand,1
experi,22
one-on-on,1
small,3
impromptu,1
sit-down,1
cours,30
reduc,5
prepar,17
increas,17
rapport,1
persuas,1
impact,89
style,3
handl,6
login,2
enrol,3
investinm,3
//www.corptraining.com/index.cfm,3
company=enron,3
713,109
853-0357,1
b,11
c,12
e,12
point,23
charact,5
cartoon,4
e=3,4
friend,52
rock,10
favorit,5
romanc,3
b=2,3
b=5,3
c=3,3
d=4,3
d=2,3
e=5,3
c=1,3
hurt,4
tweeti,2
describ,3
park,35
movi,6
music,2
popular,6
3,37
rather,4
Of,6
smart,12
b=1,2
c=2,2
d=1,2
e=4,2
wild,6
peopl,40
never,12
famili,9
everi,21
situat,7
payrol,4
tel,2
cutoff,2
17th,3
daniel.grout,3
eu.rhodia.com,3
thursday,76
24,48
4:25,3
research,25
togeth,15
analyz,1
gather,8
quiz,1
add,6
candlelight,1
amus,1
rollerblad,1
concert,2
roll,2
altern,3
classic,1
comedi,1
horror,1
documentari,1
4,15
chose,1
given,15
choic,5
waiter/waitress,1
sport,3
player,3
teacher,1
policeman,1
bartend,1
hour,50
wast,13
TV,13
listen,3
sleep,19
6,14
color,6
yellow,2
white,8
sky,1
blue,5
teal,1
red,4
7,12
eat,11
ice,1
cream,4
pizza,1
sushi,1
pasta,1
salad,2
8,17
halloween,2
christma,1
year',1
valentin,1
thanksgiv,3
9,6
pari,1
spain,1
la,3
hawaii,1
hollywood,1
anim,5
emot,2
total,15
1-a=4,1
2-a=2,1
3-a=2,1
4-a=4,1
5-a=5,1
b=4,1
c=5,1
c=4,1
d=5,1
e=1,1
6-a=1,1
7-a=3,1
8-a=1,1
9-a=4,1
10-a=5,1
d=3,1
10-17,1
taz,1
crazi,3
extrem,1
though,32
much,25
mean,6
belief,2
rememb,30
spirit,1
lead,23
18-26,1
bug,9
bunni,2
friendli,3
crowd,8
pleaser,1
mother,7
taught,2
marriag,3
children,3
influenc,5
stray,1
27-34,1
cute,5
lose,6
seldom,1
breez,1
witti,1
calm,2
backstabb,1
35-42,1
pepp,1
LE,1
pew,1
without,7
smell,1
lover,1
flower,2
wine,1
seriou,4
commit,10
mom,18
sunday,46
forget,3
birthday,1
passion,1
43-50,1
speedi,1
gonzal,1
approach,9
healthi,2
bodi,29
teach,1
feet,7
plant,8
overlook,2
bad,15
kerri,1
tyler,1
depart,6
a2d,1
north,26
harbour,1
helplin,1
intern,10
254445,1
extern,3
02392,1
564445,1
month,20
5pm,1
dr.,2
seuss,2
true,5
gilles.richard5,1
wanadoo.fr,2
lanceneidig,1
mail.glazierfoods.com,1
dmrickard,1
marathonoil.com,1
5:13,1
Fw,10
My,26
promot,7
exact,1
e-mail,158
i'm,5
superstiti,1
astound,1
came,17
min,1
mail,26
thought,22
heck,1
u,2
.....,24
dr.suess,1
cat,1
hat,2
grant,2
count,11
within,18
becom,9
opposit,3
_________________________________________________________________,10
_______,1
known,1
virus,1
star,3
internet,56
deliv,14
messagelab,1
viru,1
centr,3
//www.star.net.uk/stats.asp,1
driver,14
car,14
captain,8
gun,5
trunk,5
speed,6
glove,4
sir,4
licens,5
card,16
told,10
download,21
msn,17
explor,18
//explorer.msn.com,14
owner,4
stole,4
bearden,1
undisclosed-recipi,1
wednesday,35
16,6
9:01,1
guy,40
suspend,1
5th,2
dui,1
vehicl,1
stolen,1
saw,5
owner',1
shot,10
kill,5
stuf,1
quickli,10
surround,1
tens,1
valid,4
mine,9
slowli,3
there',3
enough,19
noth,18
problem,13
understand,13
glovebox,1
dead,26
yeah,1
bet,2
winiecki,3
alexand,3
17,7
imponder,2
whack,2
seem,14
penni,2
play,9
drive,6
wise,3
21,10
sentenc,3
earl,1
N,11
nick,1
tonya,1
boyd,1
buster,1
bundgaard,1
lanc,5
dandridg,1
iran,1
dian,3
zabel,1
fielder,1
theresa,6
gribsi,1
ron,2
hooper,1
virginia,1
jacki,1
jarka,1
kathleen,1
follod,1
klem,1
lankford,1
jr.,23
litwin,1
shelli,1
lovett,1
vicki,1
macdougal,1
dougla,3
pfeiffer,1
paulyett,1
phil,3
proctor,1
denni,15
reed,2
helen,1
sargent,1
karen,7
steinback,1
fred,3
suzann,1
tim,12
9:56,1
orient,1
spin,1
around,27
sever,19
disori,1
poland,1
pole,1
holland,1
hole,2
infant,1
infanc,1
adult,3
adulteri,1
pig,1
voic,12
disgruntl,1
blind,2
lingeri,1
cent,2
invest,10
money,19
broker,17
crouton,1
airtight,1
packag,6
stale,1
bread,5
begin,24
chees,1
taken,14
piano,1
pianist,1
racist,1
13,2
overse,2
14,10
pronounc,1
twenti,1
oneti,1
15,13
reportedli,1
shortest,1
english,1
languag,9
longest,1
lawyer,1
disbar,1
clergymen,1
defrock,1
sens,4
electrician,1
delight,1
musician,1
denot,1
cowboy,1
derang,1
depos,1
tree,2
surgeon,1
debark,1
dri,1
cleaner,1
depress,2
fedex,1
merg,2
fed,1
UP,1
18,9
lipton,1
tea,1
coffe,2
break,6
19,10
bald,1
men,19
20,14
bibl,1
whole,8
lot,18
older,1
dawn,6
..........,4
're,36
cram,1
exam,1
babi,3
tini,3
littl,18
fork,1
spoon,1
chines,1
toothpick,1
crimin,1
post,11
suppos,5
write,8
postag,1
stamp,1
mailmen,1
23,14
exactli,3
swear,1
game,2
lightn,1
zigzag,1
27,3
night,55
blank,1
tape,1
full,20
blast,10
mime,13
door,1
went,13
nut,1
cow,1
laugh,7
milk,1
nose,1
29,9
whatev,3
G,6
club,19
ticket,13
howdi,2
aggi,2
attach,19
ag,3
M,24
reveil,1
sponsor,4
AT,1
astro,1
vs.,1
ranger,1
7:05,1
mezzanin,1
flyer,1
order,10
spreadsheet,1
heather,2
johnson,2
x53240,1
Be,3
eb1833c,1
due,6
monday,31
irma,1
southwest,1
grill,2
1314,1
texa,4
austin,2
interact,7
11:00,12
introduct,1
clip,1
monitor,5
topic,12
interest,28
advanc,1
effici,2
power,36
employ,4
histori,11
hand,10
12:00,4
disconnect,2
left,17
reconnect,2
david,58
ft.,2
sam,3
tomorrow,11
even,64
kathryn,24
edd,12
superintend,12
independ,12
school,21
district,12
892-6350,12
fax,19
963-9156,12
ksanchez,27
houstonisd.org,28
oral,4
world,17
regulatori,9
corpor,22
cultur,5
achiev,3
vision,2
speaker,4
pratt,2
cullen,2
professor,2
univers,5
co-director,2
11:30,13
12:30,11
p.m.,27
3-1941,2
option,10
lunch,14
welcom,12
bring,20
accommod,2
3-9390,2
E,50
expens,20
report,74
xm,13
eb564,2
approv,5
135,1
4th,4
8:30am-11:30am,1
19th,3
1:00pm-4:00pm,1
electron,3
payment,2
intranet,2
accur,2
less,4
labor,7
staff,5
travel,15
entertain,5
creat,21
cash,2
receipt,1
entri,10
mileag,1
foreign,3
currenc,1
translat,1
reimburs,6
method,1
administr,6
853-1816,2
ann,15
hot,14
reject,2
storag,4
exceed,6
bike,8
7:35,4
'mikegrigsbi,2
p/l,3
NX,2
ga,40
eim,9
TD,7
itali,6
hub,5
major,13
move,67
enrononlin,14
risk,22
emden/oud,4
industri,21
activ,32
natur,11
arrang,15
continent,5
forest,2
product,28
steel,4
paper,6
freight,2
transport,5
flatb,2
billion,4
wholesal,12
ena,11
transfer,9
host,12
chicago,12
seminar,4
outlook,12
establish,4
flight,6
pipelin,4
italian,2
agreement,5
bluga,2
municip,3
respect,7
incumb,2
offici,17
2000,12
stake,2
uog,2
legal,12
portfolio,1
asset,9
acquisit,1
support,46
effort,12
complex,3
equiti,1
ownership,1
posit,18
papier,1
masson,1
ltee,1
mill,2
quebec,3
canada,9
compris,1
approxim,1
wide,1
rang,5
background,3
commerci,2
consult,2
law,1
engin,9
deal,14
junior,1
expand,5
truck,7
outbound,1
georgia,1
shortag,1
equip,3
suppli,3
efm,1
obtain,1
normal,2
margin,1
IN,3
bilater,1
platform,6
launch,6
novemb,11
1999,1
largest,2
site,22
planet,1
eprm,1
press,16
averag,1
daili,11
volum,20
3.5,1
nearli,7
50,12
revenu,1
hire,3
cheryl,1
lindeman,1
chri,31
bystrianski,1
paula,1
craft,2
eugen,1
lee,7
bhalachandra,1
mehendal,1
sarah,5
wooddi,1
grace,4
steven,8
irvin,1
dina,1
snow,18
nugget,2
drake,2
hotel,4
hedg,7
weather,13
pulp,2
rsvp,8
deadlin,4
8th,4
pena,4
x,4
3-5376,2
cocktail,2
recept,4
atlanta,2
denver,4
san,11
francisco,3
announc,16
tip,2
agenc,1
150,000,1
insur,4
statist,2
figur,17
1,015,000,1
notion,2
610,1
flash,1
pioneer,1
spa.,1
cremona,1
lodi,1
mantova,1
pavia,1
north-eastern,1
100,000,1
cubic,1
metr,1
northern,7
europ,9
transit,5
germani,5
switzerland,1
despit,7
fierc,2
resist,1
ruhrga,1
transitga,1
asid,3
isol,2
lng,1
monopoli,1
sector,1
liberalis,1
august,4
flow,1
06.00,1
residenti,1
contract,16
five,10
congratul,7
fabio,1
greco,1
carsten,1
haack,1
didier,1
magn,1
schuh,1
marco,1
lantieri,1
daniela,1
uguccioni,1
relinquish,1
dolphin,1
joint,1
ventur,1
qatar,1
agre,1
24.5,1
unit,18
arab,2
emir,1
offset,1
sharehold,1
allow,14
deploy,4
capit,5
elsewher,3
opportun,7
seek,8
partner,4
phase,3
mileston,1
evolut,1
dutch-german,1
border,1
reach,19
european,2
held,3
although,3
alreadi,30
initi,5
decemb,2
goal,2
similar,4
zeebrugg,1
focu,5
framework,1
elect,2
entrant,1
reflect,3
high,30
proprietari,2
corp.,30
subsidiari,2
intend,19
disclos,5
microsoft,11
comput,3
michael.yowman,1
outag,154
fri,96
6/1/2001,21
thru,117
CT,91
6/2/2001,14
PT,74
london,90
network,44
center,62
pager,49
environ,54
backout,42
server,47
router,6
7:00:00,22
S,32
interconnect,12
facil,21
oper,33
11:00:00,13
9:00:00,11
aep,3
reboot,9
EI,6
on-cal,21
Y,16
T,23
L,26
ec,12
ecn,11
9th,11
connect,10
build,30
south,19
disrupt,13
test,30
edi,14
en,3
rout,5
8:30:00,5
sold,2
none,2
garhett,2
clark,3
713-345-9953,2
humlicek,2
713-853-6366,2
713-406-8293,2
1:00:00,12
3:00:00,13
interv,5
sitara,15
unifi,17
853-9797,14
K,14
D,12
V,8
B,11
F,13
O,8
R,15
5:00pm,8
12:00am,7
notif,4
i/t,4
infrastructur,5
exist,4
backbon,4
produc,6
alert,7
hardwar,6
anticip,4
shutdown,4
actual,32
physic,13
perform,33
34th,4
floor,15
occur,8
7:00,8
applic,33
pete,4
castrejana,4
713-410-0642,4
ardmor,9
azurix,9
eb34,7
american,29
lan,7
11:45:00,1
9:45:00,1
5:00:00,13
5:45:00,1
enabl,3
ecn-34-cor-ccr1,1
remov,10
shishido,2
713-853-9780,2
8:00:00,13
6:00:00,19
6:30:00,4
2:00:00,11
2:30:00,3
shut,5
1201,1
louisiana,1
space,13
ens/gco,1
wed,6
7/4/2001,1
hpl,1
migrat,4
gco,1
10:30:00,2
10:45:00,1
8:45:00,1
4:30:00,3
4:45:00,1
edg,1
regular,2
prevent,8
corrupt,1
intermett,1
minut,13
shupak,1
713-853-7943,1
bryan,6
aubuchon,1
713-345-8446,1
corp,31
cnote,2
mailserv,3
trey,2
rhode,3
345-7792,2
mainten,7
local/domestic/foreign,2
n/a,3
ricafrent,2
713-646-7741,2
NT,7
os/2,7
sun/oss,7
telephoni,12
termin,8
853-1411,7
resolut,9
853-5536,7
sap/isc,7
345-4727,7
284-3757,7
288-0101,7
rus/gops/geotools/apr,7
639-9726,7
oss/ua4/tarp,7
285-3165,7
cpr,7
284-4175,7
327-3893,7
ee,22
OR,9
888,8
td,9
-trader,7
decis,9
327-6032,7
erc,15
edison,12
susan,20
foster,6
jim,8
individu,4
height,18
5K,15
stand,11
sign,17
averi,1
janel,1
ayala-nelson,7
catalina,8
bibb,6
akasha,6
cabrera,3
reyna,3
denetsosi,1
troy,1
andrew,16
faria,1
silvana,1
de,5
castro,1
rob,6
furey,1
denis,1
gold,1
gonzalez,4
veronica,9
harri,18
kim,8
hoskin,8
brian,29
kachinski,6
kalman,1
lewi,7
klicker,3
karl,3
kottong,1
lawson,3
brad,10
messer,2
bruno,2
mundim,1
milson,1
nelson,9
nickel,7
jeanett,7
quinn,6
kristin,7
richard,7
richardson,23
cindi,31
roland,3
saunder,3
schroeder,4
doug,6
stadnick,1
dave,3
stewart,5
jennif,18
brent,6
toward,5
varga,7
watkin,2
rebecca,6
associate/analyst,2
distribut,21
jc,2
volunt,13
opera,6
camp,52
juli,19
outdoor,8
girl,15
saturday,35
carmen,5
miller,9
theatr,4
danc,4
3:00,10
6:00pm,4
uscaa,4
championship,4
annual,3
grand,3
8-10,3
stage,3
summer,7
scholar,2
antioch,2
contribut,10
student,2
year,54
jumper,2
rice,5
age,9
talent,5
//home.enron.com:84/erc/index.html,2
dad,2
benefit,12
2nd,6
kelli,9
lombardi,2
huge,13
plaza,4
p.m,4
armand,2
bayou,2
multimedia,2
modular,2
incred,20
commun,28
vice,7
presid,8
extens,3
kwillar,2
cover,7
cote,2
75,2
balloon,2
child,4
/,3
nightli,3
survey,7
athlet,3
dollar,6
workforc,6
local,8
colleg,7
scholarship,1
thousand,4
runner,16
sprinter,1
discu,1
thrower,1
long,20
compet,1
co-e,1
relay,9
showcas,1
challeng,15
tradit,1
1994,2
teambuild,1
camaraderi,1
x3-4770,1
sprint,7
mile,4
prostat,1
cancer,1
awar,2
713-853-4770,1
713-345-5841,1
caladium,1
pot,1
throughout,2
replac,7
purchas,4
4.00,1
escal,2
brown,5
bag,15
dig,1
Up,4
archaeolog,1
director,3
ephriam,1
dickson,1
prehistor,1
lake,5
area,10
archeologist,1
reconstruct,1
artifact,1
behind,7
resid,6
shovel,1
sensat,1
8:30,12
bizet,1
fieri,1
gypsi,1
everybodi,1
femm,1
fatal,3
ignit,1
powerhous,1
audienc,4
critic,5
unveil,1
1998,1
revolutionari,2
mm,1
giant,2
video,13
hydraul,1
hundr,3
light,6
onstag,1
farthest,1
venu,1
viscer,1
equal,1
11:30am,1
1:00pm,1
remain,13
hgo,1
www.houstongrandopera.org,1
horizon,1
enhanc,6
fear,5
public,12
speak,1
melinda,1
pharm,1
educ,1
mpharm,1
ect.enron.com,6
713/853-3866,1
33866,1
kathi,7
willard,1
membership,1
713/646-7341,1
67341,1
ball,1
methodist,1
church,1
1320,1
main,3
st.,4
clay,5
7-9pm,1
lesson,1
danceart,1
//www.danceartsballroom.com,1
9pm-12,1
swing,4
band,1
.chuck,1
trio,1
minimum,6
donat,6
proce,1
materi,5
bird,1
aid,1
econom,1
disadvantag,1
elderli,1
childcar,1
info,13
5-6528,1
hannon,1
board,5
invit,13
dedic,1
women,2
spread,3
word,13
spous,1
colleagu,5
'S,2
willi,1
TX,4
downtown,5
conro,1
6-8,1
counselor,1
chaperon,1
7-16,1
cano,1
hike,1
fish,1
show/bonfire/ghost,1
stori,15
obstacl,1
water,13
fight,11
softbal,1
basketbal,1
archeri,1
footbal,1
cook,14
clean-up,1
A.,18
33830,1
milligan,1
registr,3
tabl,5
dept,1
stranger,1
danger,14
fingerprint,1
spca,1
pet,2
king,5
etiquett,1
class,14
art,2
resum,2
sales/coordin,1
8:30pm,1
hermann,1
duti,7
assign,7
stagebil,1
insert,2
subscript,3
giveaway,2
fan,2
plastic,1
cup,2
intermiss,1
lashabriel,1
713.546.0283,1
lkey,1
houstongrandopera.org,1
check-in,3
6:30pm,1
tent,7
near,9
section,1
food,9
t-shirt,6
voucher,1
matine,1
upcom,4
season,8
timer,2
score,1
lane,8
judg,4
caus,5
x3-8491,1
eia,1
noon,5
real-tim,6
quot,10
enrononline.com,4
commod,9
midpoint,2
price,33
deem,2
term,5
trader,15
bid,3
low,4
close,12
previou,3
numer,1
integr,6
analyt,1
chart,3
crude,1
oil,2
refin,1
metal,1
bandwidth,4
coal,1
seafreight,1
emiss,1
deriv,2
www.reuters.com/enrononlinequot,1
1-800-226-3955,1
shall,5
constitut,1
expressli,1
condit,7
therein,1
By,9
repres,4
automat,4
qualif,2
6/4/01,1
truequot,1
savita,1
x31787,1
backup,4
mailbox,2
7:30:00,5
failov,1
nahou-msmbx01v,1
unlock,1
api,1
nahou-msmx01v,1
albright,2
713-345-9381,2
10:00:00,9
10:15:00,1
intermitt,2
nahou-msmbx05v,2
hudson,2
713-853-9289,2
www.truequote.com/tqenron.htm,1
goodby,6
harvard,3
fall,16
truli,15
luck,15
leav,50
teala,3
3210,3
dalla,6
6-10pm,3
farewel,3
happi,26
_____________________,4
T.,6
broadband,8
713-853-0380,4
713-412-3667,4
mobil,6
713-646-5745,4
brian_hoskin,4
enron.net,4
05,10
finish,24
estim,3
fine,7
far,15
usual,12
www.runnertriathletenews.com,2
9:17,2
RE,42
somewher,11
32:00,3
9:14,3
'enronrunn,3
enron.com',5
castillo,5
unabl,18
payabl,8
18.00,4
eb4845,11
insist,1
excus,1
polici,5
sharon,2
ethink,1
ethic,2
affect,3
conduct,3
butcher,1
counsel,2
anyth,20
tutori,1
//www.truequote.com/tqtutorial.htm,1
mushroom,8
ladi,3
pyrex,3
breweri,3
rparri,8
bcm.tmc.edu,8
04,7
random,3
piec,8
glass,5
inde,1
whip,1
meal,1
li,1
l,9
probli,1
quit,8
instead,2
So,19
chore,1
casa,2
banish,1
nel,1
tatia,1
Ah,1
b-a-d,1
woken,2
Ya,1
touch,6
-rap,1
11:48,1
Yo,2
believ,10
typic,2
campel,2
kmart,2
bake,16
borrow,3
grub,2
lil,2
heard,6
pic,2
woke,2
brew,2
alaska,16
half,19
q,2
parri,5
m.s.,3
dabmp,3
11:32,2
momar,3
peac,4
coupl,10
Q,4
ya,6
soup,3
baking/casserol,3
robbi,5
re-negoti,1
//nahou-webcl1.corp.enron.com/inquisite/dji/dji.html,1
attent,5
supervisor,2
improv,10
ew,4
14th,1
15th,4
travi,8
room,1
doubl,1
1,500,1
target,6
Sr,1
supervisori,1
role,7
cpe,1
credit,5
cornerston,2
motiv,4
retain,3
organiz,2
overview,3
gain,1
knowledg,2
capabl,9
readili,1
two-day,1
maximum,1
built,5
succeed,1
relev,6
credibl,1
short,6
self-assess,1
log,3
document,4
nymex,5
exempt,2
attorney,2
financi,21
DO,2
mark,25
agent,4
relat,14
either,10
act,2
pursuant,1
express,2
impli,1
paraleg,1
tana,1
intercompani,1
853-3399,1
affili,9
IF,1
name,31
asap,7
monthli,3
eb49c1,1
discuss,5
//robin.fastcompany.com/cgi-bin/nph-t.pl,46
m=79151,46
ms=340,11
destruct,4
slow,20
big,16
On,12
eve,3
galleri,6
dot,3
com,6
collier,3
face,9
sneak,2
preview,2
FC,2
spank,2
stay,25
chamber,2
interview,2
braintrust,2
bookshelf,2
book,12
sale,10
must,10
sophia,2
gift,5
06,1
celebr,5
weak,2
fool,1
embrac,1
invers,1
absurd,1
persever,1
invert,1
leapfrog,1
rose,2
failur,4
post-it,1
telephon,4
silli,1
putti,1
lightbulb,1
annett,1
moser-wellman,1
author,7
geniu,1
u=183,1
fishman,2
cuff,1
schwab,3
egalitarian,1
democrat,1
nirvana,1
sage,1
bubbl,1
rest,7
Is,8
kirsner,1
hard,26
less-invit,1
champion,3
leader,8
downsiz,1
ambit,1
harder,1
smarter,1
fara,1
warner,7
sometim,22
late,25
push,3
envelop,2
firefight,1
doctor,5
pda,1
delug,1
georg,9
ander,2
guid,37
legendari,1
worst,1
slump,1
cisco,1
in-depth,2
greatest,2
curriculum,1
easier,1
perus,1
pdf,1
u=184,1
six,2
christin,2
canab,1
accustom,1
slower,13
cycl,1
decaf,1
ramp,1
downtim,2
u=185,1
rule,6
beat,2
alan,6
M.,19
webber,1
futurist,1
ryan,13
mathew,2
coauthor,1
forthcom,1
myth,1
excel,6
lowest,1
biggest,2
discount,4
truth,7
u=193,1
central,7
theme,2
studi,1
u=187,1
tm,1
solut,4
match,3
plu,5
spam-block,1
10mb,1
disk,6
web-bas,1
u=188,1
keith,12
H.,7
hammond,3
creativ,1
argu,1
survivor,3
flexibl,4
unconcern,1
threat,1
cannib,1
channel,1
conflict,1
earn,13
dilut,2
rethink,1
credo,2
u=189,1
reinvent,1
lieber,1
boast,1
divers,3
fewer,1
thirst,1
self-understand,1
u=190,1
u=191,1
conjunct,1
exclus,2
privat,7
directli,3
scoop,1
u=192,1
rug,3
nylon,3
larg,5
laptop,1
u=182,1
bear,22
attack,13
yesterday,42
wildlif,6
black,13
determin,11
bullet,4
ridg,65
inlin,1
/o=enron/ou=na/cn=recipients/cn=msanch2,1
5:16:51,1
gmt,1
destroy,3
compil,2
outsid,10
camper,2
northwest,4
territori,2
accord,3
coron,2
maul,2
18-year-old,2
kyle,4
yellowknif,2
rcmp,2
scene,2
necropsi,2
uncov,2
fragment,4
chest,4
teen,2
overnight,4
14-year-old,2
campground,2
escap,2
road,13
hospit,2
caught,2
ascend,2
helicopt,2
infrar,2
scanner,2
24-year-old,2
canadian,3
biathlet,2
mary-beth,2
myriam,2
bedard,2
biathlon,2
citi,24
sun,49
6/10/2001,12
6/9/2001,24
6/8/2001,29
calgari,8
12:00:00,19
upgrad,22
mon,7
6/11/2001,3
eb,9
domain,3
4:00:00,16
cabinet,2
403,2
sybas,2
postpon,2
pdx-ad-03.ebs.enron.net,1
DS,1
9:15:00,1
7:15:00,1
3:15:00,1
enron_comm,1
deinstal,1
filter,1
marlin,1
gubser,1
713-853-4281,1
reloc,2
fractur,1
rm,1
perman,1
rack,1
d1000,1
array,1
restor,9
configur,7
malcolm,9
713-345-3716,9
canada-calgari,1
pbx,1
standard,5
digit,3
dial,5
voicemail,1
durat,1
instal,4
old,25
processor,1
reinstal,2
aris,1
martin,10
974-6922,1
212-9280,1
sql,3
reliabl,7
scalabl,2
reinstat,1
version,5
insurmount,1
ripley,1
713-345-4709,1
matt,14
713-345-4209,1
ramesh,1
rao,1
713-349-4207,1
bob,6
ward,6
713-345-4409,1
comn,1
07,8
9:54,2
belden,2
badeer,5
swerzbin,1
motley,5
wolf,9
greg,7
heizenrad,3
timothi,4
perrino,1
mara,1
dasovich,1
dwr,1
releas,5
loan,7
tyson,3
julie_menconi,8
countrywide.com,8
Hi,11
10th,4
countrywid,2
rate,11
cooki,6
luci,2
hee,2
lick,2
jul,4
stress,13
soooo,1
yall,1
corner,1
income/no,1
basic,8
higher,2
easiest,1
qualifi,1
especi,8
warm,9
anyday,1
excit,5
wait,6
forev,1
dec,1
ago,17
yipppppeee,1
took,1
fell,2
insan,1
alot,1
doodi,1
antonio,5
Oh,4
ear,2
eye,3
menconi,23
06/05/2001,1
01:33:43,1
cc,56
e-mail\,16
msanche2,7
catch,10
monique',4
brother,7
sound,13
11:52,8
worm,3
awhil,3
decid,9
better,24
jake,6
pearl,4
stuffi,5
donald,17
tencel,17
prebon/en,6
hate,2
guarante,4
fletch,1
truluck,1
papa,1
im,1
frwd,1
smtp,9
12:55,1
laid,2
restaur,4
serious,2
dtencel,2
prebon.com,8
imceanotes-+22donald+20tencellent+20jr+2e+22+20+3cdtencellent+40pr,1
ebon+2ecom+3e+40enron,1
11:44,7
'msanche2,3
'ebass,2
holst,6
'andrew.lewi,2
'geoff.stori,2
'fletcher.sturm,2
Cc,11
31st,3
t.b.d,3
......,7
hang,14
flake,3
grow,7
closer,7
anybodi,3
sneal,3
grigg,3
huntman,3
frank,16
donni,3
gotten,9
could'v,4
tenaci,4
attempt,17
hold,15
chat,9
safe,7
concur,4
18th,4
load,6
6.0.2,2
27th,2
undergo,1
amex,1
sole,5
lock,1
ver,1
frequent,1
faq,1
//isc.enron.com/site/xmsfaqs.htm,1
abov,7
713-345-4727,1
committe,3
procedur,3
certif,3
unsecur,1
creditor,1
appoint,3
pacif,1
electr,4
bankruptci,2
tribolet,1
assess,4
lisa,3
mellencamp,1
advis,1
restrict,3
certain,9
wall,3
promptli,1
complianc,1
com+,7
compon,5
appdev,10
privaci,7
window,10
cd-rom,3
prioriti,2
eb00032,2
//www.appdev.com/com,2
save,23
two-tier,1
client/serv,1
scale,7
readi,6
inevit,1
multi-ti,1
dna,1
.net,2
comprehens,3
conveni,2
format,16
371,1
495,1
schaeferl,2
master,2
loosely-coupl,1
n-tier,1
architectur,1
implement,5
tier,1
ii,1
outlin,5
1-800-578-2062,2
hurri,2
expir,3
willeck,1
p.,2
valuabl,2
=======================,2
==========================,1
unsolicit,2
voluntarili,2
//www.appdev.com,4
appdev.com,2
//www.appdev.com/privaci,2
statement,2
========================,2
==============================,2
megawatt,5
desktop,5
esearch,3
librari,3
virtual,3
proud,2
illinoi,2
govern,3
80,3
egm,2
jason,15
craig,3
guest,3
badg,9
experienc,7
overwhelmingli,1
repeat,1
lexis-nexi,1
begun,8
piranha,1
investext,1
debt,1
distanc,2
mode,1
230,000,1
hit,1
34,1
cost-effect,1
manner,1
era,1
explos,1
constantli,1
met,4
might,15
meanwhil,4
fulfil,1
good-old-fashion,1
particularli,3
technic,2
recent,5
trailblaz,1
invent,1
combin,2
intranet-bas,1
broad,1
attende,1
reliant,1
shell,1
halliburton,1
exxonmobil,1
duli,1
impress,3
2.0,1
greater,2
function,5
frost,10
sullivan,8
countri,9
suburb,1
06/06/2001,1
inc.,2
-the,1
47,1
suburban,2
divid,1
400,2
ene,3
commonwealth,1
state,7
deregul,1
1997,1
60,1
40,5
exelon,1
exc,1
renew,1
landfil,1
wind,3
coalit,2
fossil,1
fuel,1
nuclear,1
240,1
gave,9
mayor,4
daley,1
morri,4
reen,1
daniel,10
fuller,3
patern,1
hawkin,2
carol,1
langston,1
morrow,1
harlan,1
murphi,1
bruce,3
petitt,1
emili,1
schwarzbach,1
alic,1
wright,3
allyson,1
zykori,1
thoma,2
kalb,1
debra,1
brannen,1
juan,10
camarillo,1
orellana,1
joana,1
bekerman,1
eric,13
tipp,1
metcalf,1
ricardo,1
charvel,1
andrad,1
jaim,3
araoz,2
gabriel,4
chavez,2
enriqu,3
cadena,1
rosalinda,1
kimberli,1
chick,2
ana,2
morena,1
william,9
grisela,1
escamilla,1
paul,4
burkhart,1
jodi,4
coulter,1
mcdowel,1
catherin,3
pernot,2
katherin,1
montgomeri,1
born,1
tap,1
clicktrip,1
domest,1
recogn,2
delta,1
10-28,1
twa,1
19-25,1
US,8
airway,2
anyon,10
1,045,000,1
630,1
folder,1
templat,2
maintain,2
consist,3
uniqu,2
faster,2
experience.enron.com,1
5:30,4
29th,1
schmell,1
aggie_deer_hunter.jpg,4
recal,1
nation,4
septemb,7
11th,5
ongo,1
reclaim,1
heal,3
blueprint,1
adapt,3
octob,65
6:15,1
6:50,3
JW,1
marriott,1
galleria,1
westheim,1
admiss,1
713-303-3966,1
Or,14
www.enronoperationhope.com,1
all-employe,4
cdt,1
hyatt,5
regenc,4
imperi,3
ballroom,5
toronto,3
omaha,3
york,11
//home.enron.com/employeemeet,2
cst,8
3:00pm,5
balanc,1
alloc,3
deduct,1
vanguard,1
lifestrategi,1
fidel,1
freedom,1
chosen,1
re-open,1
3-7979,1
8:00am,1
pace,10
lifestyl,8
jdrf,7
auction,5
cyber,4
5.00,3
raffl,3
diabet,3
caf,2
26th,2
roundtrip,2
enron/jdrf,2
sneaker,2
walker,6
28th,1
juvenil,1
foundat,1
cure,4
greenspoint,1
mall,2
a.m,1
24th,2
25th,1
//ecpdxapps01.enron.net/apps/auction.nsf,1
eg,1
1:00,5
street,4
front,9
fajita,3
trim,1
taquera,1
del,1
sol,1
mango,1
punch,1
british,3
10.00,1
drawn,1
2:00,3
cake,51
treat,4
moment,11
houstonian,1
fundrais,1
gulf,2
coast,1
southern,1
u.s.,11
janic,1
riedel,1
x-37507,1
cathi,7
phillip,16
x-36898,1
generos,1
mcconnel,2
vpn,2
year-end,2
font-siz,1
10pt,1
background-color,1
imag,3
oct.,3
stub,1
clickathom,5
portal,1
remot,1
reason,7
NO,2
briefli,1
outperform,1
emerg,1
coordin,7
departur,1
sheppard,4
fundament,6
4:56,1
richey,3
gaskil,2
grigsbi,12
lavorato,3
zufferli,2
allen,10
K.,7
call-in,2
pdt,2
877-233-7852,2
328886,2
503-464-7698,2
drug,6
coversheet,1
713-646-5847,1
10/23,1
lissa,1
boatright,1
justin,8
chaston,3
gavin,3
dillingham,3
gray,3
exi,1
tonsal,1
trevino,2
blake,5
tammi,1
20k,5
ran,7
imceanotes-joseph+2ef+2ereid+40accenture+2ecom+40enron,17
enron.c,8
om,8
06/07/2001,2
20th,5
joseph.f.reid,16
accenture.com,19
10:49,3
espinoza,4
x6-6002,4
revis,2
10/22/01,1
personnel,2
R.,2
x5-3923,2
darren,3
vanek,2
x3-1436,2
photo,13
measur,9
entranc,4
teleconfer,4
bit,6
patienc,2
stream,9
audio/video,1
houston-bas,2
//home.enron/employeemeet,1
follow-up,2
teleconferenc,3
sao,2
paulo,2
bueno,2
air,11
dubai,2
rio,2
janeiro,2
bothel,2
wash.,2
ramon,1
calif.,1
yvonn,2
francoi,2
345-8725,2
obvious,1
quarter,24
ljm,1
previous,3
chief,4
commiss,1
candid,1
encourag,2
tune,1
10/20/2001,58
10/21/2001,30
thu,15
10/19/2001,34
46,5
10/18/2001,3
idf,3
sp2,2
repair,3
riser,2
tropic,2
storm,3
allison,3
avaya,2
unaffect,2
turret,2
offlin,2
cool,3
occup,2
degre,3
rise,3
temperatur,2
stuart,4
fieldhous,2
713-853-5699,2
jameson,2
713-345-4423,2
eeshou-dbpcc,1
8-10am,1
eestest-dbpcc,1
9:30-11:30,1
eestest-wbpcc,1
10am-12pm,1
eeshou-eei,1
6-8pm,1
eeshou-wbpcc,1
8:30-10:35am,1
eeshou-dbrps3,1
9-10am,3
eeshou-oms01,1
5:30-7:30pm,1
uninstal,3
devol,1
713-345-8970,1
animesh,2
solanki,2
713-853-5147,2
telecom,4
closet,4
clean,2
port,1
713-345-9954,1
nahou-wwirf01t,1
nahou-wwirf01d,1
nahou-wwjrn01d,1
nahou-wwjrn01tnahou-wwiwn01d,1
hotfix,3
301625,1
wins-dn,1
tester,1
app,3
rollback,1
fix,6
dn,1
clint,1
tate,1
713-345-4256,1
10/22/2001,1
rmsprod,1
table/index,1
reorg,1
disabl,1
emmett,1
cleveland,1
713-345-3873,1
triniti,1
revert,2
madrid,3
primari,1
sitaraoncal,1
713-288-0101,1
oigin,1
powerdown,2
switch,11
traci,3
pearson,3
830-34238,2
tie,6
increment,4
autohedg,2
5000,2
round,3
exampl,4
1000,1
2499,1
0,1
2500,1
5499,1
5500,1
6499,1
6000,1
chip,9
packet,7
roster,5
sean,4
flahaven,4
marc,6
aourik,2
shirt,4
alber,2
christina,2
bolk,1
chua,2
joel,2
hensel,2
hutchinson,2
elizabeth,8
deborah,4
lari,2
maki,2
mccullough,2
morrison,2
pears,2
cynthia,4
pitr,2
becki,6
everett,2
ramirez,3
garibaldi,1
singh,4
vikram,4
sommer,1
allan,1
stalford,2
waldhaus,6
michel,12
nicol,5
rivera,2
ricki,2
kotera,2
wade,2
weikel,2
pam,2
aguilar,1
darrel,1
anastasia,1
moham,2
hernandez,3
lori,1
hudler,1
linardi,1
jose,1
mcsherri,1
ruan,1
surfac,2
jerald,2
teresa,2
worn,2
6:45,2
ankl,2
strap,4
paid,4
uniform,2
singlet/shirt,2
logo,2
bra,2
tight,3
sock,2
coolmax,2
sleev,3
etc.,2
6:30,3
flag,2
patrice.kerro,2
bench,2
young,14
bernard,3
rebier,2
pries,10
moor,2
6:03,1
grout,1
oct,3
12:44:49,1
+0200,1
p,3
spike,1
hair,1
green,2
orang,1
stare,19
done,9
drunk,3
sex,3
parrot,1
son,3
tag,7
shop,6
properti,6
identif,2
4:37,1
bodyshop,1
tags-off,1
usag,1
slide,7
lace,1
eyelet,1
snap,1
serv,3
safeti,13
verif,1
receptionist,1
temporari,1
pope,7
million,24
businessman,3
'give,2
chicken,2
chariti,2
100,3
liquid,3
4:26,1
bewar,1
14:35:46,1
-0500,3
papal,1
lord,1
prayer,1
kentucki,5
cathol,1
cardin,1
lost,1
cautiou,1
femal,1
sexual,1
predat,1
induc,1
male,1
victim,3
anywher,1
almost,1
no-strings-attach,1
render,1
liter,21
helpless,8
tactic,1
innoc,1
unawar,1
vulner,1
insidi,1
//explorer.msn.com/intl.asp,2
firstname.lastnam,9
necessari,12
decommiss,4
non-standard,3
cut-off,3
lotu,4
enron.messaging.administr,7
firstnam,4
lastnam,4
non-support,4
appear,4
smith,11
earlier,9
mention,9
signific,2
januari,1
2002,7
firstname.middleinitial.lastnam,1
announcements/corp/enron,1
behalf,2
10/15/2001,1
9:15,1
worldwid,3
ei.enron.com,2
abbrevi,2
acronym,2
and/or,6
new/exist,2
append,2
robert.alan.smith,2
imper,2
ssp,7
11:30:00,6
5:30:00,7
3:30:00,5
e10k,3
moe,3
9:30:00,4
morgan,2
gothard,2
713-345-7387,2
nahou-msmbx03v,2
1:30:00,4
namex-ln1,2
crash,1
split,8
vlan,1
468,1
/27,1
separ,5
traffic,1
aext,1
aein,1
AX,1
12:30:00,1
aeinfw,1
swap,4
emin,1
stabil,2
05v,1
plasma,1
re-instal,1
sieckman,1
713-345-7862,1
namty-ln1-,1
reload,1
netiq,1
namty-ln1,1
wilma,1
bleshman,1
713-853-1562,1
tremor,1
aftershock,1
entail,1
solari,1
softwar,2
enterpris,6
j2ee,6
java,5
//www.appdev.com/promo/eb00059,3
edit,2
sdk,2
10/31/01,2
self-studi,1
campbel,1
gunn,1
robust,1
kit,1
rapid,1
characterist,1
linux,1
six-video,1
retail,5
480,1
360,1
ship,2
satisfact,1
varieti,1
studio,1
asp.net,1
xml,1
xslt,1
classroom,1
instructor-l,1
privacy============================,1
//www.appdev.com/removeme.asp,1
e=msanche2,1
s=eb00059,1
cpu,8
IP,4
sombra,4
acta,4
mirror,5
cach,4
protect,4
ecach,4
pariti,4
layout,4
3ac,2
reconfigur,2
patch,4
regress,2
enw,2
prowler,1
firewal,1
shirkoff,1
713-853-1111,1
consolid,3
micah,2
stagg,1
713-345-1696,1
ein,1
static,1
44,1
mcgough,1
713-345-3143,1
hr-db-1,1
brandon,3
bangert,1
713-345-4904,1
calkin,1
713-345-7831,1
raj,1
perubhatla,1
713-345-8016,1
281-788-9307,1
1st,2
3rd,1
dalak,1
malik,1
713-345-8219,1
adcupkilo,1
adcupklima,1
quark,1
enlighten,1
file,5
automount,1
task,1
neptun,1
tagg,2
emerald,1
spectr,1
test/dev,1
dev,1
2924,1
token,1
ring,3
config,1
2948,1
minim,1
exposur,2
loss,8
sutherland,1
713-345-7192,1
mikulski,1
713-853-7409,1
nguyen,2
713-853-0691,1
mix,2
gari,3
men',1
pm-7:00,1
gmt-06:00,1
ms=2974,18
terror,10
trauma,4
redempt,4
Re,24
audiotap,3
feargal,2
context,2
high-impact,3
kind,11
J,11
fox,2
brook,2
rodger,3
entrepreneur,2
spur,1
attract,4
childlik,1
superquinn,1
u=1668,1
jolt,2
u=1669,2
diner,1
12,000,1
elig,2
u=1412,1
evil,1
genuin,1
whose,1
refram,2
mass,1
murder,1
covert,1
warfar,1
cast,1
harsh,1
hallmark,2
incept,1
unsung,1
hero,2
neither,2
famou,1
richest,1
depth,1
shape,1
u=1670,1
polli,2
labarr,2
ireland,1
domin,1
bigger,3
better-financ,1
rival,1
philosophi,1
folksi,1
radic,7
convinc,1
u=1672,1
reshap,2
logic,1
devot,1
parkinson,1
diseas,4
u=1673,1
harriet,1
rubin,1
silk,1
maier-witt,1
psychologist,1
kosovo,2
inflict,1
side,22
father,1
dark,7
nazi,1
gang,1
u=1674,1
u=1675,1
first-ev,2
readers',1
companion,1
globe,2
ordinari,2
extraordinari,2
in-the-trench,2
u=1676,2
u=1677,2
nomin,2
u=1678,2
e-busi,1
easi,9
business-servic,1
marketplac,4
buyer,1
outsourc,1
u=1679,1
former,3
bogota,1
colombia,1
seen,9
narco-terror,1
brutal,7
kidnap,1
rampant,1
despair,1
penalosa,1
rebuild,1
urban,1
u=1680,1
wari,2
cof,2
roadshow,1
startup,2
adopt,1
old-fashion,1
prudenc,1
fresh,1
jamba,1
juic,1
ripen,1
vine,1
u=1681,1
recommend,1
'know,1
everyth,20
u=1682,1
u=1683,1
record,1
store,5
dozen,1
logowear,1
u=1684,1
19.75,2
that',2
67,3
u=843,2
barri,7
tycholiz,6
counterparti,1
summari,1
properli,1
seri,2
map,2
fraley,2
peter,15
hoyt,2
decision-mak,2
commodity-specif,2
geograph,2
dessert,2
grabstald,2
3-9610,2
sda,2
payoff,1
in-servic,1
hardship,1
brokerag,1
in-kind,1
re-invest,1
mutual,1
enronbenefit,1
185,2
//esource.enron.com/worldmarket.asp,1
forecast,2
//esource.enron.com/worldmarket_countryanalysis.asp,1
legisl,1
impend,1
same-day,1
in-hous,1
written,3
180,7
investor,5
//esource.enron.com/worldmarket_regulatory.asp,1
//esource.enron.com/hot_topics.asp,2
eastern,4
mid-market,3
identifi,4
optim,2
redmond,2
vari,1
facilit,1
producer/wellhead,1
wellhead,1
lagrasta,1
u.,2
western,8
unchang,3
whitt,1
luce,1
strictli,5
long-term,1
vicker,1
assum,8
louis,2
anthrax,4
potenti,5
biolog,1
terrorist,1
controls/corpor,1
safeguard,1
suspici,1
postal,1
up-to-d,1
guidanc,1
comfort,5
3-6200,1
pose,1
bulletin,1
//home.enron.com:84/security/002_bull_001.html,1
cdc,1
usp,1
2:42,1
ibit,10
compar,7
segment,3
incom,2
pge,2
significantli,2
lower,8
cloud,2
write-down,2
recur,1
0.43,1
percent,1
0.45,1
1.80,1
2.15,1
explan,1
consider,1
minor,1
tax,1
754,1
65,1
88.2,1
trillion,1
thermal,1
equival,2
tbtue/d,1
701,1
26.7,1
tbtu/d,1
77,1
290,1
mwh,1
53,1
volatil,3
profit,2
flat,2
71,1
95,000,1
slightli,2
85,1
74,1
sell,6
elektro,1
dabhol,1
tg,1
investment-rel,1
unalloc,1
59,1
106,1
1.01,1
thorough,2
287,1
183,1
restructur,1
inventori,1
544,1
primarili,1
financ,2
accomplish,2
superb,1
transpar,1
www.enron.com/corp/pressroom/releas,1
compens,3
mari,8
strength,2
strongli,1
world-class,1
reward,4
tremend,2
elev,1
employee-focus,1
oxley,1
recruit,2
staf,1
evalu,4
olson,2
social,3
redeploy,1
alumni,3
worklif,1
joyc,1
//home.enron.com:84/messaging/hrorgchart18.ppt,1
D.,10
pleasur,2
3:35,4
friedman,4
slagl,4
De,4
La,4
torr,4
mausser,4
gregori,8
franklin,4
quigley,5
dutch,6
loibl,4
kori,5
emmon,5
suzett,4
simpson,4
jame,9
oliv,4
toni,6
bagwel,5
kenn,4
C.,7
mclaughlin,4
errol,4
bass,5
patti,5
gay,7
randal,6
L.,7
kuykendal,8
tori,9
lenhart,6
matthew,9
ermi,9
P.,5
tholt,4
jane,5
reitmey,6
jay,8
groenewold,4
shannon,6
richter,4
keavey,4
winfre,4
o'neal,4
larri,5
hogan,4
irena,5
neal,5
shive,4
hunter,4
S.,7
loren,5
'moshuffl,4
hotmail.com',4
bound,4
pursu,5
culinari,7
baking/pastri,5
apprenticeship,5
deer,8
valley,6
resort,6
utah,6
winter,5
spent,18
endeavor,5
hesit,5
//www.deervalley.com/winter/winterhome.asp,5
moshuffl,7
cellular,5
713-516-0651,7
jdf,1
benji,1
2424,1
dunstan,1
5:30pm-8:00pm,1
angi,1
chappel,1
x51535,1
costum,1
prize,2
award,2
die,46
kidney,1
inject,7
insulin,1
complic,1
//www.mapquest.com/cgi-bin/mqtrip,1
shared_uid=epb1a8ac46uck8mu,1
link=btwn/twn-ddir_results_pag,1
event=retrieve_rout,1
phi,3
fin,2
index,2
nov,1
nov-mar,1
paint,1
wood,8
satisfactori,1
certainli,3
appreci,2
friendship,1
needless,1
dronet,1
alexsand,1
wherev,1
yan,1
wang,5
x33228,1
tab,1
patrick,3
mon.,1
tue.,1
wed.,1
10/15/01,1
bethlehem,1
proga,1
lay,5
courtney,6
votaw,1
courtney.votaw,1
713-853-6790,1
interoffic,1
4704b,1
ken,2
video/audio,1
IL,1
audio,1
400-7918,1
+1,1
952,1
556-2844,1
encount,1
difficulti,4
pray,13
drastic,5
smile,9
glad,9
gut,1
skii,1
olymp,1
jealou,3
subsid,1
incorrect,1
bill,3
ms=3242,17
battl,3
moffat,3
forc,9
ralph,2
armi,3
lieuten,2
colonel,2
princip,2
war,4
akira,2
ishikawa,2
semiconductor,2
revolut,2
paradox,1
21st,2
centuri,1
soul,1
u=1780,1
investorprotector,1
TM,1
investor',1
least,5
succe,1
u=1791,1
defeat,1
enemi,1
u=1781,1
testifi,1
pressur,4
u=1782,1
thankless,1
vanish,1
layoff,1
ibm,1
u=1783,1
u=1784,1
who',7
brought,2
everyday,2
stephen,5
genom,1
transplant,1
bought,5
u=1785,1
overdr,1
sphere,1
breakthrough,2
electrifi,1
implic,1
u=1786,1
u=1787,1
flood,1
ambush,1
conni,1
chung,2
u=1788,1
resembl,1
u=1789,1
wheel,3
cutting-edg,1
winner,1
philip,6
holder,1
timberland,1
898,1
pentax,1
optio,1
330,3
camera,2
epson,1
printer,1
gadget,1
u=1790,1
16th,1
absenc,2
simon,4
thurbin,1
10/13/2001,2
netfin,1
eeshou-ln11,1
eeshou-ln12,1
roder,1
H,6
gerlach,1
12th,2
2-person,1
non-memb,1
yahoo,10
victor,5
garag,4
visitor,4
__________________________________________________,5
chin,1
dream,5
xoxoxoxox,1
wrote,2
w/,16
caddy-corn,2
parkway,2
exit,2
45north,2
buzz,3
bc,5
713-853-1917,5
atla,3
scottatla,3
yahoo.com,37
09,3
8:12,2
ok,3
geociti,2
8.95/month,2
//geocities.yahoo.com/ps/info1,2
disclosur,4
hereto,4
evid,4
bind,7
enforc,4
reli,10
basi,13
estoppel,4
otherwis,9
//personals.yahoo.com,3
taleban,9
afghanistan,17
ground,7
saudi,6
campaign,3
bin,5
laden,7
abdullah,3
blair,3
washington,3
pakistan,3
mount,2
UK,2
assault,3
immin,2
troop,2
command,5
allianc,6
coverag,2
Al,2
qaeda,2
element,6
regim,2
refus,2
crown,2
princ,2
distinct,2
wider,2
johnston,2
11:04,2
whalley,1
shankman,1
jeffrey,3
andrea,1
V.,3
kitchen,1
hickerson,1
nowlan,1
fiala,1
marku,1
presto,1
shahi,1
pushkar,1
tholan,1
woodi,1
ru,1
seigl,1
clayton,1
fitzsimmon,1
brendan,1
roth,1
robertson,1
kean,1
update-,1
pakistani,1
underway,5
nyc,1
investig,1
RJ,1
x39934,1
thinner,1
defenc,1
soften,1
raid,1
difficult,7
variou,3
sight,1
divis,1
10,000,7
brigad,1
3,500,1
pentagon,1
explicitli,1
kabul,1
moral,1
prompt,1
invad,1
outli,1
defect,1
pattern,1
allegi,1
cancel,1
strike,3
clearli,1
object,1
ralli,1
aim,1
flush,1
struck,1
diminish,1
unseen,1
loosen,1
afghan,1
inner,1
led,3
aymar,1
al,1
zarawahi,1
depend,1
among,1
alli,1
planner,1
detach,1
broad-bas,1
supervis,1
definit,10
manifest,1
kingdom,1
talli,1
violent,1
incid,1
interior,1
moreov,1
coffer,1
'advis,1
incur,1
osama,1
displeasur,1
understood,1
mistak,1
ambassador,1
riyadh,1
symbol,1
prime,1
minist,1
gall,1
blunt,1
spoke,32
blot,1
steady-,1
unrest,1
amplifi,1
peshawar,1
'play,1
protest,1
musharraf,1
reshuffl,1
militari,3
appointe,1
grip,1
rank,2
allies-,1
arabia,1
egypt,1
turkey,1
jeopardi,1
concentr,1
spill,1
foleys.com,20
mail.utexas.edu,12
line-up,9
diane_hoyuela,6
baylor.edu,6
kristi,7
hoyuela,4
khoyuela,4
rice.edu,4
darndest,4
marcgarcia,2
earthlink.com,2
hamm,2
terra.henderson,2
jenny-popp,2
pritula,2
salazar,2
sprout,2
tom-nobl,2
dav4,2
oag.state.tx.u,2
i00bww,2
fds.com,2
cathy_mors,2
jindy_lan,2
doug_tiffan,2
julie_schwalen,2
christina_ofarrel,2
jennifer_taylor,2
julie_puccio,2
slawren1,2
jcpenney.com,2
vkeuhler,2
academy.com,2
hoyuela/fo/mayco,2
10/12/2001,2
09:24,2
10/11/2001,2
10:50,2
anderson,4
longhornliz,2
deana,2
utd,2
bex,2
kristin_bexley,2
c.j,2
hull,3
cjedi00,2
kellisfac,2
kilgor,2
jennifer_kilgor,2
dani,2
danibabi,2
keller,2
cheshire_kjk,2
jenni,3
rod,3
jenny_rodriguez,2
lecholop,2
skl24,2
drussel,2
ashley,5
rosenthal,2
prettyruss,2
brandi,2
bjone,2
3:20,2
husseinfeld,2
mad,2
suddenli,15
sanction,2
benben,2
allah,2
mcbeal,2
fortun,3
usama,2
forbidden,2
afganistan,2
wackiest,2
blooper,2
buffi,2
yanke,2
imperialist,2
slayer,2
secret,2
reveal,2
pita,2
veilwatch,2
matima,2
chachi,2
U,2
shapeless,2
dress,3
veil,2
baghdad,2
diagnosi,2
heresi,2
funniest,2
super,8
9:00-,2
captur,2
rebel,2
achm,2
creek,3
no-wit,2
eol,3
lavo,2
braden,2
reunion,2
bmenconi,2
flash.net,2
fyi,2
columbu,2
9:08,1
'barbarb,1
menconi',1
CS,1
misplac,1
barbarb,1
9:21,1
granddad,1
bed,7
11:25,1
station,1
agg,1
maker,1
declin,2
mcmahon,1
becam,1
confid,4
unparallel,1
deep,7
andi,3
fastow,1
treasur,1
cfo,1
lion,9
zoo,6
cage,5
keeper,4
gorilla,3
draw,2
dangl,2
furiou,2
pounc,2
mickey,2
taylor_mickey,1
10:58,1
out-of-work,1
drag,9
suit,3
eventu,1
climb,17
crawl,4
partit,1
lion',1
taunt,1
larger,1
terribl,2
terrifi,1
scare,1
scream,7
yell,1
angri,1
idiot,1
fire,1
ercot,2
telecom/broadband,2
dialogu,1
summit,41
telecom/bandwidth,1
harper-slaboszewicz,1
woodward,1
trading/brokering/onlin,1
3:30,4
35,1
3:30-4:30,1
acquir,1
meter,37
4:30-5:30,1
utilicom,1
/energi,1
overal,1
perspect,8
bthoskin,4
anyway,12
boston,2
5200,2
boulder,2
ct.,2
louisvil,2
KY,2
40207,2
502-895-0980,2
sanchez/enron,1
enronxg,15
05/29/01,1
05:31,1
hoskins/enron,1
thur,2
knew,2
plung,2
revers,2
trading/short,2
11:26,2
ny-mex,1
breakfast,2
villag,1
Q3,2
-74,2
scrap,2
250/mm,2
client,37
russ,30
gs.com,24
death,25
rescu,28
oxygen,24
asmu,24
8000,18
expedit,20
aliv,18
mountain,18
altitud,18
sherp,18
trevor,13
vaughan,12
rita.nagl,12
stuck,12
telescop,12
bleak,12
wive,12
aussi,12
russian,12
incoher,12
immobil,12
desper,12
roust,12
epic,12
col,12
descent,12
rush,12
lucki,14
rope,12
tvaughan,6
'fermi,6
fermi,11
11:24:13,6
-0400,7
owen,6
j.aron,6
everst,6
weekli,8
honky-dori,6
till,8
fom,6
9:07,6
nagl,6
rita,6
8:47,6
himex,6
everestbasecamp.com,6
5:03,6
patrickw,6
youthstream.com,6
gamacorp,6
owenandsuz,6
richard.ruzika,6
njone,6
thecarlylegroup.com,6
jeff.reznick,6
dmandel,6
sjga.com,6
unfortun,8
halt,6
ascent,6
perpetu,6
clumsi,6
wrsene,6
beauti,9
bitten,6
tragedi,12
vomit,6
trudg,6
humor,6
suz,6
strongest,6
snatch,6
nok,6
spaniard,6
flirt,6
bout,7
cerebr,6
edema,6
valiant,6
hig-altitud,6
unleash,6
totali,6
logist,6
regulataor,6
jet,7
heavili,6
heroism,6
8650,6
freez,6
stumbl,6
pair,6
dash,6
8300,6
rel,6
blanket,6
comm,6
bivouac,6
therescu,6
purba,6
lopsang,6
zone,6
hump,6
upont,6
'99,6
sacrific,6
teammat,6
began,6
snail,6
themselves.w,6
absolut,7
inch,9
stretch,6
gaze,6
steep,6
supermen,6
36,6
abc,6
suck,8
themselv,8
double-rescu,6
helo,6
platoon,6
descend,6
'safe,6
mem,6
drama,6
unfold,6
scope,6
sulk,6
occasion,8
morain,6
uh,12
oh,7
warn,6
fever,6
pursuad,6
grew,8
evolv,7
trap,6
kick,6
draggin,6
valiantli,6
burn,6
linger,6
f,6
els,13
progress,7
mumbl,6
spoken,6
it',6
dehydr,6
siffic,6
boil,6
keepup,6
heartbeat,6
'rest,6
tongu,6
fluid,6
alon,6
throw,8
realiz,11
razor-thin,6
jumar,6
supposedli,6
oni,6
anchor,6
ten-year-old,6
knot,6
uv,6
ray,8
footprint,6
stomach,8
jerk,6
taut,6
here.th,6
bowl,6
casualti,6
unlik,6
crew,6
passs,6
hell,7
tank,6
ro,6
munich,5
franc,4
woodsi,2
bishop,2
widenmayerstr,2
80538,2
011-49-89-2157-8951,2
011-49-179-515-7409,2
fli,5
035,2
034,2
woodrow,3
common,2
rosi,2
folk,2
honor,1
path,1
cross,5
pleu,1
sfp42,1
cell,11
281-300-8286,1
281-261-0499,1
-jake,2
jake_scarbrough,3
14:40:11,2
backpack,3
fine.sometim,3
friski,3
others.good,3
10:19,3
ganach,6
04/30/2001,10
06:11:52,5
heath,2
sandi,1
979-823-6235,1
krweaber,7
pfdj.com,7
ski,8
dorm,4
roommat,4
april,5
hello,18
armadillo,3
beach,4
09/18/2000,3
//www.hotmail.com,3
weaber,2
04/19/2001,2
knee,6
wrong,2
augh,2
beg,2
o'clock,2
daytona,2
road-trip,2
TA,2
shortli,6
newfangl,2
all-night,2
dud,2
bud,2
spring,3
tan,2
cold,3
tast,4
bar,5
homecom,2
ass,2
sigh,2
crime,2
guilti,2
newborn,2
pup,2
unthink,2
somebodi,2
sanchez/hou/ect,18
9:42,1
04:13:51,1
tear,2
dull,1
hectic,1
spare,3
SO,1
3:57,1
recap,1
often,4
romant,1
newlyw,1
snowboard,1
medicin,1
grind,1
california,1
jan,1
BY,1
4hr,1
cayman,1
island,1
newyork,1
lastli,5
derbi,6
sweetheart,1
2003,1
importantli,1
har,1
skateboard,1
blade,1
block,1
lighten,2
chase,1
poodl,1
hilari,2
1/2,2
bakeri,1
hardli,2
eachoth,1
tom,1
ME,1
surgeri,1
februari,1
gma,1
wear,4
nephew,1
niec,1
imagin,2
sitter,1
nanni,1
avoid,1
choke,1
pressure/anxieti,1
bam,1
rap,1
832-724-7102,1
anytim,8
unread,1
love-mo,1
03:00:54,1
broken,1
gloss,1
miser,1
newli,1
engag,1
pre-marit,1
frame,1
vs,1
bali,1
grandma,3
statu,1
quo,1
bore,1
damn,2
7:24,1
okay,1
shenanigan,1
07:20,1
04:02,1
ect,14
scott/hou/ect,1
03:24,1
ashleastu,1
pic21998.pcx,1
09/17/2000,1
04:19,1
sarah_c_buck,1
jennyrees,1
rebeccacook,1
carey_elizabeth,1
jkbowl,1
susan.m.scott,2
ashley.craddock,1
ac.com,1
lisa.a.meador,1
chase.com,2
kendle.r.eg,1
us.arthurandersen.com,1
______________________________________________________,1
_________________________________________________________________________,1
hotmail,1
//profiles.msn.com,1
muffin,2
oven,12
consum,3
bi,1
ab,1
anal,1
retent,1
mo,7
05/14/2001,6
01:12:01,1
exne01.exch.eds.com,4
funni,3
rweiss9820,3
05/10/2001,2
jshakerdg,2
natsource.com,2
deena,2
gross,3
deena.ferado,2
gte.net,2
staci,3
oooooooop,2
feliciano,2
shu.edu,2
03:15,1
jojo,3
shakerdg,1
02:45:07,1
vulgar,1
12:38,1
loud,1
porno,1
thatw,1
guess,8
-beck,1
message-id,1
000f01c0d980,1
3de60560,1
93e32a3f,1
ferado,1
fwend,1
gina1569,1
rnstaci,1
tara,2
tjp239,1
lisalisasalazar,1
jennifer_murphi,1
csd.k12.ca.u,1
decegli,1
sabina,2
bmg,1
ny1540,1
sabina.decegli,1
bmge.com,1
14:36:09,1
mime-vers,1
1.0,3
x-mailer,1
5.5.2650.21,1
content-typ,1
multipart/mix,1
boundary=,1
_=_nextpart_002_01c0d989.b7316af0,1
carmen.feliciano,1
eds.com,1
alex,1
felici,1
ortega,1
liz.ortega,1
predictive.com,1
luz,1
esperanza,1
alvarez,1
alvarel,1
turenn,1
newton,1
newton.turenn,1
freeman,2
sfreeman,1
lcbf.com,1
gcleff72,1
vazquez,1
lesli,1
leslie.vazquez,1
morel,1
diana,2
diana.morel,1
'deena,1
ferado',1
vanderhoof,1
brian.vanderhoof,1
2:11,1
pic14483.jpg,1
9:33,1
evan,2
ted,2
lisk,1
hun,3
india,4
henc,4
buck,4
forgo,4
sri,1
hunbun,1
11:23,1
10:45,1
1.3,2
1.5,2
felt,3
peak,2
solicit,2
dissap,2
3500,2
28.5,2
uptrend,2
OH,2
eog,2
sympathi,2
l-me,3
slack,1
jacket,1
3:09,1
casual,1
bell,2
whistl,2
suitabl,1
nap,2
2:53,1
10:08,1
'sanchez,1
simpl,1
jean,1
frizzi,1
torn,1
sweater,1
jewelri,1
ringlet,1
930,1
9:50,1
n,8
wo,2
adio,1
tutto,1
bene,1
beef,1
stew,1
jam,11
dan,3
electro,1
.......,4
suebob,2
bbq,4
alright,1
outta,1
house/neighborhood,1
wife,3
hmmmm,1
horsesho,1
yard,4
construct,1
headcount,1
divi,1
bringin,1
05/09/2001,3
12:24:00,1
10:46,1
meat,2
pico,2
iron,1
plenti,4
scarbrough,1
12:45:31,1
barbequ,1
finger,5
chocol,5
07:42:59,1
2-12,1
time.i,1
prescrib,1
acur,1
layer.if,1
bounc,1
there.if,1
indented.bak,1
longer.perhap,1
time.if,1
713-725-2676,1
08,3
2:56,1
glaze,2
glazeabl,2
12x2,2
stagger,2
pan,2
temp,2
interfer,2
circul,2
wig,3
temperament,2
05/08/2001,3
02:13:46,2
todd,6
doss,4
todd_doss,4
dell.com,4
boat,2
rental,2
h-town,2
12:16:13,1
jarrod,4
haughn,3
jhaughn,1
lawrenc,1
remembermel,1
cs.com,1
jwfriend,4
dow.com,5
cabin,1
proceed,1
rent,1
dock,1
cruis,1
surf,1
bath,2
11:35,1
600,1
extend,1
negoti,1
esr,1
800.279.3355,1
89978,1
512.751.8827,1
dell,1
//www.dell.com/products/powredge/index.htm,1
11:05,1
size,1
cove,1
15919,1
booth,1
circl,1
volent,1
78641,1
+1-512-258-0076,1
innkeep,1
steichen,1
//www.bbchannel.com/usa/texas/austin.asp,1
hide,7
mint,5
julep,5
mint-julep,1
disco,1
lame,1
12:22:55,2
verb,2
brunch,2
connecticut,2
12:53,2
vagu,4
recollect,3
intox,3
flew,3
16hr,3
solo,3
chit,4
toss,1
tomatoes/mozzarella,1
balsalm,1
vinegar,1
saut,1
breast,1
mid,4
sedat,1
l-mo,3
r,3
05/04/2001,10
09:20,2
scari,4
usa.net,6
root,2
conscienc,2
unfamiliar,2
therefor,2
desir,2
seemingli,2
destin,2
extinguish,2
retir,2
creatur,2
mindset,2
bargain,2
eh,2
11ish,2
1pm,2
08:01:59,2
07:34,3
garcia,4
djgarcia1,3
12:40:54,3
lfrazervob,3
meredith415,3
bpatel,3
princeton.edu,3
ania,3
kuk.klab.caltech.edu,3
davidkallenbach,3
katherinemt,3
enchantebel,3
lanceharri,3
dixon_lynn,3
scott_maslanski,3
antiochne.edu,3
mo94tamu,3
gillenwat,3
alum.mit.edu,3
michircodd,3
reneevon,3
soleilr,3
shannon.szymczak,3
ci.austin.tx.u,3
shelbell5,3
staceyjoyc,3
susanjung,3
tlkelly53,3
tarame,3
sarah_mahoney,3
tmk21,3
ellenwin,3
dwintzer,3
juno.com,3
gilfli,3
stick,3
psych,3
whoop,3
post-summ,3
drought,3
unless,3
thailand,3
letter,3
minnesota,3
PO,3
450,3
spruce,3
c/o,3
vob,3
eli,4
MN,3
55731-0450,3
218-365-5761,3
prob'li,3
itch,3
northwood,3
weari,3
hug,3
belay,3
stdolelink,2
05/03/2001,1
07:36,1
05/02/2001,9
11:41,1
allen/hou/ect,1
holst/hou/ect,1
ermis/hou/ect,1
tholt/hou/ect,1
713-408-6256,1
newcurrentday,1
pertin,1
mold,2
chiffon,1
choc,1
buttercream,1
buttercream/fresh,1
berrries/,1
seedless,1
layer,1
frostings/ganach,1
assembl,1
wiggin,1
slap,1
silicon,1
rid,2
joke,1
homework,1
12:57,1
02,4
layman,1
01:33:51,1
1:28,1
01:10:31,2
1:08,2
prep,5
shower,3
baptism,3
stressful,3
01:03:55,3
granni,4
titl,3
ceremoni,3
aerosmith,3
w/fuel,3
woodland,1
12:29:18,1
jarrod.haughn,1
RM,1
01,4
11:28,2
lawn,2
mitchel,2
aug.30th,2
-thursday,2
jrod,2
cheena,1
apt,2
alban,2
07:56:31,1
betti,1
crooker,1
05/01/2001,9
10:09,1
associate/,1
mid-rot,2
lee/enron,2
reagan,3
williams/na/enron,2
0=,1
3:27,1
=09karen,1
davis/enron,1
02:56,1
=09nave,1
ahmed/na/enron,1
berryman/enron,1
blanchard/hou/e,1
amanda,3
day/hou/e,1
figueroa/enron,1
enronxg=,1
ate,1
loftu,2
fitzwater/na/enron,1
gay/hou/ect,1
eduardo,2
gi=,1
l/na/enron,1
selena,2
gonzalez/hou/ect,1
gordon/hou/e,1
P=,2
aul,1
gregory/enron,1
huan/enron,1
felip,3
jens/enr=,1
king/enron,1
jebong,2
kyu-bong,2
enronxgat=,1
loosley/enron,1
mathews/enron,1
enro=,1
abhijeet,2
naik/enron,1
stacey,1
neuweiler/enron,1
en=,1
ronxgat,1
carlo,4
paysse/enron,1
peters/enron,1
commu=,1
nicat,1
quigley/hou/ect,1
reitmeyer/ho=,1
u/ect,1
margaret,3
rhee/enron,1
rorschach/enron,1
seely/enro=,1
sergeev/enron,1
communications=,1
nikhil,1
shah/enron,1
communication=,1
yuan,2
tian/na/enron,1
eboni,4
troupe/hou/e,1
miguel,2
vasquez/enron=,1
weldon/hou/ect,1
D=,3
atren,1
zhang/enron,1
=09shelli,1
butler/enron,1
enronxgate=20,1
=09associate/,1
op=,1
portun,1
this=,1
ma=,1
ny,1
qualiti,2
gain=,1
ed,1
rotation.=20,1
summe=,1
dep=,1
artment,1
amongst,1
st=,2
af,1
f=,1
orm,1
inter,1
thi=,1
anonym,1
r=,2
otat,1
=20,3
rentcheck,16
blacken,1
sweet,1
potato,1
12:16:43,2
11:02,2
crack,1
02:15,1
11:46,1
haughn/enron,1
tryin,1
//pollyscakes.com/tidbits.htm,1
www.fastcompany.com,1
04/26/2001,2
07:40,1
08:05:14,1
happier,1
chunk,1
guard,1
claim,1
jersey,1
05:19,1
dilemma,1
crave,1
constant,1
-ha,1
02:51:10,1
globe-trot,1
comb,1
itinerari,4
erin,6
tanner,3
hellman,3
thompson,4
chuck,3
angela,3
chad,4
karlen,2
edmond,3
curti,2
crum,2
higgin,2
jonathan,6
leeann,2
apb,1
itenerari,1
03:55,1
jennifer_lamprecht,1
oxy.com,1
03:38:59,1
lamprecht,1
713-215-7075,1
chuckt,1
apbenergy.com,1
2:20,1
'jennif,1
lamprecht',1
2:01,1
ami,2
mcclure,1
weingarten,1
bradshaw,1
aubrey,1
lipscomb,1
beth,1
hinkebein,1
kerr,1
Bo,1
popov,1
olver,1
florer,1
brenden,1
nowak,1
hall,2
hovekamp,1
mcallist,1
corey,1
heilig,1
hopmann,1
bohnert,1
donohu,1
hayden,1
overbey,1
godbey,1
darci,1
gustafson,1
robbin,1
Ed,1
pierangelino,1
elliot,1
sorkin,1
benson,1
fischess,1
glassford,1
massey,1
felicia,1
harper,1
bauernfeind,1
holtgrav,1
inessa,1
kallic,1
inna,1
gurevich,1
mueller,1
greenwood,1
knott,1
jenkin,3
hale,1
perdew,1
lindsey,1
joshua,1
weber,1
horn,1
arnold,1
kati,1
koch,1
keeli,1
schlink,1
donaldson,2
dornbush,1
hickox,1
mcgarvey,1
len,1
zoeller,1
brizendin,1
flum,1
mckinney,1
keck,1
melissa,1
davi,1
tarullo,1
kamber,1
missi,1
colvin,1
gile,1
peggi,1
hickey,1
preston,1
toubia,1
duncan,1
roger,3
hay,1
roy,1
mercer,1
russel,4
kennedi,1
hanger,1
mitcham,1
karr,1
shawn,1
strohbeck,1
steve,3
hulsman,1
tarreck,1
yenn,1
ost,1
ratliff,2
tod,1
vaught,1
atkin,1
vaughn,1
blenkenbak,1
itinerary.xl,1
ecg,3
blood,2
abnorm,2
wave,2
loop,1
oustid,1
robin,2
hr,5
cope,1
outlet,1
gym,1
01:58:21,1
dsanche1,1
mild,1
pain,1
hugh,1
health,1
maternal/patern,1
non-specif,1
178,1
110/80,1
referr,1
luke,1
bone,1
density/mammogram,1
allright,1
07:40:28,1
neighbor,1
golf,1
tournament,1
Me,1
//www.kbb.com/kb/ki.dll/kw.kc.ur,1
kbb,1
850761,1
jeep,2
1987,1
20grand,1
20wagon,1
JE,1
D3,1
//www.wagonmaster.com/about.htm,1
www.carsurvey.org,1
grandfath,1
clock,2
daylight,1
hubbi,1
husband,1
imceanotes-+22john+20menconi+22+20+3cjmenconi+40adv-eng-ser-inc+2ecom+3e+40enron,5
713-861-3507,1
7:30,1
bedroom,2
treadmil,2
plate=,1
au,1
wors,1
cough,1
leas,1
he=,3
p=,1
feeder,1
out=,1
work=,1
workout,1
makin=,1
g,1
strawberri,5
afternoon/even,1
wa=,1
tackl,1
cloth,1
space=,1
mess,1
shoot=,1
fri=,1
=09,2
imcea=,1
notes-+22sanchez+2c+20kathryn+20a+22+20+3cksanchez+40houstonisd+2eorg+3e+40=,1
=09thursday,1
7:58,1
=09sanchez,1
=09hello,1
t=,2
colorado,1
hav=,1
claustaphobia,1
cardio,1
monster,1
machin,1
someday,1
god,1
aw,1
Mt,1
everest,11
toler,1
ellen,2
delbert,2
easter,1
EM,1
emharri,3
imceanotes-+22harris+2c+20ellen+20+28em+29+22+20+3cemharris+40dow+2ecom+3e+40enron,1
1:36,1
mcclinton,1
aerial,1
theater,1
gosh,1
misspel,1
polyurethan,1
nbd,1
979-238-5329,1
belat,12
apolog,4
jar,4
canning,4
curv,6
5/21/2001,1
toast,2
10:52,1
s-jam,1
b-fast,1
yummi,1
buttermilk,1
couch,1
biscuit,1
manana,2
4:17,1
-14,784,1
curveshift,1
51,652,1
aol,1
distract,1
jani,1
heavi,1
downpour,1
spray,1
bi-direct,1
rain,1
anti-msgr,1
overload,1
loner,1
holler,1
tuttoben,1
vincent,2
grappa,1
imceanotes-+22donald+20tencellent+20jr+2e+22+20+3cdtencellent+40prebon+2ecom+3e+40enron,1
var,2
impos,1
130k,1
reaction,1
discours,1
shift,2
-218.,1
elpo,1
gate,1
manipul,1
lift,1
cg,1
mostli,1
fluff,1
aga,1
118,1
110,1
prebid,1
unch,1
monica,2
partyi,1
anthoni,2
magdaleno,1
I.,1
oppos,1
kirbi,1
perhap,2
rosie.m.gonzalez,1
imceanotes-rosie+2em+2egonzalez+40chase+2ecom+40enron,1
12:22,1
2:38,3
05/21/2001,3
01:59,3
busiest,2
plate,2
3:23,1
'joseph.f.reid,1
enron',1
4:57,1
imceanotes-+22sanchez+2c+20kathryn+20a+22+20+3cksanchez+40houstonisd+2eorg+3e+40enron,2
8:06,1
in-law,4
10eastern,4
appar,4
imceanotes-+22frank+20ermis+22+20+3cfermis+40hotmail+2ecom+3e+40enron,5
'jake_scarbrough,3
'jmenconi,4
11:53,2
'hotmail.com,2
sscott5,2
dow.com',2
11:54,1
adv-eng-ser-inc.com',1
hacki,1
2,248,1
56,497,1
headach,1
curiou,1
dirti,1
8:58,1
melba,1
8:43,1
//www.observer.com/pages/foodmap.asp,1
cingular,1
7:57,1
J.,6
benjamin,6
e-mail=,5
christoph,4
C=,4
jeremi,4
andr,3
L=,3
e-mai=,3
maria,3
shah,3
breen,3
mary,3
watt,3
patel,3
E=,3
-mail,3
k,2
nathan,2
erwin,2
gordon,2
kelley,2
Li,2
martinez,2
roberto,2
lui,2
A=,2
kenneth,2
H=,2
Wu,2
olumid,2
assal,2
nadeg,2
barlow,2
merril,2
bellami,2
akida,2
beylin,2
carlson,2
deiter,2
eisenberg,2
judd,2
gibb,2
herron,2
kandolha,2
kumar,2
lekach,2
jordan,2
moth,2
holli,2
reimer,2
rekhi,2
vaibhav,2
vivek,2
sivasubramanian,2
aarati,2
smolar,2
thoman,2
yee,2
yeung,2
adam,2
schultz,2
ja=,2
N.,2
sanjay,2
driscol,2
zachari,2
chen,2
distr=,1
ibut,1
=09coleman,1
jacquelin,1
=09saturday,1
2:36,1
=09naik,1
kose,1
ahmet,1
alatorr,1
carlos=,1
ashmor,1
garrett,1
bajwa,1
bilal,1
ballato,1
balmaceda,1
ewi,1
bawa,1
bora,1
bariman,1
braddoc=,1
billi,1
brancaccio,1
albert,1
neel,1
cabr=,1
calvert,1
carrol,1
alexi,1
chettiar,1
rajeshkumar,1
ch=,1
oi,1
ahn,1
figueroa,1
lark,1
compean,1
karla,1
connolli,1
creech,1
henr=,1
iquez,1
cybel,1
loosley,1
eller,1
guillaum,1
devotto,1
marlen,1
di=,1
llingham,1
laquesha,1
seaworth,1
collin,1
dustin,1
dyar,1
gaith=,1
er,1
edmund,1
landivar,1
eva,1
rainer,1
liamidi,1
fatimata,1
jen,1
fenner,1
christian,1
michae=,1
fitzwat,1
frantzeskaki,1
kyriako,1
frolov,1
yevgeni,1
rob=,1
ert,1
ganjoo,1
shalesh,1
gil,1
gim,1
gorricho,1
pearc,1
harrison,1
tyrel,1
hendon,1
rrera,1
fernando,1
heu,1
mog,1
holtzman,1
vanc,1
caplan,1
ilan=,1
jachimiak,1
jagsi,1
ajay,1
guali,1
ole,1
johnso=,1
gillian,1
pazo,1
cornett,1
kasrawi,1
noha,1
katz,1
R=,1
andal,1
mcintyr,1
kiani-aslani,1
kuykendal=,1
porter,1
lassand,1
mat=,1
thew,1
javier,1
limam,1
maje,1
liu,1
ying,1
luca,1
kate,1
luna,1
arefieva,1
marilyn,1
baker,1
marolo,1
massimo,1
Jr,1
masani,1
zal,1
mastrangelo,1
lino=,1
mora,1
mauricio,1
mena,1
maniar,1
aamir,1
mohsin,1
khoja,1
bench=,1
luch,1
mois,1
moon,1
mulholland,1
natarajan,1
meera,1
olimon,1
lberto,1
oliva,1
ozcan,1
banu,1
padron,1
palczer,1
park=,1
pimenov,1
vladi,1
pinckney,1
terranc,1
plach=,1
plauch,1
polski,1
pyke,1
qureishi,1
ibrahim,1
sanchayita,1
rey,1
paulin,1
rhee,1
dyk,1
russe=,1
conterno,1
tobi,1
rorschach,1
roshena,1
ross,1
derrick,1
ryland,1
TJ,1
salhotra,1
rajneesh,1
salmon,1
samudio,1
santiago,1
goodpastor,1
ah=,1
med,1
nave,1
schiavon,1
schlueter,1
schneider,1
baukney,1
sc=,1
ott,1
sebastian,1
corbacho,1
seung-taek,1
nik=,1
hil,1
shim,1
yeun,1
sung,1
shulklapp,1
silver,1
inderp,1
stanton,1
kimbl,1
ephani,1
jacobelli,1
stoiani,1
valter,1
stokley,1
summerford,1
mi=,1
chael,1
thome,1
tian,1
ursula,1
brenner,1
vasan,1
suresh,1
vasquez,1
vicen,1
dwivedi,1
vika,1
wag=,1
ner,1
wagner,1
chuchu,1
jun,1
weldon,1
wheeler,1
jeffre=,1
wombl,1
marissa,1
wussow=,1
christi,1
huan,1
yawapongsiri,1
virawan,1
adenwala,1
vinay,1
akanni-owo=,1
koryn=,1
ne,2
cr=,1
offi,1
dixon,1
herb,1
nadia,1
hobson,1
hys=,1
lop,1
arvindh,1
lovison,1
mcm=,1
illian,1
jenni=,1
fer,1
wesley,1
martinsen,1
aaron,1
ace,1
roman,1
siege=,1
adnan,1
harvey,1
perinn,1
lejandro,1
thakkar,1
Ha,2
am=,1
ie,1
saenz,1
sexton,1
anthon=,1
ashish,1
mahajan,1
worth,1
jain,1
avinash,1
burk,1
bart,1
th=,1
omason,1
pehlivanova,1
biliana,1
pham,1
binh,1
mauritzen,1
cavazo,1
steinbrueck,1
bria=,1
cohen,1
cardena,1
ame,1
chetan,1
paipanandik,1
huizer,1
christiaan,1
millin,1
chr=,1
istoph,1
swanson,1
chenoweth,1
wussow,1
christy=,1
nash,1
clifford,1
dupr,1
dayem,1
khandker,1
ngoc,1
B.,1
luu,1
duc,1
duong,1
gelin,1
elberg,1
erika,1
escueta,1
koska,1
ethel,1
lalji,1
farouk,1
ospina,1
eriksson,1
fredrik,1
monroy,1
galin,1
fortounov,1
geir,1
solberg,1
thoma=,1
rohmer,1
gissel,1
guilmin=,1
soykok,1
gulay,1
bui,1
han,1
pereira,1
bucalo,1
hector,1
alviar,1
henri,1
juniora,1
montana,1
benjell=,1
oun,1
hicham,1
salisburi,1
holden,1
estrada,1
israel,1
ivan,1
shupe,1
cob,1
bakondi,1
mcclain,1
mcquad,1
je=,1
nnifer,1
jin,1
guo,1
lang,1
hoff,1
pielop,1
piotrowski,1
davidson,1
ferrara,1
junu,1
justic,1
o'malley,1
kang,1
kaniss,1
kend=,1
kendel,1
sprott,1
terhun,1
kendra,1
koenig,1
colleen,1
koll,1
kourtney,1
kreg,1
kristi=,1
kulic,1
sladana-anna,1
leah,1
renaud,1
lindsay,1
Lo,1
velez,1
marcu,1
tefel,1
sonesson,1
posey,1
hamlin,1
mason,1
almi,1
merchant,1
hatten,1
olsen,1
milli,1
gautam,1
mujica,1
mitra,1
causholli,1
monika,1
muhammad,1
ahm,1
blackburn,1
nate,1
pathak,1
neeran,1
mallori,1
o'rourk,1
berri,1
rachana,1
iyengar,1
seksaria,1
rahul,1
ranc,1
mujumdar,1
ravi,1
reg=,1
dolez,1
reginald,1
rosa,1
anai,1
rouss=,1
eau,1
thibodeaux,1
dean,1
synnott,1
rya=,1
hinz,1
gandhi,1
sachin,1
samantha,1
bryce,1
enochian,1
samuel,1
pak,1
sara,1
shaleen,1
hausing,1
shar=,1
sheetal,1
jefferson,1
shereka,1
chunchu,1
shilpa,1
rehman,1
shiraz,1
sh=,1
irley,1
sidler,1
patton,1
segura,1
hirsh,1
e-=,1
leung,1
piazz,1
baldwin,1
andr=,1
hill,1
W=,1
illiam,1
mccarrol,1
zeina,1
el-azzi,1
pollock,1
adrian,1
W.,1
woolcoc=,1
jackson,1
alton,1
arv=,1
indh,1
T=,1
terp,1
chadwick,1
landri,1
charl=,1
es,1
seeli,1
wickman,1
loehr,1
ooper,1
clarissa,1
telli,1
claud,1
mcmillian,1
hyde=,1
crystal,1
falcon,1
hyslop,1
ferrel,1
dan=,1
iell,1
saadia,1
maloney,1
datren,1
hunker,1
maskel,1
Mu,1
dorothi,1
woster,1
troup,1
lenci-g=,1
onzalez,1
feitler,1
willis=,1
ethan,1
gerardo,1
benitez,1
zi=,1
mmerman,1
homer,1
hawthorn,1
wining,1
whitehead,1
thompkin,1
snyder,1
buss,1
dawson,1
thrasher,1
crook,1
weakli,1
howton,1
pennix,1
roumel,1
payss,1
rostant,1
justy=,1
herrmann,1
ashbi,1
kiavash,1
kasravi,1
berryman,1
lauren,1
schlesing,1
leonard,1
hochschild,1
gillett,1
wharton,1
marc=,1
sabin,1
poulson,1
cowan,1
margarita,1
vicens-garcia,1
titova,1
marina,1
meig,1
marsha,1
franci,1
mateo,1
vegalara,1
trejo=,1
rees,1
melani,1
spruiell,1
wong,1
kolman,1
croffi,1
simmon,1
zhang,1
elafandi,1
murlidhar=,1
nagwani,1
Na,1
zhu,1
neithard,1
foley,1
oladeji,1
olalekan,1
akanni-owoo,1
bennett,1
c=,1
hung,1
petual,1
jeanmard,1
durst,1
jaisin=,1
ghani,1
priya,1
saha,1
rajib,1
raul,1
yzquierdo,1
iii,1
re=,1
agan,1
yeboah,1
rodrigu,1
ro=,1
zadorozhni,1
jantz,1
samar,1
khleif,1
konur,1
hospeti,1
savithri,1
griffin,1
kiehn,1
saubier,1
sebastien,1
benk,1
shelia,1
steinunn,1
thordardottir,1
S=,2
uzett,1
huang,1
blanchard,1
tobin,1
winfrey,1
versen,1
victoria,1
kulkarni,1
wesley=,1
xiaojun,1
sampson,1
=09jone,1
donna,1
walt,1
=09test,1
e=,1
eceiv,1
from=,1
yo-,1
imceanotes-+22robert+20a+2e+20parry+2c+20m+2es+2e+2c+20dabmp+22+20+3crparry+40bcm+2etmc+2eedu+3e+40enron,1
nat,1
bunch,1
hack,1
ti=,1
ght,1
bogged=,1
delay,1
adjust,1
aturday,1
calmli,1
important=,1
conscious,1
forgiv,1
disappoint,1
inconvenienced=,1
resent,1
bliss,1
doubt,1
al=,1
emo=,1
tional,1
intimaci,1
gratifi,1
o=,1
relax,1
cultiv,1
wondrou,1
gr=,1
acious,1
unask,1
tran=,1
sformat,1
ytd,2
problemo,1
yesterday.good,1
7:04,1
32:30,1
puke,1
32,1
9:19,1
jees,1
spiral,1
omni,1
ugh,1
-thi,1
hpi,1
AK,1
1:34,1
2pm,1
11:12,1
itenari,1
9:30am,1
discoveri,1
www.akdiscovery.com,1
inn,1
glacier,1
bay,1
seattl,1
6ish,1
1743,1
medic,1
twice,1
pill,1
