novemb,130
meet,217
cap,83
ferc,197
issu,263
price,371
agenda,36
commiss,109
comment,151
order,218
ray,37
tim,87
alan,58
thi,1019
look,133
time,374
like,162
unlik,8
NW,40
written,15
due,77
13th,3
20th,4
-origin,478
messag,584
alvarez,18
sent,549
friday,142
02,29
2001,619
To,628
belden,53
comn,42
subject,595
pnw,3
next,73
let,207
know,297
sean,114
ask,80
decis,25
7th,7
highli,5
adress,1
9th,6
ish,1
post,177
12:16,2
PM,266
RE,131
7,36
surpris,6
howev,60
sinc,51
still,68
pend,13
9,26
prepar,32
back-up,1
pat,19
wood,50
said,166
last,77
doe,142
n't,263
wish,36
signific,18
act,29
befor,68
schedul,482
pressur,16
becaus,82
winter,12
advanc,22
therefor,17
educ,3
guess,20
would,389
follow,120
submitt,9
held,14
20,55
avail,80
14th,9
soon,46
appear,28
In,178
meantim,4
hear,39
anyth,52
definit,17
right,87
away,34
11:59,2
AM,298
go,246
rule,36
enpow,77
lesli,31
deal,423
updat,91
januari,158
john,145
us,136
We,259
desk,97
diana,490
scholt,327
sheet,56
get,196
cash,48
flow,55
decemb,87
done,53
west,131
reev,13
postlethwait,29
trade,153
group,126
make,177
chang,245
wa,299
brandon,17
forecast,22
help,130
set,63
ha,401
want,136
It,141
seem,59
whatev,18
need,286
peopl,64
hope,72
stacey,21
assist,49
2002,145
Cc,181
dec,26
jan,32
come,89
handl,30
estat,21
'm,104
sure,118
everyth,27
month,109
call,146
yesterday,25
approach,34
steve,112
thome,24
wax,14
miller,9
'd,34
never,33
tool,10
portland,63
sort,7
thing,45
data,54
histor,17
resid,10
week,90
ago,6
power,353
met,12
agre,81
abl,51
e-mail,390
3rd,8
indic,66
heard,12
instead,17
could,143
work,229
care,18
way,60
move,110
forward,135
page,23
inform,202
exeri,3
tell,34
better,23
first,85
clear,35
direct,35
As,93
littl,25
hi,64
request,130
project,29
regard,130
tuesday,146
08,21
1:10,3
calger,25
christoph,19
F.,21
white,18
W.,49
semperg,51
cara,68
liquid,10
attent,25
miscommun,4
variou,10
non-termin,8
conflict,16
report,112
houston,38
accordingli,10
commun,30
mean,22
necessari,23
final,42
action,31
plan,144
clean,15
date,97
quickli,13
accur,11
possibl,58
thank,372
thursday,115
03,32
8:43,3
gilbert,11
scotti,8
settlement,56
tri,45
jump,4
properli,11
My,36
question,216
whether,39
enter,102
ani,411
non-deliveri,6
and/or,85
increment,4
record,27
easier,11
settl,24
relay,5
also,186
understand,64
talk,50
use,302
translat,6
confer,55
'll,75
coordin,82
attend,41
If,339
els,24
pleas,563
503-464-3807,22
session,18
job,32
train,24
11,58
dure,69
offic,109
overview,8
hour,123
day,188
one,211
lead,10
chri,62
market,341
idea,26
input,20
cover,24
wednesday,149
2nd,9
Mt,19
hood,4
two,114
hold,26
goal,14
provid,178
major,21
function,68
anyon,59
interest,81
learn,21
goe,22
current,101
think,103
spend,4
say,43
noon,6
respons,51
outline/agenda,1
long,58
receiv,138
tent,6
nomin,5
co-lead,1
propos,70
risk,50
runswick,22
donald,15
robinson,12
dian,16
cutsforth,12
fundament,5
heizenrad,8
real,53
bill,99
william,52
term,112
matt,11
motley,8
crandal,68
california,147
jeff,22
richter,9
middl,7
stewart,40
rosman,25
paul,46
choi,10
servic,212
foster,13
credit,36
susan,38
ranc,3
rto,113
develop,53
legal,49
christian,21
yoder,22
bpa,132
hall,37
consid,51
present,34
entail,1
import,73
timelin,10
workflow,1
output,5
internal/extern,1
custom,83
purpos,21
lingo,1
vocabulari,1
At,19
brainstorm,1
potenti,31
presen,1
counterparti,46
prepay,10
termin,103
suppli,52
money,30
transact,149
serv,31
contract,181
addit,76
deliveri,41
basi,63
intern,13
bring,28
much,64
yet,36
deliv,17
fill,18
posit,62
limit,69
approv,67
purchas,111
secur,26
point,62
averag,15
locat,33
spot,34
list,93
seller,23
hall/christian,2
buy,75
new,209
annuiti,48
confidenti,34
distribut,65
onli,181
everyon,32
loop,7
activ,14
undertak,3
preserv,7
valu,58
book,59
realiz,11
effort,42
apolog,8
accomplish,15
number,117
benefit,28
inabl,1
procur,2
result,36
sever,66
deep,1
motiv,3
forc,21
write,10
substanti,3
check,59
happi,17
high,48
lower,18
taken,25
highest,6
sale,200
abil,18
fulfil,2
pre-petit,13
oblig,13
committe,91
27th,4
continu,78
procedur,44
modif,9
give,72
identifi,13
region,81
On,69
assess,23
weight,4
near,7
given,22
submit,30
endeavor,1
entir,13
portfolio,11
opinion,8
cherri,3
pick,11
view,36
estim,12
base,46
daili,43
via,32
cah,1
far,23
process,114
line,88
fax,120
copi,116
confirm,82
letter,77
503,41
464-8058,1
necessarili,3
rather,27
ensur,19
best,42
whoever,2
entri,11
manner,16
discuss,105
matter,15
recommend,36
zero,14
non,2
mtm,2
equal,2
amount,52
note,99
allow,84
match,41
door,4
prevent,20
pay,49
twice,8
've,43
miss,40
someth,47
old,31
cell,68
phone,62
retir,4
503-869-9198,1
take,98
coupl,23
town,8
reachabl,1
event,27
turn,18
steal,4
wife,3
reach,25
503-913-6106,1
part,43
fundi,3
1:30,2
smaller,2
decid,33
today,83
split,6
1,216
H.,12
review,93
routin,8
slide,1
second,30
includ,116
run,48
approxim,6
2:30,1
specif,59
remain,21
commit,5
share,21
broad,4
creat,87
place,43
team,34
standard,107
wscc,288
elder,12
announc,26
wscc.com,38
septemb,81
subcommitte,97
pcc,9
fyi,42
ingersol,5
richard,17
25,84
8:16,1
FW,89
mailto,248
monday,149
24,44
4:06,1
correspond,19
western,68
interfac,18
complianc,19
task,22
oper,118
OC,86
accord,44
rate,80
transmiss,497
facil,18
web,121
site,39
http,211
//www.wscc.com/files/newrppr6.pdf,1
document,86
octob,187
25-26,3
linda,17
administr,93
PH,6
801-582-0353,6
FX,5
801-582-3918,5
EM,7
file,133
delet,42
polici,96
busi,127
email,94
person,46
network,16
investig,11
save,46
fragment,3
awar,14
reason,48
believ,73
enron,352
singl,79
retent,2
attorney,9
gener,153
kept,2
discard,4
etc,18
may,224
OR,8
hard,18
disk,3
databas,6
excel,9
spreadsheet,25
electron,40
space,3
comput,14
varieti,4
proceed,15
pertain,5
wholesal,45
50,26
particip,93
involv,43
litig,5
state,174
feder,49
level,11
compli,8
previous,9
delin,1
simpli,8
remind,9
concern,94
employe,35
statu,30
describ,10
ahder,1
2,169
delay,21
backup,5
3,119
word,35
4,56
5,60
6,35
calendar,7
program,29
8,35
drive,10
capac,27
back,84
DO,3
IT,21
TO,37
negoti,27
discov,3
social,2
parti,59
company-sponsor,2
outing,4
put,66
drink,4
expens,18
safeti,3
year,88
numer,4
holiday,13
edgefield,1
post-quarterli,1
thoroughli,1
enjoy,11
themselv,4
keep,49
mind,13
profession,4
ami,28
fitzpatrick,10
togeth,43
guidelin,10
compani,202
soft,1
beer,4
wine,1
choos,10
beverag,1
specifi,16
period,36
open,29
bar,3
establish,25
certain,24
requir,138
assis,1
home,31
contact,159
taxi,1
fare,4
reimburs,2
world,18
break,2
law,25
jeopardi,1
cooper,9
replac,17
perrino,28
dave,62
wmic,37
lunch,6
dstar,12
regionalnetworkedmarketconcept,4
dfp,4
09_05_01.doc,4
reschedul,4
D.,14
flight,14
govern,19
affair,32
improv,13
among,10
three,29
emerg,40
front,4
round,5
tabl,21
recent,79
solicit,3
commerci,6
latest,16
news,21
southwetern,2
realli,33
appreci,50
repli,39
southwestern,3
seam,11
exampl,48
implement,127
relat,56
seamless,2
west-wid,8
see,132
attach,249
paper,15
inter-rto,2
epmi,114
inc.,32
master,41
log,40
energi,285
Y,4
ena,5
txu,2
well,63
incorpor,26
mark,142
valid,26
aig,1
aurora,1
h.q,1
u.s.,15
wabash,1
valley,1
associ,47
dayton,1
light,22
electr,99
stephani,34
panu,17
ph,19
713.345.3249,17
713.646.3490,17
payment,13
advis,15
send,63
713,13
646-3227,1
calcul,34
expect,39
applic,63
unwind,3
null,1
void,1
liabl,3
exist,53
7086,1
PP,15
L,53
eei,15
marcu,10
agreement,97
wspp,27
nettelton,5
montana,21
physic,32
MW,68
net,25
structur,37
inconsist,2
made,63
wherebi,1
clarif,30
NO,10
446-8711,1
Ed,8
sack,3
malowney,20
06,17
3:41,1
swerzbin,17
mike,75
iii,27
driscol,9
michael,49
M.,17
badeer,8
robert,60
success,7
execut,65
per,48
telephon,16
convers,14
intend,113
except,25
rare,8
instanc,6
exchange/swap,2
complet,58
unless,18
trader,65
prefer,32
hesit,8
manag,128
framework,5
corp.,112
liquidity/fund,2
shall,15
control,222
key,28
subsidiari,2
expos,1
cre=,1
dit,1
normal,12
cours,12
bu=,1
siness,1
board,23
director,18
august,126
14,38
establish=,1
es,8
exposur,2
evaluat=,1
ed,3
pursuant,2
capit,11
allocated=,1
focus,9
four,21
type,23
market=,1
b,16
c,13
risk=,1
transacti=,1
non-standard,2
and=,5
guarante,6
vari=,1
ou,2
measur,10
appli,46
the=,10
role,7
management=,1
=20,98
manage=,1
ment,2
address,199
//=,1
home.enron.com/resourc,1
initi,12
transiton,1
i=,8
ndividu,1
within,58
man=,1
agement,1
sign,33
certif,15
exa=,1
mple,1
appendix,7
cassandra,1
schultz,1
cassandra.schu=,1
ltz,1
enron.com,433
713-853-0429,1
touch,15
appropri,24
repres,59
pol=,2
ici,2
outsid,13
without,49
specific=,1
author,42
chief,15
chelan,16
later,19
greg,12
rhonda,5
pud,22
1994,4
lose,3
10,77
receipt,5
invoic,24
info,45
wolf,5
juli,135
31,26
5:38,1
denton,4
L.,20
ngo,3
traci,3
kreb,6
holli,9
inter-offic,1
mail,22
cancel,7
troubl,6
acceler,1
vs.,4
reciept,1
excess,21
firm,35
surplu,14
languag,7
sell,101
special,28
power/surplu,1
648603,1
24291,1
648423,1
24297,1
654209,1
24302,1
646739,1
31402,1
631718,1
24247,1
644252,1
24266,1
637686,1
24258,1
o.k,2
signatur,4
kimberli,5
713-853-3031,1
step,11
detail,59
curv,7
anoth,36
explain,18
featur,11
system,132
morgan,9
debbi,4
212,4
hart,3
caiso,37
team-,1
stanley,5
left,15
disagr,1
clarifi,14
behind,3
thu,17
returning/execut,1
encourag,26
speak,27
',250
expedit,1
S.,13
max,1
C.,30
761-5306,1
tom,31
funk,1
761-8688,1
761-5920,1
piwetz,7
inc,5
dear,27
sch,1
C,16
summari,24
5/14/01,1
reflect,17
figur,15
highlight,53
green,6
samantha,4
x7248,2
CP,2
ID,9
conagra,2
click,84
name,48
overlay,1
gcp,1
29605,1
62604,1
niagara,1
mohawk,1
select,11
york,7
link,18
fetch,1
//nahou-dmagn01p/ena/livelink.ex,1
func=ll.login,1
username=gcpguest,1
password=,1
nexturl=,1
2fena,1
2flivelink.ex,1
func=ll,1
26objid=11965334objaction=brows,1
sort=nam,1
shortnam,1
erm,1
inactiv,1
februari,71
cheryl,1
johnson,26
global,1
713.853.3103,1
cob,15
midc,31
seper,3
dec.,8
19,32
tab,9
took,13
affect,29
27,46
28,24
jan.,3
citi,56
mwd,2
effect,52
vernon,2
wapa,19
brought,39
metropolitan,4
water,15
district,20
790056.01,1
807275.01,1
12,33
one-month,1
begin,35
march,62
retain,3
moni,1
post-novemb,1
30,61
set-off,1
bankruptci,16
code,11
luzenac,1
suspend,3
15,36
burbank,9
immedi,32
26,39
21,24
10am,1
mtg,2
show,71
neg,11
item,74
find,74
prior,61
adjument,2
P,33
11/30/01,1
total,159
1,616.76,1
biggest,2
162,309.44,1
multipl,27
DJ,1
index,63
might,48
adjust,97
found,29
preliminari,6
month-end,6
happen,39
fran,48
june,98
end,64
april,57
statement,24
folder,4
modesto,31
alreadi,44
870k,6
hit,61
track,16
p,22
l,9
month-to-d,2
speadsheet,2
M,16
\common\power\riskmgmt\west,2
temp,2
although,22
pass,28
manual,6
12:34,2
pretti,5
thru,20
either,56
12:07,3
wan,4
na,4
head,18
870,820.56,5
research,13
disagre,6
8/31/01,5
stnw,16
pma,13
083101.xl,2
x7973,5
walker,6
nevada-oregon,6
border,13
3-7533,3
nob,6
readi,8
sometim,11
sign-off,1
depart,25
testing/map,1
feel,34
free,20
29,36
5:20,3
good,63
Is,41
ds,71
12:08,3
hansen,7
lozano,7
melba,7
meredith,3
kevin,31
add,44
descript,11
nob.doc,2
CW,2
ad,46
Hi,26
besid,5
frequent,4
So,70
leg,7
elsie-,1
878331,1
159,902.80,1
dpr,3
virginia,62
pm,6
case,39
circumst,11
notic,59
12:30,3
1:15,1
pacif,58
deadlin,11
often,5
epmi-west,1
503-464-7756,1
whi,47
strip,23
eras,6
strang,5
180,3
np15,11
theori,5
fsp,24
Of,10
scari,4
huge,8
closer,6
9/30/01,1
116,807.96,1
primarili,5
demand,29
charg,45
132,257.96,1
555367.1,1
revis,29
doug,31
scott,18
draft,40
book-out,7
11046,1
hanlon,1
pts-5,1
dwhanlon,1
bpa.gov,22
1:49,4
wilson,7
pt-5,2
doc,2
10123aa1.doc,1
11046.doc,1
cut,32
amend,31
jame,22
river,9
form,31
chanc,17
503-230-3562,1
veri,56
close,20
doubl,3
volum,35
7:49,2
10123,2
shift,19
quantiti,6
q-4,2
01,22
wuana.xl,1
8/30,1
6,594,1
true,8
607801,1
864,226.56,1
12:57,1
dunton,15
heather,19
HA,2
mcmahan,7
kevinm,1
ncpa.com,2
05,35
9:15,2
'john,2
//www.madblast.com/oska/humor_warnings.swf,1
7:54,2
mallori,17
bishop,4
serena,5
amador,4
alonso,18
fischer,19
suggest,57
re-group,4
analyz,3
synchron,7
bachelor,6
1:00,6
anna,17
coeur,9
d'alen,9
11-12,6
reserv,77
22,29
mehrer,9
arrang,9
3:27,3
2:52,2
11:27,3
deposit,4
slot,2
fri,5
idaho,7
registr,21
materi,58
enrol,4
prematur,2
area,183
visitor,2
host,7
even,53
noth,11
alway,26
travel,16
//www.wspp.org/web,2
20pages/wsppoperatingcommitteemeetings/wsppsummerfall2001_ocm_anc.htm,2
sorri,20
span,19
someon,21
auto,12
2:42,2
669452,1
incorrectli,6
7/1/01,3
7/1,5
7/31,5
150,13
peak,47
big,12
eddi,2
inconveni,3
purcel,31
side,49
ever,10
1:54,2
ST,8
LT,8
fine,18
P.,18
management-portland,7
503-464-8297,7
varianc,6
scl,6
resolv,29
thompson,31
4:18,2
diana-,13
answer,27
tomorrow,25
're,42
approx,4
1000,4
7000,2
2000,31
hiop,2
dm,7
tacoma,4
seattl,9
3:21,1
emmert,2
carolin,2
caroline-,2
whenev,4
disput,24
querri,2
weekli,5
read,36
VM,2
paschk,7
Al,9
10/1/01,2
tariff,100
hahahaha,1
.....,11
valuabl,3
TM,1
afpaschk,2
07,11
4:22,2
'hkreb,1
'gwolf,1
rawson,2
lester,2
'dscholt,1
enron.com',48
oasi,150
bpa-tbl,1
aspect,5
access,38
staff,28
explan,6
regist,33
360,4
418-8283,1
//www.transmission.bpa.gov/oasis/bpat/meetingnotices/customertrainingpl,1
an.doc,1
student,13
colleg,11
campuscounselor.com,7
school,20
perfect,8
Up,9
//campuscounselor.com/pcs/,4
www.campuscounselor.com/pcs/,4
//www.campuscounselor.com/pcs/,4
essay,4
interview,12
An,10
visit,17
www.campuscounselor.com,2
competit,15
edg,2
analysi,14
mock,2
aid,6
amrig,2
campuscounselor,2
campuscounselor1,2
qwest.net,2
saturday,30
18,32
4:44,2
kid,9
introduc,2
all-new,1
onlin,21
throughout,9
xml,10
namespac,3
prefix,3
ns,4
urn,5
schemas-microsoft-com,5
/,21
Go,2
//www.campuscounselor.com/,1
admiss,1
environ,7
becom,27
extra,6
e-counsel,1
feasibl,3
in-depth,1
admit,1
him/herself,1
apart,2
interact,3
stimul,1
outlin,5
edit,6
critiqu,1
fine-tun,1
already-written,1
30-minut,1
strength,1
weak,1
futur,31
count,5
counsel,9
packag,14
abov,46
plu,14
time-manag,1
enough,16
dedic,2
financi,34
design,20
maxim,1
life-alt,1
//www.campuscounselor.com,1
inquir,5
amit,1
mrig,1
respond,28
stop,11
bodi,16
automat,15
robin,1
ahead,26
transfer,51
real-tim,64
park,6
lend,10
fee,16
ca,46
top,24
cd-rom,4
//www.campuscounselor.com/pcd/,3
undergradu,3
virtual,10
differ,68
12:51,1
son,1
daughter,1
campu,1
welcom,6
util,91
tour,5
around,41
st1,1
smarttag,1
unit,31
content-rich,1
field,25
studi,14
pursu,1
curriculum,1
outlook,2
must-hav,1
parent,10
'S,7
www.campuscounselor.com/pcd,1
//www.campuscounselor.com/pcd,1
engin,2
combin,6
undergraduate/med,1
liber,1
art,2
emphas,2
divers,3
www.campuscounselor.com/pcd/,1
merci,6
recipi,97
murdter,4
michael.murdt,5
rda.co.santa-clara.ca.u,5
love,17
diana.scholt,38
aug.,4
affili,86
absolut,3
scold,1
loss,30
instant,3
aol,2
msn,3
....,26
join,18
employ,10
sister,1
2:37,1
OK,3
watch,2
rear,1
mirror,2
extend,19
invit,9
1:46,1
1:01,2
girl,6
arriv,5
10:35,2
southwest,18
flt,2
2187,2
appar,14
mother,2
leav,20
chicago,2
sunday,16
return,26
fli,8
night,10
hey,27
fruitcak,3
.......,13
elsa,3
itinerari,13
ya,4
properti,22
relev,26
contain,56
privileg,31
sole,26
disclosur,34
strictli,30
prohibit,36
sender,30
enron.messaging.administr,21
hereto,21
offer,74
accept,52
evid,22
bind,22
enforc,28
reli,22
estoppel,21
otherwis,43
smith,28
crook,6
1:35,1
verifi,9
exactli,7
12:43,1
extract,2
format,29
rang,10
pse,52
tag,302
lca,7
capabl,16
c/a,8
an=,10
impact,16
1=,2
.7,1
then=,1
co-oper,1
unwant,2
workload,1
alik,1
m=,3
e,17
feedback,4
lis=,2
t.,1
rice,4
paul.ric,3
pacificorp.com,10
interchang,124
account,143
isa,156
pacificorp,12
prompt,5
them=,3
real-tim=,3
belief,4
rel=,5
iability/curtail,3
merchants/ps,3
termination/replac,4
funct=,3
ion,7
ha=,3
pr=,4
ohibit,3
curtail,19
ybodi,3
main,6
r/t,4
pe=,6
rform,3
entiti,65
mere,5
can=,5
origin,36
lost,21
unable=,3
lisa,37
survey,36
push,8
asap,11
elimin,10
achiev,11
cost,71
surround,9
checkout,8
adjac,6
e-tag,133
submiss,6
common,38
element,5
23,24
daylight,2
though,10
clock,4
thought,50
manpow,2
obviou,4
contracts-,2
eol,4
transit,9
fact,19
support,45
mw,77
400,7
713066.01,4
mwh,17
fix,33
11:24,3
8/1/01,2
pge,232
8/2-8/2,2
1800-2000,2
56.50,2
853-9210,3
646-2443,3
0.00,203
25.00,24
10/3/2001,9
short,33
kysa,13
northwest,34
n/a,2
beauti,7
alport,10
3:39,1
dl-portland,11
799806,1
800016,1
SP,2
ctpi,1
CA,110
imbal,13
OP,1
13,20
16,28
17,28
400.00,1
200.00,1
sharon,5
liebert,3
enrononlin,34
await,4
password,20
MM,4
D,6
aug,3
cenex,4
surowiec,2
glenn,2
5:05,1
-heather,1
4:48,1
cason,5
sharen,6
afternoon,25
sold,28
flat,17
mpc,20
52.30/mwh,1
511630.1,1
kaiser,2
hot,13
spring,6
eweb,2
246859.1,2
.2,4
.3,1
smurfit,7
duplic,2
young,10
linn,2
disregard,1
pwx,6
T,7
puget,20
staci,28
mid,20
38.50,2
3:55,1
length,10
25th,6
HE,48
psei,19
gen,2
C-,1
epmi-,1
snoh,1
midc/bcu,1
96092nf-pwx-bcps01-bcha,1
bcus/bcha,1
370717bf-bcps01-bcha,1
666159.1,1
58.00,1
378608.1,1
666186.1,1
60.00,1
378692.1,1
reinstat,1
instat,1
north,17
america,14
877,3
464-7779,2
464-3740,4
fx,3
stacy.runswick,3
nerc,98
resourc,49
impos,16
jerri,28
adequaci,6
congest,10
path,88
hello,6
rep.,7
scope,9
reliabl,19
understood,3
past,62
regular,7
mani,39
11:14,5
comnes/pdx/ect,3
dasovich,7
guzman,4
kaufman,7
mainzer,6
elliot,7
mara,15
platter,9
phillip,14
stokley,4
swain,6
syme,13
kate,23
walton,13
steff,14
nicolay,12
christi,14
novosel,13
sarah,15
yeung,10
charl,15
rodriquez,47
andi,79
wscc/wmic,3
version,36
technic,19
frank,11
afranji,4
pjm,3
model,11
phase,9
II,7
dempsey,15
pro-act,3
collabor,12
otheriws,3
aka,3
instal,6
fail,15
adequ,5
cite,9
align,5
closli,3
flow-path,3
paradigm,3
ap,32
public,104
correct,42
raezer,5
day-on,3
pto,3
hatway,3
decreas,5
2800,3
2200,6
remidi,3
along,25
ra,4
connect,12
map,6
sens,9
remov,23
kind,19
wscc_wmic,2
6_28,2
29.doc,2
snpd,2
problem,82
3:12,1
MP,4
bonnevil,21
Do,21
pull,14
decent,2
9:32,3
notif,19
referr,2
renew,2
cgi,5
3:02,3
king,4
expir,5
9/31/01,2
non-firm,6
b/c,2
hackney,67
mark.hackney,53
aps.com,53
vancouv,20
11th,10
12th,4
8:03,3
depend,12
B,5
W,28
z39911,24
7:36,4
BC,6
start,56
0900,4
1700,4
0800,4
1200,10
hotel,19
CN,2
149,2
tax,9
powerex,3
604-687-1122,2
800-667-2300,2
10th,6
room,20
//www.metropolitan.com/vanc/,2
section,49
leader,30
pre,34
oatt,44
arizona,31
602.250.1128,29
602.908.1423,29
602.250.1155,29
sporad,1
load,39
lot,15
late,35
6:22,1
reduc,36
auto-schedul,5
poston,13
david,32
morn,45
sound,22
incas,3
gone,2
7:50,2
live,10
usual,4
7:15am,1
finish,14
7:30,1
7:45am,1
templat,3
roll,11
anytim,9
640,000,5
3/31/01,2
487408,2
5:39,1
487408.1,1
3/31/2001,1
gave,8
1,202,820.8,1
refer,28
adjus,1
got,15
march01.xl,1
5:00,6
consist,21
buy-resal,1
take-or-pay,1
10-day,1
1.04,1
million,31
seen,12
toward,21
miscalcul,1
400,000,3
1,040,000,1
modifi,19
15-20,7
9/17,9
157,536.41,2
diff,1
166.40,1
149,942.71,2
9/18,2
purchases=,5
120,906.80,2
diff=,1
482.40,1
113,792.80,2
9/19,3
b/r,2
.10,9
110,583.86,2
103,264.86,3
9/20,3
1.50,6
131,863.77,2
124,327.57,2
small,14
wrap,2
12:52,3
10/03,1
10/03/01,1
he7-22pdt,1
25mw,14
400mw,5
799806.1,1
preschedul,12
enronxg,14
fisher,3
perri,14
jon,11
sppc.com,10
smart,7
focu,11
9:08,1
Re,11
wrong,37
wind,1
scholtes/enron,2
10/02/2001,1
11:10,3
cdt,3
crandall/enron,1
driscoll/enron,1
swerzbin/enron,1
belden/enron,2
comnes/enron,3
alonso/enron,1
fisher/ewc/enron,1
motley/enron,1
cc,34
heizenrader/enron,1
jperri,2
9:07,2
8:57,3
hunter,5
joyc,3
jim,38
berg,3
craig,4
mitig,55
i.e,17
ON,4
chairman,24
agenc,22
worri,4
summer,27
blackout,21
washington,27
face,15
shortag,8
lack,12
rain,3
hydropow,3
grid,13
sponsor,11
price-mitig,4
ambival,3
regul,39
legisl,9
asset,15
oct.,8
//www.eenews.net,3
R.,27
p.e,5
vice,8
presid,13
sierra,14
p.o,5
box,37
10100,3
reno,3
nevada,14
89520-0024,3
775-834-5880,3
775-834-5889,3
msmart,3
517676.1,11
517678.1,2
6:57,2
nat,2
weird,1
s/n,5
9/1,1
110,035.52,1
117,169.72,1
9/4,2
everi,19
9/11,2
155,540.32,1
162,782.32,1
9/12,1
6x16,1
9/13,1
0800-1100,1
rest,14
798411.1,1
249.80,1
9/16,1
65,282.28,1
70,822.68,1
128,2
pge/grizz,1
resal,5
re-sal,1
35,7
recogn,20
perhap,16
llh,25
3/3,1
tie,14
3/14,3
519875.2,1
200,11
pge/grizzli,1
went,32
pcw,19
18624,1
exercis,11
dougla,17
co.,7
10:01,1
insight,8
9:31,1
counti,28
sit,5
paperwork,2
9:47,4
El,3
paso,3
discrep,4
9:46,1
38,5
columbia,8
36,7
nov-dec,1
accommod,11
wauna,2
resolut,17
specialist,7
strong,6
skill,7
kearney,5
Sr,2
essenti,6
counter-parti,5
possess,3
must,68
12:48,1
center,16
9/28/01,1
10/2/01,1
_____________________________________________________,1
exterior,1
websit,7
facilit,16
trend,3
perform,23
He,45
true-up,1
relationship,19
floor,18
degre,2
equival,2
experi,27
analyt,1
knowledg,5
industri,22
heavi,3
organiz,3
oral,9
interperson,1
PC,4
profici,1
MS,16
characterist,1
self-start,1
solv,4
overtim,1
clickathom,14
portal,7
download,20
norton,4
blackic,4
softwar,15
defend,7
user,42
antiviru,2
scan,3
announcements/corp/enron,3
imceanotes-enron+20announcements_corp_enron+40enron,1
behalf,12
12:17,1
anti-viru,1
repair,1
viru,3
infect,1
diskett,1
incom,6
outgo,1
industrial-strength,1
anti-hack,1
protect,8
dsl,1
cabl,1
modem,3
dial-up,1
internet,12
hacker,1
detect,3
attempt,13
intrus,1
block,1
traffic,1
sourc,25
intrud,1
By,15
product,65
instruct,8
__________________________________,1
www.clickathome.net,1
logon,1
corner,3
id,3
onc,30
menu,4
sap,1
birth,1
screen,6
np-15,5
WE,4
NP,1
screw,1
UP,1
BE,4
AN,1
OF,19
notifi,18
517673.1,3
517674.1,2
3-4,4
charact,4
deni,36
'mark.hackney,1
aps.com',1
re-clarifi,2
acronym,12
assumpt,2
por/pod,9
spec,3
1.7,140
464-3807,8
448835.1,4
9:55,7
330315.1,2
bookout,6
Q4,2
'02,2
281938.1,3
premierpumpcompani,8
home.com,6
12:28,1
bummer,2
premier,7
pump,7
11:15,2
natalie27.gif,1
natalie27.jpg,1
3689.4,1
664061.1,1
668190.1,1
holnam,3
800,3
co-sponsor,1
gig,1
nwpp,1
ann,37
re-send,3
laurel,11
801,14
3:53,1
2:03,1
ems/scada/agc,1
582-0353,7
582-3918,7
outag,17
directli,10
preshedul,1
sink,30
redirect,2
ldwp,2
re-direct,1
malin,6
11:21,3
DC,10
suppos,12
actual,23
sank,3
extent,9
x7410,3
token,3
AS,3
ole,1
object,3
pictur,13
metafil,2
713-345-8986,2
713-646-8511,2
713-698-4847,2
pager,2
7/13,12
7/14,12
wyndi,24
2,543,124.12,7
snyder,21
pgn.com,23
workman-rodriguez,16
casey,15
shari,15
2,573,267.32,3
purch,41
tot=,8
7/24,8
great,21
anne_snyd,9
12:10,1
9/24,2
10:33a,1
55079.10,2
48932.54,2
re-check,2
wyndi_workman-rodriguez,14
4:50,4
dscholt,15
bounc,4
we'r,1
7/9,4
676569.1,4
adder,45
0.10,10
none,5
82,439.88,4
683299.1,4
NF,4
55,054.30,4
48,907.74,4
7/23,4
695822.1,4
184,848.56,4
697589.1,4
56,573.22,4
7/25,4
700116.1,4
48,997.04,4
2,573,217.72,4
8/4,1
downstair,1
especi,12
dp,1
10:12,2
segreg,1
stuff,10
2/8,16
2/2,12
2/7,12
wiz.ixg,9
virginia.thompson,13
2/3,8
2/5,9
2/23,12
4.00,8
12:41,5
'wyndi,1
10:40,4
quit,21
easi,13
510940.1,4
699,706.40,4
presch,13
650,589.20,4
646,262.00,4
2/6,5
854,589.52,4
848,622.32,4
515017.1,4
516006.1,4
4.25,4
4.50,4
877,642.40,4
516034.1,4
1,644,733.04,4
529170.1,4
529171.1,4
869,711.36,4
863,688.16,4
2/24,8
869,132.96,4
863,109.76,4
30,577,660.00,4
30,426,003.84,4
PA,15
2/1,4
1200mw,4
600mw,4
clueless,4
proof,7
outstand,4
stationari,2
503-464-3740,1
ridg,1
12:39,1
fuller,6
dan,11
enw,1
robert.turner/remote/eott,1
eott,1
corp.enron.com,1
dubos,1
heidi,1
yanez,1
daisi,5
alvino,1
nicol,1
paynter,1
matthew,1
janders4,1
savag,2
gordon,3
kweek,1
jennaro,1
jason,1
clement,1
andrea,4
kim,6
mina,1
howton,1
rick,1
samuel_pak,1
particular,11
12:18,3
letter.doc,13
_________________________________________________________________,19
organ,46
//my.infotriever.com/cc2tf0ey,19
practic,162
bu,118
midc-midc,12
GF,8
TP,83
fyi-,1
mid-c,36
harshbarg,40
bharsh,16
puget.com,16
3:48,2
paragraph,5
man,13
commi,3
bite,2
fake,23
tp,28
singlebu,4
creativ,4
bob,46
smtp,38
3:04,5
occur,28
oasis/gf,8
7-f,12
seen/heard,5
folk,10
creator,5
situat,54
avoid,18
implic,5
portion,10
No,40
midc-si,5
pipe,5
buy/resal,8
11mw,10
12/8,3
12mw,4
37,5
wyndi-,4
shit,1
12:09,1
12/1,3
470853.1,2
10mw,2
donni,2
476161.1,2
2-6,2
23-24,3
476161.2,2
7-16,2
16mw,2
0,51
17-22,2
15mw,2
realtim,2
p/epmi,2
12/19,2
7-9,2
2mw,6
10-22,2
4mw,2
1mw,4
12/22,2
483473.2,2
15-22,2
12/23,2
483473.1,2
12-22,2
33mw,2
34,4
feb.,6
incorrect,6
dive,2
08/01/01,2
02:36pm,2
least,27
11:26,4
epmi',2
07/30/01,2
10:37am,2
wonder,11
5E,8
housewarm,2
grill,2
23d,2
5eportland,2
5eor,2
5eu,2
niec,1
birthday,2
cock,1
jr.,4
laura,7
todd,29
lackey,2
buerkl,8
etring,3
van,5
gelder,3
cadena,1
angela,2
gang,2
bryson,1
jess,2
sheidun,2
donna,5
lee,21
eugen,1
Oh,3
jeffrey,5
elafandi,3
Mo,3
o'neil,2
murray,2
chen,1
wayn,3
5:30,1
salmon,4
burger,1
chicken,1
magnum,1
chardonnay,1
eat,3
ice,2
//www.mapquest.com/cgi-bin/mqtrip,1
link=btwn,1
2ftwn-ddir_na_basic_main,1
uid=u9_787ebk8i3a5td,1
3atn0z7xl6b,1
oabgcderr=,1
dabgcderr=,1
avoid_ferry=,1
avoid_lmtd_access=,1
avoid_toll_roads=,1
route_type=,1
results_display_mode=,1
langopt=,1
ab_labels=,1
work=,3
ccna=,1
naddoah=_,1
5e45.51590,1
5e-122.67490,1
5e121+sw+salmon+st,1
5e97204-2901,1
addr_0=,1
opc=nul,1
city_0=,1
state_0=,1
zip_0=,1
cc_0=u,1
nadddah=_,1
5e45.51670,1
5e-122.76570,1
5e8994+nw+kearney+st,1
5e97229-5333,1
addr_1=,1
dpc=null,1
city_1=,1
state_1=,1
zip_1=,1
cc_1=u,1
poirad=2.0,1
dir.x=70,1
dir.y=8,1
freeman,11
1:04,2
suck,3
12:55,4
analyst,14
503-464-3911,3
503-701-1163,3
austin,3
512-294-7692,3
503-236-6204,3
ME,1
SO,3
DS,2
ballot,10
vote,55
lillian,4
peter,5
increas,26
rais,23
extrem,3
mayb,14
tues.,1
earli,12
10:06,5
assum,26
6:40,1
ext,3
124,1
fredett,1
sf,1
smith-electric.com,1
ect.enron.com,1
sec,1
pic,4
jcpenney,11
portrait,11
coupon,5
fall,20
04,12
color,6
captur,12
7:44,1
'premierpumpcompani,1
msn.com',1
customer.jcpportraits.com,2
7:15,2
famili,10
season,5
autumn,2
background,7
outdoor,2
sceneri,2
smile,2
money-sav,2
//portrait-coupons.com/html/eofferc_1004.htm,2
//jcpportraits.com,2
fun,7
preview,4
halloween,6
conveni,25
appoint,5
local,15
studio,2
vancouvermal,2
360-256-7090,2
trust,6
family',2
memori,2
unsubscrib,2
subscrib,4
vanalco,4
3:20,1
griffin,5
rdg,1
keywaycorp.com,1
11:54,1
earlier,21
resel,3
170,1
divid,3
poi,1
chelan/rrh,1
slatt/boardman,1
70,5
us/canadian,1
pod,5
alcoa,1
substat,1
vanalco',1
nonfirm,2
discount,1
factor,4
usag,9
econom,11
secondari,1
court,7
oct,6
sept,2
rollov,1
recal,14
smelter,1
6/8,2
6/9,2
91,473.40,2
10:18,1
637428.1,1
0.25,1
6/21,1
126mw,1
311,819.60,1
311,382.26,1
4,955,216.05,1
4,946,745.91,1
separ,25
5:03,1
pars,2
bucket,1
network-st,1
100,17
disaggreg,1
10:50,2
trani_1999_2000.xl,1
fr,2
5/25,2
11:49,1
4/2,1
1-6,1
590,754.08,1
586,998.56,1
4/5,1
570138.1,1
dj-mc-nf,1
716,918.88,1
16,586,250.34,1
16,473,134.54,1
5/4,1
601936.1,1
dj-mc-nf-off,1
205,201.92,1
5/21,1
615663.1,1
dj-mc-index,1
897,920.96,1
619738.1,1
1,037,908.64,1
5/26,1
1,037,944.80,1
22,210,898.32,1
22,148,805.36,1
ran,2
carp,6
12:00,5
1/14,2
29,664,996.48,2
purc,2
29,433,606.53,2
babi,4
nice,12
size,14
trueli,1
11:00,1
susi,5
duan,2
emili,2
born,1
6:24,1
mom,1
dad,2
wheel,19
mumm,3
quot,8
mid-columbia,7
garrison,1
integr,3
1.013,1
/kw-mo,1
1.9,1
168,1
anyway,7
12:29,1
w/,3
told,37
2024,1
greatli,1
121,3
SW,6
street,17
3wtc0306,1
oregon,7
97204,3
503.464.8862,1
503.464.3740,2
GO,1
US,10
phi,3
spread,6
15th,7
payrol,7
9:10,1
pba,4
july-2001,12
june-2001,8
august-2001,6
may-2001,4
1,099,894.68,4
11:55,3
recognit,2
651899.1,2
-155,797.90,2
april-2001,2
665408.1,2
-408,800.00,2
651899.2,2
31,134.28,2
693176.1,2
-504,162.50,2
408,800.00,2
691,094.68,2
awsom,1
tara,3
n/,3
sweitzer,2
st-nw,2
11:51,1
carter,3
moorer,1
torrey,1
exact,6
south,4
4:01,1
test,73
pwr,1
dec01,1
usd/mwh,1
57464,1
admin,3
road,2
trip,2
jill,4
chatterton,3
9:14,1
gwen,8
patienc,3
w,17
/span,16
biggsinsurance.com,8
arial,8
/w,7
font-famili,7
/o,6
style=3d,6
mso-spacerun,6
ye,16
nbsp,6
julie.longoria,5
class=3dmsonorm,5
class=3demailstyle15,5
font,6
size=3d2,5
color=3dblack,5
face=3dari,5
style=3d'font-size:10.0pt,5
/p,5
jewelri,6
dianascholt,4
=_nextpart_000_0026_01c1315f.c39a2d80,4
microsoft,4
safeco,4
meta,6
roman,5
/font,4
8217,4
content-typ,9
ring,5
content=3d,3
.5in,3
longoria,2
-0700,3
charset=,2
iso-8859-1,2
content-transfer-encod,6
1.15,2
mis-spok,2
annual,19
premium,3
12,000,3
wed,3
apprais,4
e-fax,2
413,3
683-6970,2
text/html,4
xmln,2
gte,2
mso,2
officedocumentset,2
/xml,2
endif,2
worddocu,2
zoom,2
documentkind,2
displayverticaldrawinggrideveri,2
compat,2
style,2
margin:0in,2
margin-bottom,2
.0001pt,2
mso-pagin,2
widow-orphan,2
font-size:12.0pt,2
mso-bidi-font-size:10.0pt,2
mso-fareast-font-famili,2
section1,2
1.25in,2
2:33,2
came,21
mailer-daemon,1
2:56,2
error,9
remot,2
mailer,5
rcpt,1
mailman.enron.com,1
192.152.140.66,1
550,1
5.1.1,1
unknown,5
header,1
return-path,1
192.168.1.25,1
helo=juli,1
exim,1
2.12,1
15czmq-0004ix-00,1
14:55:44,1
reply-to,1
14:26:31,1
message-id,1
ndbblcojilcfihbfcionceegcgaa.julie.longoria,1
mime-vers,3
1.0,3
multipart/altern,1
boundary=,3
x-prioriti,1
x-msmail-prior,1
x-mailer,1
imo,1
build,12
9.0.2416,1
9.0.2910.0,1
x-mimeol,1
produc,20
mimeol,1
v5.00.3018.1300,1
multi-part,1
mime,5
text/plain,3
8bit,1
confus,14
138,1
quoted-print,1
html,3
o=3d,1
w=3d,1
xmlns=3d,1
//www.w3.org/tr/rec-html40,1
http-equiv=3dcontent-typ,1
charset=3diso-8859-1,1
name=3dprogid,1
content=3dword.docu,1
name=3dgener,1
name=3dorigin,1
rel=3dfile-list,1
href=3d,1
cid,1
filelist.xml,1
01c1315f.c38964a0,1
donotrelyoncss/,1
documentemail,1
envelopevis/,1
displayhorizontaldrawinggrideveri,1
displayhorizontaldrawinggrideve=,1
ry,1
usemarginsfordrawinggridorigin/,1
ww6borderrules/,1
footnotelayoutlikeww8/,1
shapelayoutlikeww8/,1
aligntablesrowbyrow/,1
forgetlasttabalignment/,1
donotusehtmlparagraphautospacing/,1
layoutrawtablewidth/,1
layouttablerowsapart/,1
p.msonorm,1
li.msonorm,1
div.msonorm,1
mso-style-par,1
p.msoautosig,1
li.msoautosig,1
div.msoautosig,1
span.emailstyle15,1
mso-style-typ,1
personal-compos,1
mso-ansi-font-size:10.0pt,1
mso-ascii-font-famili,1
mso-hansi-font-famili,1
mso-bidi-font-famili,1
black,4
size:8.5in,1
11.0in,1
margin:1.0in,1
1.0in,1
mso-header-margin,1
mso-footer-margin,1
mso-paper-source:0,1
div.section1,1
/style,1
/head,3
lang=3den-u,1
style=3d'tab-interv,1
div,1
class=3dsection1,1
value.,1
8211,1
confused.,1
138.,1
ring.,1
up.,1
home.,1
assistance.,1
/f=,1
ont,1
/div,1
/bodi,1
/html,3
imper,3
dataset,2
12:50,1
2:18,1
2:02,2
tremend,5
unusu,1
lawsuit,1
larg,19
readili,1
massiv,1
comprehens,6
fairli,4
uniqu,2
brick,1
wall,5
difficult,10
instrument,1
bridg,5
gap,1
hand,9
qualiti,8
consult,32
subsequ,4
award,8
2,000,2
s/b,19
MC,57
cent,9
mpc-epmi,9
colstrip,9
memo,8
parking/lend,5
sales=,4
27.25,1
peak/,1
25.13,1
pse-epmi,4
1.80,1
28.95,1
bpa-epmi,7
sy,7
232,1
27.08,1
27.80,1
152,1
9/21,1
9/22,1
129,948.00,1
122,659.60,1
tire,4
spoke,13
mr.,12
joel,5
cook,15
rlstone,8
occasion,1
9:53,2
oasispostings-l,5
list.transmission.bpa.gov,5
spin,2
supplement,3
icon,42
browser,42
bpat,46
condit,72
//www.transmission.bpa.gov/oasis/bpat/buspractices/forum/messageview.cfm,20
catid=15,4
threadid=151,3
bit,8
lgrow,6
idahopower.com,7
zone,20
satellit,1
consensu,4
luckili,1
hurdl,1
probabl,20
grow,13
8:08,2
secretari,8
hourli,19
ltnw,1
2:09,1
LP,8
guys-,2
remarket,4
third,12
chat,2
11:33,2
extens,12
catid=22,7
threadid=160,2
421598.1,6
lousiana,4
wwp,4
whole,13
754187.1,2
rout,3
11:25,1
allen,5
thresa,7
A.,2
all-,1
inquiri,5
530654.1,1
1-9,1
530689.1,1
10-24,1
530716.1,1
VT,1
pge-deal,1
529161.1,1
pacific-d,1
buy-back,4
388136.1,1
busbar,1
tcl,1
remaind,5
del,1
louisiana-pacif,10
421598,4
louisiana,4
531549,4
pose,1
re-market,1
provis,21
8:42,1
older,4
somehow,2
5:41,1
23/24,2
10:15,2
2006,2
round-the-clock,3
11-24,2
1-24,2
2/25-2/28,2
530268,2
530334,2
531224,2
532573,2
2/23-2/24,2
guy,17
l-pac,2
ramp,5
familiar,9
eager,2
buckingham,1
303-690-9768,1
406-728-3910/art,1
7mw,1
exclud,4
q3,1
70/30,1
10/1/0,1
6/30/6,1
copy/past,1
10:00,1
mention,14
balanc,14
7:58,1
-10,5
9:22,2
redispatch,1
catid=17,2
threadid=94.doc,2
4:21,5
threadid=66,4
non-refund,3
ticket,3
refund,66
10:04,3
cynthia,1
car,4
ok.,3
120,4
304.25,1
427.25,1
cwi,5
holden-bak,4
smholden,3
guid,5
explod,5
forum,15
tms-ditt1,1
7:38,1
interfa,1
catch,3
play,13
url,8
cursor,1
//taim-test.transmission.bpa.gov/taim/,1
print,7
opportun,25
self-train,1
tbl,10
progress,3
newer,5
www.transmission.bpa.gov/oasis/bpat,1
upper,2
sue,17
418-8278,1
optim,1
smurfit-ston,41
17-30,1
741884.01,2
buck,1
1:45,3
8/21,1
kysa-,1
741863.01,1
741092.01,1
740983.01,1
wrote,6
30.00,1
struck,2
32.00,1
486140.1,2
6/29/01,2
150mw,1
hlh,31
216.00,1
217.00,1
7-4-01nerc,1
60,000,1
ppm,2
pngc,2
4:43,2
LD,1
creditworthi,14
commission,15
refresh,4
reject,19
grant,22
complaint,19
docket,16
cdwr,7
non-creditworthi,1
iou,2
seek,9
injunct,1
relief,6
paid,24
massey,5
dissent,2
suspens,2
quip,1
iso,68
favor,18
unanim,1
6-page,1
faster,3
relax,4
ex,1
freeli,1
transcript,1
gather,3
upon,18
stock,45
governor,27
calpin,17
advisor,14
bought,12
offici,36
davi,47
fichera,7
fire,11
hire,19
disclos,9
hoffman,7
exchang,24
ethic,5
bond,4
polit,14
jone,24
mead,5
invest,19
billion,19
ferreira,4
former,5
montagu,3
whose,3
duti,2
lo,16
angel,12
copyright,16
secreci,2
financ,9
lawyer,9
influenti,2
rescu,2
largest,5
pitch,2
lawmak,8
stand,13
reform,3
critic,13
knox,2
hastili,2
long-term,14
100,000,2
barri,4
obtain,9
sacramento,14
10,000,2
deregul,8
southern,12
edison,12
plant,57
barretto,2
refus,11
advisori,2
clash,1
rabin,10
daryl,2
kelley,2
rich,8
connel,1
writer,8
07/28/2001,1
a-1,1
stung,1
five,13
sixth,1
gov,10
gray,18
belatedli,1
cross,5
senior,10
nanci,3
mcfadden,1
portray,1
serious,1
undermin,1
confid,9
private-sector,1
led,1
veteran,1
promot,6
histori,3
joseph,3
275,000,1
12.5-billion,1
contend,6
categori,2
beyond,6
distinct,3
watchdog,1
caus,9
ignor,1
crucial,5
evad,1
semant,1
ought,2
diminish,2
rush,2
spent,1
seemingli,1
six,4
basic,9
publicli,4
mysteri,1
omit,4
press,17
hardest,1
violat,9
insid,6
republican,8
challeng,2
accus,1
consciou,1
probe,1
san,10
jose-bas,1
land,3
43,2
thousand,4
dollar,7
undetermin,1
worth,10
quarter,4
government,3
highest-rank,1
500,000,2
bid,15
municip,10
herman,2
leung,1
constantin,1
louie,1
peggi,1
cheng,1
formerli,4
now-defunct,1
similar,14
temporari,7
maximum,12
15,000,1
21,000,1
55,6
warn,7
nearli,4
1/2,2
saw,5
skyrocket,1
'i,1
crisi,5
finger,1
crimin,1
pawn,1
examin,3
elain,1
4.6-billion,1
10-year,1
8.3,1
20-year,1
longest,1
texas-bas,1
giant,1
falter,2
reliant,15
bernard,1
shortli,2
began,6
ownership,1
uphold,1
divest,1
distinctli,1
stanc,1
closest,1
sought,12
raquel,1
de,1
la,8
rocha,1
member,99
fair,4
conclud,2
contractor,2
less,21
unpreced,1
saber,1
partner,2
blackston,1
controversi,1
underpin,1
pact,1
advic,1
sharp,2
contrast,1
deros,1
1.8-million,1
longer,16
photo,1
dow,24
releas,30
foot,1
w.r.t,1
consider,10
gac,5
judg,22
methodolog,23
evidentiari,7
wagner,12
glean,1
content,7
stray,1
refunds/offset,1
calpx,1
non-publ,4
refin,2
ga,87
collect,8
certifi,2
45,2
briefli,1
pac,2
RA,1
benchmark,2
formula,6
muni,6
investor-own,1
atc,7
webserv.wscc.com,3
determin,38
07/23/2001,2
particularli,2
wscc-led,1
alvarez/na/enron,3
02:57,1
12:25:16,1
interconnect,16
//www.wscc.com/files/atcmethd.pdf,1
embed,11
devic,2
independ,22
bitmap,2
abus,14
inter-affili,9
er01-2097-000,8
er01-2103-000,8
restrict,31
non-affili,6
assur,6
respect,20
prevail,21
prejudic,4
platform,4
captiv,4
e.g.,7
simultan,11
commission',4
higher,14
conduct,10
buyer,16
tradit,8
gpu,3
detroit,3
1998,4
bulletin,3
surfac,2
bear,4
resembl,2
auction,4
shapiro,4
07/20/2001,3
bracepatt.com,5
market-bas,4
66,3
fed,2
reg,3
ident,3
1997,4
85,9
non-,2
broker,5
discret,6
satisfi,6
medium,2
internet-bas,3
supra,2
accompani,5
text,6
unaffili,2
2:47,1
kitchen,2
louis,2
yoho,1
forster,3
consum,34
harm,1
re-fil,1
4:14,2
10:42,1
robertson,8
novosel/corp/enron,1
11:39,2
harri,3
eharri,1
alan.comn,4
christi.l.nicolay,3
donna.fulton,2
ray.alvarez,4
smara,4
snovos,1
sscott3,2
thane.twigg,1
settanni,2
asettanni,1
96,5
61,2
093,1
regulatori,39
curt,3
H,3
bert,8
breathitt,3
nora,1
brownel,2
market-,2
supplant,1
administ,17
internet-,1
instantli,1
-2-,1
outdat,2
commerc,9
instantan,1
wait,19
consumm,1
depriv,1
detriment,1
ratepay,1
interventions/protest,1
publish,7
29,939,1
30,180,1
motion,7
interven,2
protest,3
below-market,2
above-market,1
cross-subsid,1
adopt,12
dpl,1
90,6
61,200,1
88,2
61,067,1
61,156,1
1999,3
81,1
61,335,1
-3-,1
permit,6
suffici,7
engag,5
reveal,3
preclud,1
62,539,1
80,7
61,348,1
62,197-98,1
lowest,2
supplier,8
84,1
61,214,1
62,037-38,1
reh,1
g,3
61,311,1
jersey,2
central,4
82,1
61,023,1
61,071,1
commonwealth,1
61,288,1
62,176-77,1
defin,18
marketplac,1
unfil,1
good-until-cancel,1
-4-,1
unabl,6
demonstr,5
afford,1
low,7
thrust,1
argument,7
speed,7
eas,9
dictat,3
media,2
4-5,1
underli,3
-5-,1
moreov,1
venu,2
attain,1
convinc,6
unclear,2
above-,1
transpar,1
monitor,19
likewis,2
-6-,1
herebi,6
S,46
E,52
boerger,3
portlandgeneralrejectingtariffser012097_txt.txt,1
chronicl,5
LA,3
stori,6
dwr,4
counter,7
B.,1
weisenmil,1
rbw,1
mrwassoc.com,1
11:42,2
kati,5
kaplan,5
jean,1
munoz,1
smutny-jon,2
brown,3
carolyn,1
baker,3
blue,2
curti,5
kebler,2
suzi,2
kito,1
fulmer,1
fwd,2
SF,1
full,13
888,8
d.c.,9
20426,5
ferc.fed.u,4
=09,10
n.e.,3
speaker,3
percent,12
recalcul,5
wh=,2
en,6
above-capt,2
el01-68-000,2
desir,12
exceed,5
panel,5
speaker=,2
capitol,3
archiv,3
audio,2
listen,3
fulton,3
nosk,2
J.,9
lindberg,4
pricemitig,2
shoe,2
drop,21
contact=,1
ing,7
ar=,1
regardless,16
outcom,3
91.87/mwh,2
earliest,10
pro=,2
babli,1
ancillari,21
the=09=09docket,1
el01-68-0=,1
00,4
council,15
season=20,1
participation=20,1
conven,2
h=,4
eld,1
commissio=,1
n,10
conferenc=,1
commenc,7
p.m.,9
prescrib,1
california=,1
commiss=,1
revisit,2
fu=,1
ture,1
possibl=,1
t=,13
com=,1
mitigati=,1
f=,4
system=,1
stage,18
defici,6
le=,1
vel,1
i.e.,15
6.64/mmbtu,1
david.boerg,1
N=,2
o.,1
followe=,1
clearli,3
speak=,1
titl,23
re=,5
teleconfere=,1
ncing,1
nterest,2
include=,1
inc=,1
lude,1
brief,8
before=,1
ti=,1
p=,5
erson,1
with=20,1
submitted=,1
co=,2
mment,1
availabl=,1
inspect,3
str=,1
eet,1
addition=,1
alli,2
I=,4
nternet,1
homepag,1
rim,1
R=,3
im,1
202-208-2222,1
rimsmast,1
fi=,1
ling,1
sub=,1
mit,1
commission=,1
docket=,1
wordperf=,1
ect,13
portabl,1
ascii,1
comme=,1
nt,2
www.ferc.gov,1
e-fil,1
us=,1
er,6
s=,5
acknowledg,2
receipt=,1
202-20=,1
8-0258,1
efil,1
submitt=,1
transcrib,1
transcri=,1
pt,1
ace,1
202-347-3700,1
broadcast,1
b=,6
reining,1
julia,1
morelli,1
703-993-3100,1
www.capitolconnection.gmu.edu,1
nation,20
narrowcast,1
2=,4
02-966-2211,1
subscript,1
www.hearing.com,1
aud=,1
io,1
complete=,1
d.,1
videotap,2
vi=,1
scom,1
703-715-7999,1
camilla,1
Ng,1
n.e,1
202-208-0706,1
camilla.ng,1
=09secretari,1
ray=20,2
2:24,2
lawner,2
cantrel,2
rebecca,2
'jalexand,1
gibbs-bruns.com,1
K.,4
tycholiz,2
jennif,10
grigsbi,1
jacki,2
gallagh,2
jgallagh,2
epsa.org,3
acomn,4
hawkin,1
bernadett,1
nersesian,6
carin,6
scheuer,1
janel,3
hartso,1
joe,14
shelk,7
jsteff,2
hoatson,1
miti=,1
gation,1
possib=,1
le,1
margin,10
cal,5
PX,5
19th,7
heat,11
owe,12
a=,8
forth,5
O,7
claim,19
larger,4
seller=,2
factual,2
recreat,2
PG,42
multipli,8
adder-,2
emiss,20
treat,13
percept,1
chie=,1
f,1
hors,1
C=,2
liff,1
4:49,1
opin,1
due-,1
of=,3
8.9,2
th=,12
ey,1
hundr,4
billi=,1
aggreg,4
sum,2
vast,1
su=,4
ms,1
overcharg,2
investor,5
notabl,1
opinio=,1
has=,1
wa=,1
summarili,1
separate=,1
rejected.=20,1
date-,1
recomme=,1
ndation,1
de=,1
liveri,1
hearing-,1
mater=,1
ial,1
trial-ty=,1
pe,1
urgent,3
60-day,6
fast,8
schedule=,1
pot=,1
ential,1
after-the-fact,1
ethodolog,1
burden,1
exceede=,1
herein,6
methodology-,1
cais=,1
O=,1
ctober,1
rate-,1
hypothet,1
asso=,1
ciat,1
must-bid,1
vide,1
cost-,1
locat=,1
cityg,4
nd,5
sp15,1
gas=,1
midpoint,1
fina=,1
ncial,1
aforement,1
deliver=,1
weekend,4
hol=,1
iday,1
6/mwh,1
cal=,1
culat,1
costs-,1
ma=,3
rket,2
ubtract,1
clearin=,1
socal,5
deem,3
services-,1
service=,1
rea=,1
l-time,1
order.=20,2
non-emerg,2
hours-,1
somewhat,9
r=,3
ecommend,1
calculat=,1
deviat,2
non-emergen=,1
cy,2
recalculated=,1
offsets-,1
ref=,1
und,1
resettl,1
char=,1
ge,1
amounts=,1
offset,3
gainst,1
their=,1
interest-,1
unless=,1
exce,5
rough,3
wide,4
mechan,22
attack,4
bigger,3
audit,3
stuck,1
stay,10
nut,1
bolt,1
formal,13
mediat,3
unresolv,2
proxi,17
mcp,7
wherein,2
justfi,1
generator-specif,1
presum,1
cacul,1
reiter,2
fromal,1
ferc-ord,1
calif,2
07/09/2001,1
alleg,6
15-day,1
steadfast,1
716.1,1
overse,4
retroact,1
ball,1
miracl,1
fast-track,1
60,6
alter,1
natur,38
716,1
so-cal,4
510,1
125,2
hydro,9
49.6,1
16.5,1
cpn,1
gell,1
Q,8
interpret,8
exempt,15
hole,3
goldenberg,1
nonetheless,2
recap,1
paraphras,1
legitim,1
fulli,11
justif,3
latter,3
certainti,1
p.,1
42,3
complain,5
above-cap,1
24-hour,4
intent,8
farther,1
option,60
98,2
ambigu,2
declar,10
easili,2
12:46,1
questions/com,1
dj-pv,1
of/befor,1
swap,3
92,2
offpeak,2
sympathi,1
easiest,2
effici,11
re-hear,1
known,4
strike,7
rehear,8
silent,1
trace,1
ackerman,7
withhold,4
hidalgo,6
alert,5
lazaru,2
francisco,6
unintend,2
consequ,4
threat,6
vega,7
megawatt,16
soderberg,2
loophol,4
www.sfgate.com,1
backfir,1
abid,1
//www.sfgate.com/cgi-bin/article.cgi,1
f=/c/a/2001/07/04/mn186091.dtl,1
lobbi,2
newli,6
minut,27
first-ev,1
energy-hungri,1
casino,1
shut,6
fountain,1
air,59
deter,1
clariti,1
oscar,2
spokesman,3
crux,1
kick,5
ship,18
mile,8
transmit,1
overal,6
gari,2
energy-industri,1
menlo,1
advantag,2
individu,16
dip,1
danger,6
fight,7
mccorkl,1
spokeswoman,4
golden,2
brush,1
lights-out,1
experienc,8
mgm,1
grand,2
caesar,1
palac,1
dim,1
sudden,1
exacerb,2
less-,1
profit,4
shrink,1
vanish,1
ceil,3
surcharg,1
101,3
neighbor,10
sneez,1
caught,4
'lawyer,1
faith,1
stabil,1
tweak,1
bank,7
unfortun,1
greatest,5
reluct,1
throttl,1
dial,1
frame,4
dlazaru,1
sfchronicle.com,1
justifi,5
ene,6
105/mwh,2
denn,2
abund,2
caution,2
05:42,1
ET,2
bulk,1
107,1
megawatt-hour,5
msg,1
symbol,1
eix,1
11.15,1
-0.35,1
49.10,1
+0.76,1
pcg,1
11.20,1
-1.00,1
sre,1
27.34,1
-0.14,1
10502.40,1
-63.81,1
nasdaq,1
2159.34,1
+33.88,1
compar,7
growth,3
one-click,1
scorecard,1
overshoot,1
constantli,3
karen,9
complic,2
executv,1
circumv,1
rise,3
Or,8
non-monetari,1
hour-ahead,3
300/mwh,1
hard-press,1
lock,3
tight,1
above-limit,1
fallen,1
significantli,4
-bi,3
newswir,6
201-938-4604,1
mark.golden,1
dowjones.com,4
andrew,8
dowel,1
contribut,24
articl,6
non-jurisdict,2
jurisdict,5
counterpart,4
gerit,1
hull,1
beg,2
reinforc,1
d.c,1
handout,3
fault,6
re-design,5
toler,5
caiso.com,26
1.1,3
simul,6
enhanc,8
06/25/2001,2
crcommun,4
fuel,5
f07,2
autom,2
et,13
al,8
importnat,1
upgrad,5
perrino/sf/ect,5
08:27,1
08:15:30,1
imceaex-_o=caiso_ou=corporate_cn=distribution+20lists_cn=iso+20market+20particip,1
notification-,1
//oasisp.caiso.com,1
parallel,6
mode,2
regress,1
malfunct,1
1-888-889-0450,1
//xmlwg,1
tswg,1
1:30pm,1
ppt,44
670-4111,1
passcod,1
246870,1
29th,2
tolerant/regress,1
5th,1
6th,6
owner,16
ex-post,1
failov,1
retriev,4
method,8
maintypes.xsd,1
trns_zonal_cong_prc_dif,1
trns_zonal_cngs_prc_dif,1
atla,1
zonal,1
atls_mf_zone_ref,1
domain,2
server,11
configur,1
____________________,1
xmlwg,1
oppos,7
mandat,6
cost-benefit,4
opposit,4
defazio,3
northeast,6
gear,3
bryan,3
consolid,5
power-grid,2
voic,10
testimoni,2
suit,7
meyer,5
grid-consolid,2
mcrae,2
10/04/2001,1
congression,3
deleg,1
hous,26
caucu,1
revolv,1
skeptic,3
d-ore.,1
spearhead,1
bunch,2
bureaucrat,1
embrac,1
echo,1
express,18
end-us,1
testifi,4
disassembl,1
remedi,2
ill,1
countri,5
transmission-depend,1
'balkan,1
isol,3
character,1
power-sid,1
rel,3
aluminum,1
eastern,5
southeast,4
'rto,1
decisionmak,1
argu,7
eight,5
arlington,1
va.,1
remark,1
sept.,2
mirant,5
mir,1
440,1
edward,15
urg,7
minor,4
arnetta,1
delawar,1
fellow,2
predict,2
blindsid,1
devot,2
carv,1
jump-start,1
overli,1
goos,1
extern,1
catalyst,1
202-862-6647,2
bryan.le,2
corpor,8
1950,1
94111,1
415.782.7801,1
415.782.7854,1
mobil,3
415.794.8740,2
caption,6
footnot,2
IN,10
Ex,2
greater,4
happ,1
shapp,1
imceanotes-+22happ+2c+20susan+22+20+3cshapp+40caiso+2ecom+3e+40enron,1
dfuller,1
4:12,1
0100,6
10-minut,1
ferc',1
notice-may,1
system-wid,1
simpl,8
mid-point,2
monthli,3
bid-week,1
socalga,3
9.10/mmbtu,1
prospect,3
uncertainti,2
mark-up,2
requisit,4
91.87,2
108.08mwh,1
typic,12
fromat,1
redact,1
westwid,1
edt,1
6/20/01,1
//www.ferc.gov/electric/bulkpower.htm,1
expand,10
similarli,4
compris,2
intellig,1
staffer,1
geograph,2
scope-,1
term-,1
midnight,4
tonight,2
9/30/02,4
sell-,1
pool,5
hydroelectr,1
mitigation-,1
gate,5
start-up,1
uplift,1
recov,3
trigger,3
management-,1
reporting-,1
quarterli,3
comments-,1
vari,5
conference-,1
thereaft,2
penalti,4
forego,1
issuanc,2
pollut,43
gas-fir,13
peaker,9
ventura,14
pound,11
epa,5
EO,4
oxid,7
nitrogen,7
emit,7
ir,3
nox,4
d=,6
rules=20,3
heavili,7
dirtier,6
wigg,6
mari,4
=09comn,2
waiv,4
7.50,3
1.10,3
carbon,3
monoxid,3
environment,6
exhaust,3
ex=,3
facilities.=20,2
witherspoon,4
fluckig,4
megawat=,2
fund,29
feuer,4
defens,4
baldwin,4
county.=20,2
orgin,1
=09schoen,1
=09monday,1
3:23,1
=09guerrero,1
=09re,1
sig=,1
ned,1
futu=,1
adhe=,1
na=,1
tural,1
aili,1
following=,1
1.=09agre,1
or=,1
california=20,1
2.=09to,1
3.=09agre,1
california-bas,1
poun=,1
CO,2
coast,10
aqmd,1
reclaim,1
basin,2
w=,4
ork,1
wi=,2
lling,1
ception,1
potrero,1
mandalay,2
V=,1
entura,1
issue=,1
blanket,1
operate=,1
requir=,1
ement,1
minim,3
relianc,4
diesel-fir,1
which=,1
previou,6
iscuss,1
ho=,1
wever,1
equip,2
emi=,1
ssion,1
jor,1
installation=,1
technolog,1
bact,1
makes=,2
actio=,1
1,200,2
pand,1
revok,3
lreadi,2
environmentalist,1
doubt,2
responded=,2
despit,2
pres=,1
ear,1
=09alan,1
06/12/2001,1
11:57,1
=09mari,1
schoen/na/enron,2
=09=20,2
=09fw,3
scaqmd,1
7.50/ton,1
implem=,1
ent,1
=09tuesday,3
=09alonso,1
chris=,1
topher,1
chr=,1
timothi,1
M=,3
ainzer,1
P=,1
mi=,1
ke,1
=09davi,1
2001=20,1
'peak=,1
morain,2
lift,3
mmer,1
state.=20,1
blac=,1
kouts.=20,1
pollu=,1
tion,1
natura=,1
catherin,2
board.=20,1
W=,1
ater,1
1,2=,1
rmit,1
pollute=,1
homes.=20,1
ollut,1
die=,1
sel,1
threatened.=,1
pl=,1
ant,1
iesel,1
kellan,2
un,1
someth=,1
half,5
t-hour,1
ozone-produc,2
t-hour.=20,1
200,000,3
air.=20,1
ext=,1
r,5
7.5,4
20=,2
0,000,1
wo=,2
uld,1
sources.=20,1
dirti,2
gail,2
uderman,1
emis=,1
sion,1
reduct,12
equivale=,1
20,000,3
highway,2
relian=,1
night.=20,1
go=,1
sky,2
ake,1
dick,11
dwp,2
hail,2
n=,2
eed,1
1,000,3
summer.=20,1
said.=20,1
l=,1
ow,2
district=,1
subsid,2
elsewher,2
orde=,1
r.=20,1
aim,2
spur,2
pow=,1
iant,1
duke,5
carolina,2
calle=,1
gas-fire=,1
texan,2
pocket,2
in=,1
lung,4
allard,2
santa,4
barbara,10
als=,1
privat,9
sought.=20,1
seriou,3
vogel,2
story.=20,1
story=20,1
debt,2
restructur,2
c1=20,1
6/19/01,1
415,14
AP,1
restraint,1
across,22
stringent,2
cost-bas,3
5-0,1
intens,3
democrat,7
senat,11
spiral,1
elect,6
hebert,7
incent,11
threaten,5
tel,11
782-7802,7
782-7854,7
topic,19
26,30,1
17,21,25,28,1
meter,18
1,2,3,6,8,1
13,16,1
14,19,20,23,24,29,32,1
18,22,31,1
9,10,15,16,21,1
06/18/2001,2
09:4=,1
08:15,1
=09steven,1
J,8
kean/na/enron,1
shapiro/na/enron,1
D=,2
steffes/na/enron,2
robertson/na/enron,1
E=,3
nronxgat,1
presto/enron,1
obert,1
G,6
johnston/enron,1
briggs/na/enron,1
shortridg=,1
e/corp/enron,1
nersesian/na/enron,1
novosel/corp/enro=,1
=09white,1
bush,3
upport,1
regim,1
days/al,1
hour=,1
action=,1
wit,2
fein=,1
stein/smith,1
committ=,1
ee,3
fray,1
latter=,1
olici,1
presidenti,1
deriv,1
quietli,1
11:45am,1
6/15,1
06/14/2001,2
oversight,3
ceob,1
puc,2
weaken,1
sce,8
intervenor,1
appeal,1
mara/na/enron,4
07:46,2
bernadette.hawkin,1
carin.nersesian,1
janelle.scheu,1
jhartso,1
john.shelk,2
linda.j.nosk,1
linda.robertson,1
richard.shapiro,1
sarah.novosel,1
susan.j.mara,4
tom.hoatson,1
er01-889-004.pdf,1
reissu,2
sen.,4
lieberman,3
tauzin,5
unwork,1
meaningless-,1
promis,2
50-50,1
bet,1
weigh,1
ricardo,1
alonso-zaldivar,1
expans,1
seven,2
spike,4
invok,1
scale,1
tighten,2
stockbrok,1
markup,1
compromis,2
flux,1
galvan,1
bitterli,2
abandon,1
dozen,5
modest,1
resist,1
immun,1
hill,1
gotten,2
stronger,1
goug,1
summon,1
chair,10
I.,1
d-conn.,1
meanwhil,3
bingaman,4
d-n.m.,2
empty-hand,1
prod,2
w.j,2
billi,3
r-la,1
western-wid,1
strongli,3
aggress,3
underway,2
five-memb,1
riven,1
ideolog,1
bolster,1
pragmat,1
lone,1
woo,1
advoc,2
strengthen,1
flexibl,1
beforehand,1
strict,1
conserv,8
retail,5
unnecessari,3
rigid,2
recoveri,3
discourag,3
solut,35
foregon,2
enabl,3
summar,2
noncompli,1
honor,4
NE,3
suffer,1
worst,1
drought,1
centuri,3
failur,5
market-ori,1
likelihood,2
substitut,2
signal,1
pariti,1
clearinghous,1
third-parti,1
broader,3
preempt,1
abrog,1
non-particip,1
sincer,8
barton,5
georg,11
radanovich,1
bono,1
walden,1
thoma,6
lewi,1
duncan,1
randi,8
cunningham,1
ken,30
calvert,1
stephen,15
horn,1
royc,1
ose,2
darrel,1
E.,1
issa,1
diesel,3
'peaker,1
ruderman,1
C1,1
wscc-wide,2
monday18,1
pdt,3
intervent,2
06/11/2001,1
volatil,2
congress,3
enorm,1
drastic,1
runaway,1
gephardt,1
d-mo.,1
western-st,1
'dysfunct,1
'unjust,1
unreason,2
contrari,2
06/08/2001,2
marci,3
broadsid,1
12:24,4
milner,1
mmilner,1
coral-energy.com,1
11:13,2
'smara,1
discontinu,1
revenu,19
//www.caiso.com/docs/2001/06/08/200106081005526469.pdf,1
unsecur,1
creditor,1
tribolet,1
mellencamp,1
promptli,3
enact,3
liklihood,1
pointless,1
filter,1
buzz,1
dem,1
imceanotes-john+2eshelk+40enron+2ecom+40enron,1
4:05,5
brigg,1
shortridg,1
albeit,1
fluid,1
resum,14
bipartisan,1
bad,4
float,1
cost-of-service-bas,1
altern,14
sen,1
daschl,1
lean,10
cosponsor,1
feinstein-smith,1
infrastructur,3
tech,1
8,10,1
1,2,3,4,1
7,9,11,12,1
4,21,22,1
16,30,31,32,33,1
radial,1
39,3
6,13,17,25,1
phantom,3
redesign,2
ttc/atc,2
institiut,1
intermediari,2
alj,1
interim,3
absent,2
ultim,2
withold,1
lauren,1
mildren,1
lmildren,1
imceanotes-+22lauren+20mildren+22+20+3clmildren+40bracepatt+2ecom+3e+40enron,1
6:27,1
el01-89,1
v.,1
est,2
el01-89.txt,1
iepa.com,5
calpine.com,5
duke-energy.com,5
williams.com,4
'bob,4
riobravo-gm.com,3
gen.pge.com,3
fpl.com,3
06/01/2001,2
uaecorp.com,2
powersrc.com,2
hatton,2
'dean,2
tomeo,2
dynegy.com,3
jack,2
'=,2
earthlink.net,2
caithnessenergy.com,2
reliantenergy.com,2
'kent,2
mcmorrow,2
tmcmorrow,2
manatt.com,2
buren,2
elpaso.com,2
carol,4
sandra,3
steven,5
01:53,1
02:00,1
'alex,1
gaoka,1
alex.sugaoka,1
'bill,1
billw=,1
elleri,1
belleri,1
spi-ind.com,1
escalan=,1
te,2
rescalant,1
bob.gat=,1
'carolyn,1
cabak,1
cha=,2
rle,1
linthicum,1
charles.linthicum,1
'codi,1
-mail,1
cody.cart,1
'curt,1
curt.hatton,1
'curti,1
curtis_l_kebl,1
reliantenergy.com=,1
'david,1
parquet,1
david.parquet,1
gosselin,1
dean_gosselin,1
'dougla,1
kerner,1
dkk,1
eslawfirm.com,1
'duan,1
nelsen,1
dnelsen,1
gwfpower.com,1
'ed,1
ed.=,1
'eileen,1
koch,1
eileenk,1
'eric,1
eisenman,1
eric.eisenman,1
ernest,1
soczka,1
ernest.soczka,1
nrgenergy.com,1
'frank,1
derosa,1
frank.derosa,1
ge=,2
n.pge.com,1
'greg,1
gtbl,1
'hap,1
boyd,1
hap_boyd,1
'hawk,1
jack.hawk,1
pigott,1
jackp,1
'jim,1
willey,1
elliot=,1
tsa,1
'joe,1
greco,1
jgreco,1
ronan,1
joer,1
stout,1
john_h_st=,1
'jonathan,1
weisgal,1
jweisgal,1
aol.com,6
castillo,1
ccastillo,1
'kelli,1
lloyd,5
e-mai=,2
kellyl,1
enxco.com,1
'ken,1
khoffman,1
caithnessenergy=,1
.com,2
fickett,1
kfickett,1
usgen.com,1
palmerton,1
kent.palmerton,1
'lynn,1
lednicki,1
lynn.a.lednicki,1
ynegy.com,1
filling,1
mark.filling,1
marti,1
mc=,1
fadden,1
mmcfadden,1
covantaenergy.com,1
desroch,1
pdesroch,1
thermoecotek.com,1
paula,1
soo,1
psoo,1
covantaenergy.=,1
com,1
'randi,1
hickok,1
rjhickok,1
'roger,1
pelot,1
roger.pelot,1
'ross,1
worldnet=,1
.att.net,1
sadler,1
sadlersa,1
'stephani,1
ne=,1
stephanie-newel,1
iliff,1
siliff,1
'steve,1
ponder,1
steve_pond,1
fpl.com=,1
'susan,1
e-mail=,1
'toni,1
wetzel,1
twetzel,1
thermoecotek.c=,1
om,3
carlson,1
wcarlson,1
wm.com,1
wfhall2,1
bri=,1
T.,4
cragg,1
bcragg,1
gmssr.com,1
curt.ha=,1
tton,1
neg.pge.com,4
nistett,1
dean.nistett,1
vaughn,1
gavaughn,1
'joann,1
joann.van=,1
G.,2
larrea,1
john.g.larrea,1
mark_j_smith,1
nam,1
nguyen,1
nam=,1
.nguyen,1
'rachel,1
rachel.k,1
sch=,1
leimer,1
sschleimer,1
hartman,1
tom_hart=,1
ward,3
scobe,1
wscobe,1
oma,1
hudson,1
smutni,1
kap=,1
lan,1
moseley,1
iepa.com=,1
kelli,1
filing=09,1
greet,2
conjunct,2
sdg,4
/ferc,1
//www.caiso.com/pubinfo/recent.html,1
916,8
448-9499,1
fliling.pdf,1
teleconfer,2
cpuc,6
pst,37
06/01/01,1
02:22pm,1
jointli,20
tyrad,2
weakli,2
berat,2
seal,2
bottomlin,2
joint,10
iso/i,2
iso-rtopr_1.pdf,1
trm,18
dave.perrino,10
05/31/2001,6
kwebber,6
ronald,5
carrol,2
rcarrol,2
steve.walton,2
sean.crandal,19
ron,9
webber,4
webmast,4
pmi,4
conclus,4
gov't,1
becus,1
observ,1
04:41:04,1
1st,5
05/31/01,2
07:22pm,2
imagin,4
04:18,2
04:09:02,2
lamb,2
darren,3
dlamb,2
occas,2
tmm,2
concept,3
351-2223,2
802-1593,2
s-314,2
otc,5
criteria,2
stdolelink,1
short-term,5
plea=,1
SE,2
to=,5
dat=,1
contac=,1
mee=,1
built,1
B=,2
construct,4
complement,1
strategi,1
customers.=,1
u=,3
se,4
bpa=,1
pensiv,1
could=,2
triple-digit,1
c=,2
generat=,1
regu=,1
lation,1
29,35,1
cogener,3
10,11,1
8,24,1
denial,11
a,4,9,1
8,9,1
d,1,34=20,1
merger,4
d,1=20,1
23,26,1
12,32,34=20,1
11,15,22,1
QF,2
27=20,1
19=20,1
e,13,17,21,1
30,31,33,1
c,2,3,5,14,20,24,25,1
underschedul,1
5,6,1
150/mwh,3
breakpoint,3
treatment,2
non-compli,2
price-tak,2
kern,2
station,2
guidanc,15
plead,1
inadequ,1
viabl,1
pre-exist,1
must-run,1
0/mwh,1
dispatch,3
interpretation-,1
explicitli,1
supersed,2
as-bid,1
presenc,2
must-off,1
el00-95.1.wpd,1
salazar,5
perkin,3
05/25/2001,2
bluestein,2
avert,2
health,3
10:29,1
jbluestein,1
eea-inc.com,1
07:31:34,1
mschoen,1
power/environmnet,1
2:22,2
sharpli,1
anticip,8
boost,1
chop,1
1,900,1
houston-bas,1
ceo,4
1,900-per-megawatt-hour,1
egregi,1
voluntarili,1
deliber,1
high-pollut,1
essenc,1
yearli,1
allot,1
etiwanda,1
ellwood,1
roger,3
disconnect,1
outrag,1
knepprath,1
american,5
explor,10
conceiv,1
twin,1
4,000,1
750,1
703-528-1900,1
703-528-5106,1
postpon,5
significabnt,1
05:27,1
reliev,2
deepli,1
free-market,1
stalwart,1
distort,1
manipul,1
disast,1
r-la.,1
fruit,1
reconven,2
drag,2
vermont,1
jefford,1
defect,2
chairmanship,1
oppon,1
wield,1
veto,1
rank,1
dingel,1
d-mich.,1
r-texa,1
overrul,1
stricter,1
pipelin,9
stood,2
HR,2
1647,1
220,1
allevi,1
constraint,2
creation,1
low-incom,1
household,1
campion,1
walsh,1
202-862-9291,1
campion.walsh,1
iep,1
storag,1
mexico,21
politician,1
wecc,17
eisb,11
rtg,7
wrta,7
nrta,3
1995,3
defer,10
sha=,2
piro,2
landwehr,2
ipp,2
membership,17
swrta,2
merg,7
-=20,3
charles=20,2
am=20,2
east,22
advocaci,2
some=,1
john=20,1
context,2
steve=20,1
10:24,3
lay,2
background.=,1
epact'92,1
fer=,1
die,1
conf=,1
erenc,1
self-imp=,1
lement,1
summ=,1
assoc,2
swrt=,1
regi=,1
onal,1
entrant,1
regula=,1
tor,2
dynegi,3
destec,1
tenaska,1
transmiss=,1
collaps,1
crowd,1
orm,2
tame,1
tr=,1
adit,1
iss=,1
u,6
nopr,10
888/889,1
summer=,1
becam,4
oas=,1
IS,90
ground,1
inte=,1
rface,1
evelop,1
non-tradit,1
ws=,1
CC,3
memb=,1
grudgingli,1
half-measu=,1
attend=,1
representat=,1
boy,4
nside,1
broke,1
mold,1
formed=,1
op=,1
orga=,1
nizat,1
it=,3
functio=,1
serion,1
slowly=,1
elect=,1
ric,1
tog=,1
ether,1
rrg,1
as=,1
bylaw,2
furthe=,1
commer=,1
cial,1
oe,1
sm=,1
ash-em,1
bash-em,1
evolv,1
industr=,1
nge,1
reconsititu,1
entrench,1
breath,2
life,1
minimum,15
wsc=,1
c/wrta/swrta/nrta,1
debate=,1
9/28/2001,1
8:26,8
sarah=20,1
rodri=,1
quez,1
andy=20,1
-t=,1
ype,1
form=,1
howe=,1
ver,5
ith,2
equir,1
mem=,1
ber,1
U=,1
nfortun,1
meant,1
b-region,1
techni=,1
calli,1
consis=,1
sovereign,1
ot=,1
wecc=,1
hrough,1
voluntari,1
-type,1
verdict,1
reliability-onli,1
contractu,9
relationshi=,1
this=,2
scenario,3
mone=,1
o=,3
perat,1
.=,1
set=,1
ting,1
sector,5
it.=20,1
yeung=20,1
713-853-0348=20,1
7:05,1
carin=20,1
wecc=20,1
unders=,1
tand,1
tw=,1
etc.,3
transport,6
re-impos,3
reimpos,2
5/22,2
simon,2
epsa,2
as-bil,1
driven,3
supply-demand,1
EG,1
memorandum,1
reilley,1
bennett,1
erin,2
perrigo,1
diego,2
electric/ladwp,1
202-628-8200,1
jsimon,1
pl01-4.00a.doc,1
rp01-180.00z.doc,1
36,45,1
5,20,33,34,38,1
9,10,14,16,17,21,1
8,11,12,13,1
19,27,44,1
1,2,7,24,37,1
6,41,43,1
4,28,29,30,31,1
3,22,23,32,35,39,40,1
4,11,1
33,2
16,29,44,1
14,26,27,28,30,38,40,41,1
8,32,1
7,24,1
f,12,17,18,23,25,1
4,5,6,11,15,21,22,34,35,36,37,49,50,1
p/l,1
to/in,1
2,14,19,20,30,31,32,41,45,46,1
e,13,19,20,42,43,47,1
garri,7
harvey,3
240,000,5
mieco,3
hardi,2
novic,2
Be,3
salari,3
two-year,2
480,000,2
recruit,9
shimizu,2
boss,4
six-month,2
reconcil,2
10:47,2
hefti,1
bare,3
decad,1
day-to-day,1
difficulti,1
15-person,1
pete,5
impress,2
savvi,1
lure,1
beach,2
compet,1
game,8
extraordinari,1
perman,5
full-tim,1
insist,1
unfair,1
120,000,1
immens,1
around-the-clock,1
dina,1
graduat,2
ucla,1
pension,2
inexperi,1
earn,2
2003,3
almost,4
supervis,1
worker,4
340,000,1
alon,1
lucr,1
1987,1
150,000,1
300,2
1991,5
arm,5
vacuum,1
credit-worthi,1
95,1
divis,2
kean,1
sander,1
assign,12
above-referenc,1
mid-octob,1
icap,6
workshop,7
nativ,4
marri,2
heal,3
midwest,2
15-19,2
stick,7
england,2
wound,1
12/1/01,1
12/15,1
rev,1
req,1
scrutin,1
nationwid,1
re-issu,1
encompas,1
redefin,1
calfornia,1
govt,1
addendum,1
leadership,1
substant,1
begun,3
desert,3
star,2
linger,1
206,1
envis,1
pro,2
forma,1
entic,1
furthermor,1
upcom,12
rulemak,1
uniformli,1
broaden,1
transmission-own,1
unrestrict,1
recess,1
wiggl,1
decentr,1
unaccept,7
prolong,1
pennsylvania,9
barrier,1
debat,6
crack,3
refuel,2
restart,3
nuke,1
paloverd,1
palo,1
verd,1
cold,1
shutdown,1
leak,1
reactor,1
coolant,1
temperatur,2
detector,1
10/30/01,1
heighten,1
nrc,1
11:30,3
am-1:15,1
gmt-08:00,1
canada,2
tijuana,1
tba,1
04/10/2001,5
evelyn,8
wolfe/hou/ect,2
wisrrpte.pdf,2
07:21,1
08:18,1
belden/hou/ect,3
hartsoe/corp/enron,2
heizenrader/pdx/ect,3
ingersoll/hou/ect,2
07:16,1
maiser,4
04/09/2001,3
05:01,1
multi2,1
2001.,1
cmop,1
emerson,1
pegasu,4
mime-compli,4
apr,1
16:59,1
71069,1
byte,4
display,2
mous,1
pop,1
09:29,1
maria,1
houten,1
09:32,1
swain/pdx/ect,1
anderson/pdx/ect,1
sarnowski/hou/ect,1
weather,2
//gasfundy.dev.corp.enron.com/gas/sections/weather/liveweather/enter.html,1
carri,7
04/03/2001,2
frequenc,2
machin,6
frr,2
07:03,1
07:47,1
follow-up,4
excurs,1
agc,5
hydrolog,1
interti,2
1.5,2
on-lin,1
pattern,1
chronic,1
dig,2
deeper,4
registri,13
mdb,2
dictionari,2
//server06.nerc.com/tag/,1
pending_desk_registri,1
pending_entity_registri,1
'pseudo_ca,1
SC,1
sc_code,1
csv,2
vendor,6
integ,1
porpodpointid,1
nerc_id,1
pointnam,1
tp_entiti,1
ca_ent,1
porpodroleid,1
creationd,1
deactivationd,1
baratelli,3
packet,1
1.67,21
cutov,1
v_1.pdf,3
report.doc,3
merchant,18
srpnet.com,20
winn,5
2/14,6
15/2002,6
pnm,12
shop,11
sccobb,17
steer,13
sub-committe,4
his/her,2
transmission/reli,2
non-vot,2
rwinn,3
pnm.com,22
1:03,2
'sccobb,2
neither,10
esc,15
gisb,2
naero,2
naesb,2
voting/discuss,2
represent,7
8:18,5
guest,11
2/1/02,3
2-14-02.pdf,3
intermedi,8
evalu,14
raymond,9
constrain,6
cactf,2
check-out,2
to/from,7
oati,30
vojdani,5
obstacl,4
'inact,4
profil,7
nerc',1
gca,1
pointer,1
agent,5
one-to-on,1
vice-versa,1
expert,1
tiswg,4
dead,1
425.462.3348,4
206.604.3251,11
avojdani,2
wapa.gov,11
4:54,1
impend,2
visibl,2
immort,2
'final,2
inact,2
bog,3
eventu,5
unavail,5
ongo,2
oh,5
shortcom,2
imposs,4
970,4
461-7379,2
rocki,2
mountain,6
01/25/02,2
05:08pm,2
swat,4
mst,10
1_1-25-02.doc,4
srp,10
breakfast,4
complimentari,4
restaur,4
inlin,5
srpexc00.srp.gov,1
isascor,2
12:22:05,1
0800-1700,2
0800-1200,2
7353,2
indian,2
Rd,2
scottsdal,2
AZ,2
85251-3942,2
480,2
994-9203,2
shuttl,2
ski,5
harbor,4
airport,4
109,2
continent,2
0600-0800,2
snack,4
walk,4
distanc,4
trolley,2
fashion,3
squar,16
mall,4
karin,2
masengarb,2
602-236-0920,2
602-236-3965,2
602-236-3808,2
addresse,3
margaret,1
olczak,1
418-2071,1
woh,1
cutplan,1
ltr.doc,1
enronemployees3.jpg,2
hugh,6
jhugh,1
10:20,2
0800-1200ppt,4
tisn,1
setup,1
9:44,1
4:31,2
gracious,3
luck,2
ubswenergi,2
cluster,1
//remoteservices.netco.enron.com/ica/ubswenergy.ica,1
ubswenergy/enron,1
NT,2
stack,38
q,1
9M,1
npx,1
www.ubsenergy.com,1
//www.ubswenergy.com/site_index.html,1
netco-st-nw,1
mus32773,1
x33465,1
713-584-4444,1
713-853-3465,1
seminar,7
tournament,6
frazier,7
golf,6
sponsorship,5
3:36,4
brehm,2
josi,4
keyser,2
holland,7
dehaven,2
blood,2
torgerson,2
eric,5
strickland,3
connelli,3
lynch,2
barnett,2
morrato,2
goldberg,2
wenatche,2
semi-pro,2
basebal,2
bbq,2
logist,2
donat,3
500.00,2
benefici,2
2-day,2
importantli,2
509-665-7867,2
11:01,8
sager,4
elizabeth,5
presto,3
bailey,1
debra,6
bentley,3
corri,4
milnthorp,1
rob,4
steiner,3
abler,1
edith,2
curri,1
donovan,1
terri,3
furrow,1
dale,6
llodra,1
meyn,1
pacheco,1
leonardo,1
rode,1
tina,2
rorschach,1
reagan,1
valderrama,1
larri,3
gustafson,3
molli,3
mcdonald,3
shield,3
jake,5
woodland,1
o/common/pwrmarket,1
eswg,11
grinberg,4
ray.grinberg,3
ppmi,2
==========================================================================,2
excus,1
17th,6
mass,5
pinnacl,2
knew,2
beli,1
domin,1
ewg,2
pacifcorp,1
650,4
holladay,1
700,1
97232,1
503-813-5712,1
9:05,1
dmillam,1
utilicorp.com,1
demetrios.foti,2
powerex.com,3
dianeg,1
echang,1
jmcintosh,1
mmeyer,2
mons.ellingson,2
pinnaclewest.com,2
==,1
expressli,1
unauthor,1
unlaw,3
destroy,2
====,1
5:54,1
netcoonlin,10
launch,9
eta,5
gtc,3
splash,2
sub-us,2
timet,4
sequenc,1
www.enrononline.com,1
sub,1
3,000,1
450,1
brochur,1
commod,6
trading/origin,1
marketing-specif,1
shult,1
30397,1
31861,1
teresa,3
mandola,3
39807,1
kara,1
boudreau,1
30570,1
mcquad,3
53614,1
diamond,4
39673,1
signatori,1
offlin,1
paintbrush,1
writ,1
WW,1
interst,2
kroum,1
oati/fost,1
usernam,4
gorup,1
//westdesksupport,1
w2k,1
login,5
sched,1
tulli,4
bottom,5
713-417-4679,1
duong,2
luu,1
09,24
remeb,2
dicuss,2
epmi-west-bank,2
7:55,2
12/14/2001,3
12/28/2001,3
4/2/1996,3
12/13/2001,3
9:16,4
chapter11.ex,6
6:35,1
8-31,2
correctli,16
'zero-out,3
zero-out,3
convert,7
713-345-7834,3
ecn,7
workstat,1
5-4745,1
3-1411,1
desktop,4
architectur,1
46,1
blotter,3
phil,1
en=,1
F=,1
create=,1
extensio=,1
yesterda=,1
sult,1
wierd,1
match=,1
dea=,1
peer,1
blot=,1
ter,1
503.464.8681,1
=09belden,3
9:57,1
=09nat,1
=09crandal,1
=09weird,1
book=,1
between=,1
appen,1
sys=,1
tem,1
martin,1
11:31,1
optionexercise.ex,1
3.0.0.22,1
shasta,33
lake,22
cupp,4
gerry.cupp,2
ci.shasta-lake.ca.u,2
st.,4
3wtc,3
0306,2
464-3832,2
702-4604,2
jim.buerkl,2
melissa,14
3-1886,1
fresh,3
10:30,1
pre-schedul,16
8/23/01,1
1-800-684-1336,4
464-3730,1
1-877-464-7779,4
464-3814,4
464-3902,1
464-2270,4
cellular,4
701-0295,4
thumb,1
6:30,2
choic,5
mutual,6
541395,1
853-1886,2
28th,2
bureau,1
reclam,1
7/17,1
mwhr,4
deficit,1
dilig,1
forcast,1
67.85/mwh,1
john.malowney,28
brian,4
9:48,1
jamieshand,1
aec.ca,1
cara.semperg,1
bill.williams.iii,1
jami,2
reciproc,3
ladi,9
464-3747,3
ralph,1
patrick,67
cleveng,65
missoula,29
PO,27
4707,27
'john.malowney,25
'mike.swerzbin,21
'diana.scholt,21
'caroline.emmert,21
'audrey.cook,21
'sean.crandal,21
mike.swerzbin,16
caroline.emmert,16
audrey.cook,16
valarie.sabo,16
MT,19
59806,18
406-626-4819,18
pcleveng,13
smurfit.com,13
'valarie.sabo,15
59806-4707,9
406-626-4805,9
mill,7
4/1,6
pic06902.pcx,6
54.65/mwh,6
.25/mwh,6
2.50/mwh,6
x,15
2:20,1
40mw,3
8:06,2
10/1,3
10/10-25mw,3
10/10,3
10/31-40mw,3
11:18,3
6am,3
32mw,4
8:02,3
8/1,3
8/31,3
11:53,5
27mw,3
2400,8
buyback,3
3mw,3
2:48,4
20mw,3
6/1,3
6/30,3
5mw,3
225,3
2:40,3
3:19,3
indefinit,3
8:17,3
29mw,3
3/21,3
3:33,3
we'll,3
imag,5
02/26/2001,3
01:43,3
shortfal,3
8mw,3
31mw,3
consumpt,4
8/31/05,3
un-want,3
financilli,3
2.50,3
744,3
3,720,3
radou,6
l-p,6
murphi,6
ok,7
9/27/00,1
ii,4
4:20,2
6/8/01,3
1.00/mwh,3
6/11,3
5.doc,2
406,2
tier,1
compon,1
blank,3
ash,1
grove,1
cement,1
hwi,1
518,1
clanci,1
59634,1
442-8855,1
442-9262,1
johnsond,1
hdmaster.com,1
9:37,1
lake-d,1
839722,1
85098,1
51353,1
laird,11
gerri,6
dyer,9
re-assign,5
vicki,5
sullivan,5
spoken,3
beck,1
appris,2
10:37,1
o.k.,2
ciso,6
wo,6
10:22,3
10:19,3
'vrl1,2
pge.com',2
cotp,4
bi-direct,4
crn,3
lake',1
novcslkcobn_s1.doc,1
novcslkcobs_n.doc,1
La,1
415-973-5548,1
l-p.,1
9/1/01,1
12:38,1
7996,1
3740,1
TS,1
2.doc,1
509,4
881-2282,2
884-0691,2
sliebert,3
dcpud.org,3
\_dropbox\dschol,1
spill,3
e-514,2
9:58,1
3.0,1
10/15/2001,1
bypass,1
interrupt,1
//www1.caiso.com/thegrid/operations/opsdoc/index.html,1
'procedur,1
desk',1
mailbox,2
procctrldesk,1
thank-you,1
linear,7
payout,7
amw,3
dunn,1
bert.dunn,1
eweb.eugene.or.u,1
8:24,2
srosman,1
bedburi,1
varner,1
hiaasen,1
spettel,1
optionsidea,1
slice,1
jan-jul,1
90-80,1
80-70,1
70-60,1
110,1
110-120,1
120-130,1
130,1
130-140,1
10-min,1
a/,1
decrement,1
issues/request,1
polish,1
obvious,5
slowli,1
one-year,1
hopper,1
export,4
non-hydro,3
displac,3
elig,4
protocol,1
expanded/relax,1
mwood,1
stoel.com,1
3:50,1
inde,7
entitl,7
out-of-st,1
trump,1
imput,1
steve.c.hal,1
3:15,3
walter,1
bonneville-rel,1
statut,1
non-nw,1
coorper,1
2.,5
mud,1
drainag,1
//www.transmission.bpa.gov/oasis/bpat/scheduling/midcremoteresourcebp.doc,1
posting.htm,1
srunswick,2
definatli,2
12:11,1
sugar,1
slow,1
pace,5
pad,1
Hm,1
391-3370,1
465,1
riverg,1
Wy,1
425-5274,1
95831,1
scam,18
chuck,15
fish,21
shell,9
dlpatterson,6
reliant.com,6
lie,6
cheat,6
fifti,6
friend,23
8:07,3
yellow,7
dr.,3
seuss,3
someday,3
behold,3
fraud,3
crass,3
dark,3
minion,3
stole,3
cajol,3
stew,3
con,4
fortun,3
dime,3
illeg,3
partnership,6
thirti,4
illion,3
restat,3
suspect,4
elev,3
guard,3
rose,3
1400,9
boardroom,3
forthwith,3
ghost,3
fastow,6
croni,3
devis,3
deceiv,3
clam,3
jam,3
bride,3
scoundrel,3
hide,3
christma,4
sham,3
rot,3
carcass,3
fester,3
chapter,3
eleven,3
gazillion,3
bonu,3
core,6
860,6
kindli,2
audrey,5
cullen,3
693-4122,2
693-4118,2
670-1387,2
acullen,3
firstcallassociates.com,3
talent,4
slc,2
detm,1
hunt,3
reloc,1
senior-level,1
3-7,1
hedg,2
i'd,1
cmatsumori,1
801-531-5139,1
801-531-4402,1
llc,4
triad,1
tenth,1
UT,1
84180,1
goehr,7
mrienergy.com,8
j.,4
4:30,5
5:00pm,3
4:08,2
7:08,2
mri,3
1129,3
shrewsburi,3
NJ,3
07702,3
732-578-0100,3
x105,3
732-578-1800,3
union,4
age,5
qnec,4
transfer/realloc,4
deduct,4
paycheck,2
fidel,4
freedom,4
default,16
diversif,2
diversifi,2
acct,3
//resources.hewitt.com/enron,2
benefits.enron.com,2
yahoo.com,5
europ,2
wave,2
flag,3
deactiv,1
midday,1
klande2,1
monstikaland,1
011,1
44,1
207,2
376,1
8769,1
elabor,1
hang,2
monica,8
kristian,2
client,4
urgenc,4
candid,13
kansa,4
comp,7
paramet,5
circl,4
kane,18
mkane,14
jobmenu.com,16
713-977-3600,7
serc,4
ercot,4
dog,14
natali,11
glad,5
oakley,2
lisa.wil,3
nov,10
mostli,6
excit,7
kill,7
panic,1
shakeout,1
hapen,1
parents-in-law',1
chocol,1
pl,1
cheer,3
17080007.jpg,1
17080009.jpg,1
bchydro.bc.ca,2
witch,1
small.jpg.jp,1
cool.jpg.jp,1
shaki,2
crumbl,2
disappoint,2
piss,2
scoop,3
plenti,2
i'm,1
funni,8
you'r,1
indiffer,2
afterward,3
terribl,2
contempl,1
dare,2
child,1
fear,2
i'v,1
depict,2
penni,4
lane,2
famou,2
analog,2
beagl,1
haha,2
presley,2
she',1
7:13,2
'diana,2
scholtes',2
awhil,2
amongst,2
crazi,2
in-law,2
1y140001.jpg,2
xcel,2
303,2
redund,1
proud,1
jodi,2
lietz,1
fabul,1
vail,1
colorado,1
recept,1
snowmobil,1
announcement.doc,1
janet,1
rollin,1
308-6011,1
312-2693,1
1099,1
18th,1
3000,1
denver,1
80202,1
potteri,6
barn,6
1/17/02,3
9611804058372118355301,3
zip,4
fedex,2
shape,4
wht,4
a.m.,5
//a293.g.akamai.net/7/293/5910/0010/email4.potterybarn.com/email/pbk/operational\pbkorderhead2.gif,2
020147542092,2
20219,3
Se,2
fernridg,3
privaci,6
qti,2
turtl,2
rug,2
59-3865649,2
49.99,2
flower,2
pillow,2
s/3,2
58-4123725,2
36.00,3
pbk,2
rod,2
28-48,2
58-3835816,2
39.00,2
1/15/02,1
491107393947,1
holdback,2
58-3835840,2
24.00,2
www.potterybarnkids.com/c,2
//service.potterybarnkids.com/1302517.26672.1532734.2288.c,1
2findex.cfm,2
3fsect,2
3dwismo,2
26bnrid,2
3d5850003,1
1.800.290.8181,2
weekday,2
7:00,2
8:00,7
www.potterybarnkids.com,2
//service.potterybarnkids.com/1302517.26672.1532734.2288.home.cfm,1
3fbnrid,2
3d5850004,1
permiss,3
class,8
peckel,7
llp,7
_____,11
plaintiff,5
yahoo,8
wire,17
//finance.yahoo.com/q,4
rabinlaw.com,4
s=3dene,3
sharehold,5
//finance.yahoo.com/,2
//www.businesswire.com,2
|,3
d=3dt,2
nyse,3
//biz.yahoo.com/n/e/ene.html,2
seri,3
ng,2
bandwidth,2
www.rabinlaw.com,2
//www.rabinlaw.com,2
.=20,2
mauric,2
belfi,2
20and,2
20of,2
article=20,1
corporation=,1
//biz.yahoo.com/bw/011107/72410_1.html,1
=09site,1
//finance.yah=,1
oo.com/sm,1
//us.i1.yimg.com/us.yimg.com/i/new2.gif,1
home=,1
//www.yahoo.com,1
http=,1
//help.yahoo.com/help/fin/fnew,1
headlin,1
//biz.yahoo.com/ne.html,1
/=,1
/finance.yahoo.com/b,1
//alerts.yahoo.com/config/set_not=,1
ific,1
.t=3dn,1
=097.22=09-2.45=09,1
min,1
disclaim,1
//my.yahoo.com/fin_disclaimer.html,1
reuter,1
//www.reuters.com,1
cer=,1
tain,1
securiti=,1
nov.,3
texa=,1
nron,1
=3dt,1
janu=,1
ari,1
inclus,1
mplaint,1
kenneth,1
skill=,1
h-01-3736,1
melind=,1
harmon,1
case.=20,1
1934,1
misr=,1
epresent,1
therebi,1
artifici,1
inflat,2
specifical=,1
ly,2
concerni=,1
broadband,1
declini=,1
marke=,1
partici=,1
pant,1
were=,1
overst,1
write-d=,1
we=,3
write-down,1
impair,1
th,1
principl,1
gaap,1
riod,1
dispos,1
73,5
personally-held,1
unsuspect,1
investors.=20,1
comp=,1
non-recur,1
1.01,1
after-tax,1
1.11,1
dilut,1
se=,3
ptember,1
hat,1
eq=,1
uiti,1
significantly.=20,1
pec=,1
kel,1
predecessor,1
complex,1
clas=,1
abou=,2
above=,1
lead=,1
lega=,1
www.=,1
questi=,1
conta=,1
ct,2
pesso,1
75,5
madison,1
avenu,2
NY,1
10016,1
497-8076,1
682-1818,1
facsimil,2
682-1892,1
rabinla=,1
w.com,1
pesso/er,1
800/497-8076,1
212/682-1818,1
212/682-1892,1
//mtf.news.yahoo.com/mailto,1
url=3dhttp,1
//biz.yahoo.c=,1
om/bw/011107/72410_1.html,1
title=3drabin,1
20peckel,1
20llp,1
20commenc,1
20action,1
20against,1
20enron,1
20corpor,1
20certain,1
20it,1
0offic,1
20director,1
2C,1
20alleg,1
20violat,1
20feder,1
20sec=,1
uriti,1
20law,1
=3dfinanc,1
locale=3du,1
most-email,1
//news=,1
.yahoo.com/h/mt/us/finance/,1
most-view,1
//news.yahoo.co=,1
m/h/cl/us/finance/,1
=09enron,1
corp,4
=3dene,1
oil/energi,1
//biz.yahoo.com/n/y/y0024.html,1
//biz.yahoo.com/n/y/y0036.html,1
//docs.yahoo.com/docs/info/news_search_help.html,1
//pr=,1
ivacy.yahoo.com,1
//docs.yahoo.com/info/terms/,1
witho=,1
ut,2
redistr=,1
ibut,1
forbidden.=20,1
//help.yahoo.com/help/fin/fnews/,1
ten,8
placement,3
630-990-7510,3
kubicki,5
kappa,3
search,5
tkubicki,5
kappasearch.com,5
cst,10
3:00pm,4
alloc,6
vanguard,2
lifestrategi,2
chosen,2
re-open,2
3-7979,2
8:00am,2
lifestyl,2
extinct,5
chapman,2
michel,2
13:33,2
french,2
blain,2
hara,15
kathi,19
harper,2
stelzer,2
nolan,3
palmer,2
wurzburg,2
lechtenberg,2
kri,2
bauer,2
camp,2
sylvia,2
super,6
shortel,2
'mchapman,2
icehouse.net',2
merchandis,1
subtot,1
148.99,1
21.00,1
13.08,1
183.07,1
//service.potterybarnkids.com/1302517.25493.1469370.2288.c,1
3d5850001,1
//service.potterybarnkids.com/1302517.25493.1469370.2288.home.cfm,1
3d5850002,1
pregnant,3
marriag,2
sitter,1
whatsoev,1
outliv,1
horribl,1
miracul,1
shame,1
forgiv,1
MY,2
lindsay,1
rememb,20
truli,1
blame,1
pregnanc,1
deserv,1
unhappi,1
devast,2
degrad,1
custodi,1
kenna,2
02.jpg,1
03.jpg,1
easter,2
gang/pdx/ect,1
11:05,1
arthur,1
kinsey,1
artkinsey,1
10:41:14,1
lisa.gang,1
bummi,1
egg,1
__________________________________________________,2
//personal.mail.yahoo.com/,1
babyfl~1.ex,1
mw/h,3
infam,1
22.8,1
102,1
24/7,1
5-year,1
iv,1
v,1
one-tim,1
-such,1
mark-to-market,1
vest,2
all-employe,1
36.88,1
theoret,5
referenc,8
//hrweb.enron.com,1
prioriti,6
restor,10
tune,3
//www.gevurtzmenashe.com,2
curiou,1
messeng,1
alittl,1
uninterrupt,1
.i,1
bethesda,4
maryland,2
secondli,2
shot,4
pleasant,2
logo,5
887,1
8395,1
insur,4
labor,3
thereof,2
TX,4
77002-7311,2
domest,5
1974,1
erisa,1
carrier,3
shown,3
853-6161,1
liabil,5
n-5638,1
welfar,1
constitut,1
n.w.,1
20210,1
ljefferi,6
fewel,6
teviainc.com,4
13:43,2
voelker,2
cari,3
jefferi,2
leon,2
6:13,2
3:09,2
avistaenergy.com,8
-disgust,2
lamour,2
anim,2
.asf,2
women,3
ub,18
ubsw,3
mbr,2
AG,2
non-pow,2
stream,1
ferc-jurisdict,1
attorni,1
affil,1
.supplement,1
warburg,1
concret,5
bound,1
improp,2
conduit,1
non-support,1
personnel,1
qf,1
non-exclus,1
caem,5
dereg,2
600b,2
1970,2
malloy,2
oil,2
vacat,1
excerpt,1
introduct,1
8:58,1
guerrero,1
ngi,1
600,3
per-household,1
5,938,1
wellhead,1
lighter-hand,1
non-profit,1
think-tank,1
prove,2
economi,2
fluctuat,1
energy-effici,1
light-hand,1
1980,1
re-distribut,1
wealth,1
foreign,1
stabl,3
greenhous,1
lesson,1
overnight,1
winner,1
underestim,1
rep,2
perspect,3
07/27/2001,1
09:06,1
07/26/2001,1
04:02:51,1
wsccstd,1
//www.wscc.com/files/isas_business_practices_final.pdf,2
30-day,4
condol,1
apx,1
vigul,1
champion,1
commercially/oper,1
nwoasi,1
11:46,1
//www.transmission.bpa.gov/oasis/bpat/scheduling/energyindexforgenerationimbalanceservice.doc,1
floater,1
davidson,4
burn,2
1023-01fn.doc,1
benson,1
cutoff,1
registration2001.doc,1
issues102301.doc,1
chare,1
messerli,1
Ph,2
464-2809,1
464-2819,1
transmitt,2
rtowest,1
vick,1
kasarjian,1
TF,1
23-23,1
chart,1
printer,1
dean,2
follw,1
6/27/01,1
prm,1
nac,1
9:30,1
reciev,3
satisfactori,1
supervisor,3
503/464-3814,1
spous,2
jarnagin,2
clinic,2
11:16,2
reminder-flu,1
shots-pleas,1
11/6/01,1
flu,1
8:30,1
a.m.-10:30,1
axford,1
bruce,3
clark,1
eriksson,1
fredrik,1
darryl,1
nalluri,1
susmitha,1
nelson,2
kourtney,3
rasmussen,4
sheppard,3
kathryn,3
slaughter,2
soderquist,1
villeggiant,1
theresa,2
11-4,4
53,2
4th,5
7-22,2
8:11,1
sadli,1
increasingli,1
frustrat,1
corrobor,1
855033,1
855032,1
day-ahead,1
855044,1
allud,1
sat,1
holden,10
stsw,1
smoothli,2
1:24,2
forgot,1
855032.1,1
854942.1/855044.1,1
1:17,1
HL,1
503-464-3831,2
fbi,5
terrorist,2
controls/corpor,1
unduli,1
alarm,1
dissemin,4
uncorrobor,1
reportedli,1
unspecifi,1
target,1
incid,2
AT,4
warrant,1
salle,3
candi,2
salisburi,8
scott.salle,1
tlcd.com,1
11:17,1
jaim,1
julez1974,1
mitchel,2
wineg,1
10/31/01,1
moniqu,1
lazzaro,1
trick,1
sex,8
uglier,1
compliment,1
okay,5
fantas,1
40,3
moan,1
groan,1
guilt,2
neighborhood,1
safe,3
mo=,2
=09dl-portland,2
=09lavorato,1
=09recruit,1
buildout,1
buil=,1
concern=,1
redu=,1
cing,1
conc=,1
ern,1
expenditu=,1
tal=,1
k,3
doing=,1
cruit,1
couple=,1
resenc,1
broadli,1
leading=,1
mass=,1
unc=,1
ertain,1
lon=,1
north=,1
st,1
gain,1
pa=,1
rticip,1
on-campu,1
be=,1
lief,1
possibilities=,1
empha=,1
anybodi,2
nterview,1
ba=,1
sed,1
e=,1
mploye,1
redeploy,1
enro=,1
alread=,1
mor=,1
paus,1
fo=,1
dela=,1
ying,1
arch=,1
itectur,1
precis,1
peg,1
iron,1
move=,1
proje=,1
do=,1
budget,1
iabl,1
hard=,1
keep=,1
chelanpud.org,4
11/5,2
11/9,1
11/26,2
11/30,1
somewher,2
moral,1
8:50,1
464-7790,1
807-7862,1
michael.tulli,1
8:28,2
mgr,2
tsin,4
jzurita,3
redfish,3
epmiea,3
epmiw,4
dont,4
re-arrang,1
coverag,5
1:59,1
powerpoint,1
K,5
x7404,3
lynn,10
costantini,8
tsin.com,6
lynn.costantini,4
nerc.net,12
gentlemen,5
//reg.tsin.com,3
onto,3
what',3
//www.nerc.com/~filez/tag/e-tag/e-tag.htm,4
cum,9
609-452-8060,3
salli,3
inappropri,2
compaq,2
8:32,1
lotteri,1
draw,1
chariti,1
equiti,2
401,3
anymor,1
4:09,1
ncpa,17
10/1/01-10/3/01,3
HI,1
buy/resel,1
smooth,1
quarantin,3
mailsweep,2
853,2
2:38,1
inbound,1
mon,2
14:36:56,1
scenarios/incoming/inbound,1
exe,1
catcher,1
filenam,1
mask,1
'capac,1
template.ex,1
business-rel,1
inbox,1
virus,1
malici,1
1411,1
european,2
0044,1
78,1
36777,1
9797,1
345,1
4745,1
402,1
398,1
7454,1
omaha,2
cpm,3
app,2
1:34,2
migrat,1
ugli,1
hub,8
mhub,4
12:54,1
prefac,2
dynam,11
boundari,2
accomod,2
klamath,2
envelop,1
9:39,1
khara,6
1:52,1
demetrio,3
fotiou,3
flint,1
ewer,4
keith,3
burnett,5
boogi,5
meg,5
coleman,5
jackson,3
karagian,2
ender,3
robb,4
hadwig,4
gerk,5
uncl,2
krusti,2
424.80,1
12/4,2
12/7,1
pask,1
3:10,1
3:13,1
11:41,1
10/17,2
10/17/01,1
he1-6,1
23-24pdt,1
13mw,1
104mw,1
821995.1,1
volt.com,4
=09thursday,2
mine,2
=3d=3d=3d=3d=3d=3d=3d=3d=3d=3d=3d=3d=3d=3d=3d=3d=3d=3d=3d=3d=3d=3d=3d=3d=,2
=3d=3d=3d=3d=3d=3d=3d=3d=3d=3d=3d=3d=3d=3d=3d=3d=3d=3d=3d=3d=3d=3d=3d,2
lkatsi,2
opsvolt_track,2
=09semperg,1
=09scholt,1
=09ward,1
=09angi,1
conner,1
sutton,1
brad,3
fagan,1
cath=,1
pocock,1
cindi,1
T=,1
arsi,1
breish,1
hutchen,1
payn,1
jordan,1
gayleen,1
barre=,1
tt,1
ginger,1
harriet,1
turk,1
slone,1
jeani,1
schilk,1
wright,1
karla,1
dailey,1
elam,1
rosenberg,1
rees,1
mitten,1
rosalia,1
wardel,1
padilla,1
nat=,1
ali,1
bret,1
boehmer,1
mcelroy,1
shawn,1
mcelmoyl,1
stanton,1
lejun,1
cline,1
lovett,1
ke=,1
rsey,1
yonni,1
waller,1
oling,1
brewer,1
stacey=,1
'wenderachel,1
lucci,1
nemec,1
gerald,1
vann,1
suzann,1
heintzelman,1
vint,1
pete=,1
'ssca=,1
stle,1
gerard,1
camil,1
'jana.mors,1
ee=,1
'george.deno,1
'brad.k,1
usa.conoco.com,1
'lawrence.pop,1
aliburton.com,1
arnold,1
'lisabarnwell1,1
'kward1,1
houston.rr=,1
'tomd1966,1
'antlulu2,1
kennedy=,1
'ilandman,1
verizon.net',1
india,1
friends.=,1
=3d=3d=3d=3d=3d=3d=3d=3d=3d=3d=3d=3d=3d=3d=3d=3d=3d=3d=3d=3d=3d=3d=3d=3d=3d=,1
10/31,2
scare,1
foward,1
colleag,1
jpmorgan,1
hoax,1
reactionari,1
credibl,1
afghanistan,1
9/6,1
upset,1
empti,1
9/10,1
boyfriend,1
airlin,14
long-tim,1
katsi,1
714/921-5424,1
card,9
pin,2
sensit,2
//explorer.msn.com/intl.as=,1
approval/deni,3
univers,12
drawn,4
overlap,4
10:28,1
jonalan,1
onsit,2
cross-calibr,2
UC,2
5-6,2
volunt,2
PS,2
hike,2
croup,1
henc,6
cuz,1
ptf-5,1
yslinn,1
11:03,5
20.55,2
9/23,1
18.40,1
1766,1
parked/lend,1
590,1
21.95,1
dispurs,2
497,1
1459,1
21.55,1
156,755.00,1
147,439.00,1
9/25,1
off-,1
18.98,1
16.60,1
grace,2
713-646-2308,1
empapp.pdf,1
brain,6
buffalo,4
slowest,4
cliff,3
clavin,3
herd,4
weakest,3
norm,2
10:32,1
malley,3
nielson,1
logman,3
cole,3
lanc,1
titu,2
nathan,2
joyner,2
brinkmey,1
watler,2
buddi,1
human,1
intak,1
alcohol,1
weaker,1
that',1
smarter,1
unfold,2
=09friday,1
8:49,1
dl-san,1
=09updat,1
wednes=,1
suddenli,1
certainli,2
unsettl,1
tangibl,1
fate,1
onor,1
cus=,1
tomer,1
circumst=,1
anc,1
sched=,1
ule,1
arraing,1
sc=,1
hedul,1
unbeliev,1
with=,1
calm,1
cl=,1
traded=,1
iddl,1
money=,1
ra=,1
ther,1
rought,1
effort=,1
oner,1
bankrupt=,1
bright,1
optimist,1
orth,1
handicap,1
very=,1
baggag,4
part=,1
suitor,1
upda=,1
anxieti,1
uncertainty=,1
tay,1
from=,1
digit,9
oatiinc.com,6
webtag,3
ben.porath,2
acquir,4
//www.oaticerts.com/repository/company_information.doc,3
763,1
553-2725,1
esop,4
dl-ga-all_domest,1
gwendolyn,9
arvina,8
11/7-11/30,6
15,200,6
9:00,1
8:55,2
indici,4
quick,3
6:49,3
w/modesto,3
prod.,3
3:56,3
875830.1.2,3
875819.2,3
29.00,3
875830.3,3
875819.3,3
31.00,3
860363.1,3
859311.1,3
859389.1,3
1.36,3
ohio,1
total=,10
18.66,2
11/1,2
23mw,1
35.58,1
35.68,1
210,080.72,1
11/6,2
60,503.77,1
11/14,1
11/15,1
colstrip-,1
19.69,1
total=49,993.27,1
11/16,2
mc-,1
36mw,1
total=50,286.56,1
11/17,2
16th,3
50,303.73,1
17.54,1
48mw,1
20.53,1
52,932.97,1
2,105,816.35,1
10:10,1
hubbard,1
avista/washington,1
509-495-4911,1
avista,10
509-495-8712,1
spark,1
208-275-8300,1
503-813-5387,1
northern,2
mcmahon,1
916-786-0123,1
775-834-3529,1
spenc,1
gerber,1
916-351-2284,1
cer,2
916-574-1299,1
rodriguez,3
9:50,1
301,632.00,1
baughman,14
10:09,2
harlan,2
brysch,2
in-the-money,4
11:02,5
8:34,1
trading|california|cascheduling|cash/postion|,1
10/11,2
pge-,1
mid-c.,1
elsi,4
9:28,1
9:09,1
lew,2
sewel,8
152,668.80,1
101,304.00,1
51,364.80,1
x3806,1
ptp,12
form.doc,2
steve-,1
paul-,1
8:39,1
aba,1
121000248,1
fargo,1
707,1
wilshir,1
blvd,1
90017,1
4159540921,1
purch=,5
24.81,2
10/12,1
rp-ls-mc,2
22.27,1
74,629.93,1
10/21,1
29.21,1
descrep,2
103,251.56,1
96,342.80,1
10/22,1
pcw-epmi,2
-mc,1
busbar/mid.c,1
98,692.26,1
10/28,1
28.73,1
28.83,1
76,287.15,1
10/29,1
epmi-rp-l,1
35.35,1
34.47,1
118,078.79,1
30.48,1
123,318.72,1
1:20,1
32,2
10/3,1
everyday,1
grizzli,1
10/5,1
10/6,1
10/8,1
256,1
10/9,1
24.20,1
exelon,6
pre-arrang,1
re-loc,1
asid,1
360-834-3579,1
plug,1
coordinate-,1
10:53,2
tag/no,3
stone,1
siston,1
10:34,1
//www.transmission.bpa.gov/oasis/bpat/scheduling/notagnoflow2.doc,2
drug,8
102nd,1
pre-employ,2
peak=,3
1.,6
grizz,2
park/lend,3
21.28,1
93,973.24,1
9/27,1
9/28,1
julien,2
arvinaj,2
mid.org,2
'01,1
2:07,1
26,800,1
2,089,704.00,1
23,520,1
2,225,962.36,1
3,280,1
136,258.36,1
irrig,1
209-526-7514,1
839722.1,8
659898.1,7
clemon,3
12:31,3
aninvoic,3
36,600,3
1:50,1
kathleen,3
dunham,3
kenni,1
werbner,2
rameen,1
zahe,1
pierc,1
gillium,1
wear,2
Fw,8
//explorer.msn.com,1
8/9,1
51,1
70.72,1
70.22,1
433,054.06,1
8/17,1
41.21,1
31.39,1
269,516.56,1
8/18,1
267,475.56,1
4:04,1
sce.com,4
john.pespisa,3
jgc,3
tristategt.org,3
mtpower.com,4
nunnal,2
yes/no,2
denni,4
dake,2
ladwp.com,2
1:32,1
pespisa,1
cini/sce/eix,1
parker/sce/eix,1
pespisa/sce/eix,1
12/06/01,1
05:16,1
pic25106.pcx,1
pic18295.pcx,1
626/302-1653,1
626/302-9114,1
ronald.d.nunn,1
nunnally/sce/eix,1
12/06/2001,1
05:15,1
multi10,1
.gov,1
wscc.c,1
12/03/2001,1
03:34,1
rapid,1
proactiv,1
rehman,1
brehman,1
gumm,1
rgumm,1
comish,4
rsullivan,1
sembrick,1
bsembrick,1
dean.perri,1
nwpp.org,1
eyr,3
helderlein,1
dhelderlein,1
riley,1
eriley,1
wauc,1
wacm,1
canavan,1
jcanavan,1
hormozi,1
jhormo,1
kmjohnson,1
leroy,5
patterson,4
lpatter,1
ipc,3
lori,1
lshoffman,1
marcd,1
mhackney,1
apsc.com,1
chpd,4
mraezer,1
tucsonelectric.com,2
coe,2
saco,1
smcmah,1
mccoy,1
smccoy,1
walc,2
tarci,1
tarcy.le,1
bakert,1
prpa.org,1
larson,1
talarson,1
tsgt,1
tsmith,1
wendi,1
wdweath,1
8-5,1
8-12,1
1-5,1
461-7299,1
481-8581,1
142mw,1
177.17,1
177.77,1
895,776.78,1
3/17,1
3/18,1
370,1
343.85,1
489,535.44,1
22,387,004.05,1
22,250,089.59,1
4:03,2
2:59,1
cow,17
milk,10
democraci,2
9:25,1
feudal,1
lord,1
fascism,1
pure,1
neighbour,1
totalitarian,1
ban,1
mexican,1
armi,2
EU,1
feed,1
invent,1
shoot,1
pour,1
drain,1
bull,1
ventur,1
brother-in-law,1
debt/equ,1
cayman,1
island,1
secretli,1
9:13,1
men,5
sexual,3
bed,2
tenni,2
honey,2
hint,1
attbi.com,2
11:50,1
di=,1
ffer,1
mar,1
eir,1
heart,1
gene,1
ts,1
thrown,1
turmoil,1
even=,1
passion,1
start=,1
y=,1
hus=,1
band,1
planet,1
dread,1
her=,1
emot,2
woman,1
clue,1
fin=,1
unnam,1
store,3
outfit,1
dept,1
ear=,1
shipwreck,1
she=,1
bracelet,1
ev=,1
threw,1
register.=,1
hardli,1
blurt,1
fee=,1
wen=,1
thaw,1
d_perrino,1
msn.com,1
1:29,1
chris.fost,1
good-by,1
tenur,1
spell,1
kindest,1
660,1
greenview,1
alto,1
94024,1
650.948.6937,1
4:52,1
4:51,1
garrett,9
stephenson,4
hectic,1
11:36,2
1:13,2
5:27,1
expat,1
etag,12
frank.billington,2
//www.tsin.com,4
por,4
ms.,1
freeland,1
1a,2
1b,2
2a,2
2b,2
3b,2
partial,2
//www.oatiinc.com/etag17,2
billington,2
cama,1
Wa,1
98607,1
2:45,1
cavanaugh,1
rey,1
tube,1
bail,1
ton,1
tid,7
in-area,3
614339.1,1
ltca,1
158,1
155,1
sleev,1
12:15,1
'bfloyd,1
water.ca.gov,1
'mtbrommer,1
tid.org',1
floyd,2
brommer,2
enron-,2
11/22,5
11/2/01,8
oop,1
24mw/hr,1
25mw/hr,1
10:59,1
-fran,1
mess,3
11/26/01,4
11/7,4
11/18,4
11/19,4
11/23,4
11/24,4
he23-24,4
lightload,6
he23-he24,7
2:51,2
9:03,1
880982.1,1
18/19,1
22/24,1
880928.2,1
dl-netco,2
daniel,3
12:58,1
button,1
x39673,1
x39807,1
x53614,1
system/e-tag,3
timezon,3
4.79,3
tall,3
skinni,3
latt,3
plain,3
bagel,3
cream,3
chees,3
programm,3
208-388-2243,3
ashbak,4
11-14-01.doc,3
concur,1
schedules/transact,1
imporv,1
traders/schedul,1
accpet,1
thanksgiv,1
10:03,1
19456,1
clinton,2
mayfield,1
10:45,1
everyon=,1
ravel,1
soo=,1
n.,1
welc=,1
ome,1
hou=,1
indi=,1
fferent,1
contem=,1
plate,1
chi=,1
ld,1
=3d,1
yo=,1
beagl=,1
absolute=,1
him.=20,1
ironi,3
cfo,3
techniqu,2
6:48,1
laugh,1
frankova,1
renata,1
//www.cfo.com/pge_mag_detail_archives/1,4583,1
7c83,1
7c10,1
7c1999,1
7c1337,00.html,1
finest,1
russ,1
banham,1
pioneer,1
debt-lik,1
nondilut,1
871827.1,1
IF,2
2:50,1
2537,2
142,1
wtih,1
4326,1
mwh',1
895776.78,1
890921.78,1
3/22,1
rtn,3
915,712.31,1
911,055.41,1
yee,1
haw,1
husband,10
abbi,8
meal,7
foreplay,3
stress,3
clitori,2
selfish,2
9:18,1
threesom,1
roommat,1
apprehens,1
sperm,1
loos,1
glow,1
skin,1
interestingli,1
selfless,1
perfectli,1
behavior,1
prowess,1
chase,1
peac,1
rekindl,1
gift,3
delici,1
uninterest,1
peski,1
mood,1
orgasm,1
sleep,1
forgotten,1
//auctions.yahoo.com,1
operation/reli,1
701-5759,1
american-,1
lacen,26
dlacen,19
10/301/01-10/31/01,7
repo,3
10-01,4
notes.doc,4
alvarado,14
ep11,14
albuquerqu,14
NM,14
87158,14
505-241-2032,14
stat,1
11/12,1
11/13,1
DP,1
865749.1,1
deliev,3
11/2,2
he1-he6,2
01',1
11/1-11/6,1
11/3,1
11/4,1
worksheet,4
checksheet.xl,1
503.464.7973,1
starwood,7
resort,5
worldwid,2
destin,2
spg.0mm.com,1
spg,1
brand,1
//image.0mm.com/38669/2001/1102-1/logobar_blue.gif,1
//spg.0mm.com/sta114058,1
//spg.0mm.com/sta114059,1
exclus,1
princevil,1
hawaii,1
westin,1
regina,1
cancun,1
sheraton,1
marco,1
incred,2
reward,3
anywher,2
SM,1
//image.0mm.com/38669/2001/1102-1/princeville1.jpg,1
//spg.0mm.com/sta114060,1
//spg.0mm.com/sta114061,1
1-877-starwood,1
text-onli,1
//spg.0mm.com/sta114062+diana_scholt,1
diana_scholt,1
//spg.0mm.com/sta114063+diana_scholt,1
//spg.0mm.com/sta114064,1
//spg.0mm.com/sta114065,1
//spg.0mm.com/sta114066+diana_scholt,1
slight,2
//secure.emailpub.com/sensor,1
image=3379,1
id=122713117,1
//vsd.m0.net/m/s.asp,10
victoria,4
secret,4
//a676.g.akamaitech.net/f/676/773/60m/images.m0.net/cm50content/1061/090081018001425c/pixel.gif,2
victoriassecret,1
vsd.m0.net,1
9:19,1
dream,1
hb4733646264x1138414x82810x,1
hb4733646264x1138415x82810x,1
hb4733646264x1138416x82810x,1
hb4733646264x1138417x82810x,1
victoriassecret.com,1
hb4733646264x1138418x82810x,1
hb4733646264x1138419x82810x,1
abc,1
hb4733646264x1138420x82810x,1
hb4733646264x1138421x82810x,1
hb4733646264x1138422x82810x,1
hb4733646264x1138423x82810x,1
1.800.888.8200,1
//a676.g.akamaitech.net/f/676/773/60m/images.m0.net/cm50content/1061/090081018001425c/14.gif,1
//a676.g.akamaitech.net/f/676/773/60m/images.m0.net/cm50content/1061/090081018001425c/dis.gif,1
//www.m0.net/m/logopen02.asp,1
vid=877,1
catid=4733646264,1
ecid=227919,1
.25,2
0200,2
0300,2
0400,2
0500,2
0600,2
0700,2
1100,2
1300,2
1500,2
1600,2
1800,5
1900,2
2100,2
2300,2
8-nov,1
9-nov,1
dj-mc-o,1
dj-mc/dj-mc-o,1
48,1
ppl,2
884466.1,1
11/22-12/6,1
884466.2,1
896701.1,1
12/5,3
1201,2
mtd.xl,2
12/6,1
2400mwh,1
54.65,1
1440mwh,1
33.50,1
600mwh,1
46.72,1
182,232,1
mike.purcel,1
maloney,1
rampdown,1
confim,1
9:35,2
basis-opt,1
interoper,2
end-to-end,1
snapshot,1
death,1
grown,1
paul.baratelli,1
bob.cum,3
11/12/01,1
11/09/01,1
//www.wscc.com/files/acbpwsdp.pdf,1
pre-oc,1
//www.nerc.com/~filez/is.html,4
is0401m.pdf,2
23-25,2
glenda,2
glenda.rodriguez,1
is0601m.pdf,1
27-29,1
Ad,5
hoc,6
meeting.doc,3
points-jou's-master_por_pod_meet,3
final.xl,3
markhackneyochandbookrequest.doc,3
a3a1,2
rancho,1
cordova,1
pptproposal.doc,1
425.882.4643,7
por/pod/jou/ti,2
matrix,2
handbook,2
label,2
markhackneyochandbook,2
composit,11
window,7
approved/condit,2
durat,3
straddl,2
ellingson,1
z34655,1
csmith,2
tilghman,1
carmin,1
ctilghman,1
underwood,1
john.underwood,1
avistacorp.com,1
/o=enron/ou=na/cn=recipients/cn=bwillia5,1
7:19:19,1
focuss,1
compens,6
assessing/approv,1
cumbersom,1
review/approv,1
inflex,1
reconsid,1
purchasing-sel,2
encroach,1
twenti,1
0:55,1
0:05,1
felt,1
hurray,1
draft_rev3.doc,1
BP,13
wscc_with_comments.doc,2
wscc_final.doc,2
well-,1
disposit,1
closur,1
wscc_new,1
dp.doc,1
mulryan,3
monica.mulryan,3
princeton,2
villag,2
nerc.com,12
granular,2
8:27,1
roster,4
listserv,3
trainer,3
forrest,1
116-390,1
boulevard,1
08540-5731,1
lieu,1
concis,1
practices.doc,1
secretary-oper,3
requirements.doc,2
inadvert,3
barber,2
emmt,2
-wscc,1
pasco,2
gardner,1
14:57,1
32256,1
jun,1
10:11,1
50176,1
andy.rodriquez,32
osc,9
illustr,7
713-345-3771,17
1.7.doc,1
oc_chair_ltr_noflow.doc,2
lessen,1
preferenti,1
altogeth,1
constant,19
freudian,9
slip,9
scheudl,1
bogenrief,5
sep,1
2001.pdf,1
por/pod/ti,1
matrix/jou/swiss,1
knife/mag,1
decod,1
ring/unlimit,1
pebbl,1
vancouver01,1
agenda.pdf,1
results.xl,1
points-jou's-master_update_8_28_01.xl,1
bullet,2
a2.1,2
08/22/01-08/24/01,1
08-01,1
report-lacen.doc,1
fourth,1
bilater,1
payback,1
V5,1
tiswg/osc,1
primari,1
idc,12
jpalin,4
pwrteam.com,4
por-pod,1
useless,1
'wscc,1
oscer,2
serial,2
reconstruct,2
EI,3
interdepend,2
10:31,2
hagg,2
owner-interchang,2
unawar,2
ellimin,2
proprietari,2
belong,5
printout,2
22-24,2
barbara.bogenrief,2
is-0801a.pdf,1
w/enclosur,1
straighten,1
1/25/02,1
cobb,1
brugger,3
406-497-4208,2
12:01,2
franz,9
marilyn,10
outweigh,1
8,758,1
turner,1
678-579-3444,1
droll,1
jodi.drol,1
xcelenergy.com,1
9:40,1
psco,2
7:01,2
pnm-ca/tp,3
mfranz,4
2:43,3
sppc,5
775-834-4322,5
//reg.tsin.com/,1
reader,2
0901,1
vancouverminutes.doc,1
3:17:54,1
3:41:06,1
segment,27
aaa,24
pointa/pointb,18
'hackney,5
'grow,5
'lacen,5
'dempsey,5
transmissionless,8
grandfath,8
insert,9
aaaa,16
oooooo,12
pppppp,14
movement,12
'cobb,1
'scholt,1
'smith,1
'fotiou,1
demetrios',1
johnday-cob,3
come-up,3
till,3
path-it-out,3
9:23,4
everybodi,5
dummi,5
unsur,4
screwed-up,4
7:14,4
mcintosh,4
resend,4
1.6,5
someplac,4
memor,4
7:57,4
'mcintosh,4
don',4
marked-up,4
phoenix,7
spp,6
mapp,6
123456,6
bbb,6
234567,6
ccc,6
345678,6
perceiv,6
c.,8
invalid,6
mmmmmm,8
100mw,8
nnnnnn,6
bbbb,8
psemkt,4
pac01,4
predic,6
i.,1
10/8/01,1
11:24:59,1
14-15/2002,1
14-15,1
clich,1
rubber,1
evolut,1
chain,1
pppp,6
nnnn,4
oooo,4
isasarian,1
bringing-up,1
9:17,1
purchasing/sel,1
acrobat,2
5.0,2
michehl,1
gent,1
pm=20,2
11=20,2
e=20,2
emi,2
'singl,2
onslaught,1
mos=,1
genera=,1
checko=,1
so=,1
ftware,1
A=,1
ref,2
buss,1
rul=,1
practice=,1
bites.=20,1
associated=,1
sourc=,1
transmission.=20,1
would=,1
consistent.=20,1
and=20,1
transactions.=20,1
bob=20,1
oasis/gf=20,1
transmission=20,1
mid=20,1
tp=,1
single=,1
servic=,1
c.=20,1
at=,1
that=20,1
bus=,1
for=20,1
no=,1
t=20,1
hackney=20,1
leader=20,1
scheduling=20,1
administration=20,1
company=20,1
office=20,1
cell=20,1
fax=20,1
_________________________________________________________________=20,1
larocco,1
mike.larocco,1
emis_transmission_schedul,1
pacificorp.c=,1
robert_l.william,1
imceaex-_o=3dpacificorp_ou=3dslc_cn=3ddistribution+20lists_=,1
cn=3demisoasi,1
12:31:26,1
reservation=20,1
'nor,1
just=20,1
schdoasi,1
text=20,1
me=20,1
diana/cara,1
hackey,1
straight,1
imceanotes-maiser+40wscc+2ecom+40enron,1
naero/eisb,2
hotlin,2
eisbw,2
perriono,1
infulenti,1
4:37,1
30-second,1
intrigu,1
frag,1
wscc/nerc,1
struggl,1
amaz,1
expertis,1
behav,1
susan/christi,1
jerk,1
random,1
unfairli,1
LC,1
P3,1
retag,1
silli,1
straight-men,1
mic,3
forese,1
perino,1
oss,1
unachiev,1
liter,1
ca-iso,1
esibw,1
eerc,1
werc,1
knee-jerk,1
suspicion,1
mistrust,1
enlighten,1
erod,1
unseat,1
magnitud,1
unavoid,1
brew,1
fold,1
pgsd-5,5
necr,3
deanna,3
ptt-5,3
bpa-pbl,2
pgs-5,2
3.doc,1
narr,1
slightli,2
appendix3a1v3-wscc,1
modifications.doc,1
redlin,2
verif,1
dmphillip,1
230-5164,1
1:07,1
mackay,1
pg,1
rodewald,1
berwag,1
syd,1
declerck,1
connolli,1
kieran,1
pgk,1
halpin,1
franci,1
humphrey,2
kristi,2
pgk-5,1
fit,1
x5771,1
gmt,1
long-day,1
short-day,1
sql,1
12:14,1
theriot,1
cancel/withdraw/replac,1
hinck,1
RT,2
14:00,2
reliability/curtail,1
merchants/pse',1
agr=,1
rep=,1
lacement,1
for=,1
adjus=,1
ugh,2
standardtimezonesurvey.doc,2
FS,6
xmn,5
pnmms1,4
descend,3
azp,2
pv5/ww,2
mw',2
distast,1
logic,1
351-2180,1
eyebrow,1
pv5,1
8155,1
epe,1
ww/med,1
00005703,1
nevp,1
crch1,1
swa,1
practices-,1
father,1
break-out,1
trani,2
27722,1
re-submit,1
actuali,1
speek,1
committ,1
seperatli,1
//www.wscc.com/files/won_security_policy.pdf,1
truste,1
ftp,1
//www.nerc.com/pub/sys/all_updl/docs/bot/bot0110h.pdf,1
//www.wscc.com/files/atcmethodolgy_10-18-01rl.pdf,1
//www.wscc.com/files/atcmethodolgy_10-18-01cl.pdf,1
//www.wscc.com/files/atc_posting_background_10-18-01.pdf,1
3a1,1
3a4,1
3D,1
15-16,1
concurr,1
ti,1
//www.nerc.com/standards/,1
boat,1
ppoa,1
rbrugger,1
16:26,1
bcha,3
denial/approv,3
half-past,4
non-complet,1
closure/agr,1
generators/point,1
gloria,1
taff,1
kroger,1
peck,1
allr,2
cimino,2
toni,2
pearson,2
rozel,2
dana,2
begalman,2
buppha,2
'heather,2
encount,2
withdraw,2
10:23,1
palm,6
-free,6
cn=diana,4
scholtes/ou=hou/o=ect,4
mail-in,2
-upgrad,2
-import,2
www.palm.com/eregdownload,2
-special,2
accessori,2
add-on,2
-sneak,2
-discount,2
-warranti,2
timefram,1
yearpresched2002.doc,1
threadid=130.doc,1
gross,6
3:43,1
0.047,1
reactiv,2
voltag,2
0.066,1
3.00,1
100.00,1
5.75,1
juan,1
//www.transmission.bpa.gov/oasis/bpat/meetingnotices/010615_woh_actionse.doc,1
1.2,1
load-serv,1
dp2,1
//www.transmission.bpa.gov/oasis/bpat/outages/01-30-02_change_in_planned_extended_dc_outage-celilo_upgrade_delayed.doc,1
//www.transmission.bpa.gov/oasis/bpat/reservations/procedures/oasis_reservation_submittal_profiling_requirements_010928.doc,1
catid=10,1
threadid=65,1
//www.transmission.bpa.gov/oasis/bpat//buspractices/forum/messageview.cfm,4
catid=5,1
threadid=46,1
catid=23,2
threadid=110,2
//www.transmission.bpa.gov/oasis/bpat/reservations/oasis_reservation_submittal_profiling_requirements.doc,1
//www.transmission.bpa.gov/oasis/bpat/outages/westofhatwaiwinter2001+02pathcapability.doc,1
catid=16,1
threadid=148,1
//www.transmission.bpa.gov/oasis/bpat/outages/08-27-01curtailment_notification_service.doc,1
//www.transmission.bpa.gov/oasis/bpat/rfc/no_post_lca_atc.doc,1
threadid=66.doc,1
re-confirm,2
equat,1
'market,1
8-20-01,1
763455949.997830572216.javamail.rls4690,4
b22081,4
7bit,4
multipart/mix,2
charset=us-ascii,2
name=posting.htm,2
content-disposit,2
filename=posting.htm,2
http-equiv=,2
content=,2
url=http,2
tranni,2
\regulatori,1
affairs\alan,1
comnes\transmiss,1
attende,1
aera,1
aspen,1
berkeley,1
lab,1
veatch,1
pbl,2
cec,1
constel,1
dsp,1
cue,1
dena,1
dynergi,1
ebmud,1
fpl,1
ida,1
ladwp,1
navig,1
PB,1
scd,1
scheverman,1
smud,1
//www.transmission.bpa.gov/oasis/bpat/outages/woh_schedpro_update4.doc,1
catid=13,3
threadid=146,1
catid=28,3
threadid=144,3
343376168.996874350313.javamail.cjp9532,4
b18355,4
//www.transmission.bpa.gov/oasis/bpat/http,2
threadid=141,1
threadid=143,1
//www.transmission.bpa.gov/oasis/bpat/outages/woh_schedpro_update3.doc,1
//www.transmission.bpa.gov/oasis/bpat//scheduling/transitionplan1_.doc,1
discretionari,1
collater,1
tm-ditt2,1
4:39,1
'srosman,1
prepayltr1,1
signed.doc,1
//www.transmission.bpa.gov/oasis/bpat/scheduling/partialinterimst.doc,1
0.0234,2
0.1649,1
9.07,1
9.1692,1
0.45,1
5.31,1
circa,1
57.92,1
ie,1
386.10,1
72.30,1
1.315,1
//www.transmission.bpa.gov/oasis/bpat/outages/,1
br,1
//www.transmission.bpa.gov/oasis/bpat/outages/woh_schedpro_update2.doc,1
//www.transmission.bpa.gov/oasis/bpat/outages/woh_curtail_update_7-01-01.doc,1
//www.transmission.bpa.gov/oasis/bpat/scheduling/remoteresource_posting070301.doc,1
//www.transmission.bpa.gov/oasis/bpat/outages/ni_woh_sched_10-18-01.doc,1
//real,1
time/bpa/bpa,1
office/503-464-7744,1
cell/503-819-2181,1
fax/503-464-7996,1
//www.transmission.bpa.gov/oasis/bpat/rfc/business_practice_website.doc,1
check-in,4
passeng,4
departur,4
pdx,4
smf,4
ticketless,3
carriag,3
checkin,2
identif,2
dalla,2
valuat,3
//www.southwest.com/travel_center/traveladvisory.html,1
m2abt,1
i.d,1
peanuts/raisin,1
nonstop,1
sandwich,1
1709,1
08:55,1
822,1
02:15,1
03:40,1
1-800-i-fly-swa,1
1-800-435-9792,1
N,1
www.southwest.com/email,1
one-way,1
southwest.com,1
nontransfer,1
qualifi,1
unus,1
6rf,1
36611,1
75235-1611,1
fragil,1
perish,1
2,500,1
camera,1
video,1
silverwar,1
sampl,1
paint,1
antiqu,1
artifact,1
manuscript,1
fur,1
irreplac,1
uncheck,1
smoke,1
aircraft,1
rerout,1
overbook,1
oversal,1
VP,1
36647,1
75235-1647,1
www.southwest.com/traveler_info/privacy_policy.html,1
194,000,1
book-of-busi,1
epmi-west-perform,1
\trading\california\cascheduling\cash\position\nw\2002\jan2002\pos01,1
nw.xlw,1
118,1
onpeak,1
193,1
intact,1
eb3803c,1
texa,1
77002,1
stephanie.panu,1
crc,10
cnc,4
75.00,3
664061,10
47.50,2
600521,6
72.00,2
600522,6
73.00,2
riversid,2
796339,2
797451,2
70.00,2
474382,2
150.00,2
559065,2
88.50,2
147.00,2
593970,2
oaklund,2
104.75,2
586660,2
red,2
145.00,2
388006,2
rosevil,2
49.00,2
552607,2
wamp,2
183.50,2
622299,2
deseret,2
78.50,2
448835,5
42.90,1
658386,5
579012,1
143.00,1
37.50,1
28.65,1
30.50,1
399966,1
69.00,1
501436,1
618755,1
110.00,1
508906,5
502431,1
121.00,1
715879,5
64.00,1
515363,1
528030,1
503214,1
826566,1
pasadena,1
38.75,1
580382,1
88.00,1
857711,1
40.50,1
498108,1
101.00,1
548872,1
136.00,1
514866,1
372997,1
strateg,1
50.00,1
705583,1
45.00,1
278,952,1
20-26,1
-50,19
72,7
-25,10
4800,7
3600,6
111,600,4
69,300,4
47.5,8
23.25,2
19.25,3
buy/sal,4
270,000,3
34,650,2
235,350,2
180,000,3
55,800,2
124,200,2
350,400,3
262,800,3
238,800,2
193,500,2
345,600,3
259,200,3
234,000,3
189,900,2
64,4
960,3
61,440,3
22,320,2
39,120,2
-14,4
1344,3
63,840,3
31,248,2
32,592,2
-5,1
17,100,1
6,930,1
10,170,1
-42,1
42.9,4
4032,1
172,973,1
93,744,1
79,229,1
18336,1
9360,1
1,174,253,1
809,100,1
426,312,1
180,180,1
747,941,1
628,920,1
1,376,861,1
-191,1
-130,1
rtc,1
757497,1
53-avista,1
54-aep,1
55-pnm,1
aep,1
same-day,1
clara,1
cleco,1
morrow,1
republ,1
schneider,7
chip,7
melanie.gray,2
weil.com,2
13.5,3
melani,3
post-petit,4
aucoin,5
helton,5
riski,1
postpetit,1
01/16/2002,1
10:12:33,1
gray/ho/wgm/u,1
wgm,1
1/2/02,2
1-2,2
1:12,2
12:59,2
10:41,3
intrins,4
npv,4
differenti,4
edward.baughman,1
stephen.thom,1
brandon.wax,1
doug.sewel,1
chip.schneid,1
evelyn.aucoin,1
susan.helton,1
james.d.steff,1
racicot,2
paul_racicot,1
enron.net,1
nord,2
sue.nord,1
kingerski,2
harry.kingerski,1
robert.frank,1
steve.hal,1
tim.belden,1
713-546-5000,1
breakout,1
94,768.60,1
8:13,1
'melanie.gray,1
weil.com',1
1/10,1
hiemstra,1
nick,1
12:03,1
8,864,1
snohomish,2
prepetit,1
prepaid,1
8:54,1
pest,1
crystal,1
8:51,1
retract,2
'hold,2
kristin,2
10:26,2
mktg,2
mallorey,2
311,712,1
110,400,4
72,000,2
-6,3
36,000,1
55,200,1
124,800,1
190,800,1
235,200,1
187,200,1
22,080,1
39,360,2
30,912,1
32,928,1
-13,2
936,1
44,460,1
18,720,1
25,740,1
432,1
205,920,1
18,533,1
8,640,1
95,520,1
9,893,1
42.75,2
447576,2
576,1
24,624,1
13,248,1
11,376,1
19680,1
10368,1
1,231,824,1
854,993,1
452,640,1
207,360,1
779,184,1
647,633,1
1,426,817,1
-205,1
-144,1
258,240,1
7-12,1
01/17/1998,1
9,312,1
wire/account,1
netco,2
divestitur,1
6:11,1
demand-charg,1
revert,1
tarif,1
contract.dox.doc,1
10:43,1
503-464-3735,1
9:01,1
713-853-6349,1
clair,1
bradford,1
fallon,1
evan,1
'bankruptci,1
713-853-1870,1
6400,4
131,200,4
3200,3
65,600,3
4400,2
84,700,2
20.5,1
330,000,1
42,350,1
287,650,1
174,400,1
467,200,1
321,200,1
336,000,1
236,500,1
460,800,1
316,800,1
329,600,1
232,100,1
1280,1
81,920,1
26,240,1
55,680,1
1792,1
85,120,1
36,736,1
48,384,1
1144,1
54,340,1
22,022,1
32,318,1
274,560,1
143,360,1
273,600,1
142,400,1
41.19,1
737863,1
768,1
31,634,1
15,744,1
15,890,1
37.15,1
831359,1
118,880,1
53,280,1
intel,1
-4,1
34.6,1
802102,1
512,1
17,715,1
10,496,1
7,219,1
34.5,1
822090,1
44,800,1
-15,1
31.85,1
871641,1
1920,1
61,152,1
21,792,1
41472,1
12144,1
2,222,981,1
1,022,340,1
850,176,1
233,772,1
1,372,805,1
788,568,1
2,161,373,1
-324,1
-138,1
hein,3
301,2
pre-pay,1
3811,1
3815,1
3807,1
3910,1
8863,1
9:54,1
neg.pge.com',1
4:47,1
'steve.hal,1
ubs/ena,1
dba,1
distant,1
012202,1
downgrad,1
event.doc,1
isda,1
w-o,1
090401.doc,1
012502,1
clean.doc,1
280,1
6326,1
280-6060,1
-7,1
504,1
23,940,1
9,702,1
14,238,1
-44,1
4224,1
181,210,1
98,208,1
83,002,1
18528,1
9504,1
1,182,490,1
815,940,1
430,776,1
182,952,1
751,714,1
632,988,1
1,384,702,1
-193,1
-132,1
