turn,15
left,48
top,20
broadway,4
way,97
council,7
crest,3
bring,26
goodi,5
hospit,2
seattl,3
budget,3
go,292
2001,402
desir,8
salari,3
expens,51
special,50
stuff,44
bonus,2
list,212
guest,3
includ,109
name,205
number,171
kathi,33
It,172
time,374
start,105
plan,141
2002,297
Mt,18
bachelor,7
ski,12
trip,14
idea,30
need,445
pleas,550
preliminari,3
custom,61
employe,95
would,332
like,317
ad,58
Be,9
sure,102
complet,126
inform,219
compani,135
address,101
telephon,10
fax,61
thank,461
S.,19
11:40,1
leav,43
ski-trip,1
last,99
year,67
confirm,419
code,52
28944,1
guarante,2
late,18
arriv,3
rememb,23
give,104
thi,1244
meet,180
seat,3
16f,1
15f,1
fun,24
KA,1
head,19
hunter,8
migrat,26
n't,284
ub,206
freeland,31
cara,821
complianc,18
form,65
8th,10
send,67
hey,10
make,180
old,58
come,105
egypt,2
-origin,585
messag,695
semperg,434
sent,663
wednesday,132
februari,151
06,22
10:33,2
AM,383
To,670
dl-portland,18
world,43
trade,134
center,72
subject,667
TO,57
ME,10
BY,6
import,88
high,30
new,411
file,191
one,287
batch,15
sign,27
document,51
certif,55
even,93
If,276
know,377
ask,80
dave,56
steiner,26
ani,361
admin,3
card,71
doe,131
chang,296
could,115
alway,30
tri,128
.....,26
tuesday,131
05,15
1:03,4
PM,380
fitzpatrick,34
ami,72
ssn,4
appli,19
help,166
'you,3
2,163
week,116
',88
note,87
gave,27
request,252
resourc,86
receiv,138
email,104
becaus,87
data,278
approv,77
click,94
http,910
//itcapps.corp.enron.com/srrs/auth/emaillink.asp,33
id=000000000081940,2
page=approv,33
review,96
act,35
upon,49
ID,83
000000000081940,2
creat,161
date,168
1/30/02,4
10:18:24,2
nick.hiemstra,2
enron.com,155
enpow,258
north,76
america,66
west,217
product,155
pwr_portfolio_us,4
type,60
applic,154
e-mail,210
enron,486
intend,115
recipi,104
contract,95
schedul,539
corp.,86
agre,41
basi,36
want,210
set,74
UP,6
pat,9
look,228
affili,49
may,223
use,242
cob,61
WE,7
ON,33
daili,61
unless,19
find,109
downstream,14
paths/sink,2
month,96
advis,5
OF,12
monthli,24
path,631
kelly/503-230-4300,2
mailto,171
cara.semperg,43
januari,173
29,22
9:04,4
bpa,16
Cc,191
robinson,45
donald,63
cutsforth,34
dian,43
checkout,7
good,211
morn,141
sheet,264
see,338
done,142
call,318
877-464-7779,9
enron_bpa_february_positions.xl,2
power,174
supervisor,26
503/464-3814,38
properti,38
and/or,39
relev,25
contain,52
confidenti,41
privileg,29
materi,27
sole,26
distribut,43
disclosur,33
strictli,28
prohibit,27
author,30
contact,134
sender,32
repli,58
enron.messaging.administr,25
delet,102
copi,128
attach,93
hereto,24
offer,57
accept,93
evid,25
bind,24
enforc,25
parti,52
reli,26
anyon,60
estoppel,24
otherwis,31
hi,106
cliff,3
famili,33
houston,56
mani,58
knew,3
baxter,1
well,109
inspir,2
spirit,2
dedic,5
wish,35
honor,8
ha,306
lieu,1
flower,1
donat,11
made,63
american,22
cancer,1
societi,1
6301,1
richmond,1
ave.,1
texa,22
77057,1
1-800-227-2345,1
junior,1
achiev,4
2115,1
east,66
governor,1
circl,1
TX,3
77092,1
713,52
682-4500,1
servic,126
held,16
hometown,1
privat,4
love,150
much,86
sweet,6
hope,98
realli,65
today,151
care,38
tonight,40
get,399
girl,11
slept,4
night,37
think,110
cave,2
doctor,4
littl,77
problem,143
'm,72
inquir,13
sleep,7
disord,1
whi,60
put,80
glove,1
doc,1
eeewww,1
forward,71
let,239
tell,44
ya,6
relax,5
day,239
babi,20
Do,62
strain,6
ok,24
heal,1
still,134
take,137
worri,13
hurt,9
pain,7
mayb,19
black,2
hawk,1
Or,16
sit,19
around,40
lump,4
matter,17
long,85
togeth,50
wonder,25
person,44
ca,51
believ,53
got,103
best,60
prize,2
sweeti,8
'll,66
home,69
CV,11
puget.com,23
tarci,6
lee,7
memori,10
pass,33
badley,3
smtp,24
nwpp.org,3
sunset,2
presbyterian,4
church,6
cornel,2
work,403
away,45
aneurysm,4
don.badley,1
4:44,1
jseabr,1
mhunt,2
tle,1
bharsh,14
crees,1
damagn,1
dfaulk,1
jphill,1
begin,33
1:30,3
p.m.,8
sunday,14
3,120
locat,50
portland,93
exit,11
highway,1
26,26
14986,1
NW,22
road,4
drive,14
direct,38
found,36
//www.mapquest.com/,1
chines,1
scholarship,1
fund,11
welcom,14
share,24
503-464-2805,1
maxfield,1
gregori,3
gregory.maxfield,1
pacificorp.com,8
8:51,1
electron,58
group,185
pacificorp,4
suffer,3
aortic,2
1000,8
surgeri,3
due,38
second,65
keep,56
post,30
==========================================================================,3
==,2
order,80
25,39
arthur,6
gonzalez,2
unit,14
state,56
bankruptci,24
judg,6
southern,2
district,2
york,15
enter,68
follow,157
herebi,3
court,13
debtors-in-possess,1
jointli,1
administ,3
chapter,3
11,25
proceed,19
collect,6
shall,2
preserv,12
refrain,2
destroy,6
dispos,1
record,95
either,34
paper,15
obvious,6
violat,22
carri,4
seriou,3
consequ,2
We,291
depend,31
compli,4
fulli,12
park,41
bu,6
juli,155
paid,8
89,8
wtc,3
avail,75
As,50
previou,20
per,37
arrang,11
understand,45
reimburs,10
howev,36
handl,37
differ,47
sinc,42
loop,5
beyond,4
warburg,41
pay,34
parking/bus/tri-met,1
hear,26
someth,65
9:54,1
davidson,5
debra,16
subsid,5
ahead,32
C,77
eap,5
provid,122
pm,13
stress,10
onsit,3
counselor,3
health,6
websit,14
current,137
assist,48
program,31
discuss,161
session,17
eb32c2,2
counsel,4
24,49
hour,154
appoint,10
build,140
also,210
floor,47
link,21
site,45
circumst,3
remind,8
innov,6
facilit,6
interest,38
attend,39
design,58
challeng,3
face,19
suggest,29
minim,8
impact,34
30,46
thursday,147
31,40
9:00,3
10:00,3
11:00,5
12:00,1
2:30,1
3:30,1
4:30,1
No,84
advanc,13
registr,17
necessari,18
simpli,31
conveni,7
/,40
hotlin,1
individu,28
varieti,2
neighborhood,1
via,12
seven,9
cost,25
member,43
speak,17
offic,58
713-853-6057,1
24-hour,1
1-800-345-1391,1
brochur,1
addit,94
bodi,6
shop,11
third,10
soon,59
common,10
kitchen,2
area,85
www.stress.org,1
institut,4
gener,67
manag,104
relat,26
www.wellnessjunction.com,1
develop,39
publish,3
target,23
trend,2
promot,17
BP,114
practic,137
esc,96
john,139
busi,201
model,41
transmiss,131
confer,125
flowgat,12
bp,53
granular,9
mike,157
hormozi,15
comment,97
question,152
wscc,44
issu,160
independ,45
exampl,20
physic,94
describ,16
right,130
eswg,23
financi,35
mcelhani,33
1st,35
bob,55
line,102
So,41
grid,15
part,75
energi,82
bschwer,8
smud.org,8
RE,224
guess,14
monday,207
4,88
9,26
At,20
wa,491
model-independ,10
particular,24
read,76
congest,8
identifi,28
breakdown,15
hand,28
refer,14
combin,6
i.e.,3
seen,7
small,20
someon,27
500,7
wrote,6
fact,9
interconnect,4
conceiv,3
purchas,18
case,46
owe,8
robert,33
schwermann,5
hate,5
suppos,8
mention,15
possibl,76
jhormo,5
ladwp.com,5
28,37
sublist,6
say,113
befor,84
two,79
choic,55
market,125
feel,61
piec,25
1,137
10,59
12,31
draft,21
item,32
curtail,5
task,40
forc,34
input,29
ladwp,6
818,6
771-6775,6
canavan,17
first,89
propos,20
scheme,11
ferc,17
whether,25
actual,41
reach,22
hold,29
cut,232
announc,35
agenda,22
particip,43
end,59
por,22
pod,22
midway,9
monitor,1
posit,52
virtual,3
point,121
meter,1
somewher,2
nob,1
singl,33
defin,23
california,67
southbound,1
degre,1
detail,74
extent,1
wide-angl,1
len,1
vs.,21
magnifi,1
glass,1
far,33
've,56
increment,16
buy,25
respect,12
pair,1
Mc,1
cullough,1
eldorado,1
3000,1
feet,6
extrem,6
larg,15
meant,11
larger,5
scale,2
mind,12
wherebi,1
eastern,3
westward,1
sink,13
anywher,5
western,7
cc-ing,1
rest,20
suspect,1
colleagu,3
clarif,9
fellow,4
student,2
6:41,1
dumb,2
terminolog,1
Is,35
explain,18
burden,4
knowledg,3
speed,41
beer,4
D.,8
smud,3
916-732-5519,3
voic,13
916-732-6436,3
800-946-4646,3
pin,4
1426534,3
pager,26
3:43,1
appreci,12
once-ov,2
i'll,2
essenc,2
sell,18
support,76
gist,2
move,93
someplac,3
fit,8
flow,28
anyway,13
past,27
linkag,2
statement,12
instead,45
focus,11
oasi,40
though,23
tranquil,2
inclin,2
consid,19
closer,3
pure,3
fragmentari,2
entiti,28
transact,29
chain,4
submit,34
continu,58
written,11
seem,78
tie,18
us,152
fragment,2
appear,56
belong,7
categori,8
reword,2
allow,81
region,150
oper,47
frequenc,6
durat,2
non-emerg,2
ramp,2
effect,14
version,77
unnecessari,5
section,40
implement,21
curtailment/reload,2
process,98
lead,29
method,5
select,136
By,17
chair,5
apport,2
among,7
seri,18
earli,16
valuabl,5
S,16
jcanavan,7
mtpower.com,10
9:41,5
coupl,63
quick,15
yet,32
tandem,3
miss,74
page,34
mean,23
reload,3
assum,17
nationwid,3
total,37
unrel,8
insignific,3
montana,17
5:22,3
greet,9
everyon,45
esc',4
effort,39
subdivid,4
model-depend,4
debat,4
anticip,13
upcom,9
pronounc,4
promis,9
reproduc,4
door,9
perus,4
specif,36
check,178
concur,27
first-cut,4
categor,5
're,47
talk,56
pro,9
con,4
presuppos,4
hybrid,4
prepar,36
MY,4
entir,63
onli,160
harshbarg,17
refresh,6
chose,10
err,4
side,38
wider,4
dissemin,4
strongli,5
recommend,23
conclus,10
accur,15
enough,38
strategem,4
organ,26
/or,4
cours,13
chairman,10
discret,4
correspond,9
game,11
In,117
sincer,7
wapa.gov,16
12:56,4
estf,15
nerc.com,19
la,16
vega,16
decid,15
futher,4
8,17
intent,18
2-4,5
open,57
outstand,35
final,58
rather,15
accomplish,10
30th,4
concern,34
respond,8
On,26
28th,7
abl,184
multipl,33
sever,35
opportun,26
rto,5
issues.doc,4
feburari,2
spot,23
p/realtime/epesechedules/2002/feb02,2
friday,156
le,15
chart,5
everyth,36
hous,28
everybodi,5
pretti,13
bore,3
veri,137
visio,1
extra,11
tire,12
sugar,2
worth,3
run,141
healthi,1
lucki,5
life,26
wait,48
craig,32
p.,5
upstream,18
pos0201,2
spreadsheet,28
crc,2
mead,11
230,5
hlh,7
El,14
paso,14
electr,39
four,31
corner,25
llh,5
wheel,9
pinnacl,13
peak,20
aep,3
requir,126
mark,59
addresse,4
============================================================================,1
legal,29
access,164
els,34
expressli,2
unauthor,2
action,27
omit,5
taken,20
relianc,2
unlaw,2
error,286
==============================================================================,1
login,102
c,35
susan,26
estat,70
directori,15
show,210
\\enehou\houston\appinst\enpower\enpower\prod,1
\\ectpdx-fs1\appinst\enpower\enpower\prod,1
latest,17
power.ini,1
\winnt\power.ini,1
\enpower\pdeal.ex,1
\enpower\preschedws.ex,1
regard,143
dluu,12
10:20,1
amador,9
luu,45
duong,46
main,10
platform,7
csemper,4
psw,114
deal,645
entri,39
drobin,3
thing,110
fix,178
workaround,4
info,35
8:20,2
chief,11
steve,75
restructur,9
netco,15
presid,15
join,28
lay,14
resign,5
committe,57
board,21
director,7
interim,5
ceo,5
ongo,6
cooper,8
firm,25
greg,16
execut,27
futur,33
media,5
ken,5
undoubtedli,1
structur,16
lie,2
purpos,24
commun,36
answer,38
regroup,1
rebuild,4
creditor,17
retain,6
focu,8
greater,5
valu,52
viabl,1
stephen,13
partner,3
zolfo,1
corpor,21
recoveri,3
crisi,2
experi,12
reorgan,2
comprehens,2
emerg,9
agreement,30
sale,38
wholesal,15
ga,31
transit,37
whalley,1
coo,1
contribut,9
great,56
success,14
engag,4
ray,9
bowen,3
vice,3
role,5
respons,32
team,54
onc,35
becom,12
perform,19
job,24
everyday,1
uncertainti,1
constant,1
scrutini,1
situat,8
difficult,14
control,17
leadership,1
devis,1
strategi,3
certain,9
press,19
releas,84
//www.enron.com/corp/pressroom/releases/2002/ene/012902release.html,1
Hi,64
slow,21
machin,12
finish,14
thermal,1
soak,2
planner,2
easi,15
amaz,5
everi,33
never,25
happiest,1
woman,6
paperwork,11
chri,56
kearney,37
michael,24
lock,6
ena,10
human,16
503,25
464-7404,9
julie.kearney,8
req'd,3
tim,90
meyer,9
grace,22
HR,28
hire,10
unabl,64
fall,6
place,40
proactiv,1
2/1/02,3
7:08,1
mine,7
whiz,2
quiz,2
given,23
gabriel,5
understood,5
happen,35
offici,12
'done',2
10:47,4
alonso,11
tom,122
anderson,5
belden,52
bulb,3
victor,4
calger,15
christoph,12
F.,16
fran,34
chatterton,3
jill,6
comn,17
alan,25
crandal,27
sean,37
dean,18
driscol,5
M.,16
dunton,22
heather,28
etring,2
fischer,13
foster,11
H.,8
gilbert,12
scotti,18
gustafson,3
molli,6
hall,34
C.,13
heizenrad,12
kandaswami,2
bala,2
lackey,3
eugen,3
mallori,13
mcdonald,3
jim,29
albert,4
mier,4
nelson,7
kourtney,7
Oh,14
platter,9
phillip,10
postlethwait,22
richter,15
jeff,21
salisburi,14
holden,16
scholt,36
diana,39
sheidun,5
donna,7
slinger,4
ryan,8
solberg,4
geir,4
david,120
stokley,6
swain,11
swerzbin,10
thoma,9
jake,8
thome,16
van,5
houten,4
maria,5
villeggiant,4
theresa,10
went,32
laura,19
william,72
iii,31
bill,110
woodland,4
andrea,4
yoder,14
christian,17
rodriguez,8
heard,17
lue,6
must,80
3:00,5
1/25/02,3
payrol,20
dure,51
benefit,20
yesterday,34
unsur,4
asap,25
said,77
financ,15
mr.,25
onlin,18
commod,7
hedg,10
deriv,9
technolog,14
fail,16
kutnick,4
natur,15
bet,8
similar,7
professor,4
news/quot,9
basic,11
consult,11
launer,3
exchang,10
He,25
money,23
dot-com,4
advertis,4
nytimes.com,3
fine,27
research,8
network,5
back,70
word,21
ventur,7
reliant,3
perkin,3
price,86
L.,8
walker,2
kind,27
term,68
ineffici,2
lot,20
led,2
theori,2
hard,19
tufano,2
might,38
peopl,88
alyson,2
friend,27
coleaug,1
children,12
gac,2
daniel,3
altman,1
fuzzi,1
arcan,1
account,58
strip,59
ye,37
despit,3
collaps,7
goal,31
merg,5
trader,29
garner,1
scam,2
dale,5
meta,1
real,81
later,44
high-spe,1
telecommun,1
weather,3
sophist,2
apparatu,1
kurt,1
analyst,9
credit,55
suiss,1
boston,2
pioneer,2
real-tim,20
serv,19
wake,14
came,17
competitor,2
joe,6
stay,29
loss,18
intermediari,3
prove,3
competit,4
rush,2
fill,27
gap,2
suspend,5
pick,21
baum,1
sempra,5
unlik,1
although,12
big,21
incom,8
earner,1
centerpiec,1
anoth,47
approach,9
swiss,4
invest,8
bank,15
bought,3
restart,3
brand,3
confid,7
re-establish,1
spokesman,2
first-rat,1
factor,3
appeal,2
characterist,1
rate,16
core,6
abil,24
neighbor,1
tremend,3
amount,19
certainli,1
compar,3
advantag,3
predict,2
difficulti,9
regain,1
faster,8
accord,18
expert,4
field,69
necessarili,4
strength,1
synthes,1
exist,49
sometim,11
took,50
context,2
ramesh,1
K.,3
rao,1
univers,6
magic,2
northwestern,1
1993,1
1995,1
tool,32
specifi,9
deliv,25
variou,11
demand,50
uncertain,1
probabl,19
break,7
ground,5
peter,3
harvard,2
school,6
studi,7
1990,2
stuck,5
surviv,3
stop,11
enamor,1
parallel,8
cite,3
long-,1
capit,5
1998,1
longer,49
cover,12
ever-high,1
risk,37
began,3
betray,3
throw,11
cash,47
spent,4
billion,15
capac,9
bandwidth,1
profit,10
becam,3
demis,1
central,16
stori,12
attempt,16
expand,46
system,170
rule,24
endeavor,6
ill-tim,1
deregul,2
period,16
evolv,1
user,74
comfort,4
risk-manag,2
out-sourc,1
//www.nytimes.com/2002/01/28/business/28neco.html,1
ex=1013231198,1
ei=1,1
en=b419a4892b911727,1
newslett,1
creativ,4
web,33
racer,1
visit,30
kit,3
//www.nytimes.com/adinfo,1
write,9
copyright,7
close,62
ubsw,14
xm,7
report,179
pre-clos,2
payment,13
immin,2
possess,3
quickli,21
known,13
deposit,5
commit,10
incur,4
prior,35
www.enron.com,1
next,91
highlight,27
travel,19
entertain,2
polici,13
procedur,15
varga,1
3-5280,1
georgann,1
hodg,2
3-0430,1
pend,28
sector,9
elect,3
correct,34
split,11
white,19
correl,5
vote,22
jan,19
expect,63
april,27
dalla,2
encourag,15
nomin,2
volunt,3
mccoy,1
segwig,1
seasic,1
excus,2
spell,10
ideal,1
puget,4
sound,28
425.462.3348,4
desk,112
206.604.3251,4
cell,99
4:22,1
vinson,12
nice,32
cool,4
pic,8
scoop,1
anyth,68
play,16
7:51,1
craig_vinson,4
cmicro.com,13
7:39,2
told,32
gloria,9
7:11,3
movi,19
creepi,4
noon,9
slave,4
pack,10
heart,10
leapt,4
joy,6
saw,7
forev,6
romp,4
bad,11
built,6
CF,11
phone,98
AT,21
nrg,8
powermarket,4
612-801-964,1
612-801-9645,2
oati,125
etag,41
1.7,48
updat,79
frank.billington,12
oatiinc.com,48
minimum,13
step,27
march,35
6,48
nerc,69
//www.tsin.com,10
tag,99
digit,37
ms.,5
ds,1
01,54
11:26,1
short,45
registri,5
1a,5
CA,15
TP,11
valid,27
1b,5
pse,17
associ,26
function,125
2a,5
without,52
2b,5
intern,14
determin,26
alreadi,55
3b,5
acquir,17
//www.oaticerts.com/repository/company_information.doc,9
failur,10
result,45
partial,10
lack,11
capabl,28
critic,11
//www.oatiinc.com/etag17,5
frank,14
billington,10
sweetheart,9
happi,50
soooo,2
weekend,34
mothman,1
propheci,1
4:35,2
kick,6
tone,8
muscl,8
abgymn,5
workout,5
NO,32
holiday,31
OR,28
fat,6
TV,7
belt,6
wear,6
ship,9
ab,3
arm,4
IN,25
watch,14
devic,26
thigh,2
lose,10
weight,6
gain,5
sit-up,2
trim,2
tummi,2
comput,11
mall,3
eat,7
season,9
shed,2
gymnic,2
cellulit,2
IS,11
minut,72
49.95,2
quiksilv,3
enterpris,3
mail,46
//207.36.97.42/images/asseen.gif,1
plu,10
backach,1
caus,15
beach,11
summer,1
Ab,2
revolutionari,1
burn,9
combat,1
dimpl,1
miracl,1
inferior,7
200,1
//207.36.97.42/images/icon_butt.jpg,1
DO,1
AB,1
IT,25
equival,1
hundr,5
strap,1
vanish,1
6000,1
easier/bett,1
diet,1
loos,2
safe,8
six,7
preprogram,1
high-impact,1
exercis,7
routin,3
ten,2
intens,1
level,9
sleek,1
leg,7
smaller,12
wireless,4
neopren,1
instruct,6
batteri,1
//207.36.97.42/images/abgymnic-1.jpg,1
gift,29
retail,6
179.95,1
blowout,1
//207.36.97.42/abgymnic.htm,1
//207.36.97.42/images/guarantee.gif,1
unsatisfi,1
return,20
full,20
refund,1
christma,23
reserv,35
7.99,1
shipping/handl,2
print,30
cashier,2
inc.,46
816,2
elm,2
street,9
472,2
manchest,2
NH,3
03101-2101,1
name_____________________________________________,2
address__________________________________________,2
city_____________________________________________,2
zip___________________________________________,2
_____________________________________________,2
salesmen,2
address________________________________________,2
mail-in,3
delay,13
2-3,1
enclos,7
49.95+7.99,1
57.94,1
charg,65
abov,17
________________________________,2
expir,2
___________________________,2
signatur,2
_________________________,2
____________________,2
outsid,25
usa,2
add,53
10.00,2
environ,23
5,55
resolut,13
x,14
3-1411,4
global,42
infrastructur,6
atkin,2
highli,1
technic,5
nutrit,1
thought,30
'd,25
enlighten,1
//atkinscenter.com/ecard/,1
subscrib,4
ecard,1
unsubscrib,20
blank,11
leave-ecards-30269x,1
atkinsnews.com,1
standard,83
phase,21
definit,23
iib,5
iia,4
interfac,7
10-11,4
view,135
download,18
//www.nerc.com/~pc/standards/,4
ttc,3
atc,5
ballot,5
23,31
measur,5
templat,3
cbm,3
trm,3
1997,4
three,20
M1,2
transfer,32
reconsid,2
S3,2
M3,2
five,19
server,54
roster,6
ladi,11
gentlemen,3
20,27
truste,4
30-day,1
26-day,1
notif,3
i.e.1,1
S1,1
m3-m4,1
phiib_ttcatc,1
B,5
i.e.2,1
s1-s2,1
m3-m6,1
M8,1
phiib_cbmtrm,1
novemb,93
19-20,1
i.a,1
iii.a,1
M5,1
protect,7
phiia_iaiiia,1
17,32
remov,26
unclear,9
circular,1
inconsist,2
glossari,1
reliabl,14
local,32
radial,1
test,308
re-review,1
formal,8
remain,12
replac,22
angi,1
nicastro,1
secretary-engin,1
1/25/2002,7
thru,54
fri,29
CT,19
PT,18
london,20
outag,72
room,23
12:00:00,10
thur,7
1/24/2002,3
sun,16
1/27/2002,3
_________________________________________________________________,13
10:00:00,2
6:00:00,3
backout,9
5:00:00,8
1/28/2002,1
san,50
palo,43
internet,23
02,9
cabl,1
cst,6
origin,51
nilson,1
busto,1
55-11-5503-1347,1
corp,11
1:45:00,1
2:45:00,1
11:45:00,1
12:45:00,1
7:45:00,1
8:45:00,1
mainten,10
NA,1
brennan,3
713-853-4545,3
edward,17
7138536744,1
brook,1
L,6
713-345-8077,1
grant,7
assembl,2
gather,3
numer,8
subpoena,5
congress,2
sec,1
depart,20
justic,1
3-6239,1
investig,15
fbi,3
agent,4
feder,8
bureau,2
immedi,23
toni,4
jarrett,2
853-7829,1
cobra,1
luck,5
webtag,12
ben.porath,4
e-tag,19
activ,73
et,22
2:24,1
deadlin,5
6th,12
secur,22
url,6
avoid,13
administr,17
shortli,11
1.67,6
free,55
763,10
553-2725,7
rfrr=-1412,294
//expedia.cq0.net/r/default.asp,187
//www.expedia.com/daily/common/images/goldbullet.gif,134
//www.expedia.com/daily/common/images/spaceit.gif,101
flight,44
//www.expedia.com/pub/agent.dl,43
//www.expedia.com/daily/common/images/dot2.gif,36
cruis,43
adult,43
vacat,56
//www.expedia.com/daily/common/http,24
//www.expedia.com/daily/common/images/spaceit,24
2egif,24
expedia,35
fare,26
r=00001d358000cb5f7,4
lodg,21
four-star,13
lo,18
angel,13
r=00001d691000cb5f7,3
d=,24
r=00001d98e000cb5f7,2
qscr=info,14
packag,32
car,9
rental,5
fire,5
hot,12
romant,4
r=00001d98f000cb5f7,2
//www.expedia.com/daily/common/spaceit.gif,13
mm/dd/yy,14
afternoon,56
US,12
airway,6
roundtrip,15
save,122
dominican,2
republ,2
goto=pkgdealdetail,13
air/hotel,18
venic,2
honolulu,6
ticket,14
goto=hotdetail,9
numadult=1,8
merchtext=special+d,8
+enjoy+rates+from+,8
2e+book+today+and+sav,6
seven-day,8
c=40,7
discount,10
//www.expedia.com/eta/spaceit.gif,42
//www.expedia.com/default.asp,7
//www.expedia.com/daily/home/default.asp,7
qscr=fltw,7
qscr=htin,7
qscr=spec,7
flag=f,7
qscr=cmsh,6
//www.expedia.com/daily/cruise/default.asp,7
//www.expedia.com/daily/deals/default.asp,7
//www.expedia.com/daily/guides/default.asp,7
//maps.expedia.com/pub/agent.dl,6
qscr=over,6
qscr=bust,6
//www.expedia.com/daily/sitetour/default.asp,7
qscr=litn,7
//www.expedia.com/daily/service/default.asp,7
//www.expedia.com/daily/common/images/siderule.gif,7
r=00001d91c000cb5f7,1
r=00001d92d000cb5f7,1
r=00001d94d000cb5f7,1
dear,42
brightli,1
chilli,1
ignit,1
flame,2
rekindl,2
long-stand,1
blaze,1
rendezv,1
getaway,1
feed,3
86,3
beat,6
sand,3
snow,4
snuggl,6
sexi,1
citi,22
escap,4
option,68
choos,19
favorit,4
pump,2
passion,2
smooooch,1
search,29
'S,23
88,2
r=00001d350000cb5f7,1
british,4
europ,4
218,3
book,23
1/24,1
r=00001d3a4000cb5f7,1
60,8
bargain,15
r=00001d354000cb5f7,1
r=00001d3ac000cb5f7,1
all-inclus,4
four-night,6
844,1
dispsection=21,1
destid=180024,1
air,11
mgm,1
grand,3
152,1
r=00001d3a5000cb5f7,1
three-night,4
357,1
dispsection=23,1
destid=178280,1
nfl,1
bowl,1
479,1
sorri,15
r=00001d3ad000cb5f7,1
r=00001d35c000cb5f7,1
hotel,27
55,2
enjoy,16
scene,3
r=00001d35d000cb5f7,1
phoenix,4
wyndham,1
butt,2
resort,3
130,1
2/28,1
hotelid=82743,1
130+per+night+for+stays+between+now+and+february+28,1
reno,1
ascuaga,1
nugget,1
39,1
2/11,1
hotelid=40318,1
39+per+night+for+stays+between+january+20+and+february+11,1
40,17
destin,10
100,10
r=00001d3ae000cb5f7,1
alaska,2
voyag,1
glacier,2
vancouv,3
seward,1
599,2
i=750125,1
v=172,1
pex=488,1
hawaiian,4
island,10
norwegian,2
star,4
707,1
i=832294,1
c=34,2
v=402,1
pex=489,1
10-day,5
mexican,11
riviera,5
799,5
cabo,6
acapulco,2
puerto,3
vallarta,3
i=833336,2
v=182,3
pex=490,1
r=00001d634000cb5f7,1
rent,4
alamo,2
kid,6
studio,2
r=00001d66b000cb5f7,1
explor,13
360,1
tour,3
eye,9
boardwalk,1
r=00001d6c1000cb5f7,1
adventur,1
honeymoon,1
walt,1
disney,1
r=00001d695000cb5f7,1
slide,6
caribbean,10
paradis,2
spici,1
spanish,1
accent,1
r=00001d63c000cb5f7,1
sponsor,9
r=00001d66d000cb5f7,1
//expedia.com/daily/faretracker/images/gold_rule3.gif,7
feedback,11
r=00001d699000cb5f7,1
qscr=fbak,7
expedia.com,9
r=00001d635000cb5f7,1
notic,34
shown,32
tax,17
fee,30
fuel,8
surcharg,9
photo,9
photodisc,5
lockyer,9
supplier,6
attorney,12
suit,10
overcharg,4
dow,16
jone,10
francisco,15
crimin,3
law,12
manipul,3
alleg,3
newswir,4
lawsuit,4
interview,5
wrongdo,2
discov,4
jail,2
su,2
pacif,12
PG,2
E,12
deni,9
accus,2
spike,2
behavior,4
slavin,2
uncov,2
discoveri,2
legisl,3
dunn,2
andersen,7
calif,1
genl,1
AP,1
unfair,1
yearlong,1
civil,2
consum,6
prison,1
parent,5
co.,6
allegedli,1
siphon,1
underl,1
seek,4
overcom,1
devot,1
huge,8
lawyer,2
extract,21
californian,1
declin,10
sue,4
dynegi,24
mirant,2
withhold,1
major,16
misstat,1
earn,7
million,18
dollar,11
blame,1
woe,1
1996,1
conduct,3
conspiraci,1
nearli,12
kenneth,1
wall,4
journal,1
escort,1
tattoo,1
dude,1
'hi,2
honey,6
declar,1
rhetor,1
excess,2
13,61
diego,10
counti,1
superior,1
suppli,49
deputi,1
proof,2
proce,1
anticompetit,1
senat,1
summon,1
destruct,1
sen.,1
d-santa,1
ana,1
auditor,2
llp,1
june,114
articl,3
//interactive.wsj.com/archive/retrieve.cgi,1
id=di-co-20020123-011366.djm,1
lloyd,30
reduc,16
corri,231
04,48
baughman,27
jr.,13
bentley,128
allen,19
thresa,20
A.,15
bailey,12
M,17
mdea,8
7138536956,8
paul,48
kevin,13
racicot,28
o'neil,41
murray,45
P.,41
suarez,18
ens,4
epmiea,4
mari,14
tollefson,10
mary.tollefson,7
epmi,51
MO,5
5:52,6
5425,2
significantli,4
less,19
feb,35
13th,4
1-3,2
foreward,2
password,27
eric,8
genco,2
5:40,2
tomorrow,47
sort,93
changeov,3
5:35,3
FW,60
therefor,14
enron01-10,2
4:37,2
invoic,19
AG,3
technician,3
int,3
l,4
553-2908,3
proprietari,4
consent,4
notifi,14
lloyd.wil,2
6:34,2
miller,12
asset,18
mktg,4
serio,20
erik,23
lenartowicz,2
poppa,2
D,4
nat,11
duran,4
W.,10
presto,8
rebecca,2
steff,3
mississippi,2
delta,2
agenc,4
weboasi,2
tva,9
river,3
kentucki,2
SE,2
enna,2
reason,49
713-853-3383,2
coordin,25
8:34,1
craigv,9
xoxo,3
present,28
7:48,1
My,77
divorc,5
guy,21
3:40,2
shield,4
'gabrielle.hagel,2
ubsw.com,2
hagel,3
1/24/02,3
2:00,7
hood,11
asid,9
enrol,5
personnel,6
kiss,8
lip,1
pictur,42
cute,4
ton,2
truck,9
themselv,4
earlier,12
decis,22
percent,5
unfortun,5
inquiri,3
attent,9
concentr,1
stakehold,9
begun,4
specialist,2
truli,1
wit,1
rigor,1
grow,3
maintain,10
effici,9
safest,1
pipelin,7
observ,7
smart,5
solut,37
enrononlin,2
tirelessli,1
regardless,8
proud,3
copier,4
bankrupt,4
non-bankrupt,2
leas,2
harri,7
grubb,2
713-853-5417,2
harry.grubb,2
paula,1
corey,2
713-853-9948,1
paula.corey,1
stock,26
esop,3
otc,4
401,2
k,4
resum,13
nyse,7
involv,14
statu,56
16,11
counter,1
initi,21
insid,7
urg,3
ensur,11
consist,14
man,53
wife,33
footbal,16
pfthhhhhhhh,11
fart,21
bed,12
score,12
touchdown,15
14,49
affraid,1
replay,1
8:53,8
Uh,2
..........,4
46,3
21,25
lol,3
8:15,5
21-7,3
8:17,4
appropri,13
An,10
gone,18
roll,26
i'm,5
7,30
rip,5
squeaker,5
pressur,6
refus,15
realiz,10
defeat,5
unaccept,8
poop,5
hell,6
half-tim,5
switch,9
scottsdal,2
AZ,4
indian,2
Rd,2
workgroup,1
isa,25
town,10
1pm-5pm,1
feb.,1
15th,5
7353,1
E.,2
85251,1
800-695-6995,1
oldtownehotelscottsdale.com,1
southeast,1
drinkwat,1
civic,1
blvd,1
wendi,2
srp,6
bridg,4
copyof,2
agreem,3
moment,7
distract,5
former,19
grotto,5
wo,16
hang,9
better,31
anymor,4
5:30,1
cal,1
marion,1
8:16,7
pull,49
pillow,2
bullshit,2
stanford,3
complain,2
medic,7
med,2
lower,11
stabil,2
touch,8
caress,5
grin,4
tender,3
luckiest,3
darl,9
dream,4
mecin,1
terribl,3
excit,6
dinner,7
ira,9
api,4
colleg,3
retir,4
union,2
tradit,2
roth,1
educ,3
2.75,1
3.25,1
36,1
3.75,1
1.75,2
www.enronfcu.com,1
713.853.6902,1
embed,19
metafil,3
resolv,28
buse,1
transport,3
south,24
java,1
plaza,3
8.30am,1
9.30am,1
9.30,1
approxim,7
1pm,3
senior,5
breakfast,4
9am,2
10am,2
sandwich,1
afterward,3
suffici,8
ballroom,1
id,9
driver,2
licens,4
tammi,2
schopp,1
behalf,7
video,2
1/23/02,1
8:00,1
adam,1
blazer,6
king,3
7:30,1
launchpad,8
bug,17
preschedul,96
workspac,146
awar,16
fyi,9
button,84
temporarili,1
permiss,2
22,24
9:52,1
roles.xl,1
dont,10
503/464-3902,2
complimentari,1
near,5
receptionist,1
//www.nerc.com/wesp.html,1
naesb,11
formerli,2
gisb,3
//www.naesb.org/frameset.htm,1
bylaw,9
//www.nerc.com/~filez/escheduling.html,1
summari,70
//www.nerc.com/~oc/esbpsummary.html,1
BR,33
font,28
/font,18
align=,15
bgcolor=,14
td,17
size=,14
/td,14
face=,13
arial,13
width=,12
tr,9
valign=,9
middl,14
/tr,9
name=,8
eeeeee,6
cccccc,5
merchant,6
color=,3
0000ff,3
value=,3
size=35,3
cart,2
ffffff,2
000000,2
size=5,2
/B,2
today.,2
Of,6
tabl,52
br,2
p,6
size=15,2
colspan=2,2
textarea,2
/tabl,2
html,2
titl,10
/titl,1
class=,1
normaltext,1
style=,1
font-siz,1
14px,1
text=,1
img,1
src,1
//www.improvenet.com/promo/images/money_6.jpg,1
size=3,1
simpl,8
sky-rocket,1
histori,5
visa,3
mastercard,2
express,16
checks.,1
super,1
low,4
U,1
/U,1
size=1,1
directli,13
you.,1
line.,1
437,1
border=,1
0,35
align=cent,1
div,1
helvetica,1
sans-serif,1
strong,1
repres,41
shortly.,1
/strong,1
/div,1
436,1
cellpadding=1,1
cellspacing=0,1
border=1,1
bordercolor=,1
dddddd,1
method=post,1
action=,1
//us.geocities.yahoo.com/form,1
login=joestevens1010,1
type=,1
hidden,2
next-url,1
//www.google.com,1
colspan=,1
b,1
/b,1
firstnam,1
lastnam,1
busphon,1
homephon,1
rows=4,1
cols=40,1
/textarea,1
type=hidden,1
name=refresh,1
thanksapp.htm,1
type=submit,1
border=0,1
onclick=,1
alert,7
'thank,1
pre,12
\n\npleas,1
patient,1
re-submit,1
\n\n\,1
IP,1
host,3
log,63
/form,1
/bodi,1
/html,1
ny3p4uy,1
id=000000000081220,18
000000000081220,18
1/17/02,18
3:03:38,18
winston.jia,18
risk_mgmt,5
adhoc_print,3
Ad,3
hoc,3
pwr_application_read,3
adhoc_read,3
table_lookup,3
id=000000000081087,6
000000000081087,6
1/16/02,6
11:06:01,6
john.oh,8
blotter,5
eol,11
analyt,1
pertin,1
broker,1
counterparti,99
//www.transportuniverse.com/images/cash.jpg,1
97,4
92,4
telephone-ord,4
potenti,9
on-lin,4
start-up,5
in-hom,4
honour,1
24-48,1
lpyzugpaueupllfk,1
deal_entri,1
sched_read,2
read-onli,6
bear,25
emili,6
teddi,3
crib,1
biggest,1
smile,1
fast,12
1/2,4
onto,8
stomach,2
cereal,1
spoon,1
susi,19
wilson,14
explet,8
live,26
taliban,4
track,13
hun,3
cnn,3
marin,2
afghanistan,2
bizarr,2
freez,3
hole,2
tunnel,2
scorpion,2
truth,2
courier,2
countri,2
dead,3
yeah,2
letter,20
cun,2
jon,2
amanda,1
morsic,1
surfgat,1
ev1.net,1
kennedi,5
reefrashman,3
houston.rr.com,3
saturday,11
19,34
8:49,1
Fw,16
recon,1
afganistan,1
sulli,1
scooter,1
radio,5
kogo,1
nov.,1
gach,1
northwest,49
panhandl,1
tajikstan,1
pakistan,1
cold,1
dirt,1
rock,2
shrub,1
base,23
hindu,1
kush,1
mountain,1
along,11
dar,1
'yoi,1
pomir,1
stake,3
pizza,5
deliveri,67
thousand,4
mile,2
glanc,1
ass,5
fifteen,1
sting,1
battl,1
chigger,1
flea,3
jolt,1
cattl,1
prod,4
bastard,1
antidot,1
tast,1
fluid,1
god,5
bless,6
vial,1
food,5
drink,4
water,5
bounti,1
handi,8
entranc,1
storag,2
facil,11
handheld,4
shoot,2
satellit,1
command,1
drop,33
hardwar,5
bash,2
movement,2
intellig,1
brought,4
sniper,1
scurri,2
rat,1
erad,1
bin,1
laden,1
stand,6
boot,2
throat,1
spit,4
bloodi,1
ear,2
plung,1
nickel,1
plate,1
bowi,1
knife,8
frontal,1
lobe,1
ill,1
blow,4
govern,19
inhospit,1
rockpit,1
eleventh,1
centuri,2
war,1
tribe,1
opium,1
armi,3
forgot,4
refuge,1
camp,1
plum-sweeten,1
crush,1
beetl,1
squirt,1
mud,3
goos,1
flu,1
smell,1
alon,5
tent,1
walk,8
hurl,1
poppi,1
cheer,5
scrape,1
eighteen,1
tajik,1
uzbek,1
turkmen,1
pushtin,1
half,15
em,1
fight,4
claw,1
polo,1
calv,1
five-year-old,1
son,2
cockfight,1
defend,2
roam,1
savag,5
heartless,1
beast,1
barbar,1
cavemen,1
AK,3
47,1
cranki,2
stupid,1
hill,6
lap,1
warmer,1
juic,1
recharg,2
favor,3
judi,3
berni,1
aw,3
sneer,1
pompou,1
aaron,1
brown,2
dictionari,1
jackal,1
hyena,1
wolverin,1
sneaki,1
ruthless,1
confront,1
cowardli,1
malevol,1
parasit,1
noth,25
pfft,1
hygien,1
indoor,1
plumb,2
devil,1
figur,18
bic,1
lighter,3
warrior,1
improv,18
qualiti,4
teach,3
ape,1
pen,1
eventu,2
frustrat,1
stick,1
OK,22
snuffl,1
utter,1
glu,1
screen,28
commerci,6
worst,2
analyz,1
militari,9
wan,13
na,12
sauci,1
jack,6
finalist,3
giveaway,2
FL,4
bonu,3
hello,14
=20,40
congratul,3
nvp,1
accommod,2
followin=,1
g,1
ft.,1
lauderdal,3
daytona,1
williamsburg,1
VA,3
orlando,8
NV,2
bahama,1
branson,1
//www=,1
.ca1.waredet.net.co.fr,1
14|https.travel.bzah.com,1
i=,1
nclude,1
g-62622,1
regist,12
draw,6
1,000.00,1
plane,8
continent,1
u.s.,3
//www.ca1.waredet.net.=,1
co.fr=14=02=14=05=14|https.travel.bzah.com=02,1
lisa,29
nation,24
-=,1
//www.ca1.waredet.net.co.fr=14=02=14=05=14|https.travel.bzah.com=02/re=,1
move.htm,1
mortgag,5
quot,5
//bestrates.81832.com,2
8351avnf3-197xrjb744,1
//www.coricainc.com/images/money.jpg,2
sqobwyyrmdpyuwfu,1
//edit.store.yahoo.com/lib/evoclix/bci21black,2
//www.evoclicks.net,2
//edit.store.yahoo.com/lib/evoclix/black740,2
//edit.store.yahoo.com/lib/evoclix/freespin,1
//edit.store.yahoo.com/lib/evoclix/printerspin,1
//edit.store.yahoo.com/lib/evoclix/cartridgesspin,1
//edit.store.yahoo.com/lib/evoclix/evoyahoo,1
//edit.store.yahoo.com/lib/evoclix/fre,1
catch,6
none,15
evoclix,1
string,13
store,33
80,3
superstor,1
www.evoclicks.net,1
Ca,4
browser,5
s.1618,1
111,1
301,1
paragraph,4
105th,1
spamsinc,1
mechan,1
remo_me22,1
yahoo.com,13
subject=remov,1
8836asme5-755wrjb1015tnfx5-466rjbv0627nfxr4-078kcwo0127gask3-588ewog9,1
65,3
inbox,1
membership,22
reward,8
redeem,3
cancel,9
zero,6
balanc,8
establish,9
reinstat,2
enron/american,1
accru,1
1-800-the-card,1
843-2273,1
cardmemb,1
redempt,1
1-800-297-3276,2
traci,5
ramsey,1
853-6457,1
appendix,5
manual,8
3a3,2
vendor,2
//www.nerc.com/~oc/standards/,2
listserv,4
owner,11
trainer,4
a3a,1
compon,1
guidanc,6
incorpor,1
softwar,12
interchang,3
elig,2
barbara,8
bogenrief,6
secretary-oper,4
kim,15
sierra,8
nevada,6
evelyn,19
aucoin,4
theriot,7
volum,33
rhonda,3
net,11
20th,12
decemb,80
CP,11
853-6598,2
rec,2
rasmussen,4
SP,1
NP,1
termin,56
indic,28
2:25,1
12-20-01,1
2:48,2
10day,1
2:21,2
reserach,1
nov,2
dec,12
payable/,1
remitt,1
whatev,21
folk,53
VM,1
surpris,2
EV,1
2:08,1
4:33,1
sold,6
epmi/oldco,1
complaint,1
relief,5
'02,2
serena,41
purcel,77
pw,11
mike.purcel,10
within,42
wrong,9
8:02,2
'support,2
oatiinc.com',2
bishop,28
serena_bishop,5
serena.bishop,5
mike_purcel,5
welcomeback,5
gang,18
staci,33
runswick,30
aol,12
//uuhf1img1.uu.flonetwork.com/images/aol/121901/control/bulltet.gif,5
trial,10
//offers.aol.com/cgi-bin13/flo,4
y=npj0nkpl0en0nh0ab,4
//uuhf1img1.uu.flonetwork.com/images/aol/121901/control/spacer.gif,3
45,5
aim,5
caraenron,2
all-new,2
7.0,2
buddi,3
aol.com,44
fingertip,1
color,50
exclus,4
perk,2
qualifi,3
broadband,5
hurri,1
//uuhf1img1.uu.flonetwork.com/images/aol/121901/control/signature.gif,1
//uuhf1img1.uu.flonetwork.com/images/aol/121901/control/blue_line.gif,1
sign-on,1
premium,4
age,3
18,18
older,3
instant,1
messeng,1
inc,4
offers.aol.com,1
//offers.aol.com/cgi-bin13/flosens,1
y=pj0nkpl0en,1
employ,6
ann,10
labb,1
5-7809,1
fallon,5
delainey,1
class,13
postpon,5
11:30,11
lender,2
compet,2
refin,1
oblig,13
debt,30
consolid,5
refinanc,2
equiti,4
//www.bestrates22.com/remove.htm,1
4458icvn2-086hzrl7237dvnh1-688zrld7849vqia0-198umew6348qiau0-709meyr515,1
67,2
tbd,2
paig,8
cox,6
leah,2
etc,34
replica,1
disabl,1
713-853-5428,1
281-830-1111,1
paige.cox,1
arsdal,1
12:41,1
s3cur34u,1
est_csemp,2
est_drobin,1
est_dcutsfor,1
est_cbentl,1
jason,23
choat,15
est_jchoat,1
burnett,2
est_lburnett,1
hans,1
est_phans,1
4,000,4
w/,4
205,2
50,000,2
imagin,3
//www.nrlfcu.org/images/3d,1
20debt,1
20sign.jpg,1
relationship,6
negoti,12
sooner,1
realist,1
match,16
rid,13
harass,1
drastic,1
peac,7
renew,1
//www.ccoacares.com/images/debt.jpg,1
absolut,3
freedom,1
least,15
AR,1
CO,16
DC,2
DE,1
GA,2
HI,2
IA,1
IL,1
KS,1
KY,1
LA,1
MA,1
MD,1
MI,1
MN,1
MS,4
MT,3
NC,1
ND,1
NE,2
NJ,3
NM,1
NY,1
OH,1
PA,1
RI,1
SC,1
SD,1
TN,1
UT,1
VT,1
WA,1
WI,1
WV,1
WY,1
zip,3
123-4567,1
567-8901,1
estim,10
auto,19
loan,14
7,500,1
7,501,1
10,000,1
10,001,1
12,500,1
12,501,1
15,000,1
15,001,1
17,500,1
17,501,1
20,000,2
20,001,1
22,500,1
22,501,1
25,000,1
25,001,1
30,000,1
30,001,1
35,000,1
35,001,1
40,000,1
40,001,1
domain.com,1
verifi,14
criteria,43
quotat,2
over-the-count,1
symbol,1
enrnq,1
delist,1
www.nyse.com,1
recent,15
fell,6
averag,7
1.00,1
consecut,2
trading-day,1
llc,3
pink,2
r=00008acd50002aaaa,4
r=00008a9fd0002aaaa,3
r=00008acd30002aaaa,2
fli,5
canada,7
r=00008a9f80002aaaa,2
hawaii,14
r=00008acbb0002aaaa,1
r=00008ac720002aaaa,1
r=00008ace30002aaaa,1
spend,5
easier,20
ever,13
airfar,1
frequent,1
r=00008acbd0002aaaa,1
225,2
r=00008ac730002aaaa,1
3c/a,2
r=00008aceb0002aaaa,1
two-night,1
119,2
two-for-on,1
r=00008a9f00002aaaa,1
luxuri,4
616,1
dispsection=19,1
destid=180032,1
422,1
dispsection=1,1
destid=180077,1
valley,18
slopesid,1
440,1
r=00008acbf0002aaaa,1
r=00008a9f10002aaaa,1
52,1
surf,1
r=00008a9fc0002aaaa,1
r=00008a9f50002aaaa,1
49,4
r=00008a9f20002aaaa,1
r=00008a9f30002aaaa,1
two-day,3
nowher,1
princess,6
249,2
i=835918,1
v=185,1
pex443,1
four-day,2
baja,3
mexico,7
royal,3
339,1
i=748689,1
c=44,5
v=235,1
pex444,1
14-day,1
panama,1
canal,1
celebr,8
miami,3
1,099,1
i=763929,1
c=11,3
v=56,1
pex446,1
r=00008a9f60002aaaa,1
weari,2
spa,1
r=00008a9fe0002aaaa,1
vail,1
r=00008a9f70002aaaa,1
sneak,2
peek,1
perfect,7
r=00008a9ff0002aaaa,1
r=000085b020002aaaa,1
r=000085b000002aaaa,1
r=000085b010002aaaa,1
vgotbbbyrmzwhkdw,1
martin,11
luther,2
thanksgiv,9
27,10
labor,2
septemb,25
sheppard,5
kathryn,5
T,20
15,29
10:24,2
boy,10
08,23
3:27,2
1/9/01,3
1-5pm,1
425,1
462-3348,1
jerri,2
threaten,1
event,10
345-2402,1
O,15
westdesk,1
flooroverview,1
OC,9
revis,12
srpnet.com,7
guidelin,11
subcommitte,6
2/14,4
15/2002,4
sccobb,6
winn,3
limit,21
adopt,10
joint,4
manner,6
grinberg,2
ray.grinberg,2
ppmi,2
rwinn,2
pnm.com,2
wscc.com,15
format,27
pnm,2
insight,2
industri,22
17th,2
surround,1
broader,1
mass,10
oppos,2
cc,10
6:57,1
hackney,3
beli,1
exactli,20
exclud,17
separ,26
util,20
bog,1
domin,3
especi,6
affect,8
quit,16
bit,17
ewg,1
airport,1
listen,8
pacifcorp,1
650,1
holladay,1
700,2
97232,1
503-813-5712,1
9:05,8
isascor,1
dmillam,1
utilicorp.com,1
demetrios.foti,1
powerex.com,1
dianeg,1
ncpa.com,1
echang,1
jmcintosh,2
caiso.com,3
mmeyer,1
mons.ellingson,1
pinnaclewest.com,1
steer,2
satisfi,4
outcom,2
typic,8
sub-committe,1
his/her,1
transmission/reli,1
divers,1
opinion,5
often,5
non-vot,1
goe,13
'sccobb,1
driven,3
primarili,7
regul,2
thu,4
neither,6
lost,7
forum,2
naero,1
voting/discuss,1
rep.,1
size,22
fair,3
represent,4
modifi,13
1991,1
reflect,4
8:18,2
extend,18
2-14-02.pdf,1
====,1
//www.girlsmagic.net/sh/,3
sex,8
dildo,2
sick,2
shit,3
supermodel,1
massiv,3
cock,4
stuf,1
deep,5
young,4
teen,1
bitch,1
virgin,1
pus-,1
sie,1
inch,3
uncensor,1
erot,1
toy,2
e,5
dvd,3
u,1
publicli,3
sourc,20
//www.girlsmagic.net/sh/unsubscribe.asp,1
address=csemp,1
ect.enron.com,7
ei.enron.com,2
ees.enron.com,2
firstname.lastnam,2
domain,1
decommiss,2
18th,24
//www.megafriends.com/images/money.gif,1
oynkznhfqeiyohwq,1
affair,7
seminar,3
12:10,2
12:15,3
usual,12
deduct,11
out-of-pocket,4
tri-met,4
89.00,2
paycheck,4
occur,26
clarifi,1
2wtc/outsid,1
2wtc,1
parking/mass,2
x8321,5
x7404,4
subsidi,1
12/31/01,2
12/15,1
1/1/02,1
1/15/02,1
req,1
pocket,2
max,6
12/21/01,1
eob,1
insur,8
464-8321,1
lavorato,3
inde,3
winner,1
gas/pow,1
front,7
tune,1
parrot,11
femal,4
male,4
priest,3
pray,5
prostitut,2
rectori,2
bead,2
father,1
exclaim,1
taught,1
bibl,1
phrase,1
learn,9
worship,1
rosari,1
cage,1
squawk,1
prayer,10
1/11/2002,5
on-cal,9
p.m,2
randi,3
lord,6
713.345.7707,2
edi,6
ee,9
sitara,6
unifi,8
853-9797,6
1/13/2002,1
ardmor,4
7:00,4
back-up,1
chiller,1
AC,1
equip,2
6:00,1
10:45,1
crac,1
shut,5
handler,1
filter,13
drain,3
azurix,4
eb34,3
lan,3
NT,5
os/2,3
sun/oss,3
telephoni,3
853-1411,3
853-5536,3
sap/isc,3
345-4727,3
284-3757,3
288-0101,3
rus/gops/geotools/apr,3
639-9726,3
oss/ua4/tarp,3
285-3165,3
cpr,3
284-4175,3
327-3893,3
888,4
-trader,3
327-6032,3
rey,2
10:02,3
databas,43
6pm,1
netco/est,3
re-boot,1
503.464.8681,1
r=00008a8ba00c17d44,3
r=00008a13700c17d44,3
r=00008a8e400c17d44,2
r=00008a1c000c17d44,2
r=00008a8e600c17d44,2
r=00008a8de00c17d44,2
r=00008a8bb00c17d44,2
r=00008a87f00c17d44,2
59,2
r=00008a19a00c17d44,2
breckenridg,2
r=00008a8dc00c17d44,1
r=00008a87700c17d44,1
sunni,3
guid,3
map,19
add-on,1
one-stop,1
r=00008a19200c17d44,1
r=00008a13100c17d44,1
r=00008a16c00c17d44,1
r=00008a1c400c17d44,1
332,2
dispsection=16,1
destid=178305,1
balli,1
138,1
r=00008a13300c17d44,1
ski-in/ski-out,1
507,1
r=00008a19300c17d44,1
r=00008a1c800c17d44,1
hotelid=856962,2
condo,18
r=00008a13500c17d44,1
gorgeou,3
finisterra,1
solmar,1
129,2
1/31,2
//www.expedia.com/pubspec/scripts/eap.asp,7
hotelid=534791,1
129+per+night+for+stays+between+now+and+january+31,1
r=00008a1cc00c17d44,1
three-day,2
carniv,3
i=744653,2
c=1,3
v=34,2
pex=402,1
sea,2
pex=404,1
aboard,2
regal,1
1,299,1
i=833838,1
v=180,1
pex=405,1
r=00008a16f00c17d44,1
laid-back,1
down-to-earth,1
r=00008a2d000c17d44,1
Ah,1
pari,1
dazzl,1
light,14
r=00008a2b800c17d44,1
r=00008a27100c17d44,1
r=00008a2ec00c17d44,1
r=00008a2d800c17d44,1
corbi,2
lesli,19
reev,11
stacey,11
brandon,6
wax,3
liquid,6
forecast,4
kristin,1
albrecht,1
taht,1
09,32
10:26,1
histor,6
resid,4
ago,14
met,8
3rd,11
exeri,2
clear,42
project,26
1:10,2
miscommun,3
non-termin,12
conflict,7
accordingli,7
clean,22
03,28
8:43,3
settlement,39
jump,5
properli,30
non-deliveri,3
settl,11
relay,3
translat,3
503-464-3807,2
hotmail.com,18
pleeeeeas,8
intel,6
mediaone.net,4
home.com,3
msn.com,9
linda,6
gray,5
juno.com,11
keyda,3
worldpath.net,3
kinvil,3
dellepro.com,3
jemison,3
microsoft,6
bobbi,2
sheldon,2
reynold2,2
sachem.edu,2
fwd,6
window,9
revlingray,2
nh.ultranet.com,2
dicstick30,2
ota,2
07,8
earthlink.net,10
ejack,2
esterlen,2
undisclosed-recipi,2
beta,2
difib,1
devirigli,1
manta486,1
predatorr,1
demedio,1
duck1310,1
tyler,1
reed,1
tman91985,1
scott,8
samuli,1
pattisamuli,1
armstrong,1
bonwa51,1
ruben,1
concepcion,1
rcjr85,1
naoki,1
kurimoto,1
shucki,1
soukup,1
msk8_soukup,1
pagano,1
mark012363,1
raibl,1
lowrida4088,1
jozef,1
maguir,1
kevinm2369,1
jess,5
levinson,1
vclordml,1
lowden,1
mjggg,1
goin,1
goins7,1
darryl,1
rambo,1
the3ds3,1
brad,21
buckman,1
starbuck542,1
jsheldoniv,1
andi,4
terranova,1
gregterranova,1
sungard.com,1
reynold,1
mscpmi,1
11:36,2
reynjcr,1
23:29:25,1
est,2
jack0509,1
kathl10429,1
brenda.carren,1
gte.net,1
jasesfy2k,1
kjmc1,1
email.msn.com,2
matthew.j.reynolds.21,1
nd.edu,1
moitoy10,1
x-mailer,2
6.0,1
sub,1
10556,1
gray_brodeur,1
terri,2
brodeur,1
revshar,1
sharon,4
tinkham,1
roger_e_gray,1
raytheon.com,1
roger,5
peachesnpam,1
pam,1
burrow,1
alcyon,1
joan,1
jordan,2
js01913,1
dorai,1
ttlc.net,1
kelli,2
snootrr749,1
debbi,4
taylor,3
helfman,1
dad,6
thunduh,1
bruce,6
bonnee616,1
bonni,1
blueheron-blm,1
betti,5
soulfrend,1
audrey,1
kantargi,1
whstephens1,1
wayn,5
bigpup,1
johnson,2
molleo,1
metrocast.net,1
audi180,1
fltattmb,1
marg,1
lisahumm,1
humm,1
iris_001,1
ramaska,1
bmikejodi,1
baker,1
littlesebagoj,1
jmorris8,1
sc.rr.com,1
morri,1
gaboo123,1
sandi,4
pstar_99,1
jenn,1
ggkwck,1
kiracof,1
gmshw,1
mindspring.com,2
gert,1
harold,1
edanchi,1
elain,1
danchi,1
dick,3
quarryrat,1
adelphia.net,1
dawna,1
wylds1,1
cheryl,2
7:27,1
rjemi,1
ruth,1
meh1500,1
maggi,1
keaton301,1
deborah,2
keaton,1
hgloriahgah,1
cs.com,1
jjeh1958,1
joyc,1
harrison,1
ljemison,1
law.howard.edu,1
lori,1
jemisoli,1
shu.edu,1
linn,1
jpb9231,1
bruttan,1
paulupartup,1
upchurch,1
l.guilford,1
worldnet.att.net,4
lou,2
G.,1
guilford,1
1:37,2
ketchupg,1
gennean,1
12:19,4
pearla,1
sanborn,1
chanc,11
assur,4
fear,1
multimillion,1
pepsico,1
brother,2
girlfriend,1
baylor/ut,1
sum,2
4,324.44,1
stamp,8
merger,5
largest,6
wide,3
203.15,1
156.29,1
17.65,1
friend',1
aunt,1
patricia,2
4,543.23,1
msn,4
//go.msn.com/bql/hmtag_itl_en.asp,1
//explorer.msn.com,1
9:46,1
.............,1
55.00,18
azp,12
02/04/2002,8
assignment_ref,6
28598,2
seller_cod,6
seller_dun,6
958982563,6
customer_cod,6
customer_dun,6
848921276,6
affiliate_flag,6
path_nam,6
w/azps/azps-azps/fourcorne230,4
pnpkaps230//,6
point_of_receipt,6
fourcorne230,4
point_of_deliveri,6
pnpkaps230,6
capacity_request,8
service_incr,6
ts_class,6
ts_type,6
point_to_point,6
ts_period,6
full_period,6
ts_window,6
ts_subclass,6
nerc_curtailment_prior,6
prioriti,10
other_curtailment_prior,6
default,33
start_tim,6
02/10/2002,4
stop_tim,6
03/01/2002,2
ceiling_pric,6
offer_pric,8
bid_pric,8
price_unit,6
/mw-d,6
preconfirm,10
anc_svc_link,6
n/a,4
anc_svc_req,6
posting_ref,6
sale_ref,6
request_ref,6
deal_ref,6
negotiated_price_flag,6
status_notif,6
status_com,6
602-250-1128,2
time_queu,6
time_of_last_upd,6
primary_provider_com,6
seller_com,8
customer_com,6
seller_nam,6
seller_phon,6
602.250.1128,6
seller_fax,6
602.250.1155,6
seller_email,6
oasisadm,6
apsc.com,7
customer_nam,6
customer_phon,6
853-3801,6
customer_fax,6
646-8272,6
customer_email,6
bill.rust,6
reassigned_ref,6
reassigned_capac,6
9:39,3
rough,3
ride,5
holliday,4
ginsu,8
knive,8
blade,8
12.99,6
2000,10
surgic,3
stainless,3
steel,4
sharpen,3
//209.41.202.60/images/hot.gif,2
auctionwork,2
famou,2
doubl,15
serrat,2
auction,5
garag,2
//209.41.202.60/images/neon_blue_md_wht2.gif,2
6.01,2
closeout,1
ea,1
//209.41.202.60/images/ginsu2000c.jpg,1
Pc,1
clearanc,1
get'em,1
//209.41.202.60/images/ginsuknife1.gif,1
correctli,20
AS,1
//209.41.202.60/images/asseenontv_1_.gif,1
29.95,1
6.95,1
s/h,1
//209.41.202.60/images/ginsu2000b.jpg,1
bid,5
//images.auctionworks.com/fullview.asp,1
img=http,1
//images.auctionworks.com/hi/47/46502/ginsu2000c.jpg,1
10-piec,1
steak,1
chef,1
utility/bread,1
fruit,1
veget,1
pare,1
//209.41.202.60/images/ginsuknife2.jpg,1
//209.41.202.60/images/ginsuknife3.jpg,1
birthday,3
wed,6
raiser,1
50,13
warranti,1
manufactur,1
perman,2
bond,3
heat,1
resist,1
dishwash,1
5th,7
resal,1
rais,3
WO,1
//209.41.202.60/ginsu2.htm,1
st.,2
03101,1
fifth,2
quantiti,5
_______,1
overwhelm,2
homeown,1
kept,15
var,1
calcul,26
JP,1
morgan,7
riskmetr,1
P,19
\midmarketing\riskmetr,1
matt,12
H,5
bois,1
cascad,1
radic,1
previous,3
rudimentari,1
catalog,1
conagra,2
overlay,1
gcp,2
29605,1
62604,1
niagara,1
mohawk,1
fetch,1
//nahou-dmagn01p/ena/livelink.ex,1
func=ll.login,1
username=gcpguest,1
password=,1
nexturl=,1
2fena,1
2flivelink.ex,1
func=ll,1
26objid=11965334objaction=brows,1
sort=nam,1
shortnam,1
erm,1
inactiv,1
713.853.3103,1
northern,10
litig,3
disput,3
pursu,3
damag,3
claim,6
substanti,4
protract,2
stan,4
dismiss,2
repurchas,1
9,000,1
interst,1
horton,1
weigh,3
turmoil,1
contest,1
conclud,2
day-to-day,1
satisfact,1
smooth,4
align,1
consciou,1
sat,30
1/5/2002,18
nahou,5
fault,8
df,4
sysadmir,6
toler,11
3:00:00,6
9:00:00,6
nahou-bpms01p,4
nahou-bpmsft01p,4
cluster,3
1/4/2002,2
1/7/2002,2
2:00:00,2
1:00:00,4
8:00:00,2
brief,7
master,4
database/mast,2
replic,3
reenabl,2
tolernac,2
lindsay,2
brian,4
713-853-6225,2
9:30:00,1
7:00:00,3
7:30:00,2
3:30:00,2
swap,3
deploy,1
de-commiss,1
instanc,4
revert,1
cheng,1
7138531672,1
mcnair,1
darren,2
7138537955,1
11-12,3
overview,7
1:27,2
train,41
1/4,2
1/7,2
motley,8
1/8,2
1/9,2
stewart,9
1/10,2
fundi,2
1/11,2
regulatori,11
1/14,2
1/15,2
1/16,2
1/17,2
1/18,2
1/22,2
todd,8
10:49,3
layoff,4
8:48,10
spoke,9
....,15
swamp,3
turnaround,3
10:17,5
fed,11
ex,7
10:11,8
payday,9
grate,10
breakroom,1
fridg,1
a.m.,3
e-mail\,31
cow,30
rbw,5
mrwassoc.com,5
weisenmil,2
style,2
barri,5
turn.org,2
cpuc.ca.gov,2
kirk,2
milk,14
cayman,3
funni,4
jay,4
leno,1
4:16,1
x-flow,1
delivered-to,1
mrwassoc,1
barney.sfrn.dnai.com,1
marcu,1
jbsenergy.com,1
gere,1
bradley,1
jps.net,1
bergman,1
blbergman,1
rhphillips.com,1
finkelstein,1
bfinkelstein,1
kinosian,1
gig,1
cynthia,1
mitchel,3
ckmitchel,1
powernet.net,1
argu,2
david.argu,1
sympatico.ca,1
2\,1
flak2,1
witkoski,1
epwitko,1
ag.state.nv.u,1
woychik,1
estrategi,1
fred,4
schmidt,1
fschmidt,1
halelane.com,1
JA,1
honest,1
compuserve.com,1
pou,1
lduci,1
mcfarland,1
jmcfarland,1
lazar,1
jimlaz,1
callatg.com,1
scarff,1
je,1
jwilliam,1
genesis.law.pace.edu,1
lenni,1
goldberg,1
lga,1
mother.com,1
bradi,1
bradylaw,1
pacbell.net,1
mick,1
davi,4
mick-d,1
telusplanet.com,1
florio,1
mflorio,1
sisson,1
swslawyers.com,1
rachel,2
orlins_bergman,1
sara,1
myer,1
ssmyer,1
shawn,1
mcmurray,1
shawnm,1
ag.state.ar.u,1
margi,1
bowman,1
bowmani,1
mymailstation.com,1
mueller,1
theresa_muel,1
ci.sf.ca.u,1
V.,2
vjw,1
cleanpower.org,1
green,8
greenet,1
hdcdojnet.state.ca.u,1
ostrov,1
sostrov,1
econone.com,1
mccullough,3
mresearch.com,1
advoc,1
eadvocate-l,1
igc.topica.com,1
15:28:43,1
-0800,1
outlook,4
cw,1
9.0.2416,1
9.0.2911.0,1
normal,5
x-envelope-to,1
x-mdremoteip,1
208.59.199.22,1
x-mdrcpt-to,1
x-mdaemon-deliver-to,1
courtesi,2
public,12
fortnightli,1
anonym,1
brother-in-law,2
debt-equ,1
tax-exempt,1
stream,2
monet,1
secretli,2
sharehold,2
off-balance-sheet,1
annual,3
eight,2
recogn,20
revenu,1
20-year,1
storefront,1
footnot,1
/x-flow,1
erron,2
hewitt,1
disregard,2
regret,2
confus,22
inconveni,3
intranet,3
benefits.enron.com,1
resources.hewitt.com/enron,1
log-in,1
800-332-7979,1
refriger,1
thrown,2
condiment,1
1/3/02,1
801,8
ash,3
8306,1
cp41d,1
92123-1593,1
858-650-6161,1
858-650-6191,1
jash,1
sdge.com,1
2:02,4
calendar,16
furnish,4
emerson,4
PH,4
582-0353,4
FX,4
582-3918,4
EM,4
r=00004932100209faf,3
r=00004964600209faf,3
r=00004932800209faf,2
kauai,3
r=00004931b00209faf,2
r=00004934500209faf,1
r=00004938600209faf,1
r=00004931700209faf,1
realiti,1
crave,1
powderi,1
bright,3
sunshin,2
91,1
r=00004934600209faf,1
r=00004938a00209faf,1
lush,1
540,1
r=00004932900209faf,1
mazatlan,2
835,2
14-night,2
dispsection=2,3
destid=180011,2
427,3
r=00004934700209faf,1
marriott,1
waikiki,1
166,1
hotelid=5306,1
166+per+night+for+stays+between+now+and+march+17,1
wallet,1
r=00004961100209faf,1
hit,15
slope,1
76,4
r=00004962500209faf,1
r=00004931f00209faf,1
i=832194,1
pex=386,1
nine-day,1
ensenada,2
i=792993,1
v=171,1
pex=387,1
alaska/glaci,1
bay,18
590,1
i=745613,1
v=141,1
pex=385,1
r=00004968e00209faf,1
manhattan,1
finest,2
empir,2
cloister,1
r=00004961200209faf,1
wild,2
pleasur,2
r=00004962900209faf,1
apr,3
s-ski,1
whole,9
r=00004964a00209faf,1
r=00004962d00209faf,1
r=00004968700209faf,1
r=00004961300209faf,1
elv,11
receipt,7
7th,5
cleveland,1
cavali,1
minnesota,1
timberwolv,1
salvat,1
temporari,4
cigna,1
healthcar,1
merck/medco,1
prescript,1
drug,1
metlif,1
dental,1
//benefits.enron.com,1
4-digit,1
scroll,2
care/health,1
moon,5
619.696.3102,4
coyot,3
hq-09,2
101,3
92101,2
619.696.3108,2
619.540.5473,2
cmoon,3
semprasolutions.com,3
men,20
oop,1
lax,1
irrit,1
banana,1
withdraw,4
blender,1
cement,1
laid,2
chocol,3
bar,13
hip,2
coffe,5
rich,5
warm,10
cloth,1
matur,2
horoscop,1
mascara,1
emot,2
popcorn,1
snowstorm,1
lava,1
lamp,1
handicap,1
//explorer.msn.com/intl.asp,1
ir,5
unpaid,1
cent,3
penalti,1
seizur,1
paraleg,1
infact,1
citizen,1
u.s.a.,1
-grace,1
consensu,5
wesm,7
scrtf,3
industry-bas,2
integr,2
commiss,4
throughout,2
spectrum,1
inclus,1
docket,1
rm01-12-00,1
broadest,1
collabor,12
overse,5
protocol,2
complement,1
principl,1
shape,17
consider,3
www.nerc.com/committees/scrtf.html,1
neviu,1
609-452-8060,2
dave.neviu,1
//www.nerc.com/,1
gibb,1
r=000046cd20003893e,3
r=0000466500003893e,2
r=0000466a20003893,2
anaheim,3
orlean,2
r=0000466510003893e,2
r=0000466a30003893,2
r=0000466580003893e,1
r=0000466a60003893,1
eve,6
exot,1
bask,1
decad,1
break-out-the-bubbl,1
268,2
r=0000466aa0003893,1
wherev,1
r=0000466590003893e,1
r=0000466ae0003893,1
r=0000466520003893e,1
family-styl,1
419,1
dispsection=8,2
destid=601722,1
r=00004665a0003893,1
r=0000466a70003893,1
hyatt,2
mondrian,1
r=000046c780003893e,1
r=000046ce60003893,1
63,1
r=00004665b0003893e,1
r=0000466af0003893,1
349,1
d=05/01/02,1
pex=364,1
649,1
i=748749,1
v=218,1
pex=366,1
riviera/baja,1
holland,1
999,1
i=821545,1
c=24,1
v=114,1
pex=367,1
r=000046cba0003893,1
r=000046cbc0003893e,1
r=000046c790003893e,1
r=000046cee0003893,1
fineri,1
r=000046cd40003893e,1
r=000046cbe0003893,1
r=000046ce70003893,1
r=000046cd60003893e,1
extens,14
888-877-7757,1
toll,1
enw,1
1-800-973-6766,1
1-800-97-enron,1
31411,1
helpdesk,1
toll-fre,1
connect,5
voicemail,3
omaha,1
modem,2
646,1
prefix,1
aviat,1
center-houston,1
713-345-4745,1
888-465-4745,1
center-omaha,1
402-398-7454,1
presidenti,11
mcpherson,8
bush,6
_____,3
//www.presidentialprayerteam.org,3
maj,2
john.mcpherson,2
langley.af.mil,2
cheri,12
salvitti,2
presidentialprayerteam.org,2
kwilisch,2
fuse.net,2
jesu,4
birth,4
christ,2
seal,2
strawberry29,5
acc/sfxc,1
12/25/01,1
6:57:15,1
wow,1
garvin,1
tgarvin,1
6:50,1
bell,3
HQ,1
acc/sfot,1
cindi,1
llewellyn,1
art,2
karen,11
11:41,1
http//,1
www.presidentialprayerteam.org,1
//216.157.79.171/christmas/chead.gif,1
generos,3
song,1
sing,2
hymn,1
familiar,3
carol,3
hallow,1
midst,2
extraordinari,1
evil,2
sacrif,1
gospel,1
luke,1
savior,1
mankind,1
incarn,1
earth,2
etern,2
tree,18
whitehous,1
//216.157.79.171/christmas/presidentbush.jpg,1
christmastim,1
reveal,1
embrac,2
gloriou,1
shine,2
forth,3
land,6
merri,2
georg,1
meaning,1
//www.presidentialprayerteam.org/signup.asp,1
//216.157.79.171/christmas/pptseal.gif,1
p.o,1
box,59
2300,2
orang,1
92859,1
520-797-7173,1
u.s.c,1
107,2
501,1
non-profit,2
advisor,5
leader,1
ppt,3
endors,2
polit,1
candid,7
campaign,1
tax-deduct,2
trademark,3
earthlink,2
wannna,1
7:29,4
snooze-fest,3
65-70,3
laundri,7
domino,3
sheet-she-m,3
woohoo,9
rfrr=-1410,4
r=000021fb3000997d2,4
r=000021f97000997d2,3
r=000021f70000997d2,3
r=000021f6c000997d2,2
winter,2
canc,3
n,4
r=000021fcb000997d2,1
r=000021f3f000997d2,1
skin,3
toe,2
beg,2
dig,4
coldest,1
featur,25
69,12
528,1
r=000021fe0000997d2,1
571,1
r=000021fd8000997d2,1
r=000021fb1000997d2,1
r=000021f7c000997d2,1
r=000021fe8000997d2,1
nine,2
r=000021fda000997d2,1
eleg,1
533,1
dispsection=27,1
destid=178279,1
1,186,1
chichen,1
itza,1
excurs,1
dispsection=26,1
destid=179995,1
r=000021fe1000997d2,1
89+per+night+for+stays+between+now+and+january+31,1
inn,1
57,1
2/4,1
hotelid=803008,1
57+per+night+for+stays+between+now+and+february+4,1
powder,1
r=000021f7f000997d2,1
r=000021fe9000997d2,1
elat,1
529,1
i=744761,1
v=35,1
pex=307,1
alaska/hubbard,1
i=747081,1
v=236,1
pex=308,1
brand-new,1
infin,1
899,1
i=758561,1
v=55,1
pex=309,1
r=000021fe2000997d2,1
jamaica,1
r=000021fd1000997d2,1
r=000021fb9000997d2,1
ruin,2
reef,2
calient,1
r=000021f71000997d2,1
r=000021fea000997d2,1
r=000021fd3000997d2,1
r=000021fbb000997d2,1
26-28,2
1-4,1
christian/stev,1
887-9131,1
1-800-449-7147,1
jan.,5
energy-trad,6
buyer,7
chu,2
bidder,2
j.p.,2
citigroup,2
Ct,1
jan.11,1
12/20/2001,1
ene,1
crucial,1
retent,1
key,15
J.,4
motion,2
expedit,2
faith,1
51,1
intellectu,1
bienenstock,1
weil,2
gotshal,2
mang,2
chase,2
1.5,3
debtor-in-possess,1
15-member,1
luc,1
despin,1
milbank,2
tweed,2
stave,1
-kathi,1
201-938-5392,1
kathy.chu,1
dowjones.com,1
analysi,5
i.e,14
u.,1
ernst,1
houlihan,1
lokey,1
howard,1
zukin,1
blackston,1
batcheld,1
andrew,3
kurth,1
glassford,1
gort,1
muller,1
julia,1
stoler,1
priorit,1
newli,1
merit,1
//www.nerc.com/standards/,1
prepay,14
seller,19
hall/christian,4
annuiti,36
undertak,3
apolog,8
inabl,2
procur,5
motiv,3
highest,2
fulfil,2
pre-petit,3
27th,2
modif,4
assess,6
portfolio,14
cherri,2
cah,2
464-8058,2
whoever,3
non,12
mtm,3
equal,5
prevent,10
twice,8
louis,2
arora,4
forster,2
neal,2
shive,2
sturm,2
fletcher,2
vicker,2
tycholiz,2
K=,2
someth=,1
ing,2
fundament,2
sql,19
cap,2
fsp,3
settle15,1
vm,1
lotu,34
marke=,1
ipc,1
=09kitchen,1
=09thursday,4
9:16,2
=09allen,1
arnold,1
do=,4
breslau,1
derek,1
dana,2
devri,1
grigsbi,1
herndon,1
lagrasta,1
luce,1
milnthor=,1
rob,1
evin,1
F=,1
rank,4
haedick,1
bradford,1
colwel,1
we=,13
beck,1
salli,1
georgeann,1
patrick,1
rick,2
port,1
oxley,2
rub,2
jenni,1
webb,1
da=,1
vid,1
zufferli,3
badeer,6
rosman,7
choi,7
P=,1
aul,1
gilbert-smith,1
doug,1
curr=,1
mitch,1
gaskil,1
Le,2
dain,1
R=,1
edmond,1
dougla,2
=09koehler,1
=09netco,1
stage,58
all=,1
identif=,1
to=,10
wo=,1
uld,1
koehler,1
close=,1
move/copi,1
specif=,1
ic,1
obtain,6
geof,1
storey,1
compil,2
elus,1
vish,45
8:36,4
poston,100
smith,167
venkataswami,94
vishwanatha,94
ran,30
re-open,10
export,19
screen_shot_pv_heavy_nov_8.ppt,1
rout,405
cursor,8
excel,85
pallett,6
chosen,13
grey,17
flag,36
red,4
btw,1
unrout,20
8:13,3
asem,144
re-ran,3
enter+shift,3
confrim,14
graini,3
dark,5
pattern,8
reset,4
snap,3
aggschedvol,8
nail,3
abandon,3
readi,39
re-test,3
queri,19
'asem,1
6/22,7
buildrout,13
baugham,2
psc,9
stamford,2
pre-schedul,46
app,63
pwrtestp,4
empti,7
'execut,1
'edit,2
atta,91
x31700,36
edit,44
psw/psc,3
'physic,1
recreat,6
non-nul,1
insert,14
'east,1
henc,1
display,12
12:02,1
0910,1
6/19,2
except,19
mous,3
6/20,8
row,92
non-phys,30
produc,17
mid,37
dialog,22
till,4
upload,20
c-1:53,8
rockies-0:22,8
1:11,9
0:49,8
timezon,6
selection-un,8
index,15
bound,14
workaround-would,6
messages.,6
csv,7
agg,6
sched,17
vol,6
thrill,6
1:29,9
printabl,8
19-223,8
housekeep,9
perhap,18
mucho,8
headach,9
warn,11
incorrect,8
rollout,2
dba,4
slightli,2
09:03,1
Wo,1
proper,11
4:17,1
11:03,4
physical/non-phys,2
eras,3
8:44,2
column,27
G,5
6/20/2001-6/20/2001,3
'pdt,3
push,6
visuali,3
pre-exist,6
excel-bas,3
reposit,3
c-13:27,5
rockies-2:23,5
7:56,5
5:12,7
guzman,13
70,19
20-30,6
popul,35
1:39,3
rumbl,5
cob_june20_useme.psc,3
mid_c_june20.psc,5
palo_june20.psc,3
rockies_june_20.psc,4
10:30,7
netmeet,2
syme,13
kate,18
wont,4
04:07,1
10:00am,1
pdt,2
setup,16
duplic,20
preschedworkspac,2
Id,5
mimic,13
snapshot,5
debug,2
02:34,2
morning/afternoon/even,2
whomev,2
testp,23
crew,4
re-run,8
august,106
8/23,12
cross,4
6/21,7
issues/differ,1
e.g,19
checkbox,3
retriev,8
questions/concern,3
09:46,1
8:03,1
param,2
'includ,2
ase,1
06:15,2
criteria.ppt,2
3:59,3
Im,3
discrep,4
screeen,3
critieria,3
07:23,3
08:05,3
poke,4
pop,16
ora-00001,3
uniqu,5
constraint,3
pwr.pk_schd_path_cut,3
wing,13
PV,16
6/23,8
load,20
vs,5
trigger,3
testing-wis,1
commenc,1
6/24/2001,1
menu,14
preschedw,5
editor,6
toolbar,6
R9,6
0000-2400,4
resuppli,11
10:36,1
vesion,1
sir,4
\powersys\stage\,1
08:51,1
automat,9
hide,2
popup,2
icon,5
imag,1
renam,5
ive,5
physicalandbookoutsummary_v2_54_westtestp.xl,5
purg,6
\portland\westdesk\scheduling\physicalandbookoutsummary_v2_54_westprod.xl,7
10:13,1
behind,4
7:45,1
'test,2
03:49,2
ultim,4
1:44,2
prob,3
pwrprodn,3
db,3
yer,4
macro,10
wouldnt,3
03:24,3
reluct,3
mess,7
strang,10
eh,4
1:20,8
03:09,4
03:08,4
bookout,28
\electric\schedule\process\west\stage\physicalandbookoutsummary_v2_54_westtest.xl,4
rocki,31
explan,23
np-15,13
sp-15,9
wscc-,26
wscc-n,26
zp-26,9
X,31
r10,7
r11,7
r12,9
columbia,15
midcolumbia,11
mid-columbia,3
r7a,5
pv_june22_limit,8
00000016,8
buy/resal,8
3-6,8
9-11,8
21-28,8
allegheney,8
cp,19
dbase,10
okay,3
R7,2
R8,2
9:17,2
Up,2
7:14,4
9:06,4
liveabl,2
6:51,9
4:11,3
wscc-s=r7,3
wscc-n=r8,3
1:53,3
equat,4
hierarchi,5
SW,21
preset,3
nifti,3
1:16,4
conf,22
catastroph,4
657854.1,4
epmicalpool,4
69-192,4
appar,4
2-45,4
R,11
inspect,4
detect,4
pv_june22_limited.psc,4
tran,8
-e-,10
por/pod,15
length,5
constel,8
antonio,6
repeatedli,7
breakout,4
incomplet,6
cumbersom,21
perciev,4
broken,8
overal,8
overlap,4
BE,1
sad,4
hurry-up-ed-,1
somebodi,1
'week,5
dump,4
sched_term,3
physicalandbookoutsummari,2
treat,3
physicalandbookoutsummary_v2_54.xl,2
launch,13
profil,3
pwr_user_default_set,2
fsummaryloc,2
DB,2
pwrstage,2
n/p,2
\electric\schedule\process\west\physicalandbookoutsummary_v2_54westtest.xl,1
pwrprod,2
\portland\westdesk\scheduling\physicalandbookoutsummary_v2_54westprod.xl,1
append,2
slower,9
text,21
rang,15
HE,13
0000,8
0200-0400,8
1000-1400,8
hour-ahead,10
easili,4
blown,6
nox,24
sox,18
coast,16
joaquin,15
sacremento,15
metro,15
voc,15
verd,24
midc,16
misc,3
sp15,6
zp26,4
R1,6
R6,6
reclaim,6
so2,6
y2k,6
ie,13
wrap,15
upper,20
iron,1
'sched_term,1
04:13,1
awesom,2
n/,8
s/n,4
r-9,1
upgrad,5
1:51,1
nwmisc,2
swmisc,2
'aggreg,2
11:42,2
11:35,3
r10-r11and,2
emiss,2
st-cali,2
lt-cali,2
st-sw,2
lt-sw,2
st-nw,2
lt-nw,2
stsw,2
primari,5
9:18,7
apart,6
rgcd,3
Rg,3
cba,3
csc,3
csj,3
csm,3
ctn,3
nymex,3
nba,4
nre,3
nsc,3
nsj,3
nsm,3
ntn,3
pba,3
psj,3
psm,3
ptn,3
sba,3
sre,3
ssc,3
ssj,3
ssm,3
stn,3
vba,3
vsc,3
vsj,3
vsm,3
vtn,3
10:08,6
CB,12
9:09,3
53209,12
10:39,6
blue,8
enabl,8
master-detail,6
sore,8
drag,6
shuffl,5
regular,11
midway-psc,11
error-check,7
accident,7
seelct,4
gobal,5
ciso_epmi_5001,5
path_cut,4
ino,4
hourli,11
'add-on,5
evalu,19
articul,6
hunt,7
Go,10
trans2,2
phi,6
questoin,2
re-typ,1
convert,8
invalid,13
variant,8
convers,15
re-past,4
\powersys\stag,5
10:04,1
crook,41
pathconfirm,1
decim,4
integ,1
re-labl,1
remarket,1
peer,1
prompt,3
caption,3
23rd,6
12:21,2
incorrectli,3
border,8
cont,2
zone,2
MW,18
build-rout,2
resav,2
june23midc.psc,2
region/desk,3
thirti,2
busbar,6
vagu,6
mead-230kv,3
corners-345kv,3
corners-230kv,3
juan,3
mona,4
tacoma,3
8:35,1
WS,1
creation,7
alias,27
bogu,3
everywher,3
text-thi,4
sentenc,6
pathconfirm.ex,1
allegheni,2
11:20,1
11:29,1
aet,1
aliaslist.xl,1
12:55,1
indelicato,10
kimberli,18
calpineen,1
calpin,1
alleghenen,1
cargillall-,1
cargil,1
hafslunden,1
hfet,1
nrgpowmar,3
amerelecpo,1
pose,2
shout,1
brett,19
nikolay,17
pate,12
3.0.1.7,3
kraltchev,10
ver,5
assign,22
x53492,6
pwrtestn,1
tulli,5
short-cut,1
8:46,1
QA,14
10:28,4
\powersys\stage\buildroute.ex,1
buip,1
\powersys\stage\ldroute.ex,1
713-345-7265,4
6:39,1
6:37,1
exact,5
urgenc,1
7:09,1
accid,1
enhanc,1
sempberg,1
mode,2
segreg,12
repeat,6
ignor,7
trans1,2
mistak,2
4:07,1
comprehend,1
nightmar,1
rundown,1
6/22/01,6
four-corn,4
230kv,4
optim,1
dealt,1
'workspac,1
bold,5
'clear,1
worksheet,6
02:43,1
12:24,3
01:27,2
1:19,3
12:31,2
345kv,2
ditto,1
holdup,1
overrid,1
bookend,1
misconstru,1
auto-s,4
vertic,1
particlar,1
block,3
tran1,3
f-7,2
ww/mead,4
123456,2
alter,1
habit,1
modifications/cut,1
whenev,2
interact,1
236891.1,1
30912345,1
logic,4
generation-marketer-e-tran,1
f-7-e-marketer-sink,1
ta,1
11:21,2
tranni,1
aps-,1
pv/ww,5
23055,1
hnf,1
prefer,12
Am,1
crack,1
dash,7
23305,6
sp15-ciso,2
sp15/pvd,2
22545,2
complic,8
testing-jun,3
pv-e-ap,4
464521,4
ap,4
pwx,4
123,4
output,1
slash-zero,1
rel,1
roughli,1
5-6,1
dramat,1
486140.1,1
308337.1,1
southwest,1
walc,1
ciso_epmi_5001-epmicalpooap,1
-valleyal,1
deal-,1
ciso_epmi_5001-epmicalpoo-ap,1
-valley-al,1
end-task,1
imbed,2
reduct,1
redund,1
5:53,1
meantim,9
alphanumer,2
comparison,9
descript,13
dilig,2
6:23,2
004ed7e3,2
modul,5
'preschedws.ex,2
00000000,5
weak,2
f-walc,2
mnf-epmi-nevp,2
-walc,2
-nevp,2
boundari,2
passed.upstream-supply-e-trans-trans-trans-market-downstream.right,2
guess-work,2
tier,2
mandatori,3
hotspot,2
mead-230,4
mead-do,2
mead-sc,2
re-popul,4
7:06,2
border2,4
resembl,5
upstream-supply-e-tran1,4
-e-tran2,4
-market-downstream,4
ora-02289,4
sequenc,4
'get,3
unstabl,3
blob,3
buffer,3
11:33,1
into-system,1
7-13,1
alia,12
4:21,2
37,2
exlud,2
megawatt,3
mis-match,2
corrupt,2
attack,3
angl,2
workabl,3
versatil,2
useabl,2
2.i,2
expan,2
variat,2
beig,2
alot,4
'tweak,2
standpoint,1
portion,2
font/color,1
pinw,3
demo,3
confim,1
allevi,1
bottleneck,1
3.a,1
3.b,1
3.c,1
workspace-june20,1
345,1
usabl,1
disconnect,1
pinnaclew,3
cryptic,1
acronym,3
1.each,1
thread,1
12-14,1
35,5
shift,4
remaind,1
committ,1
duke,7
aquila,2
edison,2
avista,2
workspace/confirm,1
anxieti,1
tweak,3
onward,1
fog,1
dukeenetra,1
detm,1
re-do,1
1:41,2
fussi,1
harder,2
sens,3
grab,3
aquilacorp,1
canadian,1
differenti,2
dukeenentra-,1
mscapgp,1
edisonmisim,1
idacorpen,1
idacorp,1
avistaen,1
lemmi,2
o.k,1
12:59,2
scem,1
advic,6
presch,2
11:45,3
9:36,1
thorough,3
10:42,2
corners-345,2
4:43,3
1:12,4
virginia,20
hr,1
MP,2
thompson,13
28596,2
02/05/2002,4
1:42,1
comma,1
delimit,1
11:46,1
fella,1
go-ahead,2
10-15,1
run.,1
J,8
N,9
hint,1
=09smith,18
=09monday,18
=09semperg,18
=09re,10
=09bentley,13
visibl,18
r,7
when=,10
t=,11
st,12
s=,12
you=,1
conveneinc,1
11:28,3
11:08,7
coun=,4
terparti,4
each=,4
tab,19
ole,13
object,15
bitmap,24
takes=,4
12:52,5
=09fw,4
run=,5
ning,8
schedu=,5
ler,5
10:40,5
=09test,5
local=,6
re-arrang,6
bom,8
R.,10
intact,6
previ=,6
ousli,6
sucess,9
on-=,6
18-paloverde-day,6
mask,9
activated-report,6
eal,6
cumul,6
testabl,6
produ=,6
ction,6
incarn=,6
ation,6
mulitpl,6
previous=,6
ly,6
shou=,6
ld,6
navig,7
exec=,6
ute,6
will=,6
contunu,6
the=,9
acheiv,6
slate,6
total=,6
mwh,14
functi=,6
bar=,6
steadi,6
progress,12
15-17,6
longe=,6
li=,6
ol,8
I=,6
bde,6
tart,6
1899,6
server=,6
encou=,6
rage,6
us=,6
er,6
w=,6
hat,6
c=,6
omplic,6
p=,6
eak,6
cells=,6
scheduler=,6
pr=,6
operli,6
heet,6
confirmati=,6
canno=,6
froze=,6
examin,7
furthe=,6
r.,6
production=,6
copy-past,6
connectivity=,6
blowi=,6
ng,6
thr=,6
ough,6
are=,6
Y,7
1.0.0.33,4
10:58,3
12:35,2
melissa,4
couterparti,3
tabledit.ex,2
8:56,3
defens,1
scratch,3
forgotten,3
7:34,1
1:59,1
issues/enhanc,1
oracl,2
unsatisfactori,1
puzzl,13
16th,14
reschedul,7
mw,10
re-set,4
12:08,4
1:49,5
RT,7
retract,4
tantra,1
troubl,3
weekli,6
richard,8
prototyp,1
shade,1
2:32,1
surfac,2
12:03,2
7/15,2
10:01,2
hedstrom,2
peggi,2
dupuy,2
mckeel,2
murphi,2
brackett,3
coulter,2
kayn,2
evan,2
casey,2
burchfield,3
perlman,3
beth,4
marryott,3
gupta,2
sanjay,2
kumar,2
madhup,2
nommensen,9
scorecard,2
062201.doc,2
glad,16
redo,2
imposs,1
reevalu,1
rewrit,1
1:09,2
11:07,1
saving/open,2
5:19,3
may_o2_pv.psc,3
viewer,3
re-design,3
may2pvhlhdata.xl,3
anxiou,4
experienc,3
saving/load,1
avaiabl,1
altogeth,1
sampl,1
auto-rout,5
pad,13
bir,1
marc,1
boryshpol,1
kostyantyn,1
gover,1
guido,1
kroumov,1
kroum,1
chung,1
presley,1
zajda,1
juliu,1
annouc,2
minor,7
instal,3
TS,2
signific,3
offlin,2
toward,4
90,1
75,1
aggreg,3
construct,2
3:53,1
2:33,1
7-18,1
entergypow,1
entergi,8
block/entri,1
VB,2
posibl,1
8:58,1
F,5
smith/enron,1
enronxg,1
04/05/2001,1
07:57,1
cdt,1
semperger/pdx/ect,2
ect,4
local/network,2
inaccess,2
unavail,9
auto-run,2
flexibl,2
smith/hou/ect,2
spec,3
scope,2
gracia,1
aldi,4
aid,1
visual,3
hours_cheatsheet.ppt,1
linear,2
0100,2
0200,2
0300,2
2200,2
heavi,4
1-24,6
inclusion/discuss,1
pleasant,1
10:56,1
mtw=,1
+1,1
th=f-,1
fri=,1
mon,1
vari,3
4-8,1
4-april,1
expresss,1
............,1
2300,2400,1
0700-,1
pst,11
00,1
he7,1
mtwtfs=,1
1-6,1
23-24,3
48,1
divid,4
0030,1
0130,1
0230,1
0330,1
........,1
2330,1
2400,1
4/1/01-4/30/01,1
glenn,1
pdx,1
terms.doc,1
allw,2
audit,4
blackberri,3
www.blackberry.net,3
sap,3
finger,1
10:51,1
thankyou,2
thankyouthanky,2
queen,2
parrellel,2
rawson,14
coordinator/,3
503-464-8297,8
lift,7
sheetsheemi,3
11:32,2
yoko,4
mmmmmmmmmmmmmmmmmmmmmmmmmmm,2
dr.,4
soot,2
knot,2
incis,2
oh,3
gym,2
slowli,4
jerki,2
albacor,2
sashimi,2
carolin,11
emmert,7
fabul,1
11:27,2
11:25,4
mtg,4
quadrant,4
business/commerci,2
Re,6
nerc/naesb,1
background,1
nyc,1
atlanta,2
denni,1
bpa/western,1
conferenc,1
21st,2
segment,3
ferc/canada/st,1
commissions/rto,1
umbrella,1
electric/ga,1
somewhat,1
inextric,1
practices/standard,1
prescribed/pre-approv,1
ansi,1
governance/membership,1
criteria-,1
ansi-approv,1
www.naesb.org,1
rm01-12-000,1
12/19/01,1
bot,3
squar,1
Mo,29
elafandi,20
trading/scedul,18
9:30,13
9:21,4
represen,4
logist,9
ec,12
4712,9
mo-,9
w-2,1
d.n,2
10:50,2
9:48,4
503-702-9846,5
cutov,3
erequest,1
urgent,22
2/1/2002,24
millergd,4
encorp.com,4
laurent,13
mors,14
a.,14
b.,14
c.,14
d.,14
9:40,2
grief,2
9:28,2
cut-ov,4
conting,5
staff,10
UM,5
nobodi,6
7:03,5
1.,7
4th,15
code-,7
2.,7
3.,7
4.,7
/electric/schedule/comed/2002/comed-feb-2002,7
cinergi,7
/electric/schedule/ecar/2002/ecar-feb-002,7
/electric/schedule/spp/2002/entergy-feb2002,7
pjm,7
/electric/schedule/pjm/pjm-2002/pjm-feb2002,7
wepco,7
414-221-4398,7
vepco,7
804-273-4477,7
koch,7
713-544-5523,7
860-665-3654,7
mpex,7
612-332-1289,7
envelop,3
jori,1
dan,3
era.com,1
150-250,1
9:02,1
|,4
//www.expedia.com/daily/promos/packages/mexico_promo/default.asp,3
//cruises.expedia.com/cruises/show_cruise.asp,3
//ads.expedia.com/click.ng/tpid=1,2
location=emailtr,2
fort,2
d=2/1/2002,2
mayan,2
//www.expedia.com/daily/packages/default.asp,1
page=start,1
goto=map,1
//www.expedia.com/daily/business/default.asp,1
//www.expedia.com/daily/service/,1
placement=emailacol,1
sugari,1
cancun,1
playa,1
del,1
carmen,1
448,1
hideaway,2
//www.expedia.com/daily/deals/msn/images/icon_air.gif,1
198,1
//www.expedia.com/daily/advert/ba_3greatcities/default.asp,1
//www.expedia.com/daily/promos/usairwayswebfares/default.asp,1
//www.expedia.com/daily/promos/bargainfares/default.asp,1
//www.expedia.com/daily/deals/flights/default.asp,1
//www.expedia.com/daily/deals/msn/images/icon_hotel.gif,1
hilton,1
//www.expedia.com/daily/deals/hotel/nyc.asp,1
washington,1
d.c.,1
melros,1
hotelid=22903,1
119+per+night+for+stays+between+february+1+and+february+28.+book+today+and+sav,1
sheraton,1
marina,1
hotelid=11109,1
129+per+night+for+stays+between+now+and+march+31.+book+today+and+sav,1
//www.expedia.com/daily/deals/hoteldeals.asp,1
//www.expedia.com/daily/deals/msn/images/icon_package.gif,1
roomi,1
364,1
dispsection=6,1
destid=178294,1
bull,2
knick,1
//www.expedia.com/daily/deals/packages/seasonal/orlando_basketball.asp,1
711,1
destid=179991,1
aruba,1
838,1
destid=601713,1
weekday,1
lake,2
taho,1
//www.expedia.com/daily/deals/packages/ski/northlaketahoe.asp,1
//www.expedia.com/daily/deals/packages.asp,1
//www.expedia.com/daily/deals/msn/images/icon_cruise.gif,1
449,1
d2=8/31/2002,1
i=742545,1
v=221,1
pex=533,1
d2=9/1/2002,1
i=749229,1
v=51,1
pex=534,1
//www.expedia.com/daily/common/images/gold,1
bullet.gif,1
11-day,1
1,049,1
oahu,1
maui,1
i=832966,1
v=219,1
pex=535,1
//cruises.expedia.com/promotion/lmcruisespecials.html,1
spice,1
fame,1
vibrant,1
//www.expedia.com/daily/slideshow/puertovallarta/default.asp,1
dive,1
trek,1
taste-test,1
tequila,1
//www.expedia.com/daily/slideshow/cancun/default.asp,1
golf,1
kayak,1
laze,1
//www.expedia.com/daily/slideshow/cabosanlucas/default.asp,1
placement=emailbodi,1
message-id,1
20020131214619.a588.233655-57,1
customermail.expedia.com,1
shirley,2
638,8
tariff,4
tm,4
bullet,1
submitt,1
etc.,1
superced,1
forma,4
element,4
trading/tracking/util,1
add/subtract,1
resales/notic,1
thereof,1
languag,1
ancillari,6
anc,1
bulk,1
bp2,17
buckmier,1
m.-,1
3:01,1
rehman,1
asnd,1
copnfer,1
career,9
ghcf,4
foundat,3
ex-employe,2
mdpc,2
re-ent,2
workforc,2
//careerservices.enron.com/,1
1,300,1
recruit,2
3,500,1
600,3
gulf,1
urban,1
leagu,1
intervent,1
landlord,1
defer,2
713-268-6458,1
4550,1
oak,1
317,1
77027,1
payabl,1
713-533-4598,1
1-800-493-4598,1
humbl,1
//www.eerfa.com,1
eerfarequest,1
surfmk.com,1
non-memb,1
workshop,18
topic,2
discretionari,1
short-term,1
holist,1
713-953-2550,1
ext,3
180,1
utah,2
12/1/01,2
533980.4,2
management-portland,5
name=09first,6
disposit,7
Ed,6
war=,2
burg,2
=09belden,3
12:01,4
=09dl-portland,3
=09offic,2
what=,3
transpir,3
apologi=,3
zing,3
broad,3
peo=,3
ple,3
through=,3
wh=,3
happen=,3
addi=,3
tion,3
portland-bas,3
ac=,3
cept,3
name=09last,3
name=09,3
amador=09susan=09oh=09john=09,3
anderson=09john=09platter=09m=09,3
bulbes=09victor=09postlethwaite=09john=09,3
chang=09fang-tzu=09richter=09jeffrey=09,3
chatterton=09jill=09robinson=09donald=09,3
crandall=09sean=09salisbury=09holden=09,3
cutsforth=09diane=09scholtes=09diana=09,3
dasovich=09jeff=09semperger=09cara=09,3
davidson=09debra=09sheidun=09donna=09,3
dean=09craig=09shields=09jeffrey=09,3
dunton=09heather=09slinger=09ryan=09,3
etringer=09michael=09solberg=09geir=09,3
gilbert=09michael,3
=09steiner=09david=09,3
gustafson=09mollie=09stokley=09marlin,3
=09,3
hall=09stephen=09swain=09stephen=09,3
heizenrader=09timothy=09swerzbin=09michael=09,3
kandaswamy=09balachandar=09thomas=09jacob=09,3
lackey=09christopher=09thome=09stephen=09,3
lee=09eugene=09van,3
houten=09maria=09,3
mallory=09patrick,3
=09villeggiante=09theresa=09,3
mcdonald=09michael=09wente=09laura=09,3
meyer=09james=09williams=09william,3
j=09,3
meyers=09albert=09woodland=09andrea=09,3
mier=09michael=09yoder=09christian=09,3
nelson=09kourtney=09=09=09,3
no=,3
lo=,3
prima=,3
ry,3
of.=,3
already=,3
parquet,3
effor=,3
co=,3
mmoditi,3
company.=,3
ric=,3
hter,3
ta=,3
lking,3
coordinate=,3
loca=,3
ted,3
occoupi,3
hop=,3
within=,3
hur=,3
dle,3
on=,3
cooperation=,3
horribl,8
enr=,3
unfold,3
news,9
f=,3
ind,3
deepli,3
sadden,3
breakup,3
a=,3
wesom,3
remai=,3
this=,3
distinct,6
2/2/2002,12
envis,4
filenet,4
panagon,4
idm,4
1/31/2002,4
5:30:00,2
11:00:00,2
disk,2
corporate-wid,2
desktop,3
R3,2
captur,5
profession,6
ibuyit,2
ipayit,2
vollmer,2
713-853-3381,2
rye,2
713-345-3022,2
2/4/2002,1
11:30:00,1
2/3/2002,1
1:30:00,1
nahou-squfy04,1
skinner,1
713-345-9334,1
713-286-5308,1
warner,2
713-345-1756,1
eeshou-dbrg,1
w2k,1
restor,3
configur,3
tape,1
backup,2
nguyen,1
jame,6
713-345-6137,1
repair,2
4:00:00,1
reindex,1
tip,1
compliant,1
midnight,1
3:08,1
11:58,1
EB,2
3133,2
713-870-4329,2
id=000000000082062,1
000000000082062,1
1/31/02,5
12:07:37,1
straiten,1
Ok,1
3.doc,16
tsmith,6
tristategt.org,6
8:08,6
particp,7
8:19,7
confcal,8
31th,8
bp3.doc,8
specific,8
justif,8
gossip,2
congrat,2
beed,2
heads-down,2
sniglet,2
await,2
pge,5
7:33,1
identif,3
01/31/2002,4
28458,2
w/azps/azps-azps/fourcorne345,2
fourcorne345,2
non-firm,2
02/01/2002,2
fidrych,1
wapa,2
01/31/02,1
08:14am,1
8:14,1
id=000000000082032,4
000000000082032,4
9:10:49,4
larry_cash,4
enron.net,4
rate_mgmt,1
audit_view,1
id=000000000081792,1
000000000081792,1
1/29/02,1
8:29:48,1
sudheer.kannantha,1
deal_clear,1
ebay,5
//emailpics.ebay.com/340044274/images/spacer.gif,4
CD,4
//click.ebay.com/2476150.4720.0.137,2
//click.ebay.com/2476150.4720.0.2960,2
valentin,2
//emailpics.ebay.com/340044274/images/valentine2_bordercolor.gif,2
//click.ebay.com/2476150.4720.0.2976,2
//click.ebay.com/2476150.4720.0.667,2
//click.ebay.com/2476150.4720.0.2956,2
14.99,2
//click.ebay.com/2476150.4720.0.2923,2
//click.ebay.com/2476150.4720.0.3011,2
diamond,1
pendant,1
camera,1
prom,1
player,1
lover,1
danc,7
fool,2
chocolat,1
//click.ebay.com/2476150.4720.0.2968,1
5.99,1
//click.ebay.com/2476150.4720.0.2969,1
pearl,1
harbor,4
//click.ebay.com/2476150.4720.0.2970,1
sade,1
6.75,1
//click.ebay.com/2476150.4720.0.2971,1
//emailpics.ebay.com/340044274/images/valentine1_bottom.gif,1
content,3
tommi,1
fashion,1
outlet,1
champagn,1
wine,2
//click.ebay.com/2476150.4720.0.132,1
privaci,2
//click.ebay.com/2476150.4720.0.133,1
//click.ebay.com/2476150.4720.0.134,1
logo,4
//click.ebay.com/2476150.4720.0.-2,1
queu,6
rollov,6
1.4,4
diagram,4
supersed,4
4.6,4
counteroff,3
reassign,3
pterri,3
patt,3
4.12,3
capacity_gr,3
rebid,3
displac,3
osc,2
reject,2
john_cald,2
dom.com,2
pwrteam.com,2
4.7,2
tsip,2
denial,2
01/29/2002,2
owner-estf,2
ne,2
rc.com,2
impli,3
secondari,3
sharon.r.mil,1
xcelenergy.com,1
1:05,2
caution,1
mere,1
2-5,1
subset,1
slap,1
rare,3
thoroughli,1
architectur,3
ibm,1
xcel,1
612-330-5946,1
8:12,1
pdf,1
threw,3
4.6.vi,1
stand-alon,1
calder,1
dominion,1
oasis1-4scp-rm95-9-final.pdf,1
improp,1
received=,1
acknowledg,1
study=,1
counteroffer=,1
approved/accept,1
node,1
condit,3
confirmed=,1
overridden,1
annul,1
withdrawn=,1
displaced=,1
annulled=,1
mutual,1
void,2
retracted=,1
calder/es/vancpow,1
pwrte,1
am.com,1
02:46,1
31st,1
pre-confirm,1
4.10,1
semant,1
frame,3
confirmed.,1
4.9,1
placehold,1
ident,2
4.11,1
contradict,1
explicit,1
contractu,2
convey,1
tsp,1
exelon,1
610-765-6602,1
wap,1
bcc,1
terris/pow,1
a.gov,1
01/28/2002,1
11:19,1
id=000000000081999,1
000000000081999,1
4:04:45,1
joseph.piotrowski,1
5:00pm,1
//www.corporate-ir.net/ireye/ir_site.zhtml,2
ticker=en,2
script=2400,2
item_,1
perrino,7
dave.perrino,2
rtoadvisors.com,2
repond,1
maniplu,1
bayarea.com,1
siliconvalley.com,1
11:15:18,1
strike,1
robinhood,1
pnw,1
//www0.mercurycenter.com/premium/front/docs/enron30.htm,1
bayarea,1
//www.bayarea.com,1
husband,12
abbi,10
Q,7
oral,6
cook,6
meal,8
foreplay,3
clitori,2
selfish,2
yahoo,2
premierpumpcompani,1
attbi.com,8
premier,1
threesom,1
roommat,1
apprehens,1
sperm,1
glow,2
interestingli,1
selfless,1
perfectli,1
prowess,1
stabl,1
videotap,1
eas,1
guilt,1
delici,1
uninterest,1
sensit,2
peski,1
mood,1
orgasm,1
__________________________________________________,1
//auctions.yahoo.com,1
mcmahon,1
11:00am,1
40700,3
40719,1
cod,2
3:45,2
40716,2
yellow,2
//172.17.172.62/inf/default.html,1
princeton,6
villag,6
609,4
same-tim,2
II,2
legitim,2
//www.nerc.net/esc,2
//www.nerc.net/esc/relatedfiles.asp,2
gordon,5
gordon.scott,2
nerc.net,4
forrest,3
116-390,3
boulevard,3
08540,3
452-8060,2
452-9550,2
barbara.bogenrief,3
era,5
realti,2
molalla.net,2
preapprov,1
bedroom,2
bathroom,1
aime,1
118a,1
robbin,1
PO,2
193,1
molalla,1
oregon,4
97038,1
503.829.5405,1
503.829.5420,1
www.rmls.com,1
//www.rmls.com,1
www.era.com,1
//www.era.com,1
www.realtor.com,1
//www.realtor.com,1
www.molalla.net/~city/,1
//www.molalla.net/~city/,1
www.eramolalla.locality.com,1
//www.eramolalla.locality.com,1
//www.mortgagesvcs.com/site/main/default.html,1
cid=80457,1
exhibit,1
memo,1
12:40,1
guinn,1
interoffic,2
//www.zone.msn.com/doubletrouble/,1
only.xl,1
systemat,1
cuti,2
pie,3
invit,10
appet,1
fernando,1
824,1
avenu,1
upstair,1
merch,1
pharmaceut,1
fmla,3
slacker,1
babysitt,3
gymbore,1
calgar,1
chunk,1
128,1
encrypt,1
denver/april,1
12:25,1
ubs-w,7
space,13
restrict,3
regularli,1
meanwhil,1
enthusiasm,1
____________________________________________________________________,1
recept,1
photograph,1
simultan,1
713-853-5360,1
premis,1
ring,4
cafeteria,1
8535360,1
mcauliff,1
713-853-7468,1
9th,3
22nd,2
34th,1
counterpart,1
contractor,2
badg,1
cultur,8
zurich,2
//finance.yahoo.com/q,2
d=t,2
rogu,2
banker,3
pretax,2
doubt,5
wuffli,2
businessweek,1
tame,1
thornton,1
fairlamb,1
stephani,2
forest,1
dyn,1
s=dyn,1
//biz.yahoo.com/n/d/dyn.html,1
flagship,1
fled,1
avalanch,1
scandal,2
switzerland,1
-base,1
s=ub,1
//biz.yahoo.com/n/u/ubs.html,1
albeit,1
conserv,1
impos,1
farfetch,1
rack,1
BW,1
2/11/02,1
pledg,1
625,1
swagger,1
clash,1
masters-of-the-univers,1
undiminish,1
freewheel,2
high-risk,1
fixed-incom,1
undisclos,1
hutchin,1
co-head,1
persuad,2
tough,1
66,1
12.2,1
131,1
ubs'er,1
abid,1
tighter,1
insist,2
rosi,1
delus,1
partli,1
diversifi,1
antitrust,1
costa,1
arguabl,1
fraught,1
dietert,1
simmon,1
appetit,1
chalet,1
www.businessweek.com,1
//rd.yahoo.com/finance/editorial/bizwk/,1
//www.businessweek.com,1
06980,1
orient,5
alpha-ord,1
10am-12,1
2pm-,1
altern,4
A-,1
K,2
2pm,1
l-z,1
rsvp,2
IF,1
SO,6
unsecur,1
tribolet,1
mellencamp,1
disclos,1
ethic,1
promptli,1
aug,2
\electric\schedule\process\west\physicalandbookoutsummary_v254westtest.xl,1
\portland\westdesk\scheduling\physicalandbookoutsummary_v254westprod.xl,1
notat,2
3:55,1
03:34,1
reopen,1
frozen,2
suddenli,3
charact,3
idacciso0010,1
srp_wesc101p_ciso,1
increas,2
ora_01401,1
re-sav,1
problemat,1
igno,1
counterpari,1
span,1
0730,1
1015,1
deals.xl,9
michel,4
doorstep,3
curv,2
dalia,2
minal,2
john-,1
mgmt,2
trace,3
dpr,13
g/l,1
12:28,1
sample.xl,1
12:11,3
omar,1
taha,1
mar,1
8/20,1
cpssa,2
newenergi,4
rainbow,4
2:34,1
2:06,2
1:45,4
1:43,2
81385,2
newpowcom,2
newpow,2
fpl,2
68254,2
fplenepow,2
FP,2
69121,2
ae,2
55947,2
nevi,2
103418,2
northerst,2
nsp,2
51164,2
rainbowen,2
tenaska,2
53323,2
tenaskapow,2
tnsk,2
3:19,1
16-22,1
9:03,1
713.345.7810,2
calpx,1
epe,22
clemon,13
wolf,7
blend,3
503-464-3814,2
rio,1
nov.xl,1
carp,11
pma,6
pma',3
66,500,7
65,400,3
199,500,4
true,3
196,200,2
varianc,2
flash,2
hmmmm,1
-heather,3
9:53,1
.......,1
1:48,1
wise,2
count,1
5:29,1
132,000,1
133,000,1
539126,3
2216,1
538832,1
2180,1
neg,1
discript,1
intra-month,1
tru,1
glitch,1
adjust,5
gratif,1
mis-inform,1
hi-light,1
patienc,2
scienc,1
buy-resal,1
503-464-3939,1
3:11,2
43,708.25,2
fromt,1
figuir,1
besid,1
-the,1
reconcili,1
3:17,3
rodger,3
puc,4
pete,3
08/06/2001,3
pserrano/epec,2
kpeterso,2
.25,2
fold,2
methodolog,2
11:43,1
11:34,1
epec,1
kpeterso/epec,1
11:18,1
08/01/2001,1
11:46:01,1
epelectric.com,1
lisa.gang,1
greg.wolf,1
billi,3
ammend,1
formula,1
e-m,1
smoothli,1
sept.,1
sacramento,3
sistah,1
877,2
464-7779,2
ph,2
464-3740,3
fx,2
stacy.runswick,2
1330,15
50mw,7
4/1/01,8
1,330,4
he3,1
2:19,1
daylight,3
4/1,2
4/30,2
nik,3
pc,2
9:51,2
1-30,2
he1-2,2
he4-24,2
4/2/01,2
4/30/01,2
he1-24,2
3strip,2
amend,2
steve/christian,1
perspect,1
palat,1
futil,1
plain,3
preced,1
1:00,3
break-down,3
cogen,2
wheelabr,2
stanley,3
arco,1
delano,1
pilot,2
np15,1
nove,1
martel,1
shasta,1
frontier,1
willamett,1
LV,1
saguaro,1
7:15,1
6:54,1
absent,1
cwi,4
usernam,3
enron5,2
epm,1
line1,1
121,5
salmon,5
line2,1
3wtc0306,2
97204,4
464-3814,4
transmission/demand,1
10/11/2001,1
13:25:30.907,1
656,1
flip,3
questionnair,2
felt,4
theotonio,2
attende,3
stimul,1
unedit,1
oblivi,1
outlin,3
cowork,1
timelin,2
10/10/01,1
10/31/01,1
11/16/01,1
program/rol,1
11/23/01,1
12/07/01,1
01/21/02,1
02/08/02,1
unknown,4
timeli,1
notes.doc,1
results.doc,1
jersey,1
122,1
609-452-9550,1
john.theotonio,1
i/t,1
exposur,1
3-4,2
11:10,3
'mark.hackney,1
aps.com',1
re-clarifi,1
assumpt,1
oct.,1
464-3807,1
sept,4
HV,1
448835.1,2
330315.1,1
Q4,1
281938.1,1
tara,4
externaltestenron_instructions.doc,1
beauti,10
cherish,3
hooki,4
shutdown,5
lazi,4
veg,4
snack,3
pet,3
cat,3
fireplac,3
bye,3
kitten,4
lunch,5
undersign,1
provis,1
feast,1
laughter,2
gratitud,1
scarf,1
brew,1
co-work,1
cordial,1
pre-holiday,1
a.m,1
hereinaft,1
salad,2
post-petit,1
expos,1
retroact,1
claw-back,1
beverag,2
provision,1
waiver,1
defunct,1
liquor,1
sought,1
modest,1
gestur,1
optimist,1
prospect,2
prosper,2
wierd,1
vend,5
intimid,1
810-1105,1
simul,2
intermitt,1
7:44,1
763-553-2725,4
laugh,4
palm,3
woke,1
bubbl,1
bath,4
toenail,1
lotion,1
drove,1
steeli,1
useless,1
......................,1
..............................,1
supris,2
drunken,1
outta,1
ti,1
..............,1
yerd,1
charlott,1
503-810-1105,1
11:04,3
y'all,3
pahio,2
straight,3
.............................................,1
mom,12
marri,2
women,1
planet,1
quiet,1
diminish,1
desper,1
tens,2
weird,2
angri,1
everytim,1
503/810-1105,2
boss,2
year-old,12
ahold,1
drexler,1
basketbal,1
mother,2
lynn,5
bunch,3
bag,2
clearli,2
label,3
red/gold,2
jolli,2
==============,2
selena,2
sam,2
zurita,2
felip,2
carolina,2
pruitt,2
laveria,2
deltric,2
month-old,2
stadium,2
florida,1
upset,6
anger,1
seahawk,1
horrbil,1
rain,1
wind,2
dri,1
non-ub,1
flat,1
750,1
kevin.burn,1
5:10,1
sylvia,4
ladyrich,2
mj-rich12,5
yard,4
earthlink.com,1
cjs_1969,1
tger,2
se,1
inlin,1
12:50:59,1
gmt,1
harvey,3
goodman,2
3:16,2
monti,4
jacki,3
holi,2
paw,2
kill,2
hitchenbrook,2
airman,2
station,3
elmendorf,2
1600lb,2
stood,2
gun,2
tedpaw.jpg,2
tedbear1.jpg,2
hotmail,2
//www.hotmail.com,2
drawer,1
natali,2
shot,1
react,1
frighten,1
presenc,1
afford,1
elliot,9
emainz,6
mainzer,7
egg,4
nog,4
perri,9
shoe,4
bob.bad,3
aep.com,6
scare,1
8:31,2
848-7684,2
6:29,2
jennif,3
jbryson_11,2
buerkl,3
mike.etring,2
chris.fost,2
dfrost,2
mba2000.hbs.edu,2
mollyful,2
guillaumed00,2
samantha,3
chris_mumm,2
tngo,2
joh,2
jonalan,2
phil.platt,2
ranc,4
les.rawson,2
marykatesym,2
steve.thom,2
jmvg4,2
19th,2
6:30,2
2797,2
greenway,2
227-8531,2
4:51,1
sister,2
rich/mcpherson,1
ralli,1
9:13,1
glisan,1
hoyt,1
liver,1
transplant,1
workman,1
comp,4
decompress,1
sushi,1
Me,2
W,3
koji,1
ish,3
8:47,2
moron,3
'all,1
circuit,1
rigney,3
shankman,3
`,3
victim,2
champion,2
darwinian,2
guerrero,2
cantrel,2
dec.,2
fortun,2
graduat,2
m.b.a.,2
worker,2
29-year-old,2
skill,2
pulp,2
headquart,2
walthal,2
nicolay,1
christi,1
novosel,1
sarah,3
alvarez,1
blair,1
dasovich,1
kaufman,1
malowney,2
mara,1
lester,11
walton,1
Ex,1
barboza,1
ouston,1
vision,1
obfusc,1
5,600,1
recess,1
evapor,1
furiou,1
bungl,1
wors,2
lament,1
entrepreneuri,1
behemoth,1
almost,4
manic,1
conquer,1
downfal,1
clich,1
transform,1
tap,1
450,1
rotat,1
divis,1
wharton,1
34,1
encumb,1
gari,1
hamel,1
prais,2
convent,1
entrepreneur,1
magazin,1
makeov,1
jeffrey,4
mckinsey,1
marketplac,1
janel,1
33,1
ponder,1
mover,1
rapidli,1
lumber,1
broke,1
spinoff,1
metal,1
wast,1
dissent,1
drank,1
kool-aid,1
throb,1
expans,1
undon,1
shaki,1
borrow,1
buzz,1
radvanski,1
38,1
freight,1
invent,2
flourish,1
agreeabl,1
impuls,1
cutthroat,1
arrog,1
phenomenon,1
padew,1
kill-and-eat,1
darwin,1
undermin,1
compens,1
long-term,1
bottom,1
weed,1
moral,1
longtim,1
unwant,1
becki,1
oldest,1
revel,1
derring-do,1
atmospher,1
cring,1
stodgi,1
brag,1
meat-and-potato,1
nebraska,1
hyperact,1
televis,1
film,1
weep,1
shimmer,1
40-stori,1
tower,1
balloon,1
brazil,1
india,1
alumni,1
chronicl,1
epitom,1
outrag,1
swiftli,1
script,5
\scripts\enpower.vb,1
476,1
char,1
800a0046,1
vbscript,1
runtim,1
tisn,2
12:30,1
caiso,1
newco,1
undeliver,1
503.464.5066,1
503.701.1160,1
3wtc,2
0306,2
503.464.3740,6
talent,1
benefici,1
cri,2
un,1
'catch,1
struggl,1
unfaith,1
3:26,1
cjs1969,1
garcia5mk,1
quigleymp,1
psalm139child,1
ateam36,1
irishgirl94,1
excite.com,1
fishermen06,1
jandshaggi,1
belerbunch,1
ladyrich1963,1
sdeptula,1
sprintmail.com,1
rural,1
6:58,1
qwest,1
12/7,2
surrend,1
6:40,1
suspens,2
12/11,1
nothnagel,1
4:00,1
waiv,1
503-819-7783,1
tutori,1
bona-fid,1
teacher,1
xml,1
exe,2
tm-ditt1,1
tdex,2
bpa.gov,11
paschk,1
Al,1
tm-ditt2,1
huss,2
lossess,1
360.418.2009,1
blanket,1
bpat,2
calmer,1
garden,1
washer,1
wash,1
skennedi,2
riley,7
5:18,1
unemploy,1
haapen,1
lcg,3
clearer,2
democraci,2
litchfield,2
europa.com,2
chip,3
alport,2
kysa,2
'dcatt2001,1
'edrak,1
edix.com',1
heheh,1
464-7790,1
807-7862,1
michael.tulli,1
exhaust,1
feudal,1
fascism,1
neighbour,1
totalitarian,1
ban,1
european,1
EU,1
pour,1
herd,1
multipli,1
economi,1
debt/equ,1
exempt,1
503-222-9480,1
503-799-3400,1
//www.ets.oatiinc.com/,1
cara_semperg,1
santa,16
franci,3
carrot,2
timmi,2
richards-brown,2
tracy.richards-brown,1
co.multnomah.or.u,1
10:41,1
'csemper,1
ect.enron.com',1
cynic,1
honestli,1
wud,1
kool,1
ranjur,1
fer,1
xma,1
Iv,1
ben,1
gud,1
yeer,1
frend,1
lawn,1
f,1
ranger,1
smoke,1
pot,1
mommi,1
daddi,1
bang,1
hurrican,1
gon,1
frigid,1
constantli,1
lego,1
bike,1
playstat,1
g.i,1
dog,1
drum,1
poni,1
tuba,1
nowaday,1
gay,1
cooki,1
reindeer,1
deer,1
sleigh,1
bottl,1
scotch,1
puppi,1
whiney,1
crap,2
sweater,1
fed-ex,1
anytim,1
calm,2
suzannewest40,2
hardest,1
12:12,1
mailbox,1
tidi,1
autom,1
www.americanexpress.com/reward,1
30-45,1
min,1
babysit,1
smallest,1
over-return,1
monica,6
kristian,2
luv,4
9:38,1
forney,1
c'est,1
vie,1
wave,1
deactiv,1
midday,1
klande2,1
monstikaland,1
011,1
44,1
207,1
376,1
8769,1
elabor,1
8:55,1
ashout01,2
11/28/2001,2
langhorst,1
ejlanghorst,1
duke-energy.com,1
6:09,1
alley,1
readabl,1
langhorst/slc-comops/energytrading/pec,1
11/29/2001,1
06:00,1
05:00,1
ptslct01,1
salt,1
12/06/2001,1
16346,1
wright,2
aloha,1
97007,1
2:45,1
cavanaugh,1
tube,2
bail,1
503-464-3831,3
12:17,1
chow,1
starv,1
dart,58
3.2.3.10,2
7:53,1
713-345-4410,1
7:17,1
prelli,1
basket,3
basketsnmor,2
6:42,3
lightbulb,1
rene,1
881015,1
880991,1
880745,1
880741,1
880729,1
880746,1
reciept,1
re-start,1
attatch,1
757,1
web+,4
encount,2
10650,2
webmail,2
42,2
\\vdb01\d\ets\web15\fax-send.wml,2
troubleshoot,2
IO,2
webpsvr.ini,2
re-light,1
503.464.7973,5
moorer,5
torrey,5
now.vish,1
accomod,1
he/sh,1
-fran,2
uncheck,1
brtestp1_3deals_nov26.xl,1
500056.1,1
brtestp2_3deals_nov26.xl,1
higher,1
12:07,3
10:53,3
mid-c,3
rational,3
smhoesli,6
1:15,1
crazi,1
12:22,1
mehrer,3
anna,3
12th,1
elpaso,1
arrrrrrrrrrgh,1
503/464-3747,1
slhuss,1
9:56,1
oasispostings-l,1
list.transmission.bpa.gov,1
//www.transmission.bpa.gov/oasis/bpat/buspractices/forum/messageview.cfm,1
catid=16,1
threadid=148,1
reccomend,1
spare,1
bryson,4
11/28,1
partak,1
11/30,1
7pm-12am,1
mcmenamin,1
edgefield,1
annex,1
slot,1
503.464.7789,1
503.708.1760,1
jeffrey.oh,1
'confirm,1
folder,4
clickathom,3
vip,3
discontinu,3
announcements/corp/enron,1
relations-,1
unpreced,1
adapt,1
PC,1
incent,1
indefinit,1
charit,1
submiss,1
off-peak,4
odd,1
12:32,1
schdule,1
24hour,1
peak/offpeak/24hour,1
questions/suggestions/com,1
aunti,1
shock,1
daze,1
heartbreak,1
4:00am,2
11:16,1
norman,1
nichola,1
8:00pm,1
25th,1
26th,1
essenti,1
afffect,1
shut-down,1
713-553-3758,1
tel,1
713-327-4523,1
communit,1
x7973,1
//www.msnbc.com/comics/daily.asp,1
sfile=dp011120,1
ashbak,4
11-14-01.doc,3
10:06,1
ingersol,1
schedules/transact,1
subsequ,1
imporv,1
traders/schedul,1
incid,1
accpet,1
10:03,1
801-582-0353,1
mime,1
pegasu,1
mime-compli,1
mailer,1
11:01,1
19456,1
byte,1
investor,4
repay,3
quarter,3
downgrad,3
/redirect/marketwatch/redirect.ctx,2
mw=http,2
//custom.marketwatch.com/custom/nyt-com/html-companyprofile.asp,2
infus,2
coal,2
rose,3
partnership,2
advers,2
prolli,1
AN,1
intra-compani,1
pardner,1
porter,1
fuck,1
//www.nytimes.com/2001/11/20/business/20enro.html,1
squeez,1
oppel,1
floyd,1
norri,1
symb=en,1
vastli,1
quarterli,1
690,1
collater,2
9.15,1
3.9,1
overst,1
restat,1
certifi,1
dingel,1
michigan,1
democrat,1
commerc,1
symb=dyn,1
crosstown,1
rival,1
lowest,1
investment-grad,1
particularli,1
800,1
chevrontexaco,1
prudenti,1
deeper,1
crash,1
inher,1
perceiv,1
holder,1
0.2685,1
lag,1
9.06,1
1.13,1
43.60,1
29.2,1
20.6,1
ratio,1
11.71,1
after-hour,1
slip,2
whose,1
write-off,1
fallen,1
write-down,1
erect,1
worsen,1
greatli,1
packet,2
8:23,1
12/4/01,1
clinton,2
hara,1
khara,1
avistaenergy.com,1
7:50,2
malley,1
logman,1
ewer,1
cole,1
hugh,1
kathleen,1
dunham,1
mcmahan,1
werbner,1
larri,1
mayfield,1
boogi,1
meg,1
coleman,1
ron,3
hadwig,1
robb,1
gerk,1
spokan,3
503-701-2894,2
gim,1
raiz,1
lil,1
erin,1
chicken,1
hatch,1
sang,1
damn,2
bux,1
pool,3
2:58,1
//www.dynegy.com/files/dynegi,1
20nov_2001.pdf,1
helen,1
12:34,1
wade,1
IV,2
//www.oatiinc.com,3
avistacorp.com,6
brunch,1
whatnot,1
broughton,1
susan.broughton,1
9:20,1
466-5573,1
sbroughton,2
marshal,2
2:10,1
humor,3
corey_marshal,1
bmwandpartners.com,1
11:05,1
leaf,1
harasin,1
happened.so,1
D3,1
3:13,1
diii,1
traffic,2
3:38,2
//eapps.enron.com/login.asp,2
05:31,2
005096e9,3
confirm.ex,3
cfo,3
ironi,2
award,2
fastow,2
1999,2
techniqu,2
4:03,1
frankova,1
renata,1
//www.cfo.com/pge_mag_detail_archives/1,4583,1
7c83,1
7c10,1
7c1999,1
7c1337,00.html,1
russ,1
banham,1
octob,3
debt-lik,1
nondilut,1
in-hous,2
buffet,2
bare,1
bone,1
spous,1
5:01,1
axford,1
fiesta,1
bar-b-qu,1
mt.bachelor,1
debut,1
blast,1
7698,1
.xl,1
launcher,6
ducki,1
3:03,1
caught,1
salle,4
10:27,1
hunsuck,1
steigerwald,1
duke_crew,1
cunningham,1
jackie_scem,1
ipco_crew,1
pget_mark,1
powerex_group,1
psco_preschedul,1
Ty,2
ward,1
8:54,2
rosal,2
jana,3
marci,2
melani,2
penni,2
nielsen,2
shannon,2
shawna,2
birg,2
hilari,2
poster,2
scott.salle,2
tlcd.com,2
8:50,3
dummer,2
jaim,2
dyer,2
cari,2
wineg,2
developmentor,2
11:13,1
anybodi,2
schilmoel,1
boo,1
seng-aroun,1
dieterl,1
niman,1
oshea,1
ichikawa,1
shinya,1
introductori,1
com+/2000,1
12/3,1
one-week,1
//www.develop.com/dm/course.asp,1
id=10,1
ordinarili,1
1800,1
nathan,2
hostag,1
unspoken,1
threat,1
withold,1
grandchildren,1
punish,1
somehow,3
//taim.transmission.bpa.gov/cwi/tsch,1
userid,1
oregon123,1
instantan,1
geari,3
wurster,2
wolencheck,2
dieter,2
flint,2
sunglass,1
4:02,1
teresa,1
singer,1
schlesing,1
judith,1
robin,1
arron,1
pesin,1
pegi,1
nehous,1
vaughn,3
loi,1
getz,1
kyra,1
riste-pat,1
kri,1
bowyer,1
joey,1
janet,1
harvil,1
jean,1
gwen,1
goldsmith,1
horner,1
foust,1
daquilanto,1
bennett,1
chuck,1
anthoni,1
geraci,1
vanzantan,1
www.geocities.com/reefrashman/riley,1
//www.geocities.com/reefrashman/riley,1
4:50,1
11/15,2
5mw,1
ms04315,1
pac,1
gen,1
ch4-ap,1
ch4/ww5,1
1198,1
-ap,1
ww5/med5,1
1197,1
-azp,1
med5/med2,1
1210,1
-pace-epmi-pnm-pple-morgan-pinw-ap,1
md2/ww-pinw,1
unaffect,2
3:23,1
x3701,1
5:46,1
'server,1
eta,1
piss,1
massa,1
4:45,1
exclude/includ,1
4:38,1
vital,2
4:13,2
curiou,2
stead,2
kink,1
11/14/01,1
576490.1,3
737863.1,3
round,2
clock,3
secret,2
11:52,1
-mtwtfs-,1
-mtwtf,1
SH,1
576490,1
-mtwtfsh,1
737863,1
SM,1
tfsh,1
onpeak/24,1
hours/off-peak,1
05:58,1
overwrit,3
main_december_master.psc,1
2:22,2
halloween,3
\admin,3
assistants\parties\halloween,3
slc,1
bugz,1
cara/corri,1
preschedws.ex,1
1.0.142,1
questions/fixes/suggestions/com,1
feverishli,1
plant,4
snicker,3
pollard,2
reese,2
swaption,1
intrins,1
extrins,1
3.50,1
put-cal,1
parodi,1
potato,1
3.5,1
cara-land,1
anthem,1
mach,1
stella,1
predecessor,1
confess,1
juno,6
explod,1
1:47,1
________________________________________________________________,2
//dl.www.juno.com/get/web/,1
7-1,1
m-th,1
7-5,1
blindsid,1
32,1
appt,2
591-9681,1
503/464-2099,1
0800-1200ppt,2
9:44,1
4:31,1
gracious,1
v_1.pdf,1
report.doc,1
/scheduling/phon,1
turret,2
/schedul,1
\scheduling\enronwestschedulingwebsite.html,1
2:23,1
solo,1
2:54,1
reliev,1
goo=,1
=09comn,1
1:50,1
admir,1
sweeit,1
also-,1
juici,2
iwil,1
sordid,1
bout,1
turkey,1
turd,2
VS,1
newcompani,1
srunswick,2
definatli,4
916,4
pace,2
Hm,2
391-3370,2
465,2
riverg,2
Wy,2
425-5274,2
95831,2
addi,1
cara-poo,1
pgk-5,1
fckelli,1
8:29,1
1/30,3
7:59,1
die,2
ownership,2
dispatch,2
grill,2
jhadda,2
peterson,2
lui,2
zaragoz,2
epe_jan_2002.xl,2
1:22,1
Dr,1
intimaci,1
wrapper,1
trash,1
vacuum,1
12:23,1
1-9,1
wonderin,1
deserv,1
linen,1
rfp,1
pre-pay,1
crunch,1
hardli,1
'out,1
nap,3
errr,1
bandon,1
sooooo,1
legend,1
lone,1
cheat,1
................................,1
1:04,1
horizon,1
thier,1
8:05,1
4:23,1
9:43,1
stone,2
deari,1
dog-bit,1
scar,1
jewelri,1
afteroon,1
greenbelt,1
wetland,1
poo,1
sync,1
tickl,1
catchup,1
housewarm,1
wetland/wood,1
paintbrush,4
solv,1
truncat,1
shortcut,1
lgswain,1
avalon,1
annabel,1
born,2
01/02/02,1
kyli,1
7lb,1
jethro,1
freeland-semperg,3
503/464-3740,1
2/5/02,1
2:05,1
bilat,4
interpret,2
january_everything_master.xl,1
10:22,1
'joh,1
'tngo,1
guys-,1
chanukkah,1
kwanzaa,1
sweatshirt,1
bud,1
dip,1
miser,1
knock,1
unconci,1
soybean,1
noggin,1
4:58,1
sager,1
elizabeth,1
proxi,1
smatter,1
defect,1
709630.1,1
723265.1,1
723265,1
7:40,1
709630,1
3:12,1
11:02,1
reivew,1
dm,3
7550,3
04/30/2001,2
thompson/pdx/ect,2
04/17/2001,2
richardson,2
14th,2
2/9/01,1
05:53,1
iii/pdx/ect,1
2-9,1
2-14,1
05:59,1
05:56,1
spoken,1
clemons/corp/enron,1
07:53,1
lerichrd,1
04/13/2001,1
11:55:51,1
amy.clemon,1
341.90,1
16259,1
207.99,1
133.91,1
wacm,1
rmr,1
970,1
461-7440,1
05852,1
hamburg,1
2/01/02,1
stub,1
payroll/benefit,1
lastli,1
ehronlin,1
3-,1
7829,1
uncl,1
6ish,1
sissi,1
cuddl,1
b-o-r-i-n-g,1
alarm,1
hottest,1
hotter,1
strait,1
meridian,1
dial,1
punch,1
almond,1
roca,1
ganach,1
cake,1
bvtn,1
bakeri,1
duan,1
BD,1
non-engin,1
8:30,1
5:00,1
fossil,1
hydro,1
nuclear,1
econom,1
safeti,1
overhead,1
underground,1
switchgear,1
voltag,1
energycentral.com,4
headlin,2
two-week,2
newstrial,2
portal,1
globe,1
site-new,1
-and,1
introduc,1
qv99012,1
www.energycentral.com,1
303-782-5510,1
'remov,1
drazga,1
sdrazga,1
mission,2
short-histori,1
high-bandwidth,1
ds3,1
thin-client,1
re-architect,1
back-end,1
attribut,1
flaki,1
locks-up,1
constrain,1
poor,1
heavili,1
stop-bi,1
first-wav,1
enpower/fsp,1
sar,1
503822,2
anitha,2
idiot,1
4:34,1
10:23,1
mathi,1
timekeep,1
5/7,1
5/14,1
13848,1
s.w,1
159th,1
ter,1
tigard,1
97223,1
590-3365,1
hm,1
isc,8
librari,2
713-345-4727,2
foreign,2
currenc,2
statist,2
//isc.enron.com/site/doclibrary/user/default.asp,1
//iscedcenter.enron.com/docentlm/login.htm,1
mmddyyyy,1
250,1
asp,1
time-out,1
inact,1
summar,1
//isc.dev.corp.enron.com/site/xmschange.htm,1
dun,1
wb,1
candi,1
1858,1
7.5,1
lb,1
rodriquez,2
rhoni,2
andy.rodriquez,1
713-345-3771,1
11:38,1
glynn,1
1950,1
94111,1
415.782.7801,1
415.782.7854,1
mobil,1
415.794.8740,1
forget,4
mvaughn,2
tampabay.rr.com,2
1:38,1
liberti,1
more/differ,1
offspr,1
wisdom,1
christin,1
priceless,1
buri,1
ourselv,1
'that,1
gotten,1
untold,1
//dl.www.juno.com/get/tagj,1
issues/problem,1
aer,1
cn=cara,5
semperger/ou=pdx/o=ect,5
-free,2
-upgrad,1
-import,1
www.palm.com/eregdownload,1
dcpud.org,5
sppc.com,5
transalta.com,5
chelanpud.org,5
bchydro.bc.ca,4
pgn.com,4
ci.seattle.wa.u,3
eal.ab.ca,3
idahopower.com,3
chare,2
messerli,2
ci.tacoma.wa.u,2
eweb.eugene.or.u,2
powerpool.ab.ca,2
gcpud.org,2
charee.messerli,1
2:18,1
john.underwood,1
ross.lea,1
bemackay,1
mike.sinowitz,1
dstegema,1
tfischer,1
ci.wa.u,1
cberg,1
cwager,1
dkenni,1
rob.bak,1
tanya.watson,1
dscholt,1
gwagner,1
epcor-group.com,1
dan.bedburi,1
jtaylor,1
lgrow,1
rbrugger,1
mark.smith,1
paul.krog,1
paul.ric,1
tarcy.le,1
bill_casey,1
bill_kirbi,1
frank_afranji,1
ricki,1
pngc.com,1
don.adair,1
wrobin,1
jgoff,1
jperri,1
mfranz,1
bob_low,1
degolf,1
wkpower.com,1
mhackney,1
djame,1
scott.wapl,1
douglas.cav,1
kelly.lail,1
laura.letourneau,1
gjcarter,1
kmjohnson,1
pamesa,1
pfarnold,1
smbuckmier,1
wlmcreynold,1
gtillitson,1
peterb,1
calpine.com,1
reastman,1
cassocorp.com,1
beckyl,1
karenl,1
kenj,1
hardev.juj,1
ralph.underwood,1
kmoriset,1
hlubean,1
sliebert,1
philtic,1
deseretgt.com,1
fred.ritt,1
sdleonard,1
gwolf,1
hkreb,1
webbd,1
epenergy.com,1
dean.ahlsten,1
ddestio,1
glang,1
tpark,1
lpatter,1
tmatos,1
martinez,1
dick.dowdi,1
mike_ryan,1
tkent,1
pn.usbr.gov,1
pnsc-center.com,1
vipin.prasad,1
jcampbel,1
jhugh,1
colin_mcke,1
denise_hil,1
lana_smith,1
zahra_dewji,1
bgreen,1
water.ca.gov,1
-octob,1
1023-01fn.doc,1
benson,1
cutoff,1
29th,1
registration2001.doc,1
issues102301.doc,1
handout,1
Ph,1
464-2809,1
464-2819,1
3wtco306,1
503-464-3740,1
solicit,1
//www.nerc.com/~filez/workshops.html,1
glenda,1
venu,2
hands-on,2
minneapoli,2
unforeseen,1
pop-up,1
accompani,1
demonstr,1
baltimor,1
one-day,1
