hourahead,1120
start,860
date,868
2/4/02,24
hour,972
4,67
schedul,1259
download,286
fail,278
manual,277
intervent,278
requir,299
No,1131
2/3/02,24
19,40
ancillari,569
award,580
varianc,716
detect,643
log,735
messag,771
pars,724
file,763
O,744
\portland\westdesk\california,730
scheduling\iso,730
final,993
schedules\2002020319.txt,1
1/31/02,24
5,62
schedules\2002013104.txt,1
3,68
schedules\2002013103.txt,1
2,186
schedules\2002013102.txt,1
1,94
schedules\2002013101.txt,1
1/30/02,24
24,60
schedules\2002013024.txt,1
23,47
schedules\2002013023.txt,1
22,40
schedules\2002013022.txt,1
21,42
20,43
schedules\2002013020.txt,1
18,45
schedules\2002020318.txt,1
td,108
/td,102
b,70
/b,68
br,57
font,57
/font,57
arial,54
helvetica,54
size=-1,54
face=,51
verdana,51
align=left,51
nbsp,42
/a,39
http,90
tr,33
/tr,33
p,34
href=,30
enron.com,58
email=gsolberg,24
energi,127
width=,21
//www.energynewslive.com/navcontrol,21
referer=email.jsp,21
thi,1308
bureau,30
width=5,18
action=d,18
ailywrap,18
new,113
thursday,56
enron,274
us,76
'll,31
ET,21
price,68
player,23
|,24
william,34
live,22
0000ff,9
tabl,122
0,13
presid,15
know,68
hear,16
time,96
newscast,15
oil,10
chang,54
/tabl,9
colspan=,9
energynewslive.com,12
format=wmp,9
format=r,9
receiv,57
href=mailto,9
meta,6
http-equiv=,6
content-typ,6
content=,6
text/html,6
charset=iso-8859-1,6
head,5
bgcolor=,6
img,6
src=,6
600,8
height=,6
geir,56
/p,6
content,6
wednesday,34
investig,24
congress,7
hi,24
task,8
forc,5
On,18
washington,13
latest,7
congression,5
ceo,13
first,24
ha,87
edison,6
He,10
dure,36
p.m,17
tomorrow,16
houston,48
parkin,3
join,28
stop,13
shook,2
project,7
ga,30
000000,6
close,1088
width=100,6
align=right,6
width=75,6
keep,21
continu,44
BR,7
window,13
media,18
speed=56,6
56k,12
speed=100,6
100k,12
speed=300,6
300k,12
real,30
If,96
letter,16
ecent,6
let,49
call,69
800,15
800-945-5426,11
weekday,10
7am-7pm,12
cst,20
html,3
titl,4
daili,12
wrap-up,3
/titl,3
/head,3
bodi,8
ffffff,3
link=,3
alink=,3
vlink=,3
topmargin=0,3
leftmargin=0,3
marginheight=0,3
marginwidth=0,3
//www.energynewslive.com/imagelogservlet/content/email/graphics/h,3
ader.jpg,3
95,3
border=,3
cellspacing=,3
cellpadding=,3
45,4
500,5
dear,9
mail,19
wa,70
sent,38
solberg,12
gsolberg,6
belong,3
list,14
enl-members-html,3
gener,74
account,35
offic,47
made,9
offici,7
arm,1
sue,2
vice,3
dick,1
cheney,1
refus,4
turn,6
inform,77
relat,21
work,68
gao,1
want,36
met,2
especi,6
within,9
industri,8
white,3
hous,7
insist,2
request,19
inappropri,1
promis,2
put,24
fight,2
disput,3
also,53
sever,18
ad,4
next,29
week,46
calendar,2
two,27
big,6
monday,25
former,22
kenneth,3
lay,10
expect,12
make,50
appear,11
ani,106
execut,13
testifi,4
befor,19
west,18
coast,6
correspond,5
kym,10
mcnichola,6
speak,14
one-on-on,2
southern,4
california,30
bob,6
foster,3
discuss,16
socal,2
road,1
recoveri,4
1:00,3
hayn,3
boon,3
llp,3
attorney,11
lenni,2
provid,31
legal,16
analysi,4
develop,17
noon,5
intellig,1
group,36
chief,14
barbara,1
talk,23
lng,1
come,21
onlin,5
u.s.,9
place,14
back,32
burner,1
due,13
low,2
catch,3
nasdaq,2
york,13
tyumen,1
compani,65
simon,1
kuke,1
give,14
lowdown,1
russian,2
issu,34
9:00,3
a.m,5
cellpadding=1,3
cellspacing=0,3
border=1,3
bordercolor=,3
width=350,3
cccccc,3
align=cent,3
color=,3
jan.,6
30,12
2002,40
cellspacing=2,3
cellpadding=0,3
border=0,3
commod,4
width=150,3
crude,6
width=125,3
19.08/bbl,1
0.50,1
unlead,5
0.5531/gallon,1
0.0138,2
heat,6
0.5091/gallon,1
0.0114,2
2.080/mmbtu,1
0.013,1
fwd,5
uE,6
feb.,10
3.37/mmbtu,1
0.01,1
mind,9
thing,19
subject,54
moment,7
notic,15
occasion,6
guest,6
reschedul,7
slot,5
We,112
best,14
updat,61
futur,21
interview,17
event,9
Be,7
sure,21
watch,12
everi,12
busi,42
day,58
9,46
a.m.,9
top,10
hour.,3
end,14
50,12
//www.energynewslive.com/content/email/graphics/signature.jpg,3
124,3
76,3
nosend=,3
face=verdana,3
jay,3
rickert,5
anchor,5
view,18
today,29
wrap,6
video,5
//www.microsoft.com/windows/mediaplayer/en/download/win32ie4x86.a,3
sp,9
//www.real.com,3
//www.energynewslive.com,3
experi,10
offer,19
wish,14
join-enl-members-html,3
estutenws11.energy.williams.com,3
subscrib,6
To,58
action=u,3
nsubscribedailywrap,3
type=h,3
unsubscrib,6
troubl,6
e-mail,34
pleas,162
comment,11
suggest,11
size=-3,3
copyright,6
2001,45
llc,9
right,25
reserved.,3
/bodi,3
/html,3
schedules\2002013019.txt,1
schedules\2002013018.txt,1
17,52
schedules\2002013017.txt,1
steve,20
jeff,13
ray,7
postpon,5
confer,9
earlier,5
5:00pm,1
afternoon,5
employe,89
click,9
link,18
listen,3
//www.corporate-ir.net/ireye/ir_site.zhtml,2
ticker=en,2
script=2400,2
item_,1
16,41
schedules\2002013016.txt,1
15,38
schedules\2002013015.txt,1
14,38
schedules\2002013014.txt,1
13,40
schedules\2002013013.txt,1
cooper,10
mcmahon,2
bowen,2
hold,11
11:00am,1
abl,17
onto,1
follow,53
websit,18
access,33
schedules\2002020317.txt,1
11,52
schedules\2002013011.txt,1
10,52
schedules\2002013010.txt,1
cliff,3
famili,9
mani,18
knew,3
baxter,1
well,17
inspir,2
spirit,1
dedic,5
honor,5
lieu,1
flower,1
donat,7
american,18
cancer,1
societi,1
6301,1
richmond,1
ave.,1
texa,9
77057,1
1-800-227-2345,1
junior,1
achiev,4
2115,1
east,1
governor,1
circl,1
TX,2
77092,1
713,41
682-4500,1
servic,37
held,10
hometown,1
privat,2
import/export,36
schedules\2002013009.txt,1
+++,11
bad,14
data,97
iso,33
trans_typ,115
sc_id,109
ectstca,3
mkt_type,115
trans_dat,109
tie_point,34
malin_5_rndmtn,32
interchg_id,34
enrj_ciso_3000,31
engy_typ,34
firm,45
8,44
schedules\2002013008.txt,1
7,50
schedules\2002013007.txt,1
6,48
schedules\2002013005.txt,1
schedules\2002013004.txt,1
schedules\2002020316.txt,1
schedules\2002013002.txt,1
field,45
sql,57
error,1131
small,23
accept,31
amount,29
attempt,23
add,23
tri,30
insert,20
past,29
less,24
',74
schedules\2002013001.txt,1
could,63
n't,70
current,56
lock,35
user,34
'admin,26
machin,29
'nahou-trdts4,5
1/29/02,24
schedules\2002012924.txt,1
schedules\2002012923.txt,1
schedules\2002012921.txt,1
schedules\2002012920.txt,1
schedules\2002012919.txt,1
schedules\2002012918.txt,1
order,16
januari,24
25,17
arthur,2
gonzalez,5
unit,36
state,23
bankruptci,16
judg,8
district,3
enter,26
It,47
herebi,4
court,8
corp.,17
affili,5
debtors-in-possess,1
jointli,1
administ,1
chapter,8
proceed,6
collect,6
shall,1
preserv,5
refrain,1
destroy,5
dispos,1
record,9
either,13
electron,11
paper,6
form,25
obvious,3
violat,2
carri,3
seriou,4
consequ,2
depend,4
compli,6
fulli,3
thank,80
schedules\2002012917.txt,1
eap,5
pm,13
stress,7
avail,41
may,53
onsit,3
counselor,3
health,7
assist,26
program,8
resourc,18
session,19
eb32c2,2
confidenti,4
counsel,5
appoint,4
build,10
locat,37
center,33
floor,34
site,16
find,11
circumst,2
remind,7
still,16
begin,19
innov,1
facilit,4
interest,20
attend,14
design,13
address,23
challeng,1
face,2
way,34
minim,2
impact,23
31,6
10:00,4
11:00,4
12:00,2
1:30,1
2:30,3
3:30,1
4:30,1
advanc,2
registr,1
necessari,5
simpli,3
conveni,2
/,157
hotlin,1
individu,38
varieti,2
neighborhood,1
via,6
telephon,3
seven,2
cost,12
member,9
713-853-6057,1
24-hour,1
number,51
1-800-345-1391,1
brochur,3
addit,14
shop,2
third,3
north,17
soon,11
common,8
kitchen,1
area,13
help,31
www.stress.org,1
institut,2
manag,46
www.wellnessjunction.com,1
publish,3
target,2
trend,1
promot,1
schedules\2002012916.txt,1
schedules\2002012915.txt,1
schedules\2002012914.txt,1
schedules\2002012913.txt,1
12,47
schedules\2002012912.txt,1
ub,100
restructur,4
netco,10
resign,4
question,74
ahead,6
plan,42
committe,18
board,11
director,9
interim,5
posit,22
ongo,9
oper,1108
financi,16
warburg,35
In,33
greg,4
defin,3
ken,5
undoubtedli,1
structur,7
lie,1
purpos,16
commun,21
answer,20
direct,20
regroup,1
rebuild,7
creditor,11
propos,5
retain,3
focu,3
process,30
sign,8
believ,10
greater,4
valu,11
viabl,1
approv,15
stephen,1
partner,4
zolfo,1
corpor,13
crisi,4
year,33
lead,6
reorgan,2
implement,3
comprehens,2
emerg,8
As,21
agreement,13
sale,21
wholesal,6
power,42
trade,83
organ,6
prepar,5
transit,22
whalley,2
coo,1
assum,2
contribut,8
great,7
success,5
go,50
forward,23
engag,2
regard,43
role,9
respons,14
entir,5
team,36
onc,10
becom,7
support,16
perform,1074
job,10
everyday,1
uncertainti,1
coupl,13
constant,2
scrutini,2
situat,6
difficult,5
one,48
control,11
leadership,1
devis,1
strategi,6
move,17
certain,12
press,5
releas,8
//www.enron.com/corp/pressroom/releases/2002/ene/012902release.html,1
schedules\2002020314.txt,1
schedules\2002012909.txt,1
schedules\2002012907.txt,1
schedules\2002012906.txt,1
schedules\2002012905.txt,1
schedules\2002012904.txt,1
schedules\2002012903.txt,1
schedules\2002012902.txt,1
schedules\2002012901.txt,1
'nahou-trdts5,13
1/28/02,31
found,114
detail,114
prefer,128
0.00,7
tblload,69
load_id,75
enrj,76
load,142
schedules\2002012824.txt,1
tblintchg_impexp,1
61.00,1
15.19,1
pge4,20
356.26,1
sce1,11
2.45,1
pge1,6
40.26,1
pge2,9
360.24,1
pge3,16
116.60,1
sdg1,16
schedules\2002020313.txt,1
schedules\2002012823.txt,1
schedules\2002012820.txt,1
schedules\2002012819.txt,1
schedules\2002012818.txt,1
schedules\2002012817.txt,1
schedules\2002012815.txt,1
applic,14
miss,7
would,84
drop,2
juli,17
kearney,11
ena,7
human,11
503,14
464-7404,9
julie.kearney,4
schedules\2002020312.txt,1
schedules\2002012814.txt,1
schedules\2002012813.txt,1
schedules\2002012812.txt,1
schedules\2002012811.txt,1
schedules\2002012810.txt,1
revised_pref,23
match,23
interchang,24
unabl,34
assign,29
deal,71
schedules\2002012809.txt,1
schedules\2002012808.txt,1
schedules\2002012807.txt,1
schedules\2002012806.txt,1
schedules\2002012805.txt,1
schedules\2002020311.txt,1
schedules\2002012804.txt,1
schedules\2002012803.txt,1
schedules\2002012802.txt,1
schedules\2002012801.txt,1
1/27/02,24
schedules\2002012724.txt,1
schedules\2002012723.txt,1
schedules\2002012722.txt,1
schedules\2002012721.txt,1
schedules\2002012720.txt,1
schedules\2002012719.txt,1
schedules\2002020310.txt,1
schedules\2002012718.txt,1
schedules\2002012717.txt,1
schedules\2002012716.txt,1
schedules\2002012715.txt,1
schedules\2002012714.txt,1
schedules\2002012713.txt,1
schedules\2002012712.txt,1
schedules\2002012711.txt,1
schedules\2002012710.txt,1
schedules\2002020403.txt,1
schedules\2002020309.txt,1
schedules\2002012708.txt,1
schedules\2002012706.txt,1
schedules\2002012705.txt,1
schedules\2002012704.txt,1
schedules\2002012701.txt,1
1/26/02,31
schedules\2002012623.txt,1
schedules\2002020308.txt,1
schedules\2002012622.txt,1
schedules\2002012621.txt,1
schedules\2002012620.txt,1
schedules\2002012619.txt,1
schedules\2002012618.txt,1
schedules\2002012617.txt,1
enrj_cis0_3000,1
schedules\2002012616.txt,1
schedules\2002012614.txt,1
schedules\2002012613.txt,1
schedules\2002020307.txt,1
schedules\2002012612.txt,1
schedules\2002012611.txt,1
schedules\2002012609.txt,1
schedules\2002012608.txt,1
schedules\2002012607.txt,1
schedules\2002012606.txt,1
schedules\2002012605.txt,1
schedules\2002012604.txt,1
schedules\2002012603.txt,1
schedules\2002020306.txt,1
schedules\2002012602.txt,1
schedules\2002012601.txt,1
1/25/02,26
schedules\2002012524.txt,1
schedules\2002012522.txt,1
schedules\2002012520.txt,1
schedules\2002012519.txt,1
schedules\2002012518.txt,1
schedules\2002012517.txt,1
schedules\2002020305.txt,1
PM,72
1/25/2002,7
thru,27
fri,14
server,17
AM,41
CT,18
PT,18
london,19
outag,76
room,10
12:00:00,10
thur,7
1/24/2002,3
sun,4
1/27/2002,3
_________________________________________________________________,21
system,46
10:00:00,2
6:00:00,3
environ,19
backout,9
contact,46
weekend,11
5:00:00,8
1/28/2002,1
san,7
palo,7
note,21
print,4
internet,9
02,2
01,3
cabl,1
voic,9
set,6
origin,13
nilson,1
busto,1
55-11-5503-1347,1
corp,10
1:45:00,1
2:45:00,1
11:45:00,1
12:45:00,1
7:45:00,1
8:45:00,1
need,66
mainten,8
NA,1
brennan,3
ryan,16
713-853-4545,3
edward,1
7138536744,1
brook,1
sean,7
L,1
713-345-8077,1
david,15
grant,14
assembl,2
gather,2
document,38
numer,1
subpoena,5
sec,4
depart,4
justic,2
3-6239,1
schedules\2002012516.txt,1
schedules\2002012515.txt,1
fbi,3
copi,25
cours,2
special,9
agent,1
feder,5
take,23
import,26
agre,10
return,13
immedi,14
specif,9
schedules\2002012514.txt,1
HR,18
hire,3
paperwork,2
complet,28
meet,27
heard,4
chri,17
lue,2
must,15
3:00,7
friday,32
payrol,15
distribut,3
benefit,22
yesterday,7
unsur,1
see,29
grace,13
asap,4
schedules\2002012513.txt,1
schedules\2002012512.txt,1
schedules\2002020304.txt,1
schedules\2002012509.txt,1
schedules\2002012507.txt,1
schedules\2002012506.txt,1
schedules\2002012505.txt,1
361.31,1
361.28,1
schedules\2002012504.txt,1
schedules\2002012503.txt,1
schedules\2002012502.txt,1
schedules\2002012501.txt,1
schedules\2002020303.txt,1
1/24/02,25
schedules\2002012424.txt,1
schedules\2002012423.txt,1
schedules\2002012422.txt,1
schedules\2002012421.txt,1
schedules\2002012420.txt,1
schedules\2002012418.txt,1
schedules\2002012417.txt,1
schedules\2002012416.txt,1
schedules\2002012415.txt,1
schedules\2002020302.txt,1
send,27
email,55
write,7
B,3
-origin,28
meyer,5
albert,1
12:10,2
dl-portland,8
shift,16
revis,1
februari,24
post,17
AS,6
TO,32
IF,4
conflict,2
someon,6
els,8
bert,5
schedules\2002012414.txt,1
get,61
cell,11
phone,12
reach,7
home,15
info,8
bill,34
john,21
desk,16
delay,3
wait,5
So,12
pizza,5
postlethwait,1
10:24,1
crandal,2
scholt,2
diana,4
fischer,1
mark,7
alonso,1
tom,3
mallori,5
entri,2
high,9
enpow,18
jan,3
use,38
epmi-west-perform,1
repres,9
contract,14
pre,1
pay,21
etc,12
schedules\2002012412.txt,1
schedules\2002020301.txt,1
schedules\2002012408.txt,1
schedules\2002012406.txt,1
schedules\2002012402.txt,1
schedules\2002012401.txt,1
1/23/02,25
schedules\2002012324.txt,1
schedules\2002012323.txt,1
2/2/02,24
schedules\2002020224.txt,1
schedules\2002012321.txt,1
peopl,52
remain,9
seen,3
themselv,3
step,12
chairman,2
decis,18
effect,7
100,8
percent,2
effort,10
unfortun,1
multipl,4
inquiri,3
attent,2
concentr,2
stakehold,2
begun,3
search,3
specialist,1
serv,2
truli,2
surviv,3
doe,18
wit,3
tremend,2
opportun,23
rigor,1
grow,3
maintain,3
world,9
effici,2
safest,1
pipelin,12
network,9
caus,6
becam,2
passion,1
open,17
market,50
observ,5
smart,1
togeth,5
creativ,1
solut,4
like,53
enrononlin,2
tirelessli,1
fellow,1
regardless,1
happen,6
proud,1
much,20
accomplish,1
schedules\2002012320.txt,1
schedules\2002012319.txt,1
present,13
local,1
given,5
gabriel,2
hagel,2
2:00,4
Mt,9
hood,9
polici,25
asid,1
enrol,6
personnel,3
schedules\2002012317.txt,1
schedules\2002012316.txt,1
copier,4
outsid,10
bankrupt,2
non-bankrupt,2
leas,2
rent,2
invoic,4
harri,2
grubb,2
713-853-5417,2
harry.grubb,2
entiti,7
paula,1
corey,1
713-853-9948,1
paula.corey,1
schedules\2002020402.txt,1
schedules\2002020223.txt,1
stock,28
esop,3
otc,4
fund,7
save,22
transact,16
401,2
k,2
pend,5
resum,4
invest,11
read,9
concern,12
IN,11
suspend,2
exchang,6
nyse,8
includ,28
involv,12
statu,7
announc,7
chair,2
counter,1
upon,4
began,5
allow,18
initi,4
insid,8
urg,1
review,9
elect,2
ensur,18
consist,5
goal,5
schedules\2002012315.txt,1
dbcaps97data,3191
databas,3206
unknown,2128
alia,2128
schedules\2002012314.txt,1
schedules\2002012313.txt,1
schedules\2002012312.txt,1
schedules\2002012310.txt,1
schedules\2002012308.txt,1
schedules\2002020222.txt,1
schedules\2002012305.txt,1
schedules\2002012304.txt,1
schedules\2002012303.txt,1
ira,9
term,13
certif,11
api,4
month,20
whether,9
colleg,2
retir,1
credit,15
union,3
tradit,2
roth,1
educ,2
fit,1
2.75,1
3.25,2
36,1
3.75,1
1.75,1
An,5
onli,27
visit,3
www.enronfcu.com,1
713.853.6902,1
embed,4
pictur,4
metafil,4
schedules\2002012302.txt,1
schedules\2002012301.txt,1
1/22/02,26
schedules\2002012223.txt,1
last,33
leav,7
intend,9
knowledg,1
resolv,5
categori,1
buse,1
transport,3
pick,13
south,11
side,8
java,1
plaza,3
8.30am,1
9.30am,1
bu,1
9.30,1
approxim,6
1pm,1
senior,2
breakfast,3
hotel,8
9am,1
10am,3
sandwich,1
afterward,3
travel,7
independ,6
suffici,1
park,48
veri,13
grand,1
ballroom,1
bring,12
id,1
driver,1
licens,1
gain,3
'm,8
sorri,6
short,15
anyon,9
tammi,1
schopp,1
behalf,3
schedules\2002020221.txt,1
schedules\2002012222.txt,1
schedules\2002012219.txt,1
8:00,2
adam,1
//localhost/elpaso/current.asp,1
//localhost/elpaso/,1
hope,16
Oh,6
america,6
503.464.5066,4
121,4
SW,7
salmon,4
street,5
503.701.1160,3
3wtc,4
0306,4
503.464.3740,4
fax,9
portland,29
OR,13
97204,4
john.oh,4
schedules\2002012218.txt,1
ticket,13
blazer,4
vs.,4
king,3
tonight,8
7:30,1
molli,2
schedules\2002012217.txt,1
schedules\2002012216.txt,1
schedules\2002020220.txt,1
schedules\2002012215.txt,1
schedules\2002012214.txt,1
schedules\2002012213.txt,2
schedules\2002012212.txt,1
schedules\2002012210.txt,2
schedules\2002012211.txt,1
schedules\2002012209.txt,1
schedules\2002012208.txt,1
schedules\2002020219.txt,1
schedules\2002012206.txt,1
schedules\2002012203.txt,1
schedules\2002012202.txt,1
schedules\2002012201.txt,1
1/21/02,24
schedules\2002012124.txt,1
schedules\2002012123.txt,1
schedules\2002012122.txt,1
schedules\2002020218.txt,1
schedules\2002012121.txt,1
schedules\2002012120.txt,1
schedules\2002012119.txt,1
schedules\2002012118.txt,1
schedules\2002012117.txt,1
schedules\2002012116.txt,1
schedules\2002012115.txt,1
schedules\2002012114.txt,1
schedules\2002012113.txt,1
schedules\2002012111.txt,1
schedules\2002012110.txt,1
schedules\2002012109.txt,1
schedules\2002012107.txt,1
schedules\2002012106.txt,1
schedules\2002012105.txt,1
schedules\2002012104.txt,1
schedules\2002012103.txt,1
schedules\2002012102.txt,1
schedules\2002012101.txt,1
1/20/02,24
schedules\2002012024.txt,1
schedules\2002012023.txt,1
schedules\2002012022.txt,1
schedules\2002012021.txt,1
schedules\2002012020.txt,1
schedules\2002012019.txt,1
schedules\2002012018.txt,1
schedules\2002012017.txt,1
schedules\2002012016.txt,1
schedules\2002020215.txt,1
schedules\2002012015.txt,1
schedules\2002012014.txt,1
schedules\2002012013.txt,1
schedules\2002012012.txt,1
schedules\2002012011.txt,1
schedules\2002012010.txt,1
schedules\2002012009.txt,1
schedules\2002012008.txt,1
schedules\2002012007.txt,1
schedules\2002012006.txt,1
schedules\2002020214.txt,1
schedules\2002012005.txt,1
schedules\2002012003.txt,1
schedules\2002012002.txt,1
schedules\2002012001.txt,1
1/19/02,24
schedules\2002011924.txt,1
schedules\2002011923.txt,1
schedules\2002011922.txt,1
schedules\2002011921.txt,1
schedules\2002011920.txt,1
schedules\2002020401.txt,1
schedules\2002011919.txt,1
schedules\2002011918.txt,1
schedules\2002011917.txt,1
schedules\2002011916.txt,1
schedules\2002011915.txt,1
schedules\2002011914.txt,1
schedules\2002011913.txt,1
recipi,4
geir.solberg,1
enron.com|test|test,1
properti,2
and/or,3
relev,4
contain,4
privileg,2
materi,4
sole,2
disclosur,2
strictli,1
prohibit,2
author,4
sender,1
repli,4
enron.messaging.administr,2
delet,14
attach,25
hereto,1
creat,12
evid,2
bind,1
enforc,2
parti,2
reli,1
basi,6
estoppel,1
otherwis,5
schedules\2002011912.txt,1
schedules\2002011911.txt,1
schedules\2002011910.txt,1
schedules\2002011909.txt,1
schedules\2002011908.txt,1
schedules\2002011907.txt,1
schedules\2002011906.txt,1
schedules\2002011905.txt,1
schedules\2002011904.txt,1
schedules\2002011903.txt,1
schedules\2002011902.txt,1
schedules\2002011901.txt,1
1/18/02,24
schedules\2002011824.txt,1
schedules\2002011820.txt,1
schedules\2002011819.txt,1
schedules\2002011818.txt,1
epe,23
PV,10
El,14
paso,15
sps/psco,3
suppli,10
show,4
trader,30
BY,3
100mw,3
per,20
ON,6
peak,10
sunday,5
1/20,1
AT,15
eddy/pv,1
swap,3
mw,28
alreadi,17
tag,11
sourc,8
suppos,2
dispatch,10
le,6
schedules\2002011817.txt,1
schedules\2002011816.txt,1
schedules\2002020210.txt,1
card,29
membership,6
reward,6
express,16
point,13
person,26
redeem,3
cancel,9
zero,8
balanc,5
establish,5
transfer,5
march,14
reinstat,2
enron/american,1
earn,8
paid,4
option,31
accru,1
appli,3
1-800-the-card,1
843-2273,1
cardmemb,1
redempt,1
line,6
1-800-297-3276,1
ask,18
consum,1
identifi,6
traci,1
ramsey,1
853-6457,1
schedules\2002011815.txt,1
schedules\2002011811.txt,1
schedules\2002011808.txt,1
schedules\2002011807.txt,1
schedules\2002020209.txt,1
schedules\2002011806.txt,1
schedules\2002011805.txt,1
schedules\2002011804.txt,1
schedules\2002011803.txt,1
schedules\2002011802.txt,1
schedules\2002011801.txt,1
1/17/02,24
schedules\2002011724.txt,1
schedules\2002011723.txt,1
schedules\2002011722.txt,1
schedules\2002011720.txt,1
schedules\2002020208.txt,1
schedules\2002011721.txt,1
schedules\2002011719.txt,1
schedules\2002011718.txt,1
schedules\2002011717.txt,1
HA,11
from_location_id,6
int_intrchng,4
trading_sc,4
sched_typ,4
engi,4
purch_sal,4
ech1,3
SC,4
np15,9
S,2
sp15,10
H,16
\netco,2
finals\ha0116,2
finals.txt,1
gen_schedul,1
1.5,4
carbgn_6_unit,1
getfieldvalu,1
power_qti,1
3.5,1
aep,1
0.8,1
0.7,1
finals_load.txt,1
load_schedul,1
schedules\2002011714.txt,1
schedules\2002011713.txt,1
schedules\2002020207.txt,1
schedules\2002011712.txt,1
schedules\2002011711.txt,1
schedules\2002011710.txt,1
schedules\2002011709.txt,1
schedules\2002011708.txt,1
schedules\2002011707.txt,1
schedules\2002011705.txt,1
schedules\2002011703.txt,1
schedules\2002020206.txt,1
schedules\2002011702.txt,1
schedules\2002011701.txt,1
1/16/02,25
schedules\2002011624.txt,1
schedules\2002011623.txt,1
schedules\2002011622.txt,1
schedules\2002011621.txt,1
schedules\2002011620.txt,1
report,20
andersen,3
duncan,2
debat,3
emiss,4
alison,2
implic,2
associ,11
elder,2
workshop,3
cartwright,3
strong,5
closed-door,1
auditor,1
handl,6
fire,4
tuesday,17
said,51
commerc,2
kosik,1
test,25
drive,29
highli,3
anticip,3
segway,1
scoop,2
invent,1
major,5
sector,1
lawsuit,7
fli,10
suit,3
30,000,2
teacher,1
fleme,1
jez,1
nonprofit,1
ex-enron,1
allianc,1
ercot,3
henwood,1
host,3
overcapac,1
portfolio,2
result,9
raymond,2
jame,3
analyst,7
jon,2
enl,4
calpin,2
capit,3
expenditur,1
lower,3
obstacl,1
18.86/bbl,1
0.04,1
0.5585/gallon,1
0.0065,1
0.5321/gallon,1
2.394/mmbtu,1
0.103,1
3.69/mmbtu,1
0.08,1
we'll,1
24th,1
look,20
schedules\2002020205.txt,1
employ,8
awar,9
asset,5
part,14
encourag,4
consid,6
howev,11
arrang,7
ann,15
labb,1
5-7809,1
feel,8
free,19
jim,12
fallon,3
dave,9
delainey,1
directli,7
schedules\2002011618.txt,1
class,5
schedules\2002011615.txt,1
schedules\2002011614.txt,1
11:30,5
volum,7
schedules\2002011613.txt,1
schedules\2002011612.txt,1
schedules\2002020204.txt,1
schedules\2002011611.txt,1
schedules\2002011610.txt,1
schedules\2002011608.txt,1
schedules\2002011609.txt,1
secur,10
criteria,4
quotat,2
over-the-count,1
equiti,1
symbol,1
enrnq,1
delist,1
mean,10
appeal,2
standard,4
www.nyse.com,1
recent,8
fell,3
averag,4
1.00,1
consecut,1
trading-day,1
period,10
nation,4
pink,1
sheet,17
schedules\2002011607.txt,2
schedules\2002011606.txt,1
schedules\2002011605.txt,1
schedules\2002011604.txt,1
schedules\2002020324.txt,1
schedules\2002020203.txt,1
schedules\2002011603.txt,1
schedules\2002011602.txt,1
schedules\2002011601.txt,1
1/15/02,26
schedules\2002011524.txt,1
schedules\2002011523.txt,1
schedules\2002011522.txt,1
schedules\2002011521.txt,1
schedules\2002011520.txt,1
martin,3
luther,2
thanksgiv,2
novemb,7
christma,4
decemb,13
holiday,5
rememb,4
enjoy,3
long,10
memori,3
27,2
labor,1
septemb,6
28,1
29,3
schedules\2002011519.txt,1
schedules\2002020202.txt,1
schedules\2002011518.txt,1
schedules\2002011517.txt,1
schedules\2002011516.txt,1
schedules\2002011514.txt,1
IS,15
schedules\2002011513.txt,1
schedules\2002011512.txt,1
schedules\2002011511.txt,1
schedules\2002011510.txt,1
schedules\2002020201.txt,1
schedules\2002011509.txt,1
schedules\2002011508.txt,1
schedules\2002011506.txt,1
schedules\2002011505.txt,1
schedules\2002011504.txt,1
schedules\2002011503.txt,1
schedules\2002011502.txt,1
schedules\2002011501.txt,1
1/14/02,24
schedules\2002011424.txt,1
2/1/02,25
schedules\2002020124.txt,1
schedules\2002011423.txt,1
schedules\2002011422.txt,1
schedules\2002011421.txt,1
schedules\2002011420.txt,1
schedules\2002011419.txt,1
schedules\2002011418.txt,1
schedules\2002011417.txt,1
instruct,9
threaten,2
345-2402,1
storag,4
westdesk,1
flooroverview,1
schedules\2002011416.txt,1
schedules\2002020123.txt,1
schedules\2002011415.txt,1
schedules\2002011414.txt,1
schedules\2002011413.txt,1
schedules\2002011412.txt,1
schedules\2002011411.txt,1
name,22
ect.enron.com,2
ei.enron.com,2
ees.enron.com,2
firstname.lastnam,2
domain,1
decommiss,1
18th,1
notifi,11
everyon,13
particip,7
administr,4
schedules\2002011410.txt,1
schedules\2002011409.txt,1
schedules\2002011408.txt,1
schedules\2002020122.txt,1
schedules\2002011406.txt,1
schedules\2002011403.txt,1
schedules\2002011402.txt,1
schedules\2002011401.txt,1
1/13/02,24
schedules\2002011324.txt,1
schedules\2002011322.txt,1
schedules\2002020121.txt,1
schedules\2002011320.txt,1
schedules\2002011319.txt,1
schedules\2002011318.txt,1
schedules\2002011317.txt,1
schedules\2002011316.txt,1
schedules\2002011315.txt,1
schedules\2002011314.txt,1
schedules\2002011313.txt,1
schedules\2002011312.txt,1
schedules\2002011311.txt,1
schedules\2002020120.txt,1
schedules\2002011310.txt,1
schedules\2002011309.txt,1
schedules\2002011308.txt,1
schedules\2002011307.txt,1
schedules\2002011305.txt,1
schedules\2002011304.txt,1
schedules\2002011303.txt,1
schedules\2002011302.txt,1
schedules\2002011301.txt,1
schedules\2002020119.txt,1
1/12/02,24
schedules\2002011224.txt,1
schedules\2002011223.txt,1
schedules\2002011222.txt,1
schedules\2002011221.txt,1
schedules\2002011220.txt,1
schedules\2002011219.txt,1
schedules\2002011218.txt,1
schedules\2002011217.txt,1
schedules\2002011216.txt,1
schedules\2002011215.txt,1
schedules\2002020118.txt,1
schedules\2002011214.txt,1
schedules\2002011213.txt,1
schedules\2002011212.txt,1
schedules\2002011211.txt,1
schedules\2002011208.txt,1
schedules\2002011207.txt,1
schedules\2002011206.txt,1
schedules\2002020323.txt,1
schedules\2002020117.txt,1
schedules\2002011204.txt,1
schedules\2002011203.txt,1
schedules\2002011201.txt,1
1/11/02,24
schedules\2002011123.txt,1
schedules\2002011121.txt,1
schedules\2002011120.txt,1
schedules\2002011119.txt,1
schedules\2002020116.txt,1
schedules\2002011117.txt,1
schedules\2002011116.txt,1
schedules\2002011115.txt,1
govern,3
affair,2
seminar,2
run,16
therefor,7
12:15,1
tim,20
schedules\2002011114.txt,1
usual,2
spot,6
deduct,19
mass,12
reimburs,11
pass,16
lot,22
out-of-pocket,5
tri-met,5
valid,7
89,6
monthli,7
submit,10
89.00,2
expens,13
paycheck,4
choos,2
select,10
incur,4
resolut,9
occur,8
hello,7
thought,9
clarifi,1
three,10
2wtc/outsid,1
2wtc,2
fee,2
parking/mass,2
x8321,5
x7404,5
subsidi,3
12/31/01,3
taken,11
12/15,2
1/1/02,2
wtc,3
action,3
req,2
'd,13
choic,3
pocket,2
max,3
debra,2
davidson,2
extra,2
12/21/01,2
eob,2
insur,4
longer,5
rodriguez,4
464-8321,3
schedules\2002011113.txt,1
lavorato,1
confirm,8
inde,2
winner,1
understand,7
purchas,20
gas/pow,1
loop,1
along,3
front,4
stay,12
tune,3
schedules\2002020115.txt,1
schedules\2002011112.txt,1
schedules\2002011111.txt,1
marri,7
citizen,2
wo,3
norway,2
hon,2
palau,23
pacif,6
resort,3
wed,7
littl,4
bit,1
worri,3
wife,1
P.,3
largest,5
msn,10
hotmail,2
//www.hotmail.com,1
schedules\2002011110.txt,1
pager,21
1/11/2002,5
facil,10
on-cal,9
p.m.,8
exercis,7
randi,2
lord,2
713.345.7707,2
edi,6
ee,11
sitara,6
unifi,7
853-9797,6
1/13/2002,1
ardmor,4
7:00,3
back-up,1
chiller,1
routin,3
AC,1
equip,4
6:00,1
10:45,1
crac,1
shut,5
air,1
handler,1
check,21
belt,1
filter,1
drain,1
azurix,6
eb34,3
lan,3
NT,5
os/2,3
sun/oss,3
telephoni,3
termin,9
853-1411,3
risk,21
853-5536,3
sap/isc,3
345-4727,3
284-3757,3
288-0101,3
rus/gops/geotools/apr,3
639-9726,3
oss/ua4/tarp,3
285-3165,3
cpr,3
284-4175,3
327-3893,3
888,3
-trader,3
327-6032,3
schedules\2002011109.txt,1
schedules\2002011108.txt,1
schedules\2002011107.txt,1
schedules\2002011105.txt,1
schedules\2002020114.txt,1
schedules\2002011103.txt,1
schedules\2002011102.txt,1
schedules\2002011101.txt,1
1/10/02,24
schedules\2002011024.txt,1
schedules\2002011023.txt,1
schedules\2002011020.txt,1
schedules\2002011019.txt,1
schedules\2002020113.txt,1
shortcut,3
stage,2
saturday,5
brought,5
estat,20
menu,1
re-boot,2
successor,1
problem,12
poston,3
town,1
713.962.0973,1
713.345.7834,1
susan,8
amador,4
503.464.8681,2
rey,1
appreci,4
congratul,1
schedules\2002011017.txt,1
schedules\2002011016.txt,1
schedules\2002011015.txt,1
schedules\2002011014.txt,1
transmiss,23
purcel,2
mike,5
holden,4
buy,21
10:25,1
salisburi,1
quick,2
paragraph,1
explain,7
decid,3
Is,2
base,11
mostli,1
settlement,10
coordin,4
management-portland,1
503-464-8297,1
schedules\2002011013.txt,1
schedules\2002011012.txt,1
schedules\2002020112.txt,1
//www.msnbc.com/news/685213.asp,1
6pm,1
reason,11
netco/est,3
hardwar,3
split,10
schedules\2002011011.txt,1
schedules\2002011010.txt,1
schedules\2002011009.txt,1
schedules\2002011008.txt,1
schedules\2002011007.txt,1
schedules\2002011006.txt,1
schedules\2002011005.txt,1
schedules\2002011004.txt,1
schedules\2002020111.txt,1
schedules\2002011003.txt,1
schedules\2002011002.txt,1
schedules\2002011001.txt,1
1/9/02,24
schedules\2002010924.txt,1
schedules\2002010923.txt,1
schedules\2002010922.txt,1
schedules\2002010921.txt,1
schedules\2002010920.txt,1
schedules\2002010919.txt,1
//biz.yahoo.com/apf/020109/enron_auction_1.html,1
schedules\2002020110.txt,1
schedules\2002010918.txt,1
schedules\2002010917.txt,1
schedules\2002010916.txt,1
schedules\2002010914.txt,1
schedules\2002010913.txt,1
wwilliamsiii,2
palm.net,2
even,14
mailto,9
BW,2
schedules\2002010912.txt,1
schedules\2002010911.txt,1
schedules\2002010910.txt,1
schedules\2002020109.txt,1
schedules\2002010909.txt,1
schedules\2002010908.txt,1
schedules\2002010907.txt,1
schedules\2002010906.txt,1
schedules\2002010905.txt,1
schedules\2002010903.txt,1
schedules\2002010902.txt,1
1/8/02,39
schedules\2002010824.txt,1
376.39,1
376.36,1
schedules\2002020108.txt,1
schedules\2002010823.txt,1
schedules\2002010822.txt,1
schedules\2002010820.txt,1
17.98,1
17.95,1
schedules\2002010819.txt,1
schedules\2002010818.txt,1
fyi,3
1/9/01,1
yet,4
kathi,6
schedules\2002010817.txt,1
schedules\2002010816.txt,1
190.17,1
190.14,1
schedules\2002010815.txt,1
20.53,1
20.50,1
schedules\2002020322.txt,1
schedules\2002020107.txt,1
schedules\2002010814.txt,1
199.88,1
199.85,1
schedules\2002010813.txt,1
20.75,1
20.72,1
schedules\2002010812.txt,1
20.86,1
20.83,1
schedules\2002010811.txt,1
20.82,1
20.79,1
schedules\2002010810.txt,1
187.97,1
187.94,1
schedules\2002010809.txt,1
schedules\2002010808.txt,1
schedules\2002010807.txt,1
152.25,1
152.22,1
schedules\2002010806.txt,1
139.23,1
139.20,1
schedules\2002010804.txt,1
2.25,1
2.22,1
schedules\2002010803.txt,1
119.37,1
119.34,1
schedules\2002010802.txt,1
13.84,2
13.81,1
schedules\2002010801.txt,1
123.09,1
123.06,1
1/7/02,30
schedules\2002010724.txt,1
schedules\2002010723.txt,1
41.91,1
41.88,1
schedules\2002010722.txt,1
schedules\2002010721.txt,1
schedules\2002010719.txt,1
schedules\2002020105.txt,1
schedules\2002010718.txt,1
schedules\2002010717.txt,1
schedules\2002010716.txt,1
schedules\2002010715.txt,1
schedules\2002010714.txt,1
schedules\2002010713.txt,1
schedules\2002010712.txt,1
schedules\2002010711.txt,1
schedules\2002010710.txt,1
schedules\2002010709.txt,1
schedules\2002020104.txt,1
schedules\2002010708.txt,1
schedules\2002010706.txt,1
373.79,1
373.76,1
schedules\2002010704.txt,1
343.86,1
343.83,1
schedules\2002010703.txt,1
340.92,1
340.89,1
schedules\2002010702.txt,1
339.57,1
339.54,1
schedules\2002010701.txt,1
339.53,1
339.50,1
1/6/02,39
schedules\2002010624.txt,1
schedules\2002010623.txt,1
443.74,1
443.71,1
schedules\2002020103.txt,1
schedules\2002010622.txt,1
schedules\2002010621.txt,1
schedules\2002010620.txt,1
schedules\2002010619.txt,1
schedules\2002010618.txt,1
schedules\2002010616.txt,1
schedules\2002010614.txt,1
401.05,1
401.02,1
schedules\2002010613.txt,1
354.08,1
354.05,1
schedules\2002020102.txt,1
schedules\2002010612.txt,1
352.73,1
352.70,1
schedules\2002010611.txt,1
413.54,1
413.51,1
schedules\2002010610.txt,1
14.31,1
14.28,1
schedules\2002010609.txt,1
13.92,1
13.89,1
schedules\2002010608.txt,1
448.26,1
448.23,1
schedules\2002010607.txt,1
456.70,1
456.67,1
schedules\2002010606.txt,1
463.23,1
463.20,1
schedules\2002010605.txt,1
12.69,1
12.66,1
schedules\2002010604.txt,1
12.63,1
12.60,1
schedules\2002010603.txt,1
111.74,1
111.71,1
schedules\2002010602.txt,1
471.55,1
471.52,1
schedules\2002010601.txt,1
465.48,1
465.45,1
1/5/02,31
schedules\2002010524.txt,1
schedules\2002010523.txt,1
2.16,1
2.13,1
schedules\2002010522.txt,1
schedules\2002010521.txt,1
schedules\2002010520.txt,1
schedules\2002010519.txt,1
schedules\2002010518.txt,1
schedules\2002010517.txt,1
schedules\2002013124.txt,1
schedules\2002010516.txt,1
schedules\2002010515.txt,1
schedules\2002010514.txt,1
schedules\2002010513.txt,1
schedules\2002010512.txt,1
schedules\2002010511.txt,1
schedules\2002010510.txt,1
schedules\2002010509.txt,1
schedules\2002010507.txt,1
schedules\2002013123.txt,1
insret,1
preschedul,4
hey,12
except,5
studd,1
schedules\2002010506.txt,1
35.75,1
35.72,1
schedules\2002010505.txt,1
35.00,1
34.97,1
schedules\2002010504.txt,1
34.88,1
34.85,1
schedules\2002010503.txt,1
35.24,1
35.21,1
schedules\2002010502.txt,1
35.85,1
35.82,1
schedules\2002010501.txt,1
36.57,1
36.54,1
1/4/02,37
schedules\2002010424.txt,1
118.26,1
118.23,1
far,3
calcul,5
1,704,1
ceremoni,2
massag,1
pedicur,1
manicur,1
dinner,1
videograph,1
photograph,2
2,500,1
RT,12
plane,1
2,000,1
carolin,6
6,200,1
plu,4
recept,2
475,1
packag,3
case,6
champagn,1
1,100,1
appx,1
buffet,1
330,1
beer/win,1
total,13
8,105,1
okay,1
spend,2
money,7
guess,2
pretti,1
good,13
honeymoon,1
mention,1
invit,5
miscellan,1
sell,11
bronco,1
love,4
mobil,5
devic,1
//mobile.msn.com,1
schedules\2002013122.txt,1
schedules\2002010423.txt,1
126.40,1
126.37,1
schedules\2002010422.txt,1
136.08,1
136.05,1
schedules\2002010421.txt,1
144.52,1
144.49,1
schedules\2002010420.txt,1
432.07,1
432.04,1
schedules\2002010419.txt,1
158.87,1
158.84,1
bois,1
cascad,3
got,10
capabl,2
radic,1
scale,1
previous,3
kept,5
rudimentari,1
basic,5
typic,2
catalog,1
schedules\2002010418.txt,1
454.14,1
454.11,1
inc.,12
CP,2
ID,10
conagra,2
overlay,1
gcp,1
29605,1
62604,1
niagara,1
mohawk,1
fetch,2
//nahou-dmagn01p/ena/livelink.ex,1
func=ll.login,1
username=gcpguest,1
password=,1
nexturl=,1
2fena,1
2flivelink.ex,1
func=ll,1
26objid=11965334objaction=brows,1
sort=nam,1
shortnam,1
erm,1
IT,12
inactiv,1
cheryl,1
johnson,1
net,3
global,7
713.853.3103,1
northern,11
natur,14
dynegi,26
litig,6
acquir,4
safe,3
profit,10
quickli,7
pursu,5
damag,4
claim,14
avoid,5
substanti,2
distract,3
protract,2
stan,3
et,3
possess,3
settl,6
procedur,9
dismiss,1
extend,2
repurchas,1
june,2
9,000,1
mile,2
interst,1
core,3
billion,12
horton,1
colleagu,2
respect,4
care,7
weigh,1
turmoil,1
contest,1
larger,2
affect,10
conclud,1
burden,1
steer,1
clear,12
day-to-day,1
satisfact,1
valuabl,5
smooth,4
align,1
appropri,5
assur,2
reliabl,4
qualiti,1
consciou,1
schedules\2002010417.txt,1
schedules\2002020321.txt,1
schedules\2002013121.txt,1
sat,31
1/5/2002,18
nahou,5
fault,8
df,4
sysadmir,6
toler,6
3:00:00,6
9:00:00,6
nahou-bpms01p,4
nahou-bpmsft01p,4
cluster,4
1/4/2002,2
1/7/2002,2
2:00:00,2
1:00:00,4
8:00:00,2
brief,4
master,3
database/mast,2
replic,2
reenabl,2
tolernac,2
lindsay,2
brian,2
713-853-6225,2
9:30:00,1
7:00:00,3
7:30:00,2
3:30:00,2
exist,5
deploy,1
de-commiss,1
anoth,9
instanc,2
revert,1
cheng,1
7138531672,1
mcnair,1
darren,1
7138537955,1
schedules\2002010416.txt,1
schedules\2002010415.txt,1
schedules\2002010413.txt,1
11-12,3
overview,5
dunton,1
heather,1
03,5
1:27,1
train,3
MT,2
function,7
learn,3
goe,4
1/4,2
belden,7
1/7,2
matt,4
motley,2
1/8,2
richter,5
cash,11
1/9,2
stewart,2
paul,10
middl,13
1/10,2
fundi,2
1/11,2
alan,4
regulatori,6
1/14,2
donald,2
1/15,2
1/16,2
scotti,5
1/17,2
1/18,2
christian,13
1/22,2
todd,2
schedules\2002010412.txt,1
breakroom,1
fridg,1
clean,4
item,2
possibl,17
theresa,2
jill,2
schedules\2002010411.txt,1
schedules\2002013120.txt,1
better,6
toni,5
schedules\2002010410.txt,1
schedules\2002010409.txt,1
schedules\2002010408.txt,1
schedules\2002010406.txt,1
15.12,1
15.09,1
schedules\2002010405.txt,1
362.32,1
362.29,1
schedules\2002010404.txt,1
13.87,1
schedules\2002010403.txt,1
359.14,1
359.11,1
schedules\2002010402.txt,1
115.48,1
115.45,1
worker,12
bluestein,2
mcgovern,2
strike,3
galbraith,2
separ,7
preview,3
testimoni,2
repeal,1
amend,1
public,10
util,10
act,3
idea,5
rule,6
legisl,1
environment,1
joel,1
think,20
stand,2
law,2
professor,1
bruce,1
sharehold,2
compar,2
coverag,4
say,41
midnight,2
progress,1
stori,5
thousand,2
varco,1
intern,8
cfo,2
joe,2
winkler,1
tuscarora,1
expand,1
nevada,1
ferc,1
merril,1
lynch,3
research,2
michael,3
rothman,1
pencil,1
he'll,1
expans,1
war,8
terror,5
19.48/bbl,1
0.40,1
0.5592/gallon,1
0.0061,1
0.5229/gallon,1
2.138/mmbtu,1
0.058,1
3.39/mmbtu,1
unchang,3
schedules\2002010401.txt,1
365.91,1
365.88,1
1/3/02,27
schedules\2002010324.txt,1
schedules\2002010323.txt,1
15.61,1
15.58,1
schedules\2002010321.txt,1
17.51,1
17.48,1
schedules\2002010320.txt,1
18.07,1
18.04,1
schedules\2002010319.txt,1
18.53,1
18.50,1
schedules\2002010318.txt,1
19.16,1
19.13,1
ectstsw,2
schedules\2002010317.txt,1
fcornr_5_psuedo,1
enrj_ciso_7000,1
mead_2_walc,1
enrj_ciso_8000,1
ectstnw,29
schedules\2002013119.txt,1
schedules\2002010316.txt,1
schedules\2002010315.txt,1
schedules\2002010314.txt,1
schedules\2002010313.txt,1
away,5
refriger,1
thrown,1
food,5
condiment,1
throw,1
schedules\2002010312.txt,1
schedules\2002010311.txt,1
schedules\2002010310.txt,1
schedules\2002010309.txt,1
19.88,1
19.85,1
schedules\2002013118.txt,1
schedules\2002010308.txt,1
differ,5
el,2
model,10
slightli,1
folder,4
rid,2
PX,1
junk,2
buy/sal,1
easier,3
hand,3
tab,1
anyth,9
cool,5
1/2/02,3
schedules\2002010219.txt,1
steiner,2
elv,3
gift,3
draw,5
level,14
receipt,2
children,2
fred,2
7th,4
refer,4
game,7
cleveland,1
cavali,1
13th,1
minnesota,1
timberwolv,1
6th,7
happi,9
salvat,1
armi,1
took,5
recogn,2
schedules\2002010218.txt,1
arriv,7
temporari,1
cigna,1
healthcar,1
merck/medco,1
prescript,1
drug,4
metlif,1
dental,1
//benefits.enron.com,1
ssn,1
4-digit,1
pin,1
scroll,1
desir,2
care/health,1
schedules\2002010217.txt,1
whatev,3
fair,1
track,3
off-schedul,1
replac,3
switch,1
career,6
ghcf,4
foundat,3
ex-employe,2
relief,4
mdpc,2
presbyterian,2
church,2
re-ent,2
workforc,2
friend,6
throughout,2
potenti,5
//careerservices.enron.com/,1
1,300,1
recruit,3
3,500,1
candid,1
collabor,1
gulf,1
urban,1
leagu,1
mortgag,1
landlord,1
defer,2
tax-deduct,1
713-268-6458,1
4550,1
oak,1
317,1
77027,1
payabl,1
713-533-4598,1
1-800-493-4598,1
humbl,2
bank,10
//www.eerfa.com,1
eerfarequest,1
surfmk.com,1
non-memb,1
consult,1
seri,4
two-day,2
topic,1
assess,2
evalu,1
limit,7
discretionari,1
short-term,2
holist,1
approach,2
713-953-2550,1
ext,3
180,1
latin,2
main,3
su,4
flu,1
ty,1
noun,1
inflect,1
plural,1
-ti,1
etymolog,1
english,2
superfluite,1
french,1
superfluit,1
late,6
superfluitat-,1
superfluita,1
superfluu,1
14th,4
centuri,1
excess,1
oversuppli,1
someth,3
unnecessari,2
superflu,1
immoder,1
luxuri,1
habit,1
bottom,4
kate,14
syme,9
office/503-464-7744,3
cell/503-819-2181,3
fax/503-464-7996,3
client,9
abil,10
skill,6
product,13
custom,3
essenti,2
respond,3
rfp,2
obtain,5
accur,6
quot,2
ascertain,2
relationship,2
orient,5
simultan,3
verbal,2
written,4
malowney,2
26,5
epmi,5
oregon,3
seek,2
commerci,1
physic,7
larg,6
western,1
bachelor,1
degre,1
financ,3
although,6
militari,2
substitut,1
discret,1
proven,1
deriv,3
pricing/rate/tariff,1
comparison,1
spreadsheet,6
format,1
demand,8
cold,1
matur,1
perseverance/tenac,1
pitch,1
extract,1
long-term,2
profici,1
MS,1
excel,9
word,5
powerpoint,1
characterist,3
self-start,1
motiv,2
afghanistan,15
laden,12
taliban,11
bin,11
done,14
die,6
kill,6
bomb,6
belli,5
afghan,5
islam,5
innoc,4
're,10
countri,4
land,4
muslim,4
becaus,19
stone,4
age,4
ye,3
noth,4
atroc,3
've,8
million,12
soil,3
suffer,3
opinion,2
worth,2
kind,7
nest,2
hate,2
palestinian,2
isra,2
might,4
polit,2
crimin,3
whi,5
overthrow,2
disabl,2
orphan,2
soviet,2
women,2
rubbl,2
infrastructur,4
realli,11
actual,5
rape,2
troop,2
overcom,2
pakistan,2
probabl,9
explor,11
//explorer.msn.com/intl.asp,9
mari,3
hay,2
marihay,1
hotmail.com,12
aparentukusa,1
mich.com,1
CC,1
alaird0196,1
aol.com,1
sep,1
11:39:52,1
sentiment,1
attack,1
pandora,1
box,3
wasp,1
disaster,1
backyard,1
600,000,1
iraq,1
sanction,1
commit,5
crime,1
trick,1
instead,7
heavi,2
artilleri,1
indiscrimin,1
heartfelt,1
grew,1
perspect,1
perhap,1
sofia,1
ronn,1
owen,1
kgo,1
radio,1
collater,1
minut,8
later,6
TV,1
pundit,1
hard,11
though,5
35,3
never,2
lost,3
share,7
osama,1
doubt,4
fervent,1
monster,1
punish,1
ben,1
cult,1
ignor,1
psychot,1
captur,4
1997,1
bondag,1
ever,4
sinc,6
nazi,1
hitler,1
jew,1
camp,1
victim,1
perpetr,1
elimin,2
rat,1
thug,1
hole,1
guarante,4
rise,1
starv,1
exhaust,1
incapacit,1
ago,4
estim,3
500,000,1
economi,1
widow,1
men,4
buri,1
oppon,1
aliv,1
grave,1
litter,1
mine,1
almost,2
farm,2
scheme,2
school,1
pile,2
erad,1
hospit,1
cut,42
medicin,1
least,3
eat,1
around,2
slip,2
hide,1
mayb,4
fast,2
wheelchair,1
kabul,1
horrif,1
true,1
fear,3
trembl,1
ground,1
moral,1
qualm,1
hideout,1
bigger,1
folk,1
conquest,1
invas,1
flirtat,1
exactli,1
speech,2
statement,5
constitut,3
beat,1
seem,4
ridicul,1
figur,2
polar,1
soldier,1
wreak,1
holocaust,1
left,1
lose,2
wrong,2
win,1
poverti,1
cohort,1
bait,1
flourish,1
ca,1
tamim,1
ansari,1
schedules\2002013117.txt,1
=20,3
name=09first,4
disposit,4
brad,4
Ed,4
4th,4
3rd,5
confus,3
war=,1
burg,1
comn,2
=09belden,1
=09thursday,1
12:01,1
=09dl-portland,1
=09offic,1
what=,2
transpir,2
apologi=,2
zing,2
lack,3
broad,2
the=,3
peo=,2
ple,2
nearli,5
sort,4
through=,2
wh=,2
do=,2
happen=,2
addi=,2
tion,3
calger,2
portland-bas,2
ac=,2
cept,2
name=09last,2
name=09,2
amador=09susan=09oh=09john=09,2
anderson=09john=09platter=09m=09,2
bulbes=09victor=09postlethwaite=09john=09,2
chang=09fang-tzu=09richter=09jeffrey=09,2
chatterton=09jill=09robinson=09donald=09,2
crandall=09sean=09salisbury=09holden=09,2
cutsforth=09diane=09scholtes=09diana=09,2
dasovich=09jeff=09semperger=09cara=09,2
davidson=09debra=09sheidun=09donna=09,2
dean=09craig=09shields=09jeffrey=09,2
dunton=09heather=09slinger=09ryan=09,2
etringer=09michael=09solberg=09geir=09,2
gilbert=09michael,2
=09steiner=09david=09,2
gustafson=09mollie=09stokley=09marlin,2
=09,17
hall=09stephen=09swain=09stephen=09,2
heizenrader=09timothy=09swerzbin=09michael=09,2
kandaswamy=09balachandar=09thomas=09jacob=09,2
lackey=09christopher=09thome=09stephen=09,2
lee=09eugene=09van,2
houten=09maria=09,2
mallory=09patrick,2
=09villeggiante=09theresa=09,2
mcdonald=09michael=09wente=09laura=09,2
meyer=09james=09williams=09william,2
j=09,2
meyers=09albert=09woodland=09andrea=09,2
mier=09michael=09yoder=09christian=09,2
nelson=09kourtney=09=09=09,2
rest,3
no=,2
lo=,2
ok,2
prima=,2
ry,2
of.=,2
already=,2
parquet,2
francisco,5
effor=,2
second,8
co=,2
mmoditi,2
charg,7
company.=,2
miller,2
racicot,2
ric=,2
hter,2
baughman,2
among,5
to=,4
advic,2
recommend,4
ta=,2
lking,2
coordinate=,2
procur,2
deliveri,3
loca=,2
ted,2
occoupi,2
hop=,2
e,4
within=,2
pro,2
forma,2
hur=,2
dle,2
exact,2
told,3
on=,2
cooperation=,2
horribl,3
enr=,2
unfold,3
news,5
f=,2
ind,2
easi,3
deepli,2
sadden,2
overse,3
breakup,2
a=,4
wesom,2
remai=,2
ning,2
this=,2
endeavor,4
distinct,2
schedules\2002013116.txt,1
2/2/2002,12
2/1/2002,9
envis,4
filenet,4
panagon,4
idm,4
none,4
1/31/2002,3
5:30:00,2
11:00:00,2
upgrad,2
2000,4
disk,4
corporate-wid,2
web,10
queri,3
desktop,3
R3,2
profession,2
ibuyit,2
ipayit,2
sap,2
vollmer,2
713-853-3381,2
rye,2
gregori,2
713-345-3022,2
2/4/2002,1
11:30:00,1
2/3/2002,1
1:30:00,1
nahou-squfy04,1
05,2
prevent,5
skinner,1
713-345-9334,1
jordan,1
713-286-5308,1
warner,2
713-345-1756,1
eeshou-dbrg,1
40,6
w2k,1
restor,2
configur,1
tape,1
backup,2
nguyen,1
713-345-6137,1
repair,2
4:00:00,1
reindex,1
correct,4
schedules\2002013114.txt,1
schedules\2002013113.txt,1
schedules\2002013112.txt,1
schedules\2002013111.txt,1
schedules\2002013110.txt,1
schedules\2002013108.txt,1
schedules\2002013107.txt,1
schedules\2002013106.txt,1
2/7/02,5
schedules\2002020705.txt,1
2/6/02,33
schedules\2002020621.txt,1
schedules\2002020409.txt,1
schedules\2002020408.txt,1
schedules\2002020407.txt,1
schedules\2002020406.txt,1
schedules\2002020405.txt,1
AG,5
f,7
US,5
comm,3
incorpor,2
german,2
brit,2
dictionari,1
ge,1
pl,3
-s,1
abbr,1
aktiengesellschaft,1
plc,1
handelsgesellschaft,1
liabil,3
gesellschaft,1
mit,1
beschr,1
nkter,1
haftung,1
private/publ,1
privatunternehmen,1
nt/staatlich,1
unternehmen,1
pronounc,1
w-2,1
map,4
realtim,6
profil,4
group-,1
fix,4
//172.17.172.62/rt/tips/maphdrive.html,1
anderson,3
10:49,1
cap,10
login,12
janders3,1
johnanderson,1
schedules\2002020620.txt,1
deposit,7
outstand,2
05852,1
5th,7
ec,5
hamburg,1
flag,1
2/01/02,1
doubl,1
void,1
stub,1
payroll/benefit,1
lastli,1
verifi,5
ehronlin,2
resid,1
jarrett,1
3-,1
7829,1
previou,4
ie,2
preschedulng,1
old,12
histor,5
P,6
rt-,2
url,3
//172.17.172.62/rt/,1
current.asp,1
page,1
automat,4
refresh,1
current.txt,2
ison,1
\trading\california\realtim,1
scrape,4
503.860.7983,1
//172.17.172.62/rt/current.asp,1
//172.17.172.22/elpaso/,1
var,1
JP,1
morgan,1
riskmetr,1
\midmarketing\riskmetr,1
Of,2
five,4
activ,5
erron,1
code,3
hewitt,1
indic,4
disregard,1
regret,1
inconveni,2
intranet,5
benefits.enron.com,2
resources.hewitt.com/enron,1
log-in,1
screen,3
800-332-7979,1
binder,2
hourli,9
12/30/01,1
01/01/02,1
lookout,1
reconstruct,1
concis,1
type,1
spoke,3
counterparti,7
reconcil,2
accordion,2
overflow,1
sit,3
appar,1
tnp,4
MW,10
pnm,6
130,2
75,3
real-tim,4
inadverd,1
light,1
eddi,2
tie,8
FC,2
deliv,3
hidalgo,1
econ,1
vari,2
schedules\2002020619.txt,1
DA,3
zone,4
hour-ahead,2
pull,3
creation,1
ciso,6
sometim,1
int,1
bid,13
denn,4
4,500,3
payment,9
lawyer,4
bienenstock,2
bidder,2
book,16
auction,2
full,5
rival,2
8.4,2
harmon,2
dec.,2
revel,2
entitl,2
cent,3
5:39,1
By,4
kristen,1
writer,2
AP,1
motion,1
embattl,1
once-domin,1
wall,1
J.,1
wari,1
frame,1
key,1
co.,5
prize,1
16,500-mile,1
midwest,1
merger,1
competitor,2
collaps,4
smaller,1
illeg,1
argu,1
massiv,2
melinda,1
element,3
giant,1
protect,3
predict,1
burn,1
promptli,1
acceler,1
trial,1
spokeswoman,2
karen,5
declin,3
histori,3
breach,1
laid,2
headquart,3
complaint,1
display,2
moron,1
logo,1
wore,2
t-shirt,1
exec,1
stole,1
afloat,1
deem,1
critic,2
retent,12
upset,1
elig,1
partial,1
10,000,2
salari,5
maximum,3
pete,2
chase,1
abov,3
without,6
www.enron.com,4
condit,4
absolut,1
formerli,1
fortun,1
near,3
90,3
plummet,1
hidden,1
debt,1
overst,1
octob,12
siphon,1
investor,2
confid,5
prompt,1
flee,1
buyer,3
seller,1
abandon,1
reveal,1
downgrad,1
rose,4
3.08,1
23.98,1
44,2
lunch,11
yoder,6
Me,1
blackberri,1
wireless,1
christian.yod,1
dl-portlandworldtradecent,1
tue,3
dec,8
19:12:23,1
co-work,3
cordial,3
pre-holiday,3
courtesi,3
hall,7
hereinaft,3
necessarili,3
salad,3
post-petit,3
dollar,5
meal,3
expos,3
retroact,3
claw-back,3
quantiti,4
beverag,3
beer,3
provision,3
waiver,3
defunct,3
pre-petit,3
drink,4
liquor,3
sought,3
expedit,3
modest,3
gestur,3
pleasur,3
optimist,3
prospect,3
upcom,3
forgot,3
prosper,3
5:12,1
launch,9
infect,4
Hi,6
DO,8
viru,4
alway,5
circul,2
altern,5
version,2
pane,2
virus,3
access/launch/download,2
extern,3
web-bas,2
guy,8
WE,8
cara,3
503-810-1105,1
dial-in,2
commenc,2
06980,2
glass,1
bradford,1
alex,1
fusco,1
guidelin,2
800.486.2726,1
353763,1
louis,3
547763,1
liz,1
taylor,5
713.853.1935,1
713.853.1838,1
713.854.3056,1
til,9
vi,6
og,6
det,5
med,5
har,4
Vi,3
dere,3
en,3
jul,3
r,5
g,3
oss,3
h,3
kan,3
av,3
god,2
godt,2
jo,2
tt,2
litt,2
kommer,2
norg,2
igjen,2
treff,2
eller,2
rt,2
.....,2
47,2
33,2
06,2
hei,1
nsker,1
riktig,1
nytt,1
R,1
st,1
bra,1
hvordan,1
forresten,1
jobben,1
nyheten,1
om,1
....,2
snart,1
sjansen,1
enten,1
sand,1
stovner,1
ho,1
Bj,1
rn,1
som,1
du,1
sikkert,1
pappa,1
bort,1
v,1
del,1
ordn,1
praktisk,1
ting,1
forbindelsen,1
baker,1
steller,1
kristin,1
fredag,1
rte,1
jeg,1
faren,1
din,1
de,1
pr,1
ver,1
tatt,1
tur,1
utov,1
l,2
pet,1
den,1
helgen,1
slik,1
nsket,1
hverandr,1
gleder,1
er,1
alt,1
sjelden,1
hil,1
crystal,11
henriett,1
skull,1
gjern,1
snakket,1
engelsk,1
henn,1
juleklem,1
fra,1
ellen,1
husebi,1
tlf,1
direkt,1
43,2
94,1
4790,1
96,1
91,1
56,3
ellen.andersen,1
huseby-as.no,1
fsp,7
bug,4
templat,8
go-liv,2
enhanc,2
3:20,1
iii,5
platter,1
phillip,1
bishop,1
serena,1
gilbert,1
Cc,5
nat,1
davi,2
burleigh,1
readi,2
finish,1
phase,2
rais,4
robust,1
hundr,2
scenario,2
interfer,1
pwrtestn,1
pwrtestp,1
setup,2
rolled-out,1
curv,1
export,12
wheel,17
oracl,1
compon,1
faster,1
higher,1
deadlock,1
aggreg,1
scout,1
stream-lin,1
improv,1
1min,1
unidentifi,1
excit,1
newest,1
feedback,1
anytim,1
713-345-7834,1
Q,8
//home.enron.com/updates/qa.html,1
deserv,1
patienc,4
faq,3
simpl,3
logist,2
solv,2
compil,2
frequently-asked-quest,1
alumni,2
/corp/alumni/,2
fact,3
regularli,3
factual,2
1-800-97-enron,2
www.home.enron.com,2
108,2
303,2
dilig,2
garag,1
12/1/01,1
moni,1
incorrectli,2
patient,1
variou,7
determin,1
subsid,1
sincer,1
apolog,1
insuffici,1
tep,3
springervil,1
rather,4
costli,1
shorter,1
modif,1
fewer,1
chen,2
eric,3
steven,3
hardest,1
experienc,2
talent,1
realiti,1
gratitud,1
gone,1
layoff,1
coffer,1
walter,1
alport,1
kysa,1
ausenhu,1
kara,1
axford,1
bryson,1
jess,1
burri,1
jessica,1
butler,1
emili,2
cadena,1
angela,1
andi,2
lei,1
cock,1
cox,1
chip,1
dalia,1
minal,1
dea,1
patti,1
frost,1
fuller,1
gang,2
lisa,2
guillaum,1
erin,1
harasin,3
leaf,5
linder,2
mainzer,1
elliot,1
maxwel,1
dan,2
mccarrel,1
mehrer,1
anna,1
merriss,1
merten,1
darryl,1
mullen,1
mumm,1
nalluri,1
susmitha,1
porter,3
presto,1
darin,1
soderquist,1
larri,1
thome,1
jennif,1
tulli,1
van,1
gelder,1
nichola,1
wilson,1
browner,1
victor,1
calvert,1
gray,6
carranza,1
octavio,1
Ha,1
vicki,1
mara,1
perrino,1
qureishi,1
ibrahim,1
turnipse,1
edith,1
wong,1
password,14
beatla1,1
11th,2
frequently-ask,1
complex,3
annuiti,7
LD,1
normal,8
longterm,1
particular,1
uniform,1
manner,1
prioriti,2
fill,5
resuppli,1
sink,4
workspac,1
HE,14
section,2
exampl,3
X,1
flat,3
cook,3
ridg,2
reserv,12
shell,2
wind,2
new=,2
dunn,2
star,1
wi=,1
capitol,1
hill,1
will=,1
E=,1
xecut,1
andrew,2
fa=,1
stow,1
peter,3
fastow,2
invoke=,1
l=,1
cover,4
b=,1
ureau,1
homeland,1
club,1
all=,1
morrow,1
ziff,1
gas-fir,1
plant,35
how=,1
H=,1
ouston,1
petrobra,1
renato,1
bertani,1
problems=,1
offshor,1
brazil.=,1
brazil,1
technolog,3
deep-wat,1
windenergi,1
llano,1
estac=,1
ado,1
ranch,1
deer,1
scast,1
B=,1
ritt,1
burt,1
acquisit,1
sec=,1
ond,1
senato=,1
senat,4
manipul,5
comply=,1
c=,1
ommitte,1
asso=,1
ciat,1
st.,2
petersburg,1
flor=,1
ida,1
At,2
reaction,1
clo=,1
sing,1
19.78/bbl,1
0.29,1
unlea=,1
ded,1
0.5710/gallon,1
0.0142,1
0.5279/gallon,1
0.0090,1
2.101/mmbtu,1
0.027,1
mar,3
3.55/mmbtu,2
t=,5
hing,1
newsc=,1
ast,1
=09=09=09=09,3
=09=09=09=09=09=09,3
=09peter,1
today's=,1
player=,1
re=,1
ceiv,1
trou=,1
ble,1
800=,1
-945-5426,1
o=,2
2=,1
001,1
=09=09=09=09=09,3
crazi,2
stuff,1
//www.cutoffmyfeet.com/about.html,1
//slate.msn.com/,1
id=2058968,1
cheer,1
roar,2
heidenstr,2
norskequestionnair,2
.doc,2
roar.heidenstrom,1
formue.no,1
'cburreson,2
cburreson,8
questionnair,1
mon,2
nov,2
08:59:18,1
+0100,2
ex-stepbroth,1
vennlig,1
hilsen,1
formuesforvaltn,1
asa,1
servicesenteret,1
dir,1
2412,1
4422,1
mob,1
992,1
88,1
222,1
scan,1
f-secur,1
anti-viru,1
microsoft,1
connect,1
//www.f-secure.com/,1
transmit,1
footnot,1
swept,1
mimesweep,1
presenc,1
comput,6
www.mimesweeper.com,1
Im,5
wonder,7
bla,3
Ok,2
celebr,2
everyth,5
My,5
exam,2
hug,2
tonj,1
holter,1
tonje.holt,1
stud.jbi.hio.no,1
burreson,6
Re,2
thu,2
08:29:11,1
dearest,1
fool,1
cri,1
touch,1
wond,1
dont,1
Or,1
tire,1
studi,1
scienc,1
languag,1
grammar,1
oslo,1
north-,1
atlant,1
tell,8
radioprofessor,1
teach,1
first-year,1
student,1
radioequip,1
glad,1
businessproject,1
ill,1
sound,2
ljm,7
raptor,6
l.p.,5
matter,7
fragment,3
chewco,3
eb,3
discard,2
space,4
osprey,2
morn,7
everybodi,5
describ,1
ahder,1
capac,8
announcements/corp/enron,1
derrick,1
5:36,1
worldwid,1
suspens,1
accordingli,1
x3-6800,1
x3-6801,1
ljm.litig,1
classaction.litig,1
cayman,1
co-invest,1
tnpc1,1
margaux1,1
cortez,1
tnpc,1
osprey1,1
avici,1
catalytica,1
fishtail,1
pulp,1
backbon,1
clo,1
merlin,1
nowa,1
sarzyna,1
poland,1
meg,1
yosemit,1
eecc,1
turbin,1
blue,1
dog,1
1a,1
2a,1
rawhid,1
ljm2/ww,1
loan,1
agrmt,1
llc1,1
rythm,1
cuiaba,1
cayco,1
above-referenc,1
properli,1
i.e.,1
meantim,1
hard-copi,1
err,1
x5-7105,1
honolulu,14
flight,13
seattl,11
yap,10
fare,7
airlin,9
hawaii,5
tix,5
manta,5
adventureexpress.com,5
LA,5
anni,3
RE,3
oct,4
diver,3
trip,7
1st,4
15th,4
guam,3
bay,2
'crystal,2
sens,3
airfar,2
remaind,2
PS,2
-0700,2
night,11
departur,2
hawaiian,5
2:30pm,2
itinerari,3
3000,1
scuba-div,1
Up,1
shortli,1
14:22:06,1
-0800,1
oversight,2
allot,1
1,455.00,1
50+,1
pp,1
rebook,1
remot,1
staff,5
encount,1
5:32,1
mistak,1
cheaper,1
palua,1
combin,1
bunch,1
work/lif,1
solid,1
came,5
fabul,1
curiou,1
16:37:07,1
rate,6
extens,2
dive,1
quit,1
island,2
ton,2
cultur,4
warm,2
amaz,1
agenc,5
mainland,2
retail,1
micronesia,1
1389.00pp,1
tax,1
lax,1
11:17,1
gordongecho,1
calm,1
nerv,1
distanc,1
went,5
drastic,1
9:10am,1
12:50pm,1
9:45pm,1
753.16,1
3:10pm,1
2nd,1
6:35pm,1
koror,1
6:20pm,1
ideal,1
overnight,1
straight,1
rout,1
anyway,1
besid,1
sunset,1
villa,1
accomod,1
i.e,2
12:37:46,1
advis,2
extrem,1
adventur,1
111,1
ave,2
WA,1
98109,1
toll,1
443-0799,1
1318,1
206,1
441-5431,1
southwest,2
oasi,3
www.swoasis.com,2
rxtime12,2
epmipow,2
outlook,2
\scheduling\enronwestschedulingwebsite.html,2
C,1
older,2
newer,2
compaq,2
monitor,1
chanc,1
breakdown,1
kane,3
treat,1
grab,1
chipper,1
schedules\2002020618.txt,1
st-wbom,2
27.60,2
24hr,2
bought,3
apx-deal,1
840719,1
sp-15,1
off-peak,5
on-peak,2
w-bom,1
apx,1
Do,6
503-887-3449,1
503-274-0502,1
unparallel,1
qualif,1
deep,1
thorough,2
absenc,1
1994,1
spent,1
european,1
treasur,1
fundament,1
packet,3
central,2
5:00,1
worksheet,1
guid,1
satisfi,1
roll,1
www.enron.benefitsnow.com,1
332-7979,1
Q.,1
brown,1
bag,1
ew,2
pge,12
mid-c,4
stwhourli,5
day-ahead,4
stnw,5
stwbom,10
inter-desk,4
stcali,3
lend,4
cal-imbal,2
negoti,2
831616,1
accommod,1
BE,5
5:25,1
48,2
21.54,1
northwest,2
svt,2
hawaiianair.com,2
reply-to,1
13:03:20,1
cdt,1
virtual,2
destin,1
weather,3
gate,1
//www.virtuallythere.com/cgi-bin/nph-itinerari,1
pnr=evfxxn,1
name=burreson,1
language=0,1
email=2,1
part=ha,1
ph=ha,1
often,1
www.virtuallythere.com/hawaiian,1
evfxxn,1
passeng,1
808,1
838-1555,1
1-800-367-5320,1
wing,1
isc,1
713-345-4727,1
p00501793,1
reset,1
to:12133780,1
II,1
garrett,8
stephenson,6
jobmenu.com,2
2:13,2
slinger,6
wscc,2
713-977-3600,2
281-507-5627,2
bpa,18
acct,1
loss,7
non-firm,7
1.9,2
mpc,5
caiso,2
6.26,2
nob,3
2.92,1
interti,1
3.34,1
singl,3
malin,4
tranni,1
pge-tranni,1
NO,4
LT,1
snopud,1
ubs-w,7
8th,4
restrict,4
regular,2
meanwhil,1
enthusiasm,1
oxley,1
____________________________________________________________________,1
produc,3
713-853-5360,1
wear,2
premis,1
ski,1
ring,1
cafeteria,1
8535360,1
mcauliff,1
713-853-7468,1
9th,1
22nd,1
34th,1
visa,1
counterpart,1
ubsw,12
contractor,1
badg,1
www.friedwire.com,1
enron04,1
ownership,1
increas,7
growth,1
ultim,1
//ehronline.enron.com,1
unlik,1
//hrweb.enron.com,1
highlight,3
frequent,4
painewebb,1
gsolber,2
citrix,1
claudia,1
clark,1
x3-9281,1
0.1,9
tier,5
125,2
150,2
200,2
200.01,2
49,2
249,2
monoton,1
74,1
99,1
149,1
174,1
199,1
flow,7
srp,1
nevp,1
smud,1
spp,3
ladwp,1
norman,1
rawson,2
regist,1
kxsymes1,1
colstrip,3
montana,3
index,3
border,4
midc,2
sy,2
736780,1
buy-resal,2
wwp,1
sys/mid-c/lolo,1
method,2
ltnw,1
dow,1
jone,1
specifi,1
offset,1
.10,1
2.52,1
Go,5
ashgrov,1
conocpil,1
energywesr,1
louisiana,1
smurfit,1
lotu,1
postion,1
pac,18
NW,2
503-813-5389,2
503-813-5374,2
tone,2
willamett,4
harbor,2
conting,2
60,2
derat,2
reduct,2
ramp,17
1400,2
sold,6
Mw,2
saw,2
-bill,1
suppl,1
1333,1
across,5
repaid,1
168,1
UC,1
eweb,1
pacw,1
bpat,2
10mw,1
8mw,2
139990,1
2.72,1
vs,1
5.84,3
pacificorp,2
1-hour,1
inner,1
similar,2
reduc,4
.43,1
30mw,2
swiss,3
zurich,2
//finance.yahoo.com/q,2
d=t,2
electr,11
bet,2
rogu,2
banker,2
pretax,2
incom,2
energy-trad,2
wuffli,2
1:41,1
eastern,1
businessweek,1
tame,1
wild,1
thornton,1
fairlamb,1
stephani,2
forest,1
dalla,1
dyn,1
s=dyn,1
//biz.yahoo.com/n/d/dyn.html,1
flagship,1
domin,1
fled,1
avalanch,1
scandal,1
switzerland,1
-base,1
s=ub,1
//biz.yahoo.com/n/u/ubs.html,1
albeit,1
conserv,1
impos,1
farfetch,1
rack,1
2/11/02,1
gave,1
67,1
pledg,1
625,1
mud,1
enough,2
swagger,1
harder,2
clash,1
leg,1
masters-of-the-univers,1
flame,1
undiminish,1
freewheel,1
high-risk,1
grate,1
piec,1
fixed-incom,1
undisclos,1
hutchin,1
co-head,1
persuad,1
risk-manag,1
practic,7
tough,1
66,1
12.2,1
duke,3
131,1
ubs'er,1
abid,1
tighter,1
rosi,1
delus,1
partli,1
diversifi,1
A.,1
antitrust,1
go-ahead,1
slowli,1
costa,1
half,4
arguabl,1
fraught,1
dietert,1
simmon,1
prove,2
appetit,1
chalet,1
www.businessweek.com,1
//rd.yahoo.com/finance/editorial/bizwk/,1
//www.businessweek.com,1
schedules\2002020617.txt,1
path,9
/trading/r,1
time/el,1
schedules/admin/el,1
schedules/2002/feb02/epe_feb_02,1
M,8
/electric/epe/ep,1
2002/models/february02/,1
schedules\2002020704.txt,1
divid,2
alpha-ord,2
10am-12,2
2pm-,2
speed,2
A-,2
K,2
2pm,2
l-z,2
rsvp,1
SO,4
//172.17.172.62/inf/default.html,1
schedules\2002020616.txt,1
thx,1
helen,1
drurg,1
requri,1
rgd,1
schedules\2002020615.txt,1
migrat,10
complianc,4
batch,1
admin,1
freeland,1
schedules\2002020703.txt,1
protocol,7
Z,4
remov,7
cheat,2
\estate\,2
linda,2
guinn,2
EB,2
3829a,2
michel,2
853-6401,2
pinto-leit,2
345-7942,2
schedules\2002020609.txt,1
schedules\2002020608.txt,1
schedules\2002020607.txt,1
schedules\2002020606.txt,1
schedules\2002020702.txt,1
schedules\2002020605.txt,1
schedules\2002020603.txt,1
schedules\2002020602.txt,1
schedules\2002020601.txt,1
2/5/02,43
schedules\2002020524.txt,1
schedules\2002020523.txt,1
schedules\2002020522.txt,1
schedules\2002020521.txt,1
schedules\2002020520.txt,1
schedules\2002020701.txt,1
tip,1
compliant,1
x,3
3-1411,3
schedules\2002020517.txt,1
fichera,3
hedg,2
argentina,2
hydrogen,2
rivard,2
n,2
wake,1
downfal,1
act=,1
puhca,1
was=,1
hington,1
ctiviti,1
divis,1
w=,1
ith,1
pro=,1
blem,1
aris,1
la=,1
rri,1
pascal,1
econom,1
ene=,1
rgi,1
disarray,1
hous=,1
sp=,1
eak,1
saber,1
joseph,1
ther=,1
overlook,1
cpuc,1
agr=,1
eement,1
cdwr,1
p.m.=,1
th=,1
O=,1
perat,1
h=,1
fo=,1
rward,1
pierr,1
4:00,1
n=,1
ewscast,1
fuel,1
tue=,1
sday,1
20.07/bbl,2
0.5852/gallo=,1
0.0079,1
0.5369/gallon,1
0.0012,1
2.074/mmbtu,1
0.0=,1
0.02,1
intervi=,1
.m,1
=09jay,2
vi=,2
deo,2
le=,2
tter,2
rece=,3
ive,3
week=,2
W=,2
illiam,2
en=,3
ergi,2
ami,4
schedules\2002020518.txt,1
pre-employ,1
sixteen,2
prc,2
object,2
conduct,2
WO,2
crandall/scholt,2
richter/mallori,2
belden/swerzbin,2
schedules\2002020515.txt,1
schedules\2002020624.txt,1
schedules\2002020514.txt,1
schedules\2002020513.txt,1
schedules\2002020512.txt,1
xm,2
pre-clos,2
immin,1
known,1
prior,3
entertain,1
varga,1
3-5280,1
georgann,1
hodg,1
3-0430,1
schedules\2002020511.txt,1
schedules\2002020508.txt,1
'ecthou-bps3,8
schedules\2002020507.txt,1
schedules\2002020506.txt,1
schedules\2002020505.txt,1
schedules\2002020504.txt,1
schedules\2002020503.txt,1
schedules\2002020502.txt,1
schedules\2002020501.txt,1
schedules\2002020424.txt,1
schedules\2002020423.txt,1
schedules\2002020421.txt,1
schedules\2002020622.txt,1
schedules\2002020420.txt,1
subcommitte,2
ei=,1
ther,1
s=,1
ay,1
issuanc,1
earli,3
tues=,1
compel,1
invok,1
hearings=,1
m=,1
ember,1
com=,1
merc,1
led,1
investiga=,1
powe=,1
rs,1
unsecur,1
owe,1
rade,1
accord,4
discus=,1
pipe=,1
doug,1
whisen,1
safeti,1
11.=,1
more=,1
commiss,6
loretta,2
lyn=,1
ch,1
rework,1
monda=,1
0.31,1
0.5931/gallon,1
0.=,1
0103,1
0.5381/gallon,1
0.0150,1
2.117/mmbtu,1
0.021,1
F=,1
wd,1
3.57/mmbtu,1
0.05,1
change=,1
slots.=,1
an=,1
focus,1
schedules\2002020419.txt,1
citi,1
school/colleg,1
college/not,1
working/,1
buckley,1
05845,1
complimentari,1
receptionist,1
fed,1
swerzbin,2
eol,1
analyt,1
summari,2
pertin,1
checkout,1
broker,2
fitzpatrick,2
schedules\2002020418.txt,1
schedules\2002020417.txt,9
empti,8
welcom,1
8:15,1
appet,1
fernando,1
hideaway,1
824,1
avenu,1
upstair,1
simul,16
ubswenergi,3
mid/back-offic,3
enron/ub,1
0900,1
1100,1
integr,1
demonstr,1
role-play,1
back-offic,1
play,1
trade-data,1
handout,1
toward,1
re-launch,1
platform,1
shult,1
30397,1
31861,1
forster,1
713.853.1861,1
david.forst,1
inbox,1
schedules\2002020416.txt,1
neil,1
schedules\2002020415.txt,1
schedules\2002020414.txt,1
schedules\2002020413.txt,1
schedules\2002020412.txt,1
schedules\2002020410.txt,1
season,1
spell,1
reconfigur,1
craig,2
dean,2
snowboard,1
articl,1
11/09/01,2
08,1
11:31,1
3mw,1
sierra,4
34,1
75mw,5
cong,3
OF,4
he19,2
epmi_ciso_duck,1
219mw,1
169mw,1
he23,1
verd,5
repost,1
piss,3
barri,1
24.25,1
urgent,1
yoy,1
england,1
503-731-4354,1
mum,1
u,1
congest,12
he2,3
alloc,1
9/24,1
he3,4
mess,1
UP,1
//iso_si/iso/,3
9:07,1
772-0515,1
2:18,1
roger,1
5mw,1
payback,1
he7,2
epe1152,1
epe1153,1
-john,1
mid-columbia,1
whatsoev,1
august,3
5:31,2
'rhawki1,3
epelectric.com',3
8/29,2
ees2,1
he8,1
he10,1
he14,1
46,2
he15,1
he16,3
he17,1
he18,1
stsw,5
imbal,2
706936,2
cal-imb,2
9:57,1
forget,1
elsewher,1
706950,1
706954,1
707099,1
puchas,1
stca/stwbom,1
707071,1
707087,1
//www.co.clackamas.or.us/dtd/surreal/,1
//www.co.travis.tx.us/tax_assessor/foreclosure/sales.asp,1
//www.creonline.com/articl85.htm,1
//www.aarons-investments.com/forum.htm,1
inquir,1
26486,1
pse,3
bigeddy/nob,1
pre-scheduled,1
straighten,1
reliev,1
desert,1
200mw,1
size,1
prefix,2
alphabet,1
BC,1
650664,1
//www.thestreet.com/_yahoo/comment/lockupexpirations/1413480.html,1
epmi_ciso_avista,1
6/7,1
mirant,4
transmiis,1
6/02/01,1
he13-18,1
630335,1
630336,1
ap,1
he12-18,1
15mw,1
4C,4
ww500,1
3.50,1
7.50,1
//dotect.ect.enron.com/genstat/epe/status/,1
directori,1
//dotect.ect.enron.com/genstat/epe/020119/,1
supposedli,1
wapa,1
crisp,1
irrig,1
huge,1
pain,1
late/deni,3
23725,2
23707,1
23720,1
23728,1
23706,1
23721,1
23711,1
23722,1
23713,1
23718,1
se,1
deni,4
yell,1
duplic,1
withdrew,1
ray/pac,1
steve/walc,1
woman/nevp,1
reliant,24
output,15
shutdown,12
etiwanda,6
chronicl,5
sfchronicle.com,5
megawatt,5
tactic,5
unusu,4
grid,4
ae,4
withhold,3
four,3
cberthelsen,3
primari,3
swing,3
nrg,3
segundo,3
SF,2
chron,2
alleg,2
richard,2
bernardino,2
counti,2
repeatedli,2
decreas,2
1,046-megawatt,2
berthelsen,2
scott,2
winokur,2
regul,2
depriv,2
april,2
spring,2
summer,2
deterior,2
tear,2
assert,2
frankeni,2
10-minut,2
cite,2
familiar,2
invis,2
measur,2
tank,2
fluctuat,2
moreov,2
unplan,2
offlin,2
spokesman,2
alamito,2
swinokur,2
2:01,1
causholli,1
monika,1
guzman,2
merri,1
V.,1
forney,1
FW,2
C.,1
10:17,1
badeer,1
robert,1
sander,1
'gfergu,1
brobeck.com',1
excerpt,1
juggl,1
strain,1
/chronicle/info/copyright,1
//www.sfgate.com/cgi-bin/article.cgi,1
f=/c/a/2001/05/20/mn121438.dtl,1
driven,1
throttl,1
artifici,1
shortag,1
dozen,1
maneuv,1
jack,1
much-need,1
14,990,1
unavail,1
usag,1
consider,1
suspici,1
constrict,1
boost,1
suspect,1
macintosh,1
factor,1
earnest,1
carl,1
wood,1
commission,1
denial,1
adamantli,1
mechan,1
partnership,1
skyrocket,1
decrepit,1
acknowledg,1
supply-demand,1
kevin,1
mccorkl,1
beyond,1
tight,1
unfair,1
tinker,1
caught,1
satisfactori,1
aggress,1
undergener,1
mysteri,1
70,1
'go,1
'bring,1
rapid,1
span,1
minimum,1
80,1
machineri,1
slam,1
brake,1
fatigu,1
fall,1
crack,1
so-cal,1
easili,1
39-day,1
wattag,1
out-of-st,1
319,1
atlanta,1
310,1
arlington,1
va.,1
278,1
charlott,1
n.c.,1
261,1
53,000,1
40-day,1
1,368,1
1.4,1
ormond,1
beach,1
oxnard,1
legitim,1
failur,1
oldest,1
clear-cut,1
tube,1
leak,1
expressli,1
wheatley,1
rampant,1
alon,1
reflect,1
co-own,1
minneapoli,1
stengel,1
beneficiari,1
sky-high,1
occas,1
1,000,1
750,1
'it,1
constraint,1
requests/,1
w/ppw/crag-pacw//,1
cascad_1_cragvw,1
crag,1
whoever,1
costthrough,1
np15/midc,1
spread,2
09,2
4:17,1
epmi_ciso_spp,1
summit,1
epmi_ciso_tobi,5
mgmt,1
F,1
rom,1
4:20,1
5/16,1
tour,1
round,3
length,3
lightload,3
upstream,3
G,2
28mw,2
55,2
runswick,1
staci,1
3:38,1
iid,1
epexchang,1
-bpenergy-pnm-epmi-ciso,1
27mw,1
21935,1
587854.1,1
135.00,1
pinw,1
pv-aquilla-epmi-ciso,1
21938,1
wer,1
aquilla,1
562225.1,1
139.00,1
ncpa,9
path15,3
zp26,3
21mw,2
20mw,2
PG,2
E,2
tel,2
zp26/np15,1
25/mw,1
enabl,1
grandfath,1
sweet,1
sp15/np15,1
wesco,1
calpool,1
916,1
786-3520,1
415,1
973-1969,1
sup,8
mead230,6
-50,5
epmi_ciso_mead,2
he4,2
supplement,1
monr,1
staurday,1
-75,1
he5,1
-100,1
epmi_ciso_south,1
epmi_ciso_bunni,2
powerex,5
he24,1
4/13,1
epmi_ciso_,1
tobi,1
silverpeak,3
import/,1
12mw,2
hilltop,2
snoho,2
17mw,1
6.90,1
3.90,1
mal2,1
mal5,1
bounc,1
sleev,1
anybodi,1
competit,1
cali,1
opposit,1
advantag,1
853724,1
spp-snoho,1
853703,1
spp-puget,1
853725,1
usernam,1
timbers01,1
'S,4
4/17,2
epmi_ciso_erni,2
04/17/2001,2
solberg/pdx/ect,2
05:40,1
05:31,1
volume_management_portland,1
cc,2
//www.enernetdaily.com/,1
//www.armata.home.ro/,1
3/10/01,1
causholli/solberg,1
slinger/guzman,1
inc,1
slod,1
pspl,1
pittsburgh,4
buffalo,1
sar,2
05/01/2001,1
05:45,1
venkataswami,1
vishwanatha,1
vishwanatha.venkataswami,1
04/30/2001,1
06:04,1
crook,1
william.crook,1
luu,1
duong,1
duong.luu,1
01:00am-02:50am,1
interv,1
cross,1
02:50am,1
pwr_deal_leg,1
pwr_deal_peer,1
pwr_term_strp_set,1
pwr_term_strip_rul,1
pwr_term_strip,1
pwr_crd_counterparti,1
pwr_crd_desk,1
pwr_easy_instr_map,1
pwr_delivery_point,1
pwr_region,1
pwr_pub_cod,1
pwr_liquidate_strip,1
pwr_schedule_strip,1
pwr_system_statu,1
vish,1
53209,1
//www.shortway.to/1941/,1
701-0295,1
ryan.sling,1
imceanotes-+22slinger+2c+20ryan+22+20+3cryan+2eslinger+40enron+2ecom+3e+40enron,1
10:12,1
cn=geir,2
solberg/ou=pdx/o=ect,2
earth_sat,2
teh,2
arang,2
aloc,2
10/4/1999,2
