user,42
ina,12
rangel/hou/ect,8
amanda,6
id,6
peopl,22
scott,18
713,63
pleas,215
send,38
id',2
forward,76
04/26/2001,2
05:27,2
PM,136
huble/enron,4
enronxg,19
04/24/2001,17
09:05,3
AM,118
To,200
ect,56
cc,94
subject,193
Do,26
happen,18
follow,88
list,35
sent,61
befor,27
reason,33
thi,451
secur,9
site,8
vicki,2
versen,2
hendrickson,2
dutch,5
quigley,2
john,6
griffith,2
matt,2
lenhart,7
steve,67
south,63
susan,26
chri,18
figueroa,2
eric,11
feitler,2
mog,2
heu,2
sheetal,2
patel,2
thank,91
K.,2
hubl,2
ga,181
fundament,6
phone,13
853-4384,2
pager,32
877,2
482-0772,2
fax,16
646-8453,2
compani,108
PG,31
E,67
regul,35
util,76
ani,193
nation,56
energi,93
group,74
referenc,17
pacif,20
electr,26
california,49
schedul,163
station,17
3,60
mainten,32
ha,167
caus,24
restrict,15
greater,12
anticip,6
kingsgat,7
capac,290
limit,35
2220,3
mmcf/d,9
begin,18
intra-day,3
1,134
cycl,6
day,104
4/26,3
remain,19
effect,33
notic,77
If,167
question,53
call,79
transport,109
coordin,11
503,7
833-4300,7
herein,11
use,93
name,61
logo,7
neither,7
public,36
commiss,11
custom,45
buy,19
product,61
order,17
continu,28
receiv,44
qualiti,7
servic,180
may,146
could,49
june,22
thought,10
We,136
believ,20
natga,2
contract,197
come,23
signific,11
sell,13
pressur,14
later,51
pehap,2
trade,48
470-480,2
range.,2
assum,7
drag,2
high,16
480,2
low,8
490,2
aggress,6
trader,20
consid,26
next,24
coupl,4
look,24
pop.,2
short-term,10
risk,39
penni,2
regards-,2
jay,9
domain,10
free,34
yahoo,6
welcom,8
enerfax.com,3
enter,16
|,3
registr,8
yournamefree.com,3
regist,14
term,126
enron,675
astroworld,16
ticket,32
employe,44
famili,14
unlimit,6
purchas,7
discount,45
summer,12
includ,100
one,110
entertain,10
credit,11
union,6
announc,14
due,31
overwhelm,2
feedback,3
negoti,35
place,39
tradit,2
At,16
hope,12
allow,33
plan,51
fun-fil,2
trip,6
conveni,10
20.56,2
retail,11
50,16
admiss,2
plu,7
7,59
meal,2
five,5
restaur,2
six,3
flag,4
world-class,2
complex,3
fill,14
excit,8
ride,7
attract,4
10,38
heart-pound,2
coaster,2
40,6
blockbust,2
show,11
interact,12
street,4
star-stud,2
concert,8
abl,29
anytim,5
dure,50
2001,201
season,33
sale,12
feder,7
eb0399,2
visit,20
person,28
make,64
mail,17
alreadi,18
fcu,2
member,24
pay,21
cash,8
money,8
onli,109
encourag,6
take,61
advantag,7
great,26
fun,6
deal,38
august,6
30th,3
=20,349
=01,50
go,51
uniqu,8
express,38
environ,34
artist,8
path,21
lead,7
instead,9
path=20,3
leav,11
trail.=018,3
ralph,3
waldo,3
emerson,3
watch,16
build,26
lobbi,18
thursday,51
april,271
26th,16
11:30am,7
to=20,21
1:00pm,17
information=20,3
enron=01,12
way,25
communicat=,3
e=20,9
tool,7
workplac,3
featur,21
ethink,3
planet,3
expert,8
finder,3
gi,3
special,39
afternoon,16
workshop,9
3:30pm,9
5:30pm,5
paint,5
experience=018,3
mr.,19
stewart,5
cubley=20,5
train,11
knowledg,10
art,13
is=20,11
requir,60
....,8
simpli,12
particip,23
support,62
explor,20
process=018,5
creativ=,5
iti,5
and=20,8
risk-tak,5
complet,27
the=20,17
barrier,5
comparison,5
evalu,23
judgment,5
success,30
failur,11
award,75
prerequisit,5
spirit,5
inquiri,5
fee,12
class,3
rsvp,15
jessica,13
x31918,11
space,13
i=,8
s=20,14
word,19
verv,3
v-rv,3
n.,4
enthusiasm,3
idea,25
especi,7
perform,16
composit,3
see,66
attach,60
bid,377
solicit,12
26,27
9,73
a.m.,25
PT,18
mobidltr.501.doc,2
gtn,6
1-2,4
period,57
25,21
updat,20
transmiss,31
northwest,160
portion,2
previous,2
cancel,9
8,90
12,23
hour,34
per,62
also,89
4C,2
1-13,2
reduc,17
2,360,2
2,460,2
3-13,2
addit,42
assist,29
contact,64
forum,25
atlanta,15
ldc,17
click,56
southeast,13
attende,8
imag,8
sign,34
and/or,9
promis,6
largest,11
gather,5
buyer,3
network,15
hear,7
industri,22
grow,9
power,45
crunch,3
region,10
last,58
4,41
sold,13
n't,53
late,9
focu,11
year,99
manag,36
suppli,25
constraint,22
avail,231
new,93
project,41
problem,34
spread,7
directli,8
form,22
agenda,3
pre-list,3
inform,88
websit,7
www.interchange-energy.com,3
jerri,3
ribnick,3
763-545-1515,3
800-427-3976,3
seri,4
4-5,3
chicago,3
sept.,3
10-12,3
boston,4
18-19,3
2002,14
interchang,3
620,3
mendelssohn,3
avenu,6
north,33
suit,7
161,3
minneapoli,3
MN,3
55427,3
prefer,20
futur,37
e-mail,136
regard,23
repli,6
messag,75
indic,29
remov,4
field,12
9915star.gif,3
ngstorage_us.pdf,2
outag,87
No,115
fri,27
4/27/2001,21
server,24
thru,24
center,58
sat,21
4/28/2001,15
system,43
data,30
impact,31
CT,16
unifi,16
S,29
facil,24
oper,48
eb,9
6:00:00,11
london,13
move,20
chang,86
Y,25
T,20
L,26
edi,10
time,160
8:00:00,8
2:00:00,8
houston,43
purpos,9
backout,8
sitara,25
full,19
help,31
on-cal,10
853-9797,10
W,12
K,16
N,21
D,21
M,33
V,95
B,22
F,11
O,24
R,45
27,12
5:00pm,5
30,7
12:00am,5
ardmor,5
azurix,5
eb34,5
american,29
lan,7
internet,12
market,121
NT,7
os/2,5
9:00:00,3
7:00:00,3
3:00:00,5
ossprod,3
portland,3
ecom,3
It,45
mission,7
cirit,3
app,5
oracl,3
doe,46
function,16
nat,3
must,53
made,31
accomod,3
put,19
origin,33
acl,3
back,16
denni,5
mcgough,3
713-345-3143,3
sun/oss,5
telephoni,5
termin,37
corp,5
12:00:00,3
10:00:00,3
develop,30
complinac,3
standard,4
backup,3
emerg,12
repair,6
disk,3
done,6
prior,24
charl,4
ballmer,3
713-853-0684,3
darryl,3
vinson,3
713-345-8726,3
853-1411,5
resolut,35
specif,15
853-5536,5
sap/isc,5
345-4727,5
284-3757,5
288-0101,5
rus/gops/geotools/apr,5
639-9726,5
oss/ua4/tarp,5
285-3165,5
cpr,5
284-4175,5
327-3893,5
ee,13
desk,5
OR,23
888,7
everyon,13
gift,9
card,2
foley,4
definelti,2
bunch,2
work,60
line,23
current,93
travel,29
agenc,4
park,15
major,8
damag,12
downtown,3
construct,7
estim,6
approxim,16
4-6,3
rout,3
713-853-4801,3
713-345-5164,3
notif,39
persist,3
apolog,3
inconveni,3
auction,10
benefit,13
march,75
dime,40
wednesday,33
http,30
onlin,8
open,65
promptli,2
9:00,6
close,60
4:00,17
p.m.,22
//my.home.enron.com,4
//ecweb05e.enron.net/apps/auction.nsf/,4
item,12
100,11
proce,4
miss,4
of=20,10
busi,79
depend,4
upon,19
eye,18
imagin,8
focus.=018,2
mark,8
twain=20,2
25th,4
innov,20
'll,11
opportun,24
meet=20,2
variou,2
repres,24
discuss=20,2
creativ,4
mind,12
watc=,2
h=20,4
vinc,2
kaminski=20,2
present,29
exchang,10
bench,2
enron.credit.com,2
weather,2
game,13
a=,4
nd=20,4
xceler,2
cerebr,2
\ser-uh-bray-shun\,2
noun,4
act,22
think,51
mental=20,2
activ,13
get,81
tori,9
admin,4
asst,4
certif,4
kuykendall/hou/ect,2
03:30,2
kuykendal,7
03:31,2
moniqu,7
sanchez/hou/ect,2
keith,7
holst/hou/ect,2
phillip,13
allen/hou/ect,8
frank,15
ermis/hou/ect,2
mike,7
grigsby/hou/ect,2
jane,7
tholt/hou/ect,2
matthew,7
lenhart/hou/ect,2
randal,7
gay/hou/ect,2
reitmeyer/hou/ect,2
scott/hou/ect,2
need,115
someth,17
tomorrow,13
collect,9
okay,2
probabl,10
tonight,10
dont,2
stick,5
share,52
bill,21
instruct,27
ferc,33
meet,42
enron.com,72
real,16
connect,21
access,37
janet,9
benson,6
view,93
butler,6
11/06/2000,6
long,32
configur,14
video,6
s/enron,6
url,6
capitol,6
box,16
wish,8
02:23,3
11:47:40,3
allen,12
convers,3
advis,9
concern,18
Sr,3
specialist,3
govern,56
affair,13
america,28
713-853-1711,3
++++++++++++++++++++++++++,3
benson/na/enron,3
01:45,3
04:51,3
eric.benson,3
steve.kean,3
richard.shapiro,3
As,15
novemb,6
butler/et,3
04:49,3
10/31/2000,3
04:12,3
christi.l.nicolay,3
jame,12
steffes/na/enron,6
rebecca.cantrel,3
shelley,6
corman/et,3
address,35
comput,7
video/audio,3
annual,8
cost,44
//www.capitolconnection.gmu.edu/,3
onc,14
sight,4
first,67
either,16
dialogu,3
enron-i,3
password,11
fercnow,3
player,12
expand,13
screen,63
easier,3
adjust,10
sound,5
notice.rtf,22
2001041,2
review,47
type,28
press,27
release/news/phon,2
titl,14
it/ao,2
date,112
04-24-2001,2
11:00,8
04-30-2001,2
06:00,2
respons,38
NO,16
cig,20
questar,12
storag,88
rubi,10
wild,52
goos,52
pipelin,58
phase,8
would,95
today,33
daili,53
interst,4
hold,10
rocki,4
northern,4
said,26
utah,6
nev.,4
calif.,4
involv,12
interest,61
leas,7
news,10
releas,44
feel,11
us,36
inc.,42
discuss,40
align,3
keep,12
22,3
ben,19
leden,14
calgari,2
403,2
266-8192,2
price,106
baldwin,2
925,6
243-0350,6
copyright,2
financi,19
colorado,2
31,12
whether,3
add,11
nevada,30
total,45
750,2
million,47
cfd,2
increment,3
2003,6
sheet,28
obtain,2
web,28
www.cigco.com/business/colorado/index.html,2
mountain,8
basin,39
increas,40
dramat,2
provid,76
consist,11
850,2
mile,2
30-,2
inch,3
36-inch,2
run,8
western,15
wyom,2
elko,2
point,208
deliveri,53
near,10
reno,33
yuba,2
citi,10
sacramento,2
interconnect,2
second,5
entail,3
agreement,82
74-mile,2
loop,2
ownership,11
affili,10
33-year,2
give,25
right,76
craig,6
coomb,2
719-520-4387,2
Ed,2
miller,4
719-520-4305,2
tom,7
dobson,2
719-520-3792,2
RW,2
dr.,12
peter,10
bishop,10
technolog,8
professor,6
chair,10
univers,6
ami,10
skill,6
offic,21
reach,8
rate=20,2
60,12
minut,9
hour=01,2
whatev,4
whoever,2
be.=018,2
c.,2
lewi,2
tuesday,38
24th,4
1:00=,4
pm=20,2
futurist,2
studi,4
graduat,4
progra=,2
m=20,4
houston=20,2
clay,39
anderson,2
astronaut,2
nasa=20,2
gadget,2
gizmo,2
oxford,2
robot,2
display,2
student,10
yate,2
school,10
1:30pm,4
2020=018,2
oberg=20,4
join,17
oberg,4
program,49
2020,6
engag,8
this=,2
participatori,2
final,26
summary=20,2
characterist,4
cultur,5
world,15
the=,3
might,5
play,16
result,28
session,4
rsv=,2
p=20,2
prescienc,2
\pree-shun,2
pree-shee-uns\,2
event,20
foresight,2
01-237,11
res_.doc,5
outlook,102
owa,24
note,61
mailbox,18
client,14
migrat,81
via,28
team,27
5.0,4
entri,6
book,15
journal,16
remot,4
task,5
2000,38
reciev,2
start,15
morn,10
browser,2
read,18
calendar,18
to-do,2
import,32
desktop,4
2,90
home,6
abroad,2
TO,63
launch,4
window,13
//nahou-msowa01p/exchange/john.do,2
substitut,3
john.do,2
prompt,7
shown,2
corp/your,2
logon,2
ok.,2
subtl,4
differ,11
mani,32
thing,6
brief,3
spell,2
checker,2
offlin,2
print,10
templat,2
remind,3
expir,2
rule,27
vote,6
recal,2
deleg,2
direct,9
resourc,29
distribut,22
answer,13
outlook.2000,2
otherwis,24
713-853-1411,7
button,82
even,30
trust,10
signer,10
critic,16
OF,23
save,27
My,15
pre-migr,5
pop-up,5
appear,39
abort,5
select,104
5,43
manual,9
re-ad,5
6,71
mean,38
todo,7
week,48
delay,8
restor,5
encount,10
error,17
ye,33
anyon,10
survey,4
',29
permiss,4
email/calendar,4
els,8
mm/dd/yy,4
ensur,2
experi,12
necessari,14
individu,7
finish,15
'repli,2
hit,2
'send,2
automat,2
login,4
ID,10
extens,2
locat,18
laptop,2
pda,2
none,25
ipaq,2
palm,2
pilot,20
jornada,2
Is,4
maintain,14
mass,2
databas,2
applic,16
In,74
effort,14
exact,2
date/tim,2
know,50
normal,2
vacat,2
etc,7
email,25
BE,27
clean,4
l=20,5
100mb,4
lotu,4
microsoft,8
IS,19
factor,10
integr,7
convert,5
unabl,2
unless,21
action,16
old/un-need,2
emai=,2
possibl,22
migration.,2
to=,10
alloc,5
space.,2
more=,3
amount,33
sen=,2
d=20,7
limit.,2
now=,2
prevent,8
platform,2
ou=,2
tlook=20,2
worldwid,3
email=20,2
functions.=20,2
whi,37
contribut,12
decis,17
exchange/outlook,2
promin,2
wit=,2
effici,4
PC,2
roam,2
improv,27
palm/c,2
devic,2
instant,2
capabl,2
thirti,2
folder,2
store,2
past,2
ten,7
n=20,6
creat,49
wil=,2
re-creat,2
nom,56
joan,50
-origin,46
quick,35
apex2000.net,28
jim,26
mailto,24
jjosborn,20
lower,23
monday,37
23,28
RE,32
ken,16
hillari,8
penalti,27
joan.quick,12
friday,53
20,58
winmail.dat,12
base,43
kckrisa,8
FW,12
mcf/d,8
3,100,2
mmbtu/d,2
disc,2
4/23,2
pm,61
10:59,2
mack,2
brewer,2
stacey,2
steven,26
crescendo,2
left,18
voicemail,4
x33152,4
imceanotes-+22jim+22+20+3cjjosborne+40apex2000+2enet+3e+40enron,4
com,15
3:34,4
2.84,4
mmcfd,4
10:01,4
excess,5
penal,7
anyth,9
imceanotes-+22jim+22+20+3cjjosborne+40apex2000+2enet+3e+40enro,4
1:35,4
sure,18
wo,5
respond,17
11:19,4
suggest,21
imceanotes-+22ken+22+20+3ckckrisa+40apex2000+2enet+3e+40enron,4
8:31,4
compressor,6
san,4
arroyo,4
wa,149
sever,20
let,35
nomin,7
option,9
chanc,19
krisa,4
1:37,4
19,30
8:45,4
Cc,15
oti,4
brian,7
bit,4
around,14
2,954,4
month,36
3,123,4
file,55
night,28
downey,13
kace,13
ad,13
richard,9
unit,23
west,19
deploy,10
initi,46
1st,10
win2k,10
south/ssouth,10
scott/sscott3,10
've,4
two,56
confirm,17
ok,3
RC,3
11:58,3
mangin,3
emmanuel,3
bode,3
gari,9
connor,4
A.,5
marcu,3
davi,3
jass,3
juan,3
austin,3
rc-west,3
/,10
conflict,13
identifi,9
mar,6
refer,16
process,13
notifi,9
immedi,18
earliest,5
roll,18
transit,9
\infotech\projects\win2000\busi,5
units\bu-ena\bu-ena-trading\bu-ga,5
group\ect-resourc,5
corp\rc-west,5
pallen,5
ermi,13
fermi,5
gay,7
rgay,5
grigsbi,5
mgrigsb,5
holst,5
kholst,5
tkuyken,5
mlenhar,5
reitmey,5
jreitm,5
sanchez,5
msanch2,5
sscott3,5
ssouth,5
tholt,5
jtholt,5
x55641,5
281-541-9272,5
cell,8
report,28
revis,3
4/23/01,2
nui,2
personnel,2
insur,10
copi,23
veronica,2
espinoza,2
x6-6002,2
bradford,2
x3-3831,2
russel,4
diamond,5
x5-7095,2
brant,2
reve,2
x3-9897,2
eog,57
percent,43
quarter,27
natur,33
common,15
reserv,55
04-23-01,12
earn,12
u.s.,11
net,17
incom,11
capit,10
webcast,9
oil,11
statement,13
04/23/2001,6
relat,10
seven,7
record,17
212.5,6
1.79,6
compar,7
ago,11
organ,24
papa,6
drill,6
crude,6
growth,7
outstand,6
posit,55
debt,6
end,33
14,12
section,21
expect,14
extent,12
2.doc,6
2.xl,6
croy,3
P.,3
4362,3
texa,9
77210-4362,3
steve_croy,3
eogresources.com,3
Ph,3
713.651.6864,3
281.827.7195,3
713.651.6865,3
713.651.6990,3
croy/eogresourc,3
07:05,3
investor,9
everyone_eogr,3
oe,3
06:02,3
IN,19
P,25
500,9
index,7
38.8,3
.33,3
whole,9
struggl,3
flat,3
demonstr,3
abil,4
G.,3
chairman,7
chief,3
execut,18
inventori,11
best,20
shape,5
ever,4
versu,3
4.2,3
condens,3
7.4,3
liquid,3
decreas,3
31.4,3
overal,5
four,6
target,3
significantli,5
ramp,3
acreag,3
geolog,3
geophys,3
headcount,3
grown,4
rig,3
expenditur,3
185.0,3
85.3,3
solidifi,3
long-term,4
strategi,5
strengthen,5
structur,7
number,14
700,000,3
116.2,3
paid,5
214.1,3
ratio,3
38.3,3
29.6,3
dividend,3
.14,3
.16,3
confer,17
live,7
audio,5
9:30,3
central,49
10:30,3
eastern,4
listen,4
log,3
www.eogresources.com,3
archiv,3
independ,9
non-integr,3
state,45
substanti,5
prove,3
canada,9
offshor,3
trinidad,3
york,3
stock,3
ticker,3
symbol,3
within,36
27a,3
1933,3
21e,3
1934,3
although,7
assumpt,4
assur,12
achiev,10
actual,12
materi,7
quantiti,32
commod,21
rate,167
discov,4
produc,7
acquir,3
properti,11
uncertainti,4
associ,7
intern,15
financ,7
polit,5
condit,44
equiti,3
cover,12
shipper,174
offer,237
post,90
packag,58
submit,63
electron,46
x,31
maximum,52
prearrang,103
highlight,31
firm,66
nwp,26
ebb,26
valu,48
accept,98
shall,42
top,26
withdraw,36
candac,24
801,24
'S,21
tariff,63
bid.,15
highest,27
dth/d,39
receipt/deliveri,42
multipl,16
tie,16
cap,73
like,34
want,61
modifi,25
statu,24
ON,11
match,31
econom,30
karpaki,16
deadlin,16
primari,55
3,399,9
min,22
demand,37
vol,22
max,16
04/27/01,6
cond,16
rate.,10
charg,52
specifi,31
minimum,11
formula,11
mous,10
button.,10
rev/sub/wdrw,10
appear.,10
draft,18
delet,10
categori,12
subcategori,8
text,10
C.,8
karpakis-,5
584-6996,8
wk,5
971-5983,8
cellular,8
william,13
pipeline-west,5
mainlin,18
tf-1,17
larg,8
bulletin,10
board,31
competit,17
pursuant,14
right-of-first-,5
refus,6
provis,31
applicable.,5
period.,5
accord,23
conduct,5
AS,8
ebb.,5
DO,11
wait,10
monitor,6
implement,12
ss-1,6
510,3
receipt,55
suma,48
05/01/01-05/31/01,11
0.03,13
dth,14
flexibl,13
04/26/01,3
5:00,14
evergreen,35
appli,16
segment,41
replac,17
without,15
volumetr,8
surcharg,11
fuel,24
procedur,17
guidelin,5
adher,5
separ,14
capacity.,11
partial,7
package.,8
valid,7
discard,5
calculation.,5
less,6
365,5
days/100/12,5
bid/100,5
case,23
24,12
time.,5
584-7076,8
patrick,6
aman.,5
still,25
exist,6
prorata,5
basi,30
longer,8
passag,5
create/sub,5
application.,5
active.,5
volum,30
accordingli,5
correct,19
again.,5
entered.,5
OK,6
offer.,8
11,11
return,9
menu,5
submit.,5
yet,13
withdrawn,5
alway,14
refresh,5
latest,5
f\short,5
term/capac,5
bid-al,5
res.doc,5
astro,6
raffl,6
prize,4
draw,4
1:00,8
win,5
primo,2
spot,35
dinner,2
massag,2
bidder,5
visa,2
mastercard,2
upstair,2
outsid,19
energ,2
On,7
big,12
cafe,8
roundtrip,2
continent,2
airlin,2
48,2
contigu,2
compaq,2
PA,2
manicur,2
pedicur,2
urban,2
retreat,3
held,5
2:00,14
p.m,2
winner,2
rental,36
alamo,28
car,28
vehicl,16
enrol,16
level,28
recommend,13
rent-a-car,8
secondari,17
rent,8
regardless,8
coverag,10
transact,33
intent,8
consolid,4
leverag,7
spend,11
favor,5
non-pric,4
i.e,4
proposit,4
choic,13
sister,4
reflect,11
solut,8
altern,11
puerto,4
rico,4
l/dw,4
loss/damag,4
waiver,4
comprehens,6
collis,4
auto,4
liabil,6
100,000,4
300,000,4
occurr,4
50,000,4
commun,22
5000838,4
143974,4
enjoy,4
supplier,8
emerald,4
club,20
membership,6
quicksilv,4
design,34
speed,5
counter,4
bypass,4
rapid,6
waiv,4
packet,4
cardhold,4
find,23
intranet,4
gss.enron.com,4
//gss.enron.com/,4
comment,22
jeff,11
leath,4
713-646-6165,4
celebr,23
topping-out,8
tree,8
sapl,8
beam,5
rise,9
invit,14
antioch,7
3:45,5
4:30,19
arbor,3
hand,16
rain,3
air,3
iptv,3
plaza,3
sherri,8
espeak,6
sera,2
job,8
sinc,11
becam,5
ceo,7
ca,4
transcript,2
wonder,3
polici,12
saturn,2
ring,2
emeet,2
reduct,15
vault,2
thinkbank,2
cut,18
're,9
13,17
c-unit,2
23-29,2
2,310,2
04/24/01,12
04/23/01,10
5:30,10
01-236,9
2,765,7
2,354,7
green,64
river-,4
5,000,9
2,676,4
506,2
greasewood,5
0.043,2
04/20/01,2
written,13
parti,28
BB,5
507,2
dougla,8
gg-2,5
gg-3,5
508,2
ignacio,44
plant,61
jj-1,5
509,2
blanco,8
hub-tw,8
c.dtf,2
lng,14
eim,8
first-quart,8
profit,8
global,6
corp.,7
rose,6
cent,6
steel,5
dave,12
forest,4
wholesal,20
globe,4
year-earli,4
billion,12
gain,10
egm,4
carter,4
ena,19
metal,2
iron,2
pushiest,2
entrant,2
US,26
t=20,6
revolution,2
hot,2
co=,2
il=20,2
analysi,7
allan=,2
director,10
he=20,2
o=,6
f=20,3
spent,3
abitibi,2
pulp,2
paper,18
join=,2
siebel,2
force=018,2
toward,10
program=20,3
earli,10
trainin=,2
g=20,3
stay,3
tune,2
creator,2
leader,8
glob=,2
al=20,7
state=,3
bullish,2
for=,6
role,10
in=20,7
serv,15
part,24
u.s.=,2
pictur,2
An,9
span,2
can=20,2
vast,2
strand,3
world=01,2
app=,2
etite=20,2
cleaner,2
burn,2
for=20,2
model,5
anoth,3
energy=,2
say,25
percent=20,2
17,6
bloomberg,2
sa=,2
id=20,2
almost,4
quadrupl,2
fro=,2
406,2
47,2
338,2
cent=,2
rais,20
forecast,2
1.75=,2
1.80,2
januari,18
1.70,2
1.75,6
revenu,7
surg,2
50.1,2
13.1,2
enron=,6
boost,2
90,2
a=20,11
accounting=20,2
425,2
49,2
no=,3
hire,3
janel,2
david,35
allan,2
sylvia,2
sasha,2
divelbiss,2
quirsfeld,2
judi,2
zhang,2
annett,2
thompson,2
kelly=,2
donlevy-le,2
grant,4
patterson,2
transfer,3
abler,2
magdalena,2
cruz,2
barbara,2
taylor,6
rey,2
marvin=,2
angel,2
tamariz,2
jess,2
bryson,2
cassandra,2
dutton,2
christin,2
sullivan,6
camil,2
gerard,2
katho=,2
l,2
jennif,6
watson,2
batcheld,2
legal,33
stuff,2
contain,13
newslett,2
confidenti,2
proprietar=,2
y=20,6
subsidiari,2
intend,2
only=,2
disclos,5
volunt,19
music,12
keyston,12
lunch,12
27th,15
dessert,8
convoy,12
and=,8
drink,10
motorcad,10
tabl,12
jazz,6
bar,8
hall,6
symphoni,6
your=20,7
walkamerica,6
boy,6
girl,6
career,6
children,8
hoop-it-up,6
non-profit,7
will=,7
foundat,8
freaki,4
mind=01,8
enron-design,6
stop,8
call=,4
9:00am,6
4:00pm,4
detail,21
ball,4
be=,4
12:00,4
floor,7
Da,4
camera,4
saturday,7
garden,4
singl,4
sambuca,4
pre-concert,4
jone,14
29,4
babi,7
ext,4
ks=20,4
small,5
hosti=,4
ng=20,6
milligan,4
x35272,4
t=,6
o=20,5
scholar,5
senior,4
ceremoni,4
mental,4
health,10
desert,4
speci=,4
hoop,4
8:00,4
center=20,4
23rd,4
ha=,2
ve=20,3
........,2
arbor=,2
cater,2
escalant,2
mexican,2
grill,2
beef,2
chicken,2
veggi,2
fajita,2
trim,2
live=,2
salsa,2
tropicrew,2
ms.,2
ale=,2
x=20,2
villarr,2
singer,2
search,3
lupu,2
ge=,2
dress,2
mad,6
check,17
on-sit,2
wi=,3
ll=20,2
promot,3
shift,4
advanc,7
enro=,4
week-long,4
take=,2
lunchtim,4
24th=,2
etv,4
laser-focus,2
perspicu,2
festiv,2
7:00pm,2
11:00pm,2
astrodom,2
boast,2
guest,8
rocket-fueled=20,2
fashion,2
fantast,2
food,2
otherworldli,2
danc,2
unbridl,2
merriment,2
kind,12
respect,9
unexpect,4
space-ag,2
style,2
carolyn=20,2
wonderland,2
marcia,2
royal,2
crown,2
revu,2
visit=,2
at=,2
door,4
orang,2
www.orangeshow.org,2
brownbag,2
p.m.=20,2
7th,2
ying=20,2
quartet=018,2
20th,6
centuri,2
chamber,2
piec,3
De,2
camera=,2
200/01,2
patronage=018,2
ma=,2
at=20,2
wortham,2
nunez,4
hate,2
becaus,23
everyth,2
die,2
lin=,2
da=20,2
mercer,2
arboretum,2
botan,2
humbl,4
teach,2
surviv,2
thrive,2
dog,2
days=,2
topic,3
tropical-look,2
sun,2
shade,2
ginger,3
fragrant,2
drought-toler,2
8th,2
11:30,2
12:30,2
12th,2
area,7
classic,2
me=,3
et=20,2
mingl,2
blu=,2
e,18
monk,2
909,2
complimentari,2
hors=20,2
d'oeuvr,2
7p.m.,2
across,5
rou=,2
robertson,2
conductor,2
lead=20,2
beethoven,2
idyl,2
romp,2
countrysid,2
pastoral.=,2
conclud,6
prokofiev,2
patriot,6
alexand,2
nevski,2
eisenstein,2
film,2
legendari,2
battl,6
ice,2
choru,2
35,9
th=,5
round,4
seat,9
pre-paid,2
reservation=,2
on-lin,2
www.houstonsymphony.org,2
238-1477,2
cyberauct,2
Of,7
//home.enron.com,2
biggest=20,2
fund-rais,2
pioneer,2
research=,2
born,2
prematur,2
birth=20,2
defect,5
1970,3
1=,2
fight,11
everi,6
dollar,16
www.modimes.org,5
kimberli,6
nelson,2
33580,2
gina=,2
37681,2
shadow=018,2
aft=,2
ernoon,2
gener,73
cleric,2
tas=,2
appreci,12
AT,9
caf_,2
charter,2
leadership,3
young,2
local,2
age,2
14-18=,2
.=20,3
elect,5
choos,3
impleme=,2
nt=20,2
educ,2
object,7
keysto=,2
ne=20,2
shadow,2
profession,8
host,3
11:30-4,2
sponsor,7
it=,4
adopted=20,2
medic,4
dedic,4
treat,7
accompani,4
times=,2
georg,2
R.,2
brown=20,2
convent,2
exhibit,2
assist=,2
recognit,2
ceremony/luncheon,2
recogn,5
4,000,5
met,2
program=,2
medallion,2
nec=,2
hisd,2
childbuild,2
advoc,18
honor,3
awareness=,2
hermann,2
squar,2
actor,2
vignett,2
issu,66
parent,29
zydeco,2
soft,2
be=20,6
t-shirt,2
even=,2
balloon,2
set-up,2
clean-up,2
dotti,2
bate,2
dsquareb,2
msn.com,2
932-8440,2
75+,2
olymp,2
track,3
28,2
man=,2
timer,2
escort,2
water=,2
cheer,2
athlet,2
friend,2
cindi,2
richardson,2
x3-4770,2
kelli,2
lombardi,2
x3-8491,2
//home.enron.com:84/erc/index.html,2
15th,2
5-6,2
jump-start,2
become=,2
jammin=01,2
scene,2
1,200,2
4,800,2
join=20,2
greenspoint,2
mall,2
basketball-craz,2
atmospher,2
simultan,2
110,2
court,9
basketbal,2
fli,2
escape=,2
center=018,2
5th,2
6:00,2
sunday,4
6th,8
hotline=018,2
713-521-4535,2
r,3
hoopitup,2
texas.net=20,2
doubl,4
icon,6
learn,3
kids'=20,2
//home.enron.com:84/messaging/e_kids_announce423.pdf,2
eia,2
enron.com=20,2
noon,2
monday=01,2
mailing=,2
4/20/2001,6
mon,6
4/23/2001,6
sysadmir,6
5:00:00,2
11:00:00,2
cluster,2
2.3.11,2
rusti,2
cheve,2
713-345-3798,2
2001040,2
btu,2
05-01-2001,4
09:00,9
06-01-2001,7
08:59,9
2001039,2
fuel/l-u,2
=3d=3d=3d=3d=3d=3d=3d=3d=3d=3d=3d=3d=3d=3d=3d=3d=3d=3d=3d=3d=3d=3d=3d=3d=3d=,12
donat,12
dear,14
calcagno,6
suzann,8
ask,21
fundrais,6
proud,7
1:12,3
hello,3
corman,3
letter,29
regarding=,3
behalf,8
moment,7
greatli,3
ket,3
additional=20,3
payabl,3
location=,3
eb3275f.=20,3
=3d=3d=3d,3
=3d=3d=3d=3d=3d=3d=3d=3d=3d=3d=3d=3d=3d=3d=3d=3d=3d=3d=3d,3
walk,4
tea=,3
m.,3
nonprofit,3
whose,4
birth,3
infant,3
mortality.=,3
childhood,3
heart,3
obvious,3
well,15
46,000,3
set,48
goal,5
75,000,3
this=20,6
goal.=20,3
understand,17
many=,3
worthi,5
clearli,3
tell=,3
ralli,3
grassroot,3
effo=,3
rt=20,3
commit,8
thei=,3
r=20,3
envelop,3
dime=,3
tax,4
deduct,3
I=,3
care,4
paperwork,3
Y=,3
ou=20,3
sincer,6
regulatori,18
logist,3
head,13
control,16
brandon-,4
talk,14
human,4
rep,4
told,15
bring,7
patti,4
sorri,8
duplic,2
littl,3
far,12
away,3
mirant,6
invoic,18
mktg,2
LP,2
wrong,18
counterparti,2
04/20/2001,4
10:05,2
10:03,2
airam,2
arteaga/enron,2
bates/hou/ect,2
daniel,2
quezada/corp/enron,2
becki,4
young/na/enron,2
hardy/corp/enron,2
presas/corp/enron,2
laura,2
vuittonet/enron,2
pira,2
semi-annu,2
greg,2
shuttlesworth-,2
14th,2
3-5,2
C1,2
ross,2
16th,2
7-8:30,2
32c2,2
oil/,2
demand/,2
balanc,7
opec,2
rhetor,2
jen,2
fraser,2
34759,2
2001043,3
UP,6
05-30-2001,3
introduc,6
synonym,2
innovative=,2
consecut,2
fortun,2
magazin,2
inspir,3
duri=,2
24th=20,2
that=,5
enron's=20,2
4:00pm=20,2
stops=20,2
adopt,4
an=,5
with=20,2
when=20,2
rememb,2
relate=,2
dow,6
eb564,6
esourc,4
3:00,4
attend,15
personalizing/custom,2
dji,2
clip,2
clinic,2
fast,2
stephani,2
E.,6
5-7928,2
25.00,2
50.00,2
page,2
//esource.enron.com/training.doc,2
vendor,2
//esource.enron.com,2
pool,9
sampl,2
sore,2
neck,2
swim,2
practic,9
went,3
michel,2
good,19
anyway,2
input,3
ann,11
06/01/01,45
river-cig,45
corridor,42
tf-2,36
jackson,33
prairi,33
potenti,36
jun,30
sept,30
request,36
prioriti,35
kern,59
subordin,21
creek,19
epng,18
claus,25
lake,15
jul,15
aug,15
forth,15
holder,15
mitig,24
05/01/01,12
stanfield,12
shute,12
ignacio-bondad,12
11/01/01,12
crossov,12
16,13
grand,12
service.,12
reject,13
river/muddi,9
crk.,9
10,000,13
25,000,9
mkt,9
rifl,9
sand,9
spring,9
14.1,9
tf2,9
link,15
below.,9
date.,9
____________________________,9
agre,45
temporari,12
01-235,8
point2,6
canyon,6
now-,6
06/01/03,6
300,7
moab,6
vernal,6
starr,6
road,8
painter,6
muddi,6
23,152,6
1,850,6
barrett,30
river,56
valley,6
junction,6
-bondad,6
sedro/woolley,6
fall,7
263,6
klamath,6
describ,11
extend,8
bondad,6
laplata-tw,6
beyond,15
languag,9
_____________,6
uncondit,6
2001.,6
corpor,6
circl,6
ident,6
______________________________________________________,6
______________________,6
______________________________,6
capacity1,3
pkg,3
date3,3
puget,3
15,000,3
10/14/01,3
8,272,3
b-1,3
1,500,3
11/01/01-,3
C,7
1160,3
kemmer,10
2,750,3
1590,3
2,390,3
monticello,3
330,3
6,016,3
3,626,3
rio,12
algom,3
1,861,3
2,283,3
arch,3
653,3
125,3
redwash,3
447,3
inland,3
830,3
3,681,3
f-1,3
14,490,3
04/01/02,3
G,7
g-1,3
40,000,3
g-2,3
H,3
opal,7
90,000,3
8,351,3
i-1,3
35,000,3
J,4
16-questar,3
50,415,3
`,3
4,585,3
m-1,3
17,263,3
rvr/mckinn-cig,3
chevron,3
rang,4
6093,3
7,488,3
1395,3
redwash/questar,3
19,240,3
Q,3
q-1,3
7,770,3
soda,3
ash,3
1,140,3
jensen,3
Ut,3
svc,3
316,3
redwash/chevron,3
U,3
redwash/qpc,3
1,050,3
piceanc,3
1,005,3
X,12
4,097,3
6,460,3
Z,3
3,178,3
AA,3
23,148,3
4,10,3
CC,3
calf,3
410,3
703,3
01/01/02,3
crk,3
293,3
DD,3
lisbon,3
2,600,3
EE,3
1,137,3
FF,3
1,000,3
GG,3
gg-1,3
1,424,3
1,177,3
HH,3
hh-1,3
4,310,3
II,8
ii-1,3
JJ,3
24,000,3
61,463,3
KK,3
sipi,3
47,341,3
55,715,3
lynden,3
592,3
lawrenc,3
81,3
acm,3
68,4
Mt,3
vernon,3
115,3
3,988,3
ld,3
church,3
133,3
granit,3
1,536,3
machia,3
1,840,3
snohomish,3
21,9
LL,3
echo,3
33,3
7,530,3
duval/cottag,3
183,3
redmond,3
3,293,3
franci,3
2,808,3
covington,3
black,4
450,3
enumclaw,3
200,6
MM,3
8,300,3
05/01/04,3
NN,3
35,500,3
OO,3
idaho,3
pen.,3
1,735,3
PP,3
98,069,3
QQ,3
7,688,3
RR,3
pocatello,3
1,198,3
SS,3
2,385,3
ss-2,3
3,764,3
ss-3,3
4,243,3
juli,3
ss-4,3
4,341,3
ss-5,3
3,922,3
septemb,3
ss-6,3
2,076,3
octob,5
TT,3
lagrand,3
UU,3
spokan,3
mead,3
2813,3
VV,3
spokane-kettl,3
401,3
WW,3
XX,3
281,7
superced,3
previou,3
sole,13
monthli,7
0.00,3
c,5
encompass,4
northflow,3
right.,3
southflow,3
exceed,9
language.,3
flow,3
eleventh,3
offered.,3
15,9
10-bursi,3
footnot,3
24-hour,3
re-post,3
ith,3
_________________,3
zip,3
facsimil,3
c/o,3
attn,3
295,3
chipeta,3
salt,3
UT,3
84158,3
Re,31
_______________________,3
_____,3
posting.,3
conting,4
apply.,3
process.,3
____________________,3
_______/dth,3
______________________________to___________________________________,3
_________________________________________________,3
constitut,4
bind,3
abov,13
__________________________,3
_______________,3
________________________________,3
matter,16
releases.,3
liabl,3
\nwp,3
postings\2001,3
notices\01-235,3
4-19-01,3
04-19-2001,2
capacity_.doc,2
legislatur,12
governor,12
consum,17
sierra,8
369,6
assembl,12
guinn,6
protect,13
legisl,7
higgin,6
approv,16
kenni,4
law,13
step,9
crisi,19
taken,6
creditworthi,4
hike,4
pass,6
measur,19
broadcast,2
18,4
7:40,2
_dl,2
spr,2
SB,2
la,8
vega,8
offici,9
applaud,5
recov,4
soar,2
defer,2
account,9
method,2
eas,2
fear,2
lender,2
oblig,2
repeal,2
deregul,2
moratorium,2
bold,2
threaten,2
walt,2
presid,17
citizen,2
prospect,3
eleg,2
sticker,2
shock,3
partner,2
strong,8
senat,2
recent,15
stabl,3
gratifi,2
asset,17
stuart,6
creation,2
divest,2
invest,10
portfolio,2
acquisit,2
fund,4
treasuri,2
zisman,2
formerli,3
peaker,2
congratul,3
hey,3
bother,3
tell,8
exam,4
13th,3
whenev,4
internship,3
lot,13
brandon,6
2001042,2
curtail,2
update-kern,2
04-26-2001,2
04-29-2001,2
apb,2
true,7
quot,2
//apbenergy.com/invite.htm,2
southwest,18
backhaul,12
wheeler,12
technic,12
pro,7
forma,6
claim,15
argu,7
sourc,5
propos,41
rebecca,5
cantrell/hou/ect,4
637,4
overlap,4
protest,5
dynegi,4
resolv,8
howev,25
mdq,4
veri,25
IT,17
transwestern,4
bump,4
yesterday,6
fyi,7
viabl,2
'm,7
much,12
argument,24
summar,2
04/18/2001,2
12:31,2
donna,3
fulton,2
04/17/2001,2
12:05,2
lesli,2
lawner/na/enron,2
calcagno/na/enron,2
christi,3
nicolay/hou/ect,3
docket,2
rp00-337,2
MD,2
physic,4
attempt,11
retain,2
determin,5
occur,4
given,12
diminish,2
flex,2
constrain,2
pariti,2
goe,2
seem,10
perhap,10
controversi,5
ridg,2
displac,2
insuffici,2
unlik,3
enough,5
haul,2
similar,5
gisb,2
intraday,2
built,2
dexter,12
stei,4
ngi,8
asap,10
extrem,4
intelligencepress.com,4
=09,28
melba,6
abbrevi,6
NW,6
GR,6
sort,6
code,8
=094550,6
descript,7
=09the,6
h,6
seller=01,6
req,6
'D,6
BY,8
=09steve,6
lozano,3
02/14/2001,3
11:54,3
am=09,3
south/hou/ect,19
walker/hou/ect,3
robert,3
cass/hou/ect,3
kevin=20,3
meredith/corp/enron,3
enron=20,3
58986,3
=09misc.northwest,3
nort=,3
northwest=20,3
=09misc,3
So,17
sout=,3
bc,3
470448,3
inject,24
bl,20
rack,12
/dth,12
kevin,8
paul,9
mst,8
februari,8
summari,16
/dth/day,8
variabl,8
0.02,8
consumpt,17
sheets.xl,8
season.doc,8
summary.doc,8
agreement.doc,8
01/25/2001,24
02:20,4
benleden,4
aec.ca,4
01/22/2001,4
10:33:40,4
steven.p.south,8
2:02,4
barri,4
brunel,4
brad,4
barnd,4
brent,4
rook,4
pentelichuk,4
clare,4
kohler,4
elli,4
denett,4
johnson,4
clement,4
venz,4
joseph,5
sestak,4
coyl,4
legg,4
lorelei,4
reid,4
monica,4
padilla,4
nathan,4
reinhardt,4
gendron,4
ray,4
mccluer,4
W.,4
walton,4
stephen,4
J.,4
swain,4
toerner,4
weaman,4
Ng,4
hogu,4
amirault,4
load,16
commenc,4
customer',4
longer-term,4
excel,6
calcul,9
percentag,4
necessarili,4
main,6
download,4
entir,7
www.wildgoose-storage.com,4
signatur,4
author,9
verifi,5
'offer,4
tab,4
bottom,4
exampl,11
therefor,14
dth/day,4
'market,4
fulli,8
'rack,4
3.00,4
2.00,4
1.25,4
hard,10
403-266-8192,4
isabel,24
dec,16
elizabeth,12
hilari,12
isabel.y.resendez,12
resendez/hou/ect,8
heard,8
hsearl,8
brr.com,8
malin,8
pipe,8
02:14,4
hernandez,4
02:09,4
resendez,4
02:00,4
hernandez/hou/ect,4
516560,4
01:56,4
searl,4
01:46:04,4
'isabel.y.resendez,4
spoke,5
31st,4
smtp,4
11:17,4
lisa.valderrama,4
owe,4
mil,4
soon,10
posibl,4
fact,7
.05,3
star,4
packer,46
christma,8
wife,8
steeler,4
playoff,4
town,4
897,4
9252,4
853,4
6798,4
beat,9
charger,4
0,12
float,4
cyber,4
recap,4
cardin,4
vike,8
buc,4
37,4
bear,7
raider,7
cy-,3
fair,5
footbal,3
oldest,3
rivalri,3
10/17/2000,4
12:01,4
cwduke,4
duke-energy.com,4
10/09/2000,4
12:31:44,4
45,000,4
22,000,4
vulner,4
oct,4
wisconsin,3
ark,3
7-8:00,3
catch,1
haywood,1
counti,1
calvert,1
tva,4
lagoon,1
expans,6
terri,1
8:30,1
gridco,14
soco,14
pg,9
rto,8
incent,11
WE,6
southern,5
owner,5
joe,41
meag,3
arrang,3
confus,3
bundl,3
for-profit,2
appar,7
key,9
reliabl,4
dispatch,8
lmp,2
settlement,7
push,3
startup,2
AN,2
turn,5
3rd,2
oatt,2
ftr,2
IF,2
decid,5
puc,2
steff,1
09/20/2000,1
07:17,1
connor/na/enron,1
chapman/hou/ect,1
montovano/dub/e,1
hartsoe/corp/enron,1
sarah,1
novosel/corp/enron,1
fulton/corp/enron,1
shapiro/hou/e,1
dalton,1
quickli,1
ignor,10
prposal,1
operatio,1
llc,1
concept,1
grid,1
blend,1
con,1
eventu,2
s-t,1
impli,1
tight,4
mandatori,1
redispatch,1
conclus,1
serc,1
sub-region,1
bigger,1
togeth,3
gridsouth,1
combin,1
realiz,6
troubl,2
size,2
satisfi,1
MY,1
territori,1
glad,1
pursu,1
becom,4
transco,1
upgrad,1
privat,12
placement,1
least,4
consider,3
ipo,1
insid,2
rofr,1
driven,1
reward,1
resort,1
on-go,1
ventur,1
mention,4
third,1
qualifi,1
readi,4
realli,3
non-llc,1
mayb,1
lose,8
53,1
establish,8
self-financ,1
bod,1
SO,1
advers,1
61,1
DA,1
HA,1
67,1
flowgat,1
mix,1
bag,1
neighbor,1
real-tim,1
70,1
voluntari,1
e-tran,1
disagre,4
75,1
awar,4
whay,1
kv,1
voltag,1
69,1
KV,1
test,1
biggest,1
insisten,1
104,1
amea,1
squeez,1
expens,1
alabama,1
roe,1
wgt,1
avg,1
jurisdict,1
worth,1
seen,2
loss,13
certainti,1
ME,1
guess,5
tri,11
nativ,1
except,2
postag,1
stamp,1
cecilia,4
ricardo,10
mae,93
06/01/2001,5
mercio,2
luiz,73
lui,5
roberto,4
victori,6
sustain,1
exposur,5
LM,30
05:12,1
sergio,45
assad/sa/enron,33
maurer/sa/enron,30
mercio/sa/enron,1
05:17,1
05:09,1
kishkill/sa/enron,33
orlando,59
gonzalez/sa/enron,40
remi,26
collonges/sa/enron,17
rosenberg/sa/enron,14
brett,25
wiggs/sa/enron,25
joao,45
carlo,39
albuquerque/sa/enron,30
sassatani/sa/enron,3
lisboa/sa/enron,1
guy,9
ishikawa/sa/enron,1
breno,1
nogueira/sa/enron,1
julian,1
poole/sa/enron,1
hansen/sa/enron,1
rodolfo,1
freyre/sa/enron,1
jorg,1
gumucio/sa/enron,1
henriques/sa/enron,3
moacyr,3
carmo/sa/enron,3
berti/sa/enron,1
eduardo,1
cancian/sa/enron,1
schloesser/sa/enron,1
marcelo,3
parodi/sa/enron,3
idel,1
metzger/sa/enron,1
mucci/sa/enron,3
cunha/sa/enron,3
baccaro/sa/enron,12
murilo,1
hyai/sa/enron,1
andr,1
salomao/sa/enron,1
paulo,6
squariz/sa/enron,1
federico,1
cerisoli/sa/enron,1
erwin,1
landivar/sa/enron,1
mateu,3
andrade/sa/enron,3
joca,1
paciello/sa/enron,1
flavio,1
silberberg/sa/enron,1
hukai/sa/enron,3
fred,42
sampaio/sa/enron,34
guillermo,1
atenor/sa/enron,1
publish,6
asma,27
www.asmae.com.br,1
versao,3
resumida,3
jose,51
bestard/enron_develop,27
enron_develop,27
rick,7
tk,1
felt,1
confid,1
enclos,3
abidg,1
version,1
larger,1
document,5
prepar,14
weekli,1
committe,1
05/25/2001,1
06:45,1
gonzalez,5
05/14/2001,2
08:54,1
britaldo.soar,1
joao.carlos.albuquerqu,2
maurer,23
11/05/2001,1
18:58,1
Cf,1
solicitado,1
hoje,2
seguem,1
texto,1
longo,1
apendic,1
de,46
em,19
britaldo,11
soares/sa/enron,10
consensu,13
que,17
Jo,7
albuquerqu,10
eletrobolt,13
ser,9
pode,10
annex,110
skeptic,2
stand,2
radic,2
pedro,14
media,3
arc,25
got,5
kill,18
situat,18
320,2
05/22/2001,2
strongli,11
rosenberg,6
21/05/2001,2
opinion,12
abrade,21
est,7
inferior,6
tarifa,6
mesma,7
quando,6
racionamento,6
os,9
enlighten,2
rebuff,2
underdog,1
distributor,12
brazil,21
itali,1
cup,1
soccer,1
05/24/2001,1
07:02,1
boat,1
approach,4
coex,35
led,1
nowher,1
worthless,1
straight,1
ii,2
splash,1
coher,3
stori,2
afraid,1
ground,7
mario,15
upset,3
pre-cook,2
crazi,1
face,5
disciplin,1
He,5
war,1
nice,1
write,7
speak,10
sens,4
urgenc,2
break,1
modest,1
05/23/2001,2
reai,2
front,3
everybodi,2
defenc,1
paladin,1
kishkil,2
08:39,2
info,1
politica,1
realiti,1
hint,1
kish,3
08:36,1
05/21/2001,3
10:40,1
chain,3
10:44,1
10:20,2
voic,2
saniti,2
commerci,2
suicid,2
anywher,3
contrari,5
opposit,8
market-kil,2
sophistri,2
nobl,2
sometim,3
better,6
dmr,5
20/05/2001,2
23:16,2
imposs,5
loud,3
clear,13
jeopard,5
ration,56
se,4
anchor,3
surrend,3
abid,18
desir,3
religi,3
ballpark,3
20f,3
elektro,18
ebitda,6
680-460,3
/680,3
aneel,76
02/2001,3
defict,3
2350/mwh,3
adam,3
sharehold,6
05/20/2001,4
11:40,3
jmazon,3
elektro.com.br,4
alguma,3
empresa,3
distribui,3
short,11
02,3
03,3
defendendo,3
fortememt,3
bem,3
abaixo,4
custo,3
ficit,3
cerca,3
680,3
cerj,3
cataguas,3
light,3
cima,3
muro,3
Se,3
inevit,3
vel,3
nossa,3
posi,4
deve,3
AO,3
pre_o,3
praticado,3
pre-racionamento,3
460,00,3
maior,3
cobrada,3
consumidor,3
tro,3
veze,3
residenci,3
atual,3
sobr,3
para,3
consumo,3
acima,3
DE,3
kwh,3
por,7
mo,3
mazzon,3
ordem,3
grandeza,3
dest,3
valor,3
_,3
important,3
termo,3
isto,5
ment,4
formo,3
falar,3
autoridad,3
amanh,3
mauro,8
lembrar,3
ainda,3
um,4
baixo,3
sem,3
matar,3
uma,5
vez,4
receita,3
esta,3
auferiria,3
n,6
compensariam,3
decr,3
scimo,3
da,6
diant,3
redu,3
mercado,3
devido,3
ao,5
aumento,3
entrada,3
nova,3
font,3
gera,3
tamb,3
incentivada,3
pelo,3
poder,3
derrubar,3
fortement,3
pre,3
devemo,3
esquec,3
odo,3
amortiza,3
cinco,3
ano,3
adriana,8
acrobat,3
format,2
institut,3
rejan,2
pansiera/sa/enron,2
23/05/2001,2
hughes/enron,2
latin,2
19:10,1
garcia/enron,1
15:19,1
cst,1
shapiro/na/enron,2
jeffrey,1
sommers/enron,1
dernehl/na/enron,1
conni,1
blackwood/enron,1
edineth,1
santos/sa/enron,1
leigh,1
van,1
houten/enron,1
sonnia,1
reyes/enron,1
7:30am,1
toll,1
353-1144,1
caller,1
973,1
321-2002,1
208991,1
345-4906,1
garcia,1
debora,21
d/c,15
klinger,5
=09debora,4
klinger/sa/enron,14
cito,3
concess,5
sobretarifa,3
bora,4
contrato,3
carlos=,3
foi,2
among,9
prof.,2
equilibrium,3
hi,9
belief,4
sum,9
avoid,12
assad,6
sergio.assad,4
ou,2
lei,2
interven,5
quanto,2
jose=20,2
joe=20,2
enron_development=,2
issu=,2
on=,2
V.,12
their=20,2
took,1
time=,1
affairs=20,1
rik,1
should=,1
V=,2
obscene.=20,1
11:3=,1
7=20,1
=0905/22/2001,1
07:06,1
primeiro,1
pico,1
sua,1
homenagem,1
prop,1
sito,1
vi,2
voc,1
ontem,1
jornal,1
nacion,1
lado,1
.....,1
abra,1
0=,1
5/22/2001,1
07:11,1
=0905/22=,1
/2001,1
07:45,1
gonzalez/sa/=,1
joao=,1
best=,1
ard/enron_develop,1
k=,1
ill,2
fiscal-leg,1
seminar,1
abce=,1
abce=01,1
S=,1
eminar,1
initial=,1
C=,1
oncess,1
caio,1
known,4
speaker,1
suffer,2
of=,2
principl,6
re-establish,1
economic-financi,2
emphas,1
reserv=,1
ed,2
compens,1
finall=,1
go=,1
vernment,1
conceiv,1
ov=,1
er.,1
watenberg,1
ratifi,1
expressed=,1
sur=,1
vive,1
paragraph,1
articl,4
con=,1
cession,1
8987/95,1
render,1
adequ,1
servic=,1
es,1
moder,1
tariffs.,1
11:53,1
maurer/sa/en=,1
ron,1
E=,1
nron,2
enron_de=,1
velop,1
acho,1
d=,2
esnecess,1
corret,1
ssima,1
di=,1
z,1
rspeito,1
impossibilidad,1
intervir,1
anexov,1
Al,1
falei,1
jo,1
Em,1
lio,2
waltenberg,1
alo,1
sio,1
miranda,1
ulhoa,1
canto,1
tm,1
opini,1
seja,1
soment,1
medida,1
provi,1
ria,1
alterar,1
inicial.=20,1
exemplo,1
mai,1
claro,1
dessa,1
possibilidad,1
plano=,1
alter,1
administrativo,1
temo,1
unanimidad,1
cren,1
respeitar,1
estamo,1
executando,1
fort,1
advocaci,3
nessa,1
linha,1
assad=20,1
05/19/2001,2
09:32,1
carlos=20,1
enron_development=20,1
review=,1
ask=20,1
cristina,2
mid,2
defend,25
three,5
same=20,1
18/05/2001,1
22:21,2
virtual,2
foregon,3
long=20,1
confort,1
deliver/explain,2
directly=,1
minist,15
zero,6
taught,2
m=,1
lesson,5
preempt,2
faster,2
smarter.=20,1
=0905/18/2001,2
09:46,2
wou=,2
ld=20,2
elig,2
reestablish,2
economic-financi=,1
doubt,6
annel,8
sympathi,3
generator=01,2
belie=,1
interfer,5
duli,2
is=,2
perfect,4
ato,2
jur,2
dico,1
perfeito,2
compet,3
social,2
well=20,1
further=,1
05/18/2001,2
09:02,2
rumor,4
mill,3
revok,10
surpris,2
bad,18
2001.=20,1
apar,2
costli,1
in=,1
sanctiti,13
middl,4
if=,1
expos,2
economic=20,1
classica=,1
loads/revenu,1
ex-post,2
ic,2
absenc,2
foster,4
fail,3
aspect,4
MP,2
lawyer,3
views/written=20,1
es=20,1
explain,6
whole=20,1
ongo,3
06:43,1
research,3
ub,2
painewebb,2
reader,2
emeri,1
fiananci,1
713-957-7060,1
henry.emeri,1
ubspainewebber.com,1
advisor,1
accuraci,1
guarante,7
stockhold,1
arbitrag,1
consult,1
adob,1
//www.adobe.com/prodindex/acrobat/readstep.html,1
on-screen,1
p012233720010521d01.pdf,1
travesso,2
ae,10
tiet,2
s.,2
or=,3
preserv,4
quit,6
convinc=,1
needless,3
not.=20,1
minor,1
detail.=,1
scream,1
loudli,1
swore,1
god,1
gets=,1
oppos,6
messeng,4
demosten,1
mechanism=,1
Gs,17
Ds,4
sit,1
agree=,1
mechan,6
isk,1
statist,2
deliv,4
its=,1
amend,3
push=20,1
risks/cost,1
weak,4
being=20,1
accordingly.=,1
overvalu,1
privatization=,1
bank,4
trap,1
w=,2
bankrupt,4
09:32=,1
sampaio=,1
/sa/enron,1
kishkill/sa/e=,1
re=,1
please=,1
point=,1
mo=,1
rning,1
enron.,1
18/05/2=,1
001,1
orl=,1
ando,1
bestard/en=,1
ron_develop,1
nex,1
points.,1
opportunity=,1
risk.,1
conforta=,1
ble,1
iss=,1
ue,1
smarter,1
enr=,1
carlo=,1
kishki=,1
ll/sa/enron,1
subje=,1
ct,1
importan=,1
interf=,1
ere,1
ico,1
bas=,1
being.,1
comments.,1
D=,1
lando,1
bestard/e=,1
nron_develop,1
subject=,1
want=,1
idea.,1
how=,1
cost=,1
ly,1
tomorrow.,1
argument=,1
ncentiv,1
classical=,1
loads/=,1
verif=,1
exposu=,1
fail.,1
working=,1
h=,1
views/written,1
opinions.,1
abou=,1
e=,1
xplain,1
coalit,10
acknowledg,5
fix,5
coma,11
deficit,5
signal,16
inter,2
alia,2
sector,11
informativo,8
regulat,7
non-discriminatori,2
treatment,2
wherebi,2
neg,3
e.g,7
freeli,2
quota,10
medium,4
petrobr,2
rgio,2
ourselv,1
life,1
hectic,1
lost,1
ultim,2
flux,2
defin,1
extern,4
guid,1
overrarch,1
maxim,1
constantli,1
translat,2
particular,1
consequ,1
equal,2
command,1
stakehold,7
properli,1
ineffect,1
default,1
iii,1
ordin,1
challeng,8
iv,1
enhanc,1
organiz,2
overpen,1
v,1
convinc,2
peer,4
superfici,1
vii,1
strive,1
appoint,4
300/mwh,1
embed,1
conceptu,1
perfectli,4
temptat,3
underestim,2
particularli,1
disencent,1
aggrav,1
pass-through,2
non-control,1
interpret,1
along,1
contractu,2
scale,1
thu,4
VI,1
offset,2
redut,1
forego,1
duke,1
risk/cost,1
brazilian,6
tempt,1
violat,2
bail-out,1
affect,1
poorli,1
excus,2
mainta,1
disguis,1
145,1
back-up,1
self,1
similarli,3
mistak,1
overlay,2
exced,1
blackout,9
scarc,2
peak,1
shave,1
furthermor,4
cera,2
departur,5
intervent,10
breach,4
elast,2
By,4
movement,1
tast,1
quantifi,1
appetit,1
threshold,1
kW,1
commonli,1
inconsist,4
safeguard,1
burden,5
captiv,1
ctc,1
ingredi,1
discriminatori,1
expertis,1
solid,3
allevi,1
elimin,2
healthi,1
non-level,1
side,4
molecul,1
FX,1
hedg,4
ministri,5
scapegoat,1
pragmat,1
acknowleg,1
difficult,2
divers,1
parties/interest,1
typic,1
endless,1
tantamount,4
lack,5
attitud,1
abraceel,23
bestard,4
05/31/2001,10
renunciando,4
postpon,4
mouth,1
shut,1
row,1
itaipu,1
belong,1
d/r,1
black-out,3
shortli,1
enemi,1
behind,2
fulfil,1
09:52,1
11:38,1
resign,3
reign,2
successor,2
immin,2
orderli,2
secondli,2
circumst,2
mostli,2
thoroughli,2
clarifi,3
meantim,9
intens,2
untim,2
insensit,2
undercut,2
awkward,2
debat,2
predict,2
maker,3
hurt,2
background,2
viewpoint,2
shapiro,3
clock,2
usa,2
persever,2
09:26,2
obrigado,2
ajudar,2
nest,2
assunto,2
gostaria,2
orienta,2
resignar,2
foss,2
formalizada,2
escrito,2
caso,2
gere,2
inconvenincias.,2
forc,11
wear,2
hat,2
pave,2
tension,2
silent,2
misinterpret,2
importantli,1
ideolog,1
commite,1
declin,6
simul,1
deepest,1
contrati,1
w/o,1
b,4
incentives/penalti,1
corollari,1
merchant,6
feasibl,1
comfort,1
synergi,1
seldom,1
crash,1
reverber,1
influenc,3
TV,1
radio,1
champion,2
persuas,1
refrain,4
emb,1
element,1
sudden,1
neglect,1
inde,8
complic,1
uncomfort,1
perceiv,2
someon,4
relationship,2
besid,1
domin,1
revert,1
old,2
regim,2
gross,2
regulatorio,1
convey,2
mess,1
gave,1
hurri,1
opic,4
turbin,2
export,2
reblitz,1
05:48,1
dasovich,1
galan/enron,1
ranabir,1
dutt/enron,1
11:30-2:00,1
4:30-5:30,1
slot,1
allot,1
admit,2
fiesp,3
gavazzi,2
messer,2
czar,1
coordina=,1
te=20,1
sao,1
secretari,2
with=,1
mine,3
relationships=,1
repes,1
opt,1
interministerial=20,1
brazil=01,2
cabinet,1
announce-,1
seriou,5
though=,1
t.=20,1
infrastructur,1
depart,1
federation=,1
pio,1
warn,1
catastroph,1
results=,1
claric,1
began,1
year.=20,1
13,000,1
semest,1
bakk,4
suspend,3
government=01,2
countri,3
cnpe,2
1.5,2
skip,1
issues=,1
09/05/2001=,1
16:26,1
09/05/2001,1
11:36,1
mcdonald/enron_develop,1
lavorato/enron,1
hughes/enron_develop,1
keith=20,1
miceli/corp/enron,1
metts/enron,1
mitchell=20,1
taylor/enron,1
enronxgate=20,1
f=,1
cnn,1
officials.=20,1
cuts=,1
discussion=20,1
us-bas,1
2.5,1
alleg,1
indefinit,1
thermoelectr,1
powe=,1
maintainin=,1
unrealist,1
price=,1
carri,1
came,1
primarili,1
foreign,1
blackou=,1
ts,1
concentr,1
induc,1
reduc=,1
reservoir,2
country=01,1
main=20,1
hydroelectr,2
tuesday=01,1
acceler,1
hich=20,1
raini,1
central-west,2
northeast,3
regio=,1
ns,1
outlin,1
compos,1
council,1
agreem=,1
ent,1
resid,1
commerc,1
ti=,1
me=20,1
princip,1
economi,1
toda=,1
varga,1
slow,1
domest,1
850,000,1
jo=,1
bs,1
woul=,1
6.6,1
2.9,1
1.6,1
study=01,1
said=,1
react,1
apprehens,1
obligatori,1
each=20,1
spare,1
heavili,1
paul=,1
exempt,1
administr,1
local=20,1
blackouts.=20,1
afonso,1
henriqu,1
consumpti=,1
reaction,8
anger,4
basic,7
focus,3
despit,4
empow,2
agent,8
coup-de-etat,2
emot,2
hierarch,2
parochi,3
noth,2
progress,2
160/161/162,1
meter,1
1998,1
fruition,1
enact,1
runinng,1
lieu,1
overse,1
stakeholdershav,1
split,2
impos,2
never,11
broader,1
strictli,1
routin,1
aris,1
dissip,1
weekend,2
unilater,1
void,1
verbal,1
vari,1
necess,1
bodi,1
afteral,1
rational,1
confront,1
motiv,1
placat,1
inverven,1
disastr,2
mandat,1
badli,1
publicli,2
occas,1
blame,1
rather,1
conform,1
ad-hoc,1
nuclear,1
na,4
procrastin,1
surfac,1
maladi,1
instanc,1
reportedli,2
non-funct,1
obstacl,1
defici,1
apin,1
cbiee,2
delic,2
proceed,1
spotlight,2
willing,1
compromis,2
impend,1
examin,2
incorpor,2
clarified/improv,1
clarif,1
circul,1
rel,1
ideal,3
spec,1
slate,1
candid,1
trivial,1
standpoint,2
safeti,1
formal,1
handicap,1
detriment,1
compatit,1
genuin,1
disput,10
furna,13
diesel,3
over-run,3
decemb,2
arbitr,5
ypf,2
cuiaba,2
half,2
rac,2
regulatory/government,1
embarrass,1
budget,1
never-come-back-again,1
optimist,1
scenario,1
shell,1
pro-rata,1
renegoti,1
lastli,1
blown,1
arbitration/litig,1
settl,6
root,1
-like,1
attorney,2
ministerio,1
publico,1
closer,1
gover,4
action/forec,1
majur,1
parallel,1
pesimist,1
pete,1
logic,1
spin,1
lever,1
quicker,1
PR,1
majeur,1
bubget,1
overrun,1
bright,1
subsidi,1
output,1
amr,1
ibrahim,1
04/27/2001,1
11:18,1
learnt,1
dash,1
128.4,1
er,1
conserv,1
e.g.,1
regimen,1
henc,1
cours,1
AI,1
713-853-3038,1
mae/coex,3
alv,2
trigger,1
hostil,1
angri,1
pure,1
unfortun,1
substanc,1
cbiie,1
buy-in,1
cosmet,1
thard,1
chairmen,1
wrote,1
purport,1
IR,1
comments/involv,1
pretti,1
messi,1
evil,1
jeopardi,1
dare,1
gradual,1
suddenli,1
fire,1
diplomat,1
fine,1
04/25/2001,1
01:07,1
09:42,3
09:30,1
romant,1
deliber,1
autonomi,1
deep,1
discuss/propos,1
20/04/2001,2
non,2
complianc,1
drive,1
20:31,1
18:39,1
regra,3
aesc.com,3
antonio,2
duarte/sa/enron,2
bernardo,2
andrews/sa/enron,2
maria,2
ine,2
granado/sa/enron,2
ricardo.cyrino,2
uol.com.br,2
assert,1
stupid,1
simpl,1
quiet,1
09:48,1
07:20,1
forgot,1
684,1
sub-market,1
encargo,1
servi,1
sistema,1
artifici,1
preced,7
our/abrade,1
latter,1
anex,1
07:16,1
06:56,1
jmazzon,1
brasilia,1
gold,1
present/discuss,1
06:54,1
11:19:19,1
sribeiro,1
racyrino,1
mpere,1
entregu,1
uol,1
melhor,1
maio,1
2001.ppt,1
08:38,1
sami,10
lucio,11
reis/sa/enron,11
arap/sa/enron,9
karla,9
azevedo/sa/enron,9
faith,9
domingues/sa/enron,7
patricia,9
irrespons,9
gentlemen,3
essenc,3
05/28/2001,4
solv,6
definit,6
windfal,6
proof,6
bail,6
wors,6
appendic,1
leter,1
orlando/sergio,1
trm,1
05/29/2001,3
10:28,2
acquaint,2
roadmap,2
perman,2
reslov,2
collong,2
28/05/2001,2
08:57,2
reaffirm,2
end-us,2
reinforc,2
08:16,2
daughter,3
distort,3
shoot,3
suppos,3
bilater,3
clariti,3
frustrat,3
angra,5
dead,3
fit,3
cust,3
cusd,3
cct,3
ccd,3
adhes,3
disobey,3
9.648/98,3
bound,3
ttariff,3
hydrolog,3
erm,3
mecanismo,3
realoca,3
energia,3
deriv,3
hyper,3
dri,3
relief,3
proxi,3
depth,3
evok,3
bullet,3
room,3
whatsoev,3
ridicul,3
junk,3
bond,3
outset,3
patent,3
non-sens,3
equival,3
makra,3
fonte-cindam,3
scandal,3
forgiven,3
poor,3
irrepons,3
uncertain,3
ppa,3
enforc,3
residu,3
v.they,3
second-guess,3
knew,3
serious,3
transpar,3
02:29,1
11:06,1
stronger,1
cost-of-defecit,1
multi-ti,1
tier,1
higher,2
conced,1
defecit,1
nevertheless,1
accur,1
pre-condit,1
well-b,1
penalties/guaranti,1
vis-a-vi,1
constitution,1
ammend,1
fiat,1
29/05/2001,1
=01=07the,4
judg,3
decre,3
injunct,2
justic,2
averag,2
fell,2
shop,2
provok,1
intensifi,1
throw,1
lia,1
injunctio=,1
household,1
consumption.th,1
prosecutor,1
threat,1
momentarycutoff,1
their=,1
unconstitut,1
suprem,1
unconstitutional.th,1
combat,1
code.accordi=,1
ng,1
district,1
four=20,1
prob=,1
lem,1
mobil,1
overturn,1
b=,1
judges.at,1
th,1
unpopular,1
utilities=,1
declar,1
holiday.parent,1
analyz,1
electricity=20,1
=01=07,1
crisis.thu,1
if=20,1
absolut,1
water,1
figur,1
central-,1
29.5,1
32,1
7.5,1
.in,1
32.6,1
28.5,1
12.6,1
.thu,1
pace=,1
capacity.for,1
17-23,1
4.6,1
5.4,1
abrasc,1
et,1
day.ma=,1
earlier,1
sectors.each,1
its=20,1
