thi,1130
inform,237
ha,440
particip,119
gem,4
rollout,4
In,133
As,101
awar,8
busi,127
unit,124
select,34
project,62
global,39
enron,1322
migrat,131
window,17
2000,81
prepar,30
imper,3
gather,23
workstat,3
applic,218
use,254
To,526
begin,58
data,182
collect,11
autom,7
process,84
fact,20
system,184
inventori,7
onc,28
receiv,124
work,182
local,11
depart,24
coordin,36
consolid,10
ensur,30
transit,17
smooth,3
possibl,54
team,95
would,322
like,229
thank,581
If,305
ani,357
question,199
pleas,768
contact,246
kace,2
downey,2
713,152
345-5641,2
interview,32
jeff,118
success,45
15,45
ken,15
lay,20
skill,17
cnnfn,3
discuss,180
ceo,11
We,228
put,126
iptv,3
view,43
pleasur,3
simpli,20
point,70
web,50
browser,10
http,305
//iptv.enron.com,3
click,181
link,69
special,41
event,60
choos,13
plan,145
avail,110
everi,37
minut,58
friday,129
dec.,7
kevin,225
Do,51
n't,187
forget,8
us,97
dusti,4
old,56
ga,467
trade,381
congratul,15
fletch,656
wo,11
problem,52
ili,6
bob,26
My,38
one,197
pass,28
number,61
yy109954,4
tip,15
week,194
sorri,45
meet,334
today,136
go,169
town,12
rest,9
'll,136
next,97
ok,15
cool,11
hey,11
read,30
e-mail,129
past,31
day,282
half,16
sell,45
sound,16
good,93
need,337
anoth,46
time,293
alreadi,54
definit,13
want,100
see,136
demo,3
histor,16
basi,119
get,202
A.,26
lewi,15
regard,128
updat,92
hdd,2
settlement,30
forward,239
curv,30
mark,200
think,117
trader,113
group,210
posit,131
manag,213
8:30,8
strateg,20
structur,48
new,438
might,41
could,160
book,106
list,168
item,41
'd,83
brief,32
first,105
'm,119
morn,79
8:15,4
desk,65
optim,10
sinc,44
chang,201
region,74
fundament,51
respect,37
implic,9
fresh,4
everyon,57
mind,9
okay,5
delay,12
eol,55
market-mak,5
worth,6
idea,49
leader,11
origin,51
juli,64
gomez,6
fred,21
lagrasta,8
regular,34
obtain,8
anyth,32
affect,18
ena,32
right,77
direct,57
far,29
involv,26
mayb,12
notifi,22
intent,9
set,70
hold,28
certain,35
spread,33
and/or,25
complex,8
easier,5
way,73
clutter,4
differ,46
i.e,14
p/l,6
focu,24
instead,13
eventu,14
report,152
directli,30
It,100
seem,50
intens,6
leadership,14
provid,179
extra,9
push,11
talk,103
soon,66
ye,63
fine,21
fletcher,413
J,390
sturm,338
ect,1742
12/13/2000,17
12:05,2
PM,622
frank,42
hayden/corp/enron,2
cc,116
subject,463
Re,19
westpow,2
site,131
lloyd,52
afternoon,23
louis,51
togeth,37
fri,91
tues.,7
let,192
know,252
peopl,98
wa,253
transact,69
buy,20
physic,41
fix,16
price,305
march,36
flat,7
hedg,36
market,496
guy,65
hunter,88
storag,21
propos,33
sign,34
last,100
night,26
readi,27
toni,7
offic,134
dave,64
wear,3
come,112
5,68
bcf,2
may,178
consid,25
april,39
ca,19
done,23
watch,12
screen,22
opportun,78
big,20
incent,5
becaus,56
expect,39
roll,16
movement,2
cours,18
also,153
bid/off,14
hope,56
later,56
execut,85
strategi,24
away,13
richard,62
tool,25
mention,27
shankman,21
chart,13
type,131
user,103
ask,96
He,63
said,68
addit,98
websit,62
realli,30
develop,66
salli,8
promot,25
luck,13
everyth,10
're,107
still,42
keep,55
appreci,38
well,95
flu,3
made,47
hous,19
No,183
pick,11
pre-own,3
jaguar,3
sweet,6
congrat,3
help,133
coal,32
info,31
man,9
look,135
great,61
year,128
sue,5
glad,4
veri,70
much,60
spous,5
invit,77
gener,134
exelon,9
peco,7
commonwealth,10
note,143
edison,13
assign,21
asset,39
compani,244
llc,16
inactiv,4
enpow,12
deal,72
request,570
appli,22
password,76
remind,33
review,179
approv,190
pep,14
25th,5
nation,32
grid,19
file,145
2001,320
order,62
ferc,135
arto,6
allianc,31
oper,103
england,10
On,28
petit,3
declatori,3
docket,33
el01-80,3
find,67
seek,11
becom,21
member,41
rto,118
notic,39
comments/protest,3
due,53
june,29
14,32
claim,15
retain,61
onli,157
insignific,3
wholesal,47
remot,10
york,61
nimo,4
merger,20
complet,108
minor,7
resort,7
sale,44
oblig,10
termin,49
2005,3
ancillari,12
servic,256
concern,44
epmi,30
rais,9
eei,9
master,19
power,439
purchas,43
agreement,57
date,207
5/11/2001,3
referenc,6
CP,13
copi,84
distribut,66
legal,31
credit,46
feedback,39
employe,165
perform,47
import,76
option,114
4,78
email,152
enron.com,212
name,204
mid,12
play,19
role,19
critic,30
goal,8
access,241
//pep.enron.com,3
main,53
menu,4
immedi,51
form,41
25,27
2001.,3
respons,44
houston,78
1.713.853.4777,3
perfmgmt,3
london,120
44.207.783.4040,3
pep.enquiri,3
follow,211
cumul,3
statu,28
open,85
submit,30
declin,11
longer,32
appear,27
messag,436
AS,3
ballato,30
russel,39
carson,34
michael,92
clyne,32
terri,54
decook,6
todd,20
gim,3
steven,28
imai,21
rika,34
jon,5
metoy,3
evelyn,3
mors,4
bradford,9
ryan,17
david,140
santucci,3
anna,10
sewel,29
robert,76
thompson,8
kerri,9
valderrama,24
larri,91
amanda,16
K.,13
hubl,5
phone,59
853-4384,5
pager,64
877,7
482-0772,5
fax,66
646-8453,5
cash,45
sheet.xl,15
sheet,42
tom,43
hahn,4
vice,31
presid,47
apb,4
energi,250
inc.,38
6320,4
quadrangl,4
dr.,9
suit,8
380,4
chapel,4
hill,10
NC,4
27514,4
919,4
969-9779,4
www.apbenergy.com,4
0522,3
0518,3
0521,3
0517,3
tom.hahn.vcf,4
futur,86
call,201
full,21
circl,6
plausibl,3
speaker,8
ami,25
oberg,3
competit,14
intellig,17
foresight,3
wednesday,112
30,76
11:30,10
a.m.,35
12:30,4
p.m.,35
EB,8
5c2,6
make,173
reserv,35
3-1941,3
1,142
lunch,15
welcom,14
bring,49
ahead,11
accommod,10
3-9390,3
resourc,227
pend,103
45,28
//itcapps.corp.enron.com/srrs/auth/emaillink.asp,96
id=000000000024686,27
page=,27
act,106
upon,111
ID,148
000000000024686,27
creat,147
3/21/01,27
8:04:40,27
AM,358
juan.padron,27
tradewav,28
vacar,3
spp,8
rmao,3
nwoasi,3
nepool,33
queri,7
nbpower,3
mapp,8
plant,90
turbin,18
2,116
M,89
presto/hou/ect,37
05/22/2001,24
kelli,33
enronxg,846
kristin,10
gen,6
3,89
tenaska,6
carolina,11
spreadsheet,26
fundi,6
tab,6
05:20,3
holman/enron,3
04:34,6
will/hou/ect,20
walsh/enron,3
attach,176
feel,40
free,52
3-9844,3
3-9510,3
texa,21
ind,3
energy/panda,3
odessa,3
peaker,4
1-4,3
combust,3
5-6,3
steam,4
test,44
separ,15
3,4,3
6,61
georgia,3
station,13
onlin,57
experienc,21
seriou,6
throughout,10
southeast,11
B6,3
light,18
rowan,3
counti,5
current,121
contract,154
duke,10
sante,3
cooper,27
north,75
electr,112
membership,9
corpor,31
emc,3
mw4,12
fast,14
mwsum,8
jenni,18
abl,77
dec,9
'03,14
without,30
freak,4
g.d.,8
contango,4
weight,7
tabl,22
dure,85
switch,16
enough,20
section,19
quick,11
calc,9
calendar,83
oct,8
'02,52
tomorrow,56
show,36
h,13
re-negoti,3
dow,13
jone,24
interact,9
near,10
cost,97
associ,45
licens,42
continu,95
//nahou-webcl1.corp.enron.com/inquisite/dji/dji.html,3
model,80
tamara,78
jae,88
doug,77
steve,121
black/hou/ect,26
mike,139
joe,57
chri,104
L,82
john,312
lisa,73
paul,44
oscar,23
dana,74
clint,17
gautam,16
juan,29
dean,20
matt,37
andi,32
maria,37
christoph,44
wang/enron,13
wang,18
rob,36
give,64
five,34
held,26
eb3125b,3
black,77
04:21,3
rudi,6
acevedo/hou/ect,3
diana,21
allen/enron,3
ballato/na/enron,11
ted,32
ballinger/enron,3
baughman/hou/ect,15
edward,32
D,44
baughman/enron,7
corri,20
bentley/hou/ect,11
benson/corp/enron,7
burnett/corp/enron,7
broderick/hou/ect,3
broussard/corp/enron,3
F,37
campbell/na/enron,3
carson/corp/enron,7
jason,66
choate/corp/enron,7
cline/enron,3
clynes/enron,3
keith,19
comeaux/corp/enron,7
karla,11
compean/enron,7
kayn,10
coulter/hou/ect,7
dalton/enron,3
davis/hou/ect,27
dean/corp/enron,7
georg,48
diaz/corp/enron,3
dorland/hou/ect,3
errigo/corp/enron,7
miguel,7
garcia/na/enron,3
gerald,18
gilbert/hou/ect,15
gilbert-smith/corp/enron,7
gupta/hou/ect,3
patrick,30
hanse/hou/ect,7
hernandez/corp/enron,7
roger,83
herndon/hou/ect,31
jim,37
homco/hou/ect,11
imai/enron,3
jester/enron,3
gari,37
justice/enron,3
E,58
kelly/enron,3
grace,3
kim/enron,3
king/corp/enron,7
kinser/hou/ect,7
madhup,7
kumar/enron,3
laurent/hou/ect,7
justin,6
laverell/corp/enron,3
lenartowicz/corp/enron,11
lorenz/hou/ect,7
gretchen,15
lotz/hou/ect,11
peter,29
makkai/na/enron,3
may/corp/enron,14
miller/corp/enron,7
jeffrey,56
miller/na/enron,7
narsimha,11
misra/na/enron,3
christi,37
nicolay/hou/ect,3
olinde/corp/enron,7
pace/enron,3
padron/na/enron,11
laura,49
podurgiel/hou/ect,11
quenet/na/enron,3
ryan/enron,3
eric,58
saibi/corp/enron,7
santucci/enron,3
sscott3,3
erik,13
serio/corp/enron,7
sewell/enron,3
shoemake/enron,3
stalford/na/enron,6
chad,10
starnes/corp/enron,7
stepenovitch/corp/enron,7
symms/enron,3
ramanarao,6
tamma/enron,3
garrett,3
tripp/tor/ect,3
valderrama/enron,7
valdes/corp/enron,7
joseph,22
wagner/na/enron,11
watts/na/enron,3
smith,33
day/hou/ect,3
forney/na/enron,3
rodriquez/enron,3
claudia,7
guerra/enron,3
benjamin,10
rogers/hou/ect,7
clayton,5
vernon/enron,3
sturm/hou/ect,150
mauricio,15
trejo/enron,3
dustin,6
collins/hou/ect,7
william,47
abler/enron,3
04:18,6
04:17,6
3:30pm,11
harri,36
arora,25
stalford,12
indic,35
especi,21
maker,10
found,23
slow,13
often,11
strike,8
month,105
allow,45
quicker,7
identifi,39
mispric,6
befor,69
competitor,14
replac,17
complement,6
better,17
pictur,17
publish,19
weekli,29
daili,152
permiss,16
locat,127
\power2\opt,6
folder,12
ahn,14
baughman,39
Ed,25
benson,29
broderick,11
curri,12
dalton,20
davi,51
dorland,11
forney,12
gilbert-smith,33
gupta,14
jester,15
king,28
lorenz,17
presto,106
quenet,9
scheuer,8
janel,24
tingleaf,6
drew,11
vald,14
wheeler,9
raymond,6
outlook,116
owa,36
mailbox,27
client,40
configur,18
via,57
send,80
mail,27
internet,58
explor,21
5.0,6
entri,11
person,68
address,90
journal,18
pic18467.pcx,6
function,39
task,8
reason,11
comput,15
reciev,3
start,67
period,26
to-do,3
desktop,22
At,12
connect,31
network,37
lan,13
home,34
travel,12
abroad,3
TO,28
launch,37
//nahou-msowa01p/exchange/john.do,3
substitut,14
john.do,3
enter,37
prompt,9
box,15
shown,15
corp/your,3
id,11
NT,16
logon,4
ok.,4
embed,5
imag,84
move,98
subtl,3
mani,56
thing,31
featur,29
spell,4
checker,3
offlin,7
print,27
templat,22
deliveri,19
expir,10
rule,83
vote,9
flag,4
recal,3
share,32
deleg,6
OR,16
answer,44
outlook.2000,3
otherwis,30
resolut,75
center,157
713-853-1411,6
button,25
even,41
press,29
trust,16
signer,6
schedul,249
OF,27
23rd,6
save,26
pre-migr,3
must,66
pop-up,7
abort,3
cancel,11
add,36
manual,3
re-ad,3
doe,46
failur,8
mean,28
todo,3
result,31
restor,31
encount,3
error,13
anyon,49
survey,9
',57
email/calendar,6
els,34
mm/dd/yy,6
experi,19
necessari,26
individu,26
prior,29
take,118
fill,20
doubl,9
document,42
edit,8
mode,9
finish,6
'repli,3
histori,18
hit,12
'send,3
automat,9
sent,390
login,36
extens,15
laptop,3
pda,3
none,9
ipaq,3
palm,3
pilot,3
jornada,3
Is,10
maintain,8
mass,10
databas,30
effort,25
exact,3
date/tim,3
normal,14
hour,65
vacat,18
leav,32
etc,57
BE,10
clean,13
100mb,6
lotu,8
microsoft,12
IS,11
factor,18
integr,12
convert,20
notif,4
unabl,16
unless,12
action,42
old/un-need,3
migration.,3
alloc,11
total,29
space.,3
amount,31
limit.,3
prevent,7
happen,19
platform,8
worldwid,4
whi,14
contribut,27
decis,61
exchange/outlook,3
promin,3
signific,24
advantag,11
product,184
app,14
effici,18
PC,6
roam,3
improv,20
support,105
palm/c,3
devic,6
instant,5
capabl,10
thirti,3
store,8
10,87
ten,10
re-creat,3
facil,71
mW,28
nuclear,24
fire,21
mile,18
term,105
nmc,14
abov,51
arpin,12
firm,46
arrang,54
alliant,9
wepco,8
wp,8
east,109
wisconsin,10
SE,26
green,11
bay,9
500,30
np,8
NW,8
util,63
michigan,11
suggest,28
peak,18
financi,64
ownership,12
percentag,16
base,67
excess,9
includ,95
particular,14
intra-day,4
background,9
joint,9
ventur,5
nsp,4
7,36
beach,4
central,36
523,4
kewaune,4
27,11
511,4
prari,4
island,7
red,10
wing,4
MN,4
mw560,4
monticello,4
minneapoli,4
536,4
duan,4
arnold,17
8,21
cedar,4
rapid,4
515,4
detail,67
600,6
recept,5
Or,19
combin,26
leverag,7
part,42
river,7
geograph,8
imagin,5
slack,4
transport,46
though,18
west,52
issu,128
backstop,6
standpoint,5
carv,4
slight,4
equiti,21
control,28
deregul,4
believ,33
long,81
ppa,4
offtak,5
output,12
w/,4
abil,12
rate,52
flang,4
insur,11
liquid,21
mid-market,11
conveni,25
ron,19
pm,38
approxim,17
track,41
30th,10
1.00,8
4.00,4
debrief,4
afterward,5
12,30
16,41
candid,29
intern,32
extern,13
caland,7
particp,4
location/confirm,3
times/resumes/etc,3
shortli,6
hesit,5
kind,14
karen,27
x54667,5
.....,3
technic,14
commerci,33
tent,6
21,21
close,56
everyday,8
prc,3
9,20
permit,9
lavorato,44
offer,129
econom,13
've,57
wabash,3
valley,5
long-dat,3
basic,51
suppli,39
newli,4
cinergi,59
meant,4
educ,13
understand,30
build,77
37.25,3
7x24,3
strip,4
cal,10
'05,3
35.50,3
clip,7
1.75,3
comfort,8
thoughts/object,3
mitch,28
per,49
phil,4
specif,70
recommend,10
pennwel,5
best,38
interest,143
scott,94
yeah,3
garag,98
enron_develop,48
commun,91
park,93
W,59
R,43
H,39
susan,52
brad,32
mari,29
smith/enron,24
K,55
ee,64
kimberli,43
kenneth,16
allen,63
C,34
S,71
N,24
dan,38
bruce,26
elizabeth,30
greg,69
P,22
jame,30
space,33
adams/hou/ect,8
phillip,54
allen/hou/ect,40
irma,8
peggi,8
michel,18
clark/enron,8
sheri,12
barbara,12
G,11
butler/enron,8
ned,9
T,37
brian,23
melissa,10
kim,15
andrew,35
jennif,46
miller/hou/ect,8
moore/hou/ect,8
judi,21
stephani,27
veronica,14
janet,17
sandi,9
B,29
tammi,18
gregori,10
smith/hou/ect,16
shari,8
stephen,19
sherri,8
campos/hou/ect,8
cook/hou/ect,8
carolyn,8
gerri,9
gosnell/hou/ect,8
victor,12
katherin,8
kelly/hou/ect,8
johnson/enron,8
nguyen/enron,8
stacey,14
initi,48
accept,42
saturn,14
ring,17
elev,14
exit,14
reach,47
sure,72
spot,20
tjae,10
03/28/2001,4
04:07,4
deshonda,4
hamilton,4
alford/na/enron,4
megan,4
angelos/enron,4
suzann,4
allario/enron,4
alvarez/enron,4
airam,16
arteaga/hou/ect,12
berney,20
aucoin/hou/ect,8
banczak/hou/ect,4
robin,9
barbe/hou/ect,8
pam,6
becton/enron,4
patricia,4
bloom/enron,4
sandra,9
brawner/hou/ect,8
jerri,6
britain/enron,4
bills/enron,4
blaine/enron,4
boyt/corp/enron,4
cheryl,5
arguijo/enron,4
ader/hou/e,4
bernstein/hou/e,4
brown/hou/ect,4
bryan/hou/ect,4
rebecca,6
cantrell/hou/ect,4
carter/hou/ect,4
carol,10
carter/enron,4
carmen,4
chavira/enron,4
morri,4
clynes/hou/ect,8
ruth,5
concannon/hou/ect,4
conner/hou/ect,8
cromwell/enron,4
edith,5
cross/hou/ect,4
martin,31
cuilla/hou/ect,8
curry/enron,4
danielson/sf/ect,4
del,9
vecchio/hou/ect,4
dillard/corp/enron,4
rufino,4
doroteo/enron,4
christin,4
drummond/hou/ect,4
dutta/hou/ect,8
layni,4
east/enron,4
enerson/hou/ect,4
fairley/enron,4
noni,4
flores/hou/ect,4
craig,15
fox/enron,4
gartner/enron,4
garza/hou/ect,4
germany/hou/ect,8
monica,4
clark/na/enron,4
coffman/corp/enron,4
coker/corp/enron,4
coleman/ewc/enron,4
nicki,4
daw/enron,4
ranabir,6
dutt/enron,4
kurt,4
eggebrecht/enron,4
marsha,6
francis/enron,4
george/na/enron,4
nanci,9
corbet/enron_develop,4
margaret,9
doucette/enron_develop,4
garcia/enron_develop,4
humberto,4
cubillos-uejbe/hou/e,4
barton,9
clark/hou/ect,4
crady/enron_develop,4
stinson,4
gibner/hou/ect,4
staci,4
gibson/enron,4
mathew,7
gimble/hou/ect,4
gray/hou/ect,4
alisa,4
green/enron,4
greer/hou/ect,4
wayn,9
gresham/hou/ect,4
grigsby/hou/ect,16
linda,9
guinn/hou/ect,4
cathi,11
harris/hou/ect,4
tosha,4
henderson/hou/ect,4
hendrickson/hou/ect,8
nick,15
hiemstra/hou/ect,4
hillis/enron,12
dori,7
hitchcock/hou/ect,4
hodge/hou/ect,8
georgeann,4
hodges/enron,4
hoover/hou/ect,4
horn/hou/ect,4
house/hou/ect,4
hrgovcic/enron,4
hyvl/hou/ect,4
irvin/hou/ect,4
rhett,4
jackson/enron,4
johnson/hou/ect,4
jon/enron,4
tana,19
jones/hou/ect,4
keavey/hou/ect,8
keenan/hou/ect,4
kerrigan/enron,4
kyle,10
kettler/hou/ect,4
faith,4
killen/enron,4
gordon/enron,4
harris/na/enron,4
herron/enron,4
jones/na/enron,4
lynna,4
kacal/enron,4
allan,34
keel/enron,4
kimball/na/enron,4
golden/enron_develop,4
hickok/enron_develop,4
howley/hou/e,4
king/enron,4
kinneman/enron,4
troy,8
klussmann/enron,4
knippa/hou/ect,4
deb,4
korkmas/hou/ect,4
heather,10
kroll/enron,4
kuykendall/hou/ect,8
matthew,17
lenhart/hou/ect,4
lewis/hou/ect,12
lindsay,8
long/enron,4
blanca,4
lopez/enron,4
lyons/hou/ect,4
molli,4
magee/enron,4
mahmoud/hou/ect,4
marks/hou/ect,4
martin/hou/ect,16
martinez/hou/ect,4
deirdr,6
mccaffrey/hou/ect,4
mccormick/enron,4
travi,4
mccullough/hou/ect,4
mckay/hou/ect,8
mcsherry/enron,4
mellencamp/hou/ect,4
melodick/enron,4
meyer/hou/ect,4
patric,9
mims/hou/ect,8
yvett,4
miroballi/enron,4
mitro/hou/ect,4
moon/hou/ect,4
janic,6
krause/corp/enron,4
krimsky/corp/enron,4
shahnaz,4
lakho/na/enron,4
kay,13
mann/corp/enron,4
martinez/enron,4
jesu,4
melendrez/enron,4
montiel/enron_develop,4
krasny/enron,4
morse/hou/ect,4
neal/hou/ect,28
nemec/hou/ect,4
jess,4
neyman/hou/ect,4
ogden/hou/ect,4
olitsky/hou/ect,4
ondreko/enron,4
ozzi,8
pagan/enron,4
rhonna,4
palmer/enron,4
anita,5
patton/hou/ect,4
pena/hou/ect,4
pereira/hou/ect,8
debra,7
perlingiere/hou/ect,4
peyton/hou/ect,4
pizzolato/enron,4
portz/hou/ect,4
joan,5
quick/enron,4
dutch,5
quigley/hou/ect,4
pat,10
radford/hou/ect,4
ina,14
rangel/hou/ect,8
rimbau/hou/ect,4
andrea,15
ring/hou/ect,8
rios/enron,4
ruscitti/hou/ect,4
sager/hou/ect,4
sanders/hou/ect,4
scheuer/enron,4
lanc,8
schuler-legal/hou/ect,4
sara,5
shackleton/hou/ect,4
jean,8
mrha/na/enron,4
carolin,12
nugent/enron,4
orellana/enron,4
parks/enron,4
pruett/enron,4
robinson/corp/enron,12
musch/enron,4
pardue/enron_develop,4
daniel,70
rogers/enron_develop,4
sayre/enron_develop,4
radous/corp/enron,4
shepperd/enron,4
cri,5
sherman/enron,4
shively/hou/ect,40
shoemake/hou/ect,4
simpson/hou/ect,4
jeani,11
slone/enron,4
maureen,9
stack/hou/ect,4
geoff,10
storey/hou/ect,8
swafford/enron,4
tapscott/hou/ect,4
taylor/hou/ect,12
thome/hou/ect,4
van,8
hooser/hou/ect,4
vargas/enron,4
vass/hou/ect,4
victoria,34
versen/hou/ect,4
charl,19
vetters/hou/ect,4
wallis/hou/ect,4
samuel,4
wehn/hou/ect,4
wiesepape/hou/ect,4
wilhite/hou/ect,4
bill,57
williams/pdx/ect,4
wolfe/enron,4
stuart,6
zisman/hou/ect,4
zivic/hou/ect,4
sontag/enron,4
thode/corp/enron,4
carl,12
tricoli/corp/enron,4
shiji,4
varkey/enron,4
vickers/na/enron,4
whiting/enron,4
becki,4
young/na/enron,4
emili,4
adamo/enron,4
jacquelin,5
jani,4
aguayo/hou/ect,4
alix/enron,4
thresa,5
anastas/hou/ect,4
armstrong/enron,4
arriaga/hou/ect,4
susi,4
ayala/hou/ect,4
natali,4
baker/hou/ect,4
barber/enron,4
gloria,8
barkowsky/hou/ect,4
wilma,4
bleshman/enron,4
bruce/enron,4
burchfield/enron,4
anthoni,11
sylvia,13
betti,5
chan/enron,4
chumley/enron,4
marilyn,4
colbert/hou/ect,4
audrey,5
dian,4
magdelena,4
cruz/enron,4
bridgett,4
anderson/corp/enron,4
walt,4
appel/enron,4
berberian/enron,4
rosi,4
castillo/enron,4
clark/corp/enron,4
davis/enron,4
cash/enron,4
mathi,4
conner/enron,4
lawrenc,8
daze/enron,4
rhonda,23
denton/hou/ect,4
bradley,4
diebner/enron,4
docwra/hou/ect,4
d'silva/hou/ect,4
easley/hou/ect,4
ellerman/enron,4
elliott/enron,4
rene,4
enriquez/enron,4
soo-lian,4
eng,4
ervin/enron,4
iren,4
flynn/hou/ect,4
funk/enron,4
fussell/enron,4
clarissa,4
garcia/hou/ect,4
gillette/hou/ect,4
gilley/hou/ect,4
gossett/hou/ect,4
guadarrama/enron,4
guggenheim/hou/ect,4
cynthia,5
hakemack/hou/ect,4
harmon/enron,4
harrison/enron,4
hernandez/hou/ect,4
meredith,6
alton,4
honore/hou/ect,4
roberto,6
deleon/enron,4
jay,17
desai/hr/corp/enron,4
hal,5
elrod/enron,4
finken/enron,4
brenda,8
flores-cuellar/enron,4
fuentes/enron,4
gearhart/enron,4
camil,4
gerard/corp/enron,4
sharon,7
gonzales/na/enron,4
graham/enron,4
thoma,47
gros/enron,4
sam,7
guerrero/enron,4
hawthorn/enron,4
herrera/corp/enron,4
ducker/enron,4
jarod,4
jenson/enron,4
wenyao,4
jia/enron,4
kam,4
keiser/hou/ect,4
dawn,4
kenne/hou/ect,4
kinsey/hou/ect,4
lamadrid/hou/ect,4
lambert/hou/ect,4
latham/hou/ect,4
jonathan,9
le/enron,4
lees/hou/ect,8
kori,4
loibl/hou/ect,4
duong,6
luu/enron,4
mao/hou/ect,4
maxwell/enron,4
mcclure/hou/ect,4
mcdowell/enron,4
mcintyre/enron,4
darren,12
mcnair/enron,4
meurer/enron,4
jacki,6
morgan/hou/ect,4
ann,7
murphy/hou/ect,4
nelson/hou/ect,4
neves/enron,4
joani,4
ngo/hou/ect,4
thu,28
nguyen/hou/ect,4
angela,4
hylton/enron,4
jones/enron,4
kara,4
knop/enron,4
letvin/enron,4
kathi,5
link/enron,4
teresa,10
mcomber/na/enron,4
moore/enron,4
nguyen/corp/enron,4
thuha,4
reina,4
mendez/enron,4
karbarz/enron,4
may/enron,4
norden/enron,4
olinger/hou/ect,4
pinion/hou/ect,4
bryan,5
powell/enron,4
C.,21
randle/enron,4
lesli,11
reeves/hou/ect,4
richardson/hou/ect,4
ries/enron,4
jose,20
ruiz/mad/ect,4
schoppe/hou/ect,4
schrab/hou/ect,4
sherlyn,4
schumack/hou/ect,4
scott/hou/ect,4
sever/hou/ect,4
russ,13
severson/hou/ect,12
shupak/enron,4
solmonson/enron,4
sai,4
sreerama/hou/ect,4
mechel,4
stevens/hou/ect,8
patti,9
sullivan/hou/ect,8
superty/hou/ect,4
swaim/enron,4
janett,5
oquendo/enron,4
orsak/enron,4
palmer/corp/enron,4
patrick/enron,4
pavetto/enron,4
catherin,5
pernot/enron,4
reese/enron,4
rivas/enron,4
sean,6
sargent/enron,4
vanessa,4
schulte/enron,4
rex,4
shelby/enron,4
snyder/enron,4
steele/enron,4
omar,4
taha/enron,4
peters/enron,4
swinton/enron,4
post/enron,4
mabl,6
tang/enron,4
thomas/hou/ect,4
alfonso,4
trabulsi/hou/ect,4
trevino/hou/ect,4
conni,4
truong/enron,4
khadiza,4
uddin/enron,4
adarsh,4
vakharia/hou/ect,4
rennu,4
varghese/enron,4
vaughn/hou/ect,4
walters/hou/ect,4
weatherstone/enron,4
white/hou/ect,4
williams/hou/ect,8
williamson/enron,4
o'neal,5
winfree/hou/ect,4
jeremi,4
wong/enron,4
rita,4
wynne/hou/ect,4
tenney/enron,4
thelen/enron,4
jessi,4
gwendolyn,4
williams/enron,4
dejoun,4
windless/corp/enron,4
jeann,5
wukasch/corp/enron,4
yarbrough/enron,4
zamer/enron,4
higgins/hou/ect,4
saji,4
john/enron,4
francisco,6
pinto,4
leite/enron_develop,4
barri,20
tycholiz/na/enron,4
hall/na/enron,4
pamela,5
brown/na/enron,4
loui,5
allen/epsc/hou/ect,4
raquel,4
lopez/corp/enron,4
met,13
serv,24
165.00,7
less,20
subsidi,8
monthli,30
94.00,7
wait,20
summer,18
parker,7
street,27
level,28
entranc,9
stairway,7
lobbi,12
floor,69
troubl,13
repli,42
turn,17
card,41
transpond,7
along,19
packet,10
transportation/corp/enron,7
713-853-7060,7
clay,8
st.,14
two,89
pedestrian,7
stairwel,7
corner,10
bell,8
J.,67
3-9684,16
littl,33
knowledg,13
transmiss,106
constraint,6
etc.,4
difficult,15
say,57
boundari,7
ought,5
howev,42
alway,7
prefer,20
simpl,9
layout,18
someth,7
miso,27
south,35
cover,35
area,74
dinner,58
cocktail,16
03/21/2001,16
05:05,4
lavorato/enron,8
03/15/2001,8
05:41,8
kitchen/hou/ect,12
arnold/hou/ect,32
buckley/enron,8
chuck,8
ames/na/enron,8
bilal,8
bajwa/na/enron,8
gim/na/enron,8
mog,9
heu/na/enron,8
vladi,13
pimenov/na/enron,8
denver,10
plachy/na/enron,8
schiavone/enron,8
shim/corp/enron,8
smith/na/enron,8
wolfe/na/enron,8
virawan,9
yawapongsiri/na/enron,8
bland/enron,8
cordial,8
attend,71
La,11
colomb,8
d'or,8
restaur,12
3410,8
montros,8
blvd,8
map,20
www.lacolombedor.com,8
7:00,10
program,73
rsvp,15
bland,8
3-5275,8
apr,4
05:03,4
TJ,42
07:48,4
07:46,4
//eastpower.dev.corp.enron.com/portal/default.aspx,4
_pageindex=0,4
wrote,8
natur,75
treatment,7
feder,17
govern,23
refer,33
someon,19
703-683-6839,4
check,59
matter,21
bani,20
resum,43
rotat,5
02/26/2001,8
03:56,4
convers,19
arora/hou/e,4
02/23/2001,4
12:11,4
02/22/2001,4
05:55,4
713-853-0566,4
Hi,41
pursu,11
03:53,4
marc,7
var,23
softwar,7
probabl,43
modifi,4
roundtabl,17
tuesday,107
4:00pm,13
eb3321,12
forum,17
commod,26
mon,29
01/25/2001,4
05:51,4
burn,14
01/23/2001,4
04:27,4
bradley/hou/ect,12
fraser/hou/ect,16
adam,12
gross/hou/ect,8
lavorato/corp/enron,16
mcgowan/corp/enron,12
vinc,27
kaminski/hou/ect,12
nowlan/hou/ect,12
white/na/enron,8
hickerson/hou/ect,12
shankman/hou/ect,20
zoch/na/enron,4
solis/hou/ect,4
helen,4
hillis/hou/ect,8
shirley,7
crenshaw/hou/ect,4
angi,6
'S,5
fourth,9
quarter,10
cross,14
insight,15
aggress,14
summar,11
activ,60
input,27
valuabl,13
limit,170
januari,172
3:15,4
3:30,23
impress,3
temporari,21
perrman,3
solut,22
obvious,12
JP,3
risk,72
run,44
standard,54
net,26
delta,3
subsequ,20
gamma,3
underli,3
p.,18
blown,3
proport,3
yea,8
relief,6
inspect,11
lift,8
pad,3
weekend,31
bunker,3
yet,36
hurri,3
real,26
estat,11
somewhat,14
kid,10
'em,3
tell,20
round,7
tiger,19
pretti,15
back,95
01/15/2001,8
07:31,4
01/12/2001,8
12:46,4
1st,13
student,13
wharton,8
visit,26
semest,8
beforehand,6
07:30,4
kaminski,8
04:41,4
patrick/hou/ect,4
agenda,29
20,34
school,8
sponsor,8
impact,147
electron,23
evalu,13
arriv,12
thursday,107
18,19
spend,5
10-15,5
got,22
actual,33
hand,6
anyway,4
necessarili,6
wife,4
sturmt,7
yahoo.com,19
delainey,13
herndon,33
valderama,4
pete,4
makkai,9
sp,4
natga,26
artega,4
neal,17
grigsbi,14
1130optsheet.xl,3
trip,27
februari,95
wed,34
ski,16
sat,161
sun,91
13,10
season,9
beaver,10
creek,10
preliminari,9
11,60
28,46
privat,11
cater,6
massag,6
decemb,50
winter,16
around,33
ena/egm/eim,3
custom,58
determin,20
colorado,3
2,600,3
82,9
divid,7
bed,3
24,37
17,20
four,17
days/thre,3
luxuri,3
premier,3
holden,3
road/bord,3
road,8
maid,3
anim,3
on-lin,4
registr,17
round-trip,3
airport,3
ground,3
properti,20
host,19
ticket,18
instruct,11
equip,12
rental,3
breakfast,27
off-sit,3
altern,14
in-hous,3
therapist,3
gift,10
pre-program,3
administr,26
on-sit,4
8th,6
telephon,17
choic,7
2nd,4
3rd,8
RC,3
11th,9
compil,8
final,24
attent,9
853-6978,3
directori,20
author,32
releas,22
//authors.hypermart.net,8
books/servic,8
search,21
engin,12
media,15
literari,8
ad,37
sincer,13
11/21/2000,4
04:01,4
natalli,4
natalliek,4
woh.rr.com,4
10/30/2000,4
02:57:42,4
fsturm,21
ect.enron.com,7
hello,9
online.,4
wonder,11
listing.,4
sever,33
regist,21
post,28
charg,27
5000,6
within,36
advertis,10
major,33
lead,30
ezin,4
newslett,6
29.95,4
top,24
relat,52
today.,4
univers,7
across,14
state,67
miss,10
public,29
products.,4
intend,37
inconveni,5
apologize.,4
expand,47
presenc,6
extrem,9
//gasfundy.corp.enron.com/gas/framework/default.asp,4
maininc.org,47
studi,17
kpm,6
2000/2001,6
tasg,7
630,8
contain,28
bubbl,4
draw,3
key,25
flowgat,23
tva,18
transfer,18
significantli,11
reduc,22
versu,7
99/00,3
11/20/2000,3
12:20,3
teri,3
L.,51
harrop,3
tlh,3
11/16/2000,3
12:48:26,3
bodplu,7
ecplu,7
ocplu,8
marketinterfaceplu,7
pdf,5
format,38
//www.maininc.org/files/tasg00w.pdf,3
marinan,3
senior,16
261-2606,3
11/1-,3
11/30,3
0800-,3
1800+,3
691-4222,4
monitor,17
summari,25
page,23
eight,6
western,14
tim,61
belden,30
001213.doc,3
east001213.doc,3
forecast,39
001212,6
update.xl,5
update.doc,5
50,57
seri,11
reimburs,4
exactli,7
crash,7
behalf,10
packag,9
center/met,4
eb305,2
1p.m,2
monday,110
10th,8
set-up,4
front,14
i.d,2
badg,8
present,79
end,52
room,67
midwest,61
pjm,41
northeast,11
follow-up,10
27/28,3
s/,3
nov,12
explan,4
blank,6
//gasfundy.dev.corp.enron.com/,4
lavo,4
tonight,11
golf,6
Oh,8
eog,4
love,8
thee,4
+2,4
1/4,4
www.amazon.com,4
fastest,4
www.pennwell.com,4
chapman/hou/ect,8
10/09/2000,4
07:12,4
10/06/2000,4
12:32,4
chapman,5
dietrich/hou/ect,4
jefferi,5
ader/hou/ect,4
pagan/hou/ect,4
sukaly/corp/enron,4
ben,12
jacoby/hou/ect,4
felicia,6
doan/hou/ect,4
claudett,14
harvey/hou/ect,4
shelbi,4
malkemes/corp/enron,4
chaun,7
roberts/na/enron,4
ocotob,4
2:30-4:30,4
30c1,9
staff,34
CA,6
iso,21
stage,8
fyi,20
06:24,3
neviu,3
dave.neviu,3
nerc.com,6
bulley,3
rab,3
02:51:59,3
nerc,48
director,33
tsc,3
word,15
mccolloch,3
prospect,16
shed,4
residenti,4
load,35
paid,10
wallingford,3
mcdonald,10
fox,6
SW,5
freeway,3
buffalo,4
speedway,3
bomb,6
shoulder,4
revers,8
bang,4
fun,7
coupl,26
articl,23
GD,6
09/28/2000,12
reschedul,9
chairperson,9
descript,58
physical/financail,8
2537,8
severude/hou/ect,8
mills/hou/ect,8
burchfield/hou/ect,8
09/26/2000,4
06:05,4
burchfield,4
cindi,5
cicchetti,4
03:00,4
04:00,7
repeat,5
occur,30
03:00:00,4
cdt,5
unavail,4
fri.,19
sit,6
x3-6219,14
audienc,5
bigger,4
22nd,4
tri,41
midtown,6
folk,8
thanksgiv,9
recruit,18
la,6
vega,6
So,20
constant,8
happi,9
is-,3
lot,15
c'mon,3
whose,6
forgotten,4
holiday,21
faster,4
tennesse,4
lineback,3
alabama,3
quarterback,3
count,5
catch,10
-M,3
2306,3
brazo,3
hadley,4
hang,3
bar,3
block,11
left,22
southern,28
friend,13
mine,6
hi,56
678,8
579-3298,4
El,9
paso,9
bourn,4
713-420-3826,4
geiger,4
told,12
eloy,3
brink,3
260-8569,4
utilicorp,4
gurley,4
816,4
527-1758,4
Bo,4
collin,9
420-3466,4
morsh,4
579-5323,4
dynegi,63
schatzman,4
509-6438,4
09/07/2000,12
melba,38
09:02,4
07:21,4
vs.,6
swap,27
henri,12
hub,30
US,233
ticker,11
rememb,20
charact,5
fit,14
cngno,4
06:54,4
lozano,8
09/06/2000,4
05:42,4
dale,25
neuner/hou/ect,4
gd/d,117
cngap-hhub,11
difirenci,4
lozano/hou/ect,4
except,30
lower,13
case,29
phi,130
languag,17
stay,23
intra-month,8
filter,9
hhub,17
built,12
sitara,24
tagg,5
taylor,30
spoken,4
simplifi,4
exist,26
bad,11
socal,12
nymex,107
nxl1,51
comment,37
index,95
_,72
nl1,47
hehub,21
ngpl,23
pool,26
SP,12
cng,9
M3,9
hehub-ch,6
chic-hhub,10
TT,6
cng/sab,6
consum,22
mich,6
con,7
LA,15
stx,6
tco,6
tetco,6
clariti,3
effect,75
septemb,51
hhub-soc,3
socal-hhub,7
south-hehub,3
g/d,3
hsc-hehub,3
hsc-hhub,7
tco-hehub,3
tecop-hhub,7
TX,10
tetm3-hhub,7
transcoz6,3
tz3-hhub,7
waha,3
waha-hhub,7
anr,8
anrs,3
txokgc,3
ngpltxokgc,3
trkela,3
tab1,3
trkelatab1,3
transz6nni,3
tranz6nni,3
transcoz6ni,3
transz6ni,3
anywher,10
pira.com,36
pira,117
flash,8
jane,12
212,22
686-6808,13
hopley/hou/ect,7
04:53,3
04:10:18,3
12/13/00,3
unauthor,9
prohibit,15
shuttlesworth,3
howard,5
tazh,3
redash,3
rich,3
nobu,3
tarui,3
nobuo,3
hsu,3
graziano,3
jgraziano,3
aga121300.pdf,3
flet,10
assess,27
influenc,9
style,6
practic,20
his/her,6
uniqu,10
requir,98
delet,17
peers/colleagu,3
i.e.,15
self,7
peer/colleagu,3
NO,7
therefor,13
//www.fsddatasvc.com/enron,3
eqc4wu,3
eqmvj3,3
shive,36
denni,4
ward,8
fsd,3
713-942-8436,3
debbi,7
nowak,6
713-853-3304,6
keilti,3
goldsmith,3
858-450-2554,3
mich-hhub,4
pepl-hhub,4
demrc-hhub,4
perm-hhub,4
sanjn-hhub,4
opal-hhub,4
tz6ny-hhub,4
short,57
teco,4
tenla-hhub,4
nymex-hhub,4
cgulf-hhub,4
hear,30
IF,6
vs,10
write,7
correl,18
94,11
96,6
99,16
98,6
95,6
primari,9
latest,8
matrix,13
08/31/00,3
weaken,3
87,3
malin,3
tighten,3
rocki,5
elpaso,3
SJ,3
permian,3
aeco,3
97,3
came,11
socal/rocki,3
74,3
socal/san,3
relationship,19
fell,4
apart,3
75,4
socal/aeco,3
76,3
socal/permian,3
92,5
if-hehub,3
drop,7
transco,12
Z6,3
bid,31
sporad,3
OK,4
resend,4
BT,4
gregg,6
tyson,3
resume.doc,4
agre,40
ice,7
bump,4
method,8
3.75/5.25,3
4/5,3
pay,43
brokerag,3
rather,13
crestar,9
incorpor,13
confirm,38
bind,10
doc,8
premis,5
quesiton,3
mw,51
sold,28
bought,29
kwm,24
rtc,24
onpeak,18
fg01,18
cal02,18
icap,19
zurita,3
03:35,3
nyj,6
nyg,6
88,6
48.50,6
ercot,18
32.50,6
offpeak,6
2.20,6
2.45,6
4.75,6
cal01,6
2.50,9
cal03,6
houstonian,16
19,15
111,4
oak,6
lane,4
680-2626,3
assist,75
procedur,14
small,10
elect,8
mmbtu/d,9
'00,9
mar,9
'01,9
0.01,9
30,000,6
ngp,3
40,000,9
trunk,3
appar,9
obviou,4
figur,6
lynn,10
08/07/2000,4
04:09,4
america,38
corp.,62
pikofski,5
08/03/2000,4
04:35,4
luce/corp/enron,4
hermann/corp/enron,4
brogan/na/enron,4
tycholiz/cal/ect,4
tomaski/corp/enron,4
cari,6
carrabine/corp/enron,4
sonneborn/hou/ect,4
courtney/hou/ect,4
d.wear,4
pecorp.com,4
august,45
eb32c2,6
312,4
541-1379,4
mahomet,12
midwestern,9
session,82
trunklin,6
pipelin,21
nicor,10
flow,16
yesterday,23
video,19
confer,54
hermann,3
possess,7
degre,6
market/financi,3
variou,28
manlov,3
redeliveri,3
higher,11
take-away,3
enhanc,14
line,38
redeliv,3
border,6
high,35
pressur,8
compress,3
interconnect/deliveri,3
deliv,15
captur,7
differenti,6
larg,12
fluid,3
receipt,5
bi-direct,3
meter,4
attract,5
midwest/chicago,3
compressor,3
perhap,13
purpos,78
chicago/peopl,3
canadian,4
luce,8
sonneborn,3
analyz,11
feasibl,3
written,4
18th,5
x-58005,3
brogan,3
sooner,6
fall,12
afraid,4
categor,3
log,23
onto,5
altogeth,3
chic,3
cleari,3
dougla,19
pollan/hou/ect,8
antitrust,11
train,30
rain,13
class,16
8/11,4
08/01/2000,4
09:28,4
hodg,8
07/27/2000,4
10:46,5
helton,4
alonzo,4
ashton,4
soniat/corp/enron,4
bhavna,4
pandya/hou/ect,4
berkeland/corp/enron,4
rust/hou/ect,4
crane/hou/ect,4
o'rourke/hou/ect,4
hebert/gco/enron,4
abramo/corp/enron,4
otto/hou/ect,4
charli,4
jewell/hou/ect,4
gaskill/corp/enron,4
colleen,4
breslau/hou/ect,4
cyril,4
price/hou/ect,4
junek/hou/ect,4
diamond/hou/ect,4
reck/hou/ect,4
delage/hou/ect,4
vitrella/hou/ect,4
ryan/corp/enron,4
zaccour/hou/ect,4
allen/corp/enron,4
dick,6
jenkins/hou/ect,4
miller/ecf/enron,4
gateway,4
elsa,4
piekielniak/corp/enron,4
ermis/hou/ect,4
lagrasta/hou/ect,4
mcclellan/hou/ect,4
wood/corp/enron,4
trefz/corp/enron,4
whalley/hou/ect,4
woulfe/hou/ect,4
terrell/hou/ect,4
tholt/hou/ect,4
guerrero/corp/enron,4
scheuer/hou/ect,4
jare,5
kaiser/hou/ect,4
crawford/corp/enron,4
reitmeyer/hou/ect,4
wills/corp/enron,4
kinneman/hou/ect,4
shipos/hou/ect,4
parks/corp/enron,4
berger/hou/ect,4
suarez/hou/ect,4
grass/corp/enron,4
greene/hou/ect,4
llodra/corp/enron,4
singer/corp/enron,4
zufferli/hou/ect,8
zurita/hou/e,4
townsend/hou/ect,4
kate,4
holst/hou/ect,4
keller,4
mayeaux/corp/enron,4
cline/corp/enron,4
schultz/hou/ect,4
jester/corp/enron,4
valderrama/hou/ect,4
clayton/corp/enron,4
luci,4
ortiz/hou/ect,4
kumar/corp/enron,4
madhur,4
dayal/hou/ect,4
bir/corp/enron,4
rodriguez/hou/ect,4
smith/corp/enron,4
symms/corp/enron,4
goering/hou/ect,4
cisneros/hou/ect,4
curry/hou/ect,4
fowler/corp/enron,4
maggi/corp/enron,4
nelson,4
ferries/corp/enron,4
pizzolato/hou/ect,4
sekse/ny/ect,4
pushkar,4
shahi/hou/ect,4
randal,4
gay/hou/ect,4
hrabal/hou/ect,4
ronald,4
acevedo/lon/ect,4
goodell/corp/enron,4
kleege/hou/ect,4
south/hou/ect,4
wood/hou/ect,4
depaolis/corp/enron,4
theresa,4
branney/hou/ect,4
decook/corp/enron,4
donohoe/hou/ect,4
mcquade/hou/ect,4
tori,5
black/corp/enron,4
herndon/corp/enron,4
stuart/hou/ect,4
haedicke/hou/ect,4
frevert/na/enron,4
delainey/hou/ect,4
memo,5
late,25
07/13/2000,8
yahoo,15
02:20,4
trademup,10
12:50:12,4
vegas.ppt,4
fluctuat,60
61495,57
exchang,49
shall,31
accessc,18
amend,17
200,24
rth,15
halt,12
notion,12
committe,18
board,26
haircut,10
octob,103
impli,8
touch,11
90,7
6.56,6
establish,21
cessat,6
bona,6
fide,6
00-421,3
memorandum,3
comex,3
wolkoff,3
RE,77
ratifi,3
remain,24
347,3
advis,17
cftc,3
becam,8
commenc,5
sunday,16
reimplement,3
By,14
trigger,4
went,24
metal,4
e.g.,15
clarif,5
suspend,10
narrow,3
specifi,11
clarifi,3
aspect,8
stu,3
homler,3
299-2754,3
morano,3
299-2679,3
regan,3
counsel,12
299-2207,3
herebi,4
resolv,19
low,11
designe,3
resumpt,3
briefli,7
thereaft,5
carr,3
150,6
S.,43
wacker,3
1500,3
chicago,11
IL,4
60606,3
usa,5
tel,5
312-368-6149,3
312-368-2281,3
sobland,3
carrfut.com,3
//www.carrfut.com,3
07/10/2000,12
08:55,4
01:03,4
crude,34
fuel,18
oil,33
demand,48
place,45
2:15,7
boardroom,4
encourag,25
benefit,36
=20,116
bu,20
=09,88
sutton,8
depelchin,8
a.m,13
fella,9
07/10/2000=,4
08:45,4
=09enron,4
=09from,4
05:47,4
chairman,17
join,33
children=01=,4
s=20,4
adopt,6
agenc,10
80=20,4
organ,32
gulf,9
coast=,4
campaign,7
goa=,4
l=20,4
2,310,000,4
of=,8
breakfasts.=20,4
7:45-9:00,4
children=01,4
100,16
sandman,4
memori,15
shepherd,4
intersect,4
sid=,4
e,27
promptli,4
7:30,4
onsit,7
parking.=20,4
drive,27
r.s.v.p,4
26,28
attendance=,4
jessica,4
nunez=20,4
853-1918,4
anytim,9
4:30pm,3
eb-3233c,3
taken,13
ft-central,8
stack,30
robyn,6
menear,4
x36219,4
float,16
midpoint,12
confus,7
__________,4
buyer,18
plu,12
seller,21
asap,9
moon,4
fletcj,4
collar,3
plenti,10
gain,13
profession,10
sleep,3
pic,4
care,19
5/3,4
shore,5
outlin,7
amarillo,4
mainlin,4
volum,19
2,028,2
mmbtu/day,4
ifgmr,4
fom,2
midcontin,4
0.04/mmbtu,2
opu,8
360,4
IT,24
www.opus360.com,4
invest,35
4/3/00,2
pgl,2
slechta,2
10,140,2
0.0375,2
pbr,8
live,22
real-tim,18
variabl,5
analysi,28
npv,4
whether,21
excel,15
homemad,4
exampl,15
compon,9
brought,8
excit,10
clearli,5
mtd,4
bom,4
logic,4
depend,13
reinforc,4
coi,3
re-send,3
one-month,3
inlin,8
=0e,6
gu,14
giron,18
marquez,19
gulay,6
soykok,6
2.,4
prioriti,6
-api,3
-short,3
-aga,3
-weekli,3
interchang,4
-congest,3
lin,7
-price,3
-long,3
analyst,21
-commun,3
upcom,6
2:30,13
-origin,315
31,16
2002,217
10:56,5
furrow,10
2:30pm,6
upstair,4
promis,6
cpm,2
1:00,23
shift,12
bentley,7
3-0421,2
5th,9
5990,4
consumpt,4
benchluch,7
rust,7
forster,23
novemb,64
3:30-5:30,3
x39194,2
An,10
topic,16
scare,4
grab,2
downstair,1
kobra,93
06,20
11:09,3
marcinkowski,15
whoever,4
lesson,7
1:30,14
liz,12
D.,41
whalley,13
ubsw.com,2
warburg,26
cst,19
06716,4
dial-in,8
zipper,7
repres,11
absens,1
tue,5
2/5/2002,1
6:41,1
calger,13
F.,18
milnthorp,4
keohan,1
kitchen,18
M.,61
haedick,9
E.,15
steff,8
'collette.dow,1
'bob.dinerstein,1
Cc,83
schopp,6
hilli,10
hogan,5
irena,5
elbertson,1
w/ub,1
2/7,3
ec,15
dinerstein,1
head,23
ub,118
regulatory/leg,1
environ,76
RM,4
888.380.9636,2
code,20
693470,1
code:257749,1
713.853.1935,3
713.853.1838,3
713.854.3056,3
mobil,8
13-15,1
twist,1
3-6203,1
ipayit,45
invoic,24
account,39
payabl,12
alert,7
unresolv,4
in-box,4
vendor,8
//ipayit.enron.com,5
ehronline/sap,4
personnel,16
materi,21
//isc.enron.com/site/doclibrary/user/default.asp,5
isc,8
345-4727,13
europ,6
european,13
+44-20-7783-7520,5
asia-pacif,5
sydney,5
+61-2-9229-2336,5
reliant,4
marland,1
resign,5
recent,19
previous,7
regional/tim,1
size,4
appropri,21
effectu,1
saw,1
NG,20
clear,12
moment,3
rush,1
bright,1
outsid,14
ene,14
known,8
awhil,1
dealt,2
cell,43
713-962-0274,1
RH,6
suarez,12
150/150,1
uncomfort,2
increas,27
news,8
craw,1
1/20/2002,1
9:25,1
san,12
antonio,3
brother,5
unfortun,6
jeanni,2
sloan,3
hotel,11
assur,11
mere,4
30-day,2
evergreen,2
guarante,2
10k,2
gave,5
50-50,2
odd,3
1-year,2
either,21
heard,13
lob,2
10am,12
signatur,3
yesterday/thi,2
19/20,3
noon,8
203-563-0535,2
fitzpatrick,4
713-859-6266,1
713-553-7049,1
commit,12
re-alloc,1
2500,2
fund,29
entic,1
earli,14
situat,9
ignor,1
misra,9
almost,6
kudo,1
IN,3
anderson,6
mimi,1
203-353-9121,1
203-719-6448,1
brown,3
212-253-6313,1
212-821-2346,1
646-244-6311,1
galasso,1
jill,1
203-277-2067,1
203-719-3614,1
lee,3
jenai,1
718-788-8468,1
212-821-6073,1
bliss,1
203-655-4678,1
203-719-6358,1
203-253-4339,1
eastwick,1
203-966-9294,1
203-719-4575,1
212-423-5764,1
203-719-4699,1
917-468-0237,1
860-824-7707,1
lueck,1
203-602-3332,1
203-719-6916,1
914-830-4528,1
ciliberto,1
212-253-5477,1
212-713-3276,1
917-319-5360,1
reichman,1
fcd/legal,1
914-939-4161,1
203-719-0276,1
917-417-8914,1
knight,1
crm/hr/market,1
203-438-5397,1
203-719-4681,1
917-848-7251,1
specialist,3
raman,1
kumar,1
immigr,2
212-891-7515,1
digiacomo,1
reloction/int,1
l,12
assigne,1
203-248-4560,1
203-719-4686,1
203-696-8646,1
hart,1
traci,4
compens,6
polici,21
203-358-9687,1
203-719-4688,1
raimondi,1
203-719-0656,1
713-680-2626,1
war,5
magnolia,1
reward,7
express,19
american,30
redeem,3
zero,16
balanc,27
reinstat,2
announc,30
enron/american,1
earn,15
accru,3
1-800-the-card,1
843-2273,1
cardmemb,1
redempt,1
1-800-297-3276,1
speak,11
ramsey,1
853-6457,1
jnj,8
rang,17
johnson,4
ralli,2
harley,2
strong,20
1:02,1
schneider,4
bryce,4
60.18,1
56.23,1
59.85,1
trend,7
opposit,3
selloff,1
investor,11
safeti,1
swing,2
tight,2
59,5
volatil,4
mediocr,1
1.5,2
downsw,1
msft,1
stronger,3
davidson,1
hdi,1
stock,40
55.50,1
1.20,2
retrench,1
54,1
0.30,1
55,2
000,10
design,53
rm01-12-000,7
commiss,44
independ,21
regulatori,21
interconnect,14
walton,10
9:30,7
adjourn,3
4:30,5
washington,9
capitol,5
202,3
break,7
nyiso,3
iso-n,3
congest,29
workshop,11
l.l.c,2
allegheni,2
avista,2
montana,2
nevada,2
portland,13
puget,2
sierra,2
pacif,4
florida,8
california,10
p.m,6
888,11
d.c.,3
20426,2
satellit,2
fee,41
703,2
archiv,4
audio,6
hearings.com,2
listen,5
remark,4
ott,6
day-ahead,9
capac,25
mitig,9
paliza,2
princip,5
consult,15
long-term,12
chief,16
1/22-1/23,1
mainli,3
comn,1
alan,6
4:11,1
nicolay,19
novosel,8
sarah,16
bent,1
gac,1
-1-,1
rt01-2-,1
001,1
atlant,5
citi,29
baltimor,1
delmarva,1
jersey,1
metropolitan,2
pennsylvania,2
ppl,1
potomac,1
ugi,1
rt01-10-,1
rt01-15-,1
southwest,1
rt01-34-,1
rt01-35-,1
bonnevil,4
idaho,1
pacificorp,1
gridflorida,3
rt01-67-,1
tampa,1
-2-,1
rt01-74-,1
gridsouth,3
entergi,19
rt01-75-,1
rt01-77-000,1
rt01-85-,1
bangor,1
hydro-electr,1
rt01-86-,1
illumin,3
vermont,3
rt01-87-000,1
rt01-88-000,1
nstar,2
rt01-94-000,1
rt01-95-000,1
hudson,1
niagara,3
mohawk,3
orang,1
rockland,1
rochest,1
rt01-98-,1
rt01-99-000,1
rt01-100-000,1
-3-,1
arizona,2
rt02-1-000,1
el02-,1
9-000,1
mexico,4
tucson,1
westconnect,2
22-23,1
focus,16
similar,11
organiz,2
enabl,4
attende,3
mutual,3
n.e.,1
second,11
headquart,2
world,21
bridg,24
coverag,4
reining,1
julia,1
morelli,1
993-3100,1
www.capitolconnection.gmu.edu,1
d.c.-area,1
televis,4
narrowcast,1
sm,1
hearing-on-the-lin,1
r,14
parti,46
966-2211,1
transcript,1
ace,2
347-3700,1
800,2
336-6646,1
videotap,1
viscom,1
715-7999,1
-4-,1
saida,1
shaalan,1
tariff,13
n.e,1
208-0278,1
saida.shaalan,1
ferc.fed.u,1
linwood,1
watson,8
jr.,19
secretari,13
-5-,1
22,15
overview,9
eastern,15
iso-new,1
implement,18
-6-,1
23,6
hydroelectr,2
reliabl,20
council,2
amir,1
shalabi,1
affair,18
ontario,2
greenleaf,1
conf,5
6716,2
10:52,1
kaniss,20
midwest/southeast,3
1pm,6
10:30,3
re-start,2
sub-committe,2
progress,9
feb.,7
w/the,1
mtg,8
926946,1
237334,1
10:00,16
877.807.5706,1
259857,1
913663,1
05,24
5:09,1
redmond,5
vicker,6
tycholiz,4
llodra,5
cook,18
T.,2
sager,8
hansen,4
jake,4
foster,7
H.,11
derek,3
Le,1
dain,1
swerzbin,3
zufferli,5
fifteen,2
circul,4
redistribut,3
netco,20
tdsp,3
td,12
tantra,4
tdsd,2
8:44,1
FW,45
invedi,3
1:52,1
poston,2
nat,9
luu,2
dl-oracl,2
dba,5
esttdsp,1
goe,7
tdst,1
tds8itst,1
whenev,1
refresh,6
tape,4
tds8idev,1
server,57
clement,4
tnsnames.ora,1
modif,1
employ,11
job,17
labb,3
human,5
5-7809,1
fallon,2
NY,9
zone,4
ptf,1
com-,1
soco,11
FP,1
truli,5
Am,2
anth,1
713-853-5035,3
713-854-3923,3
713-646-8272,27
ever,4
//www.studentmagazine.com/thisweek/thisweek_article.asp,1
articleid=213,1
am-11:30,3
gmt-06:00,8
canada,21
nyse,9
common,14
secur,45
criteria,2
quotat,2
over-the-count,2
otc,4
symbol,1
enrnq,1
delist,1
appeal,5
www.nyse.com,1
averag,4
consecut,1
trading-day,1
bureau,4
pink,1
observ,11
luther,2
christma,3
enjoy,7
labor,2
29,16
komp,6
remov,16
horticultur,3
sticker,3
mainten,18
leas,9
plaza,6
tax,10
49,2
chosen,4
16th,4
11:00,11
2:00,16
side,10
escal,2
guidelin,2
desk-top,1
pot,1
plastic,1
chrome,1
bronz,1
themselv,5
pick-up,1
payment,25
hensch,1
ext,23
35522,1
record,23
earlier,14
threaten,2
proceed,11
paper,8
destroy,2
345-2402,1
ei.enron.com,3
ees.enron.com,2
firstname.lastnam,7
domain,4
decommiss,4
step,17
enron.messaging.administr,9
creditor,11
energy-trad,7
royalti,6
bidder,6
profit,16
mcmahon,9
bankruptci,14
life,5
pretax,3
elimin,8
mr.,5
emerg,11
acquir,12
breath,2
dormant,2
citigroup,2
money,13
chapter,4
bankruptcy-court,2
protect,20
largest,7
bank,10
enrononlin,12
one-third,2
stake,2
capit,15
biggest,3
u.s.,23
auction,9
court,9
neck,2
judg,6
gonzalez,5
wsj,3
1/14,1
01/14/2002,1
copyright,9
mitchel,1
pacel,1
wall,4
AG,3
giant,1
swiss,1
obstacl,1
resurrect,1
formid,1
least,21
recov,4
owe,2
shield,1
reorgan,3
arm,6
roughli,1
hardwar,5
compris,3
once-mighti,1
internet-bas,1
huge,6
gradual,2
unwound,3
upfront,1
enterpris,1
10-year,1
accord,7
three,27
5.75,1
prior-year,1
fifth,1
maximum,3
44,3
felt,15
grand-slam,1
perish,1
kept,4
retent,9
bonus,1
credit-worthi,1
partner,11
51,1
rival,1
resuscit,1
vast,1
expert,7
credit-risk,1
constantli,1
revalu,2
debacl,1
pain,3
de-emphas,1
commodity-lik,1
pioneer,3
concentr,2
virtu,1
aa-plu,1
landscap,1
energy-merch,1
forev,2
clout,1
institut,4
among,16
thousand,4
reviv,1
although,19
divis,3
billion,20
nine,1
bienenstock,1
lawyer,3
character,2
dead,1
conduct,8
thin,1
margin,10
disappear,3
churn,1
mcnalli,1
txu,2
valu,18
scale,1
hundr,2
overs,1
painewebb,1
costa,1
world-wid,1
winner,3
supervis,1
pack,3
manhattan,1
courtroom,1
endors,1
negoti,9
nonstop,1
compet,4
BP,1
plc,1
british,2
million,17
arthur,3
district,2
offici,3
voic,12
object,10
deni,4
motion,1
argu,3
suitabl,1
venu,1
greil,1
four-month,1
timelin,3
pivot,2
surround,5
wsj.com/journallink,1
01-14-02,1
12:00,13
//www.bol.ucla.edu/~rahjr79/ninja.htm,1
outag,218
1/11/2002,5
on-cal,25
_________________________________________________________________,12
exercis,6
randi,3
lord,2
713.345.7707,2
edi,16
unifi,19
853-9797,16
5:00:00,21
1/13/2002,1
12:00:00,38
ardmor,9
9:00,5
back-up,1
chiller,1
routin,1
AC,1
6:00,9
10:45,1
crac,1
shut,3
air,17
handler,1
belt,1
drain,6
azurix,8
eb34,8
field,12
os/2,8
sun/oss,8
telephoni,16
853-1411,8
853-5536,8
sap/isc,8
284-3757,8
288-0101,8
rus/gops/geotools/apr,8
639-9726,8
oss/ua4/tarp,8
285-3165,8
cpr,14
284-4175,8
327-3893,8
-trader,8
327-6032,8
whatev,5
tomcat,10
taxabl,2
incom,4
third,10
ecn,13
306,2
buse,3
fulli,12
subsid,4
treat,8
exclud,2
65,4
taxat,1
imput,1
100.00,3
exclus,3
65.00,1
35.00,1
inbox,4
pid,1
p-number,1
ehronlin,9
sap,8
1/31/2002,11
unreserv,3
31st,4
4th,5
215,2
225,2
165,2
175,3
corp,41
paycheck,5
consist,9
37060,1
36399,1
katz,1
59322,1
tbd,5
seemingli,3
scheme,1
12/14/01,1
win,6
1000,2
non-confirm,2
ptp,2
argument,8
verbatim,1
ubsw,16
infrastructur,10
logoff,2
04,14
8:51,1
dl-ga-all_ubsw,1
draft,14
postpon,6
varieti,6
circumst,7
advanc,8
x,17
3-1411,5
pleasant,1
colleagu,7
coffe,1
donut,1
8:00,10
6980,2
dial,11
1-800-711-8000,2
passcod,1
33256,1
slone,2
teler,3
9.27,3
reuter,11
pecherski,4
x39225,1
moor,13
weather,30
G.,5
bennett,5
villarr,5
alex,6
rangel,6
rybarski,5
vuittonet,3
research,29
09,2
06980,4
speaker-,1
......,1
asst/,1
...................,1
08,6
1:27,2
9th,5
ecs-06980,3
speaker/teach,3
.......,4
geraldin,1
hard,26
denton,17
07,16
guess,2
9:32,3
12:43,3
1:03,4
paraleg,6
//www.nymex.com/,6
timefram,4
12:37,3
start2.xl,2
11:12,3
isda,13
deriv,6
exposur,16
f/x,2
enfolio,2
7:54,2
pose,3
counterparti,22
calcul,6
extent,10
conagra,2
overlay,1
gcp,1
29605,1
62604,1
fetch,1
//nahou-dmagn01p/ena/livelink.ex,1
func=ll.login,1
username=gcpguest,1
password=,1
nexturl=,1
2fena,1
2flivelink.ex,1
func=ll,1
26objid=11965334objaction=brows,1
sort=nam,1
shortnam,1
erm,3
713.853.3103,1
northern,16
litig,8
disput,5
safe,5
quickli,14
damag,6
avoid,7
substanti,12
distract,3
protract,2
stan,2
et,4
interim,6
settl,7
dismiss,1
lawsuit,5
extend,2
repurchas,2
9,000,1
interst,1
rebuild,4
core,2
horton,1
explain,11
dear,4
assum,14
weigh,3
turmoil,1
consequ,8
decid,19
contest,4
larger,5
conclud,1
burden,1
steer,1
day-to-day,2
satisfact,1
achiev,3
align,2
qualiti,5
consciou,1
1/5/2002,18
thru,160
nahou,5
CT,108
PT,103
fault,8
df,4
sysadmir,8
toler,7
split,15
3:00:00,18
9:00:00,18
nahou-bpms01p,4
nahou-bpmsft01p,4
backout,52
cluster,6
1/4/2002,2
1/7/2002,2
2:00:00,16
1:00:00,15
8:00:00,14
netco/est,2
database/mast,2
replic,2
reenabl,2
tolernac,2
brennan,4
713-853-4545,4
713-853-6225,3
9:30:00,3
7:00:00,21
7:30:00,5
3:30:00,4
deploy,1
de-commiss,1
instanc,7
revert,5
cheng,1
7138531672,1
mcnair,1
7138537955,1
reagan,8
shuttl,3
joy.wagman,2
efcu,1
surviv,7
layoff,1
rider,1
downtown,4
doubletre,1
return,21
correct,14
erron,2
hewitt,2
disregard,4
regret,3
caus,7
verifi,9
intranet,1
benefits.enron.com,1
resources.hewitt.com/enron,1
log-in,2
800-332-7979,1
853-9225,1
ogelthorp,2
12-19-02,1
12-,1
-02,2
singl,13
jan-feb,1
MW,57
gtc,2
9-19-01,1
10-5-01,1
dkf,1
7:47,2
robinson,7
3:37,3
abler,8
rorschach,6
hiemstra,6
plan1,1
v22.doc,1
portz,11
letter,25
marcu,12
panu,6
nettelton,8
harlan,6
12-21-01,3
murphi,5
non,2
12-18-01,2
LG,2
6th,11
given,19
beween,1
acknowledg,3
midamerican,1
1-2-02,1
1-4-02,1
11-13-01,1
reflect,7
02,13
10:01,2
bailey,4
miller,11
mktg,3
below-list,1
attorney,3
moir,1
defin,13
01,11
ae,1
alcoa,9
geener,1
ameren,5
beco,1
boston,5
cargil,2
citizen,4
Co,1
dte,1
1-,1
mountain,2
gpu,2
1-21-02,1
HQ,2
hydro,21
quebec,2
1-1-02,1
IP,8
indiana,9
minnesota,3
OG,1
oge,1
illinoi,6
rock,2
taunton,1
municip,1
UI,1
vepco,1
virginia,3
co.,1
list.xl,1
12-20.xl,1
12-20,1
column,6
version,6
03,6
conting,4
cori,5
crack,7
priorit,3
transmission/pool,2
reli,12
713-856-3923,2
8:59,1
8:58,5
tech,1
start-up,5
713-584-2067,1
3-5800,1
casey,11
dominion,3
Sr,1
713-853-3347,1
3:12,1
burnett,5
reev,3
evan,8
white,8
W.,21
gilbert,4
sack,3
choat,5
racicot,2
sixth,1
bilater,3
drill,1
relev,16
bill/,1
dpr,1
non-termin,1
ran,2
seen,7
21st,7
ld,1
3-0492,1
loss,24
bother,1
thought,21
Q,4
tune,4
gasolin,1
heat,12
arbitrag,7
program/,1
currenc,1
ltd,1
partnership,10
futures/,1
men,1
easili,4
~socrat,1
ascertain,2
muschar,3
713-853-4344,2
281-541-6203,2
daniel.muschar,2
ccna,2
mcse,2
cna,2
A+,2
ebb,2
dial-up,2
cqg,2
bloomberg,3
tibco,2
exce,2
runm,2
risktrac,2
setup,6
incl,2
newswir,2
mw4/mwsum,1
macro,1
prev,1
rag,1
newspap,1
scan,6
on/off,1
midday,1
e.g,2
aga,1
api,1
estimates/forecast,1
8:05,2
t.j.,2
ON,4
20th,1
5:30,3
esc05990,1
iri,22
=09forster,5
H=,4
=09tuesday,4
=09mack,4
=09re,5
=09jacobi,2
tapscott,4
dypiangco,3
churbock,2
booth,3
mitro,3
grube,3
raimund,3
gimbl,3
kraus,3
kellermey=,2
er,8
hausing,3
leigh,3
lori,3
carnahan,3
kathleen,3
inman,3
zacha=,2
ry,2
zarski,3
iii,13
ratliff,5
beau,6
carr=,2
oll,2
lex,7
olvera,2
paulita,3
wood,18
politi,3
irani,3
letzerich,2
palmer,5
maximilian,3
luong,3
kroll,5
fairley,3
reag=,2
braddock,3
billi,3
acevedo,3
jafri,3
rahil,3
piazz,3
tara,2
marshal,3
oward,2
emmon,3
suzett,3
martinez,3
benk,4
terrel,4
duffi,3
meyn,11
rey,3
paulin,2
herrera,4
F=,3
ernando,2
hamlin,6
mason,6
trefz,6
cavazo,9
brandon,11
hiemst=,2
ra,2
compean,4
seksaria,3
rahul,3
ill,5
garrick,3
dickson,2
landri,3
mccracken,3
gre=,2
g,9
munoz,3
kiani-aslani,3
ahm,3
nave,3
murray,4
golden,4
vetter,3
lang,3
tricoli,6
nov.,6
=09fyi,1
=09the,2
ecs05990,1
=09onc,1
mor=,1
exot,1
cross-commod,3
structu=,1
=09perhap,1
quit,5
bit,14
hou=,1
se,4
9:34,1
=09fw,2
conflict,7
1:00-2:00,1
=09monday,5
6:08,1
=09option,1
mack,10
one-hour,1
1:00=,1
introduct,3
principl,5
int=,1
erest,1
greater,10
d=,5
etail,1
aim,1
midmarket,1
a=,28
recipi,26
11:41,1
blew,2
ish,2
expens,35
135.75,7
0.00,2
concur,6
//expensexms.enron.com,6
channel,12
turret,6
nec,3
instal,7
display,5
avaya,5
stentophon,3
cnn,3
wireless,5
technolog,17
guid,8
amtel,2
orient,4
occup,3
guidebook,1
handi,2
printer,1
easi,3
keyboard,1
anti-glar,1
eye,2
strain,2
MX,1
caller,3
voicemail,4
plasma,1
ipc,1
12401,1
801,1
headlin,4
12402,1
802,1
12403,1
803,1
cnbc,1
12404,1
804,1
msnbc,1
12405,1
805,1
12406,1
806,1
12407,1
807,1
12408,1
808,1
sport,2
12409,1
809,1
espn1,1
12410,1
810,1
cellular,3
virtual,1
multi-network,1
in-build,1
campu,1
multi,1
encrypt,1
intellectu,1
eavesdropp,1
hacker,1
flexibl,2
plug,1
n,15
footprint,1
one-touch,1
led,1
respond,9
mailto,38
enron.center.south.technolog,1
mrf,3
euro,2
cooler,3
pattern,8
overal,13
10-14,1
....,10
begininng,1
stormier,1
storm,6
arctic,3
intrus,2
snowcov,2
minim,3
u.,5
colder,6
challeng,10
neutral,1
bearish,4
certainli,4
warm,4
/,20
mild,6
281.379.1376,4
832.524.0468,4
lose,2
shuffl,2
p,2
espinoza,6
x6-6002,6
revis,5
11/19/01,1
yuma,1
R.,4
x5-3923,3
vanek,3
x3-1436,3
entiti,26
dyn,6
doti,5
'veri,4
chevrontexaco,4
tucker,3
spoke,9
off-balance-sheet,3
approach,7
restat,3
non-cor,3
highlight,10
ene/dyn,2
mckay,6
bergstrom,5
noth,3
investig,18
spe,2
disposit,3
infus,4
mac,2
discount,13
provis,6
pehlivanova,1
biliana,1
10:54,1
rohmer,1
gissel,1
beylin,1
anya,1
marolo,1
massimo,1
velez,1
lui,1
ramirez,1
guzman,1
julio,1
lombard-benito,1
gisel,1
mill,2
kulic,1
sladana-anna,1
cardena,1
catalina,1
khandker,1
dayem,1
gandhi,1
sachin,1
10:25,1
pollan,1
culotta,1
murrel,1
plachi,1
cuilla,2
storey,2
yawapongsiri,1
mahmassani,1
souad,1
donoho,1
ruscitti,1
darron,1
frihart,1
bryant,1
mim,1
simpson,4
keavey,1
pereira,1
pimenov,1
savva,1
leonida,2
townsend,1
versen,1
barb,1
concannon,1
goodel,1
kaiser,1
bate,1
muhl,3
gil,3
shauywn,1
willi,10
chanc,7
chronolog,1
began,6
statement,19
c.,6
consider,5
'ha,1
suffici,6
debt/equ,1
ratingswatch,1
neg,7
169mm,1
650mm,1
post-merg,1
reiter,4
transpar,1
disclosur,14
reduct,2
on-,1
rumor,5
unhedg,1
true,8
50mm,1
'particularli,1
'pretti,1
hide,1
30mm,1
qualifi,1
'sever,1
dyn/en,1
certainti,2
absolut,2
cfo,3
'close,1
osprey,1
marlin,1
credit-link,1
unwound/redeem,1
acceler,1
'our,1
renew,3
364-day,1
3bn,1
ago,7
6-8,1
bbb-flat,1
'no,1
mid-,1
back-offic,2
nng,1
TW,1
overlap,1
'creativ,1
financ,23
'frankli,1
valuat,3
bracket,1
assets/busi,1
gotten,2
'enron,1
sens,9
evidenc,1
willing,1
deliber,1
watson/doti,1
surpris,2
risk/reward,1
compel,1
material-adverse-chang,1
'blunt,1
instrument,12
insert,1
paragraph,1
liabil,3
sourc,20
3.5bn,1
'could,1
'doe,1
enron-specif,1
reaction,1
year-end,3
guidanc,4
enron-rel,1
accret,1
0.90-0.95,1
'25,1
estim,8
synergi,1
rel,5
short-term,6
portion,4
disclos,3
runup,1
'more,1
'differ,1
'we,1
talent,2
'to,1
asset-back,3
token,2
cultur,2
player,5
forc,8
ng,15
14:01,2
19nov2001,2
rsf-insid,2
midwest-market,2
lack,5
pgn311,2
platt,4
19nov2001/301,2
est/2001,2
gmt,6
5-,3
6-ct,2
intercontinentalexchang,2
premium,13
oklahoma,3
1.75/mmbtu,2
2.36/mmbtu,2
1.38,2
1.58/mmbtu,2
npl4109800,2
ene.n,4
pgn,2
pltn,4
len,6
14:01:20,2
rsf,4
philip,9
853-0961,4
volunt,9
//cr.enron.com/eia.html,2
child,3
cirqi,1
du,1
solei,1
saint,1
nichola,1
nutcrack,6
camp,2
noah,1
daycamp,1
children,2
disast,3
fashion,1
luncheon,1
watcher,1
my.home.enron.com,2
wish,14
eia,2
owner,13
Jr,3
mgr,5
queue,5
pg,3
seminar,4
.=20,9
412-279-9298,2
//www.pgsenergy.com/schedule.html,2
statist,2
derivatives/electr,1
seminars=09,1
=09philadelphia,1
=09=09,12
marketplac,4
fo=,5
phila=,1
delphia,1
cal=,2
availab=,1
le,3
derivat=,1
ive,1
industri,55
gas-to-electricity=,1
maxim,1
asse=,1
ts,2
wen=,1
gler,1
skinner,2
t=,33
valu=,1
e-at-risk,1
soli,3
forouzan,1
1,295,1
895,2
ttende,1
1,600,1
the=,8
695,1
495,1
gas-t=,1
o-electr,1
sincere=,1
ly,7
adamiak,1
pgsenergy.com,1
tr=,2
subscript,7
unsubscrib,5
privaci,4
56,5
id=000000000057285,69
page=approv,69
000000000057285,69
8/30/01,69
5:59:30,69
erik.simpson,70
celebr,6
recogn,7
insid,4
honest,2
mix,5
spirit,2
improp,2
ultim,1
all-enron,1
transpir,1
imprud,1
incur,2
merit,4
attempt,5
outstand,7
t.jae,20
713-853-5800,20
713-539-4760,20
4/20/2001,1
livelink,2
cabinet,1
row,1
x3-6711,3
lectur,3
=09some,1
=09henc,1
powerpoint,1
7:51,1
jacobi,4
churbock=,1
kellermey,1
kathle=,1
en,3
zachari,1
rat=,1
liff,1
carrol,5
olvera=,1
letzeric=,1
T=,2
ara,1
L=,4
arri,1
pau=,1
fernando,2
greg=,1
C=,3
harl,1
pacheco,1
le=,1
onardo,1
=09arora,1
shoemak,3
duran,11
stur=,1
slide,3
following=,1
=09=09=09m,1
power2\options\pow,2
notes\introduct,2
11-19-01,2
.ppt,2
=09=09dave,1
option=,1
=09=09bi,1
popular,2
spark,2
iris=20,1
ecs05776,1
9:52,1
9:49,2
9:21,3
2/11,4
warn,13
drawn,5
cru,4
04:33,2
20nov2001,2
rsf-platt,2
20nov2001/533,2
est/1033,2
Q3,2
reveal,2
despit,7
1.5-bil,2
fallen,3
1.2-bil,2
550-mil,2
3-bil,2
1.9-bil,2
blame,2
collater,2
deposit,5
800-mil,2
440-mil,2
investment-grad,3
restructur,8
debt,14
advers,2
npl2779110,2
pgf,2
mrg,2
elg,2
04:33:58,2
//home.enron.com/message/,2
melodick,4
greatli,2
zarkowski,4
x53791,2
brasseaux,2
x58747,2
meliza,2
evanson,2
x57855,2
prebon,1
sendomatic.com,1
//www.sendomatic.com/servlets/v,1
e=61945,1
u=742810,1
//www.sendomatic.com/servlets/l,1
u=fsturm,1
//www.sendomatic.com,1
57,4
medium-term,2
longer-term,2
environment,9
demand/pric,2
potenti,16
emiss,12
10:51,3
___________________________________________________________________________________________________________________,1
stewart,19
broad,1
handout,2
accompani,3
greatest,2
driver,6
emphasi,1
subregion,1
factors/risk,1
scenario,7
3q2002,1
2002-4,1
consensu,9
-3,1
traders/asset,1
retir,2
11/22/01,1
713-853-5426,1
match,5
vip,3
clickathom,3
honor,4
discontinu,3
dollar,8
unpreced,2
adapt,4
suspens,1
subscrib,3
entir,8
grant,6
indefinit,1
charit,1
donat,10
non-profit,3
submiss,4
60,27
fletch-,4
thanks-,2
11:25,2
dahlk,4
11:24,3
O,15
58,4
11/25/2001,19
thur,27
11/22/2001,14
disk,22
11/24/2001,11
backup,26
6:00:00,36
11/23/2001,6
disklayout,6
dolan,6
michael713-345-3251,6
malcolm713-345-3716,6
4:00:00,27
dev,6
11/21/2001,4
10:00:00,18
infin,3
siebel,3
pop,3
06:00,3
4:00,13
00:00,3
Y,10
4:30:00,3
backed-up,2
cei,2
estrem,2
reloc,2
om,2
yantra,2
rm,2
ecm,2
V,5
5:00pm,7
12:00am,5
10:30:00,2
6:30:00,3
8:30:00,4
12:30:00,1
eeshou-fs2,1
jordan,2
713-562-4247,1
roder,3
gerlach,3
713-345-3077,3
hugh,2
713-345-8809,1
novark,1
713-345-4962,1
nahou-msmbx01p,1
02p,1
5:30:00,7
1:30:00,5
nahou-msdog01v,1
hotfix,2
exifs.si,1
previou,17
713-345-1619,1
11/26/2001,1
pwrprod1,1
re-org,2
berger,2
713-345-3190,1
281-960-5571,1
oracl,2
n/a,2
888-993-3793,1
brewer,1
713-345-4868,1
281-960-7066,1
713-853-4304,1
281-960-7184,1
croaker,1
erp/trv,1
etalk,1
itop,1
izzi,1
webmod,1
remedi,1
test/dev,2
salmon,2
dcaf-2,1
eim,1
mkm,1
charon,1
opm,1
enlighten,2
ram,1
ferrari,1
power-exot,1
astral,1
dcaf3,1
phoenix,3
oltp,1
titania,1
cold,19
plain,5
stormi,2
temperatur,4
calgari,8
upper,1
blast,2
coast,5
deep,5
overwhelm,1
earth,4
opinion,7
plung,2
beyond,5
expans,19
ohio,2
coldest,1
snow,1
40,17
compar,4
80,3
temp,3
5-10,1
bottom,6
bear,2
walk,18
hunterbob,2
dad,3
belat,3
mrha,5
startup,1
oasi,6
rodriquez,13
andy.rodriquez,8
713-345-3771,5
//home.enron.com/updates/mergerqa.html,1
solid,4
12:38,1
wphilip,1
//www.cboe.com/tradtool/optioncalculator.asp,2
61,5
suppos,4
closer,5
stand,3
cert,1
fedex,1
cut,1
edg,1
24-hour,3
contractu,1
AP,1
fairli,6
x53771,1
713-927-4680,1
x37007,1
lindberg,9
x30596,1
issuealert,22
astoria,11
scientech.com,14
scientech,14
//secure.scientech.com/images/spacer.gif,12
construct,15
reportedli,9
_____,8
//secur=,6
p=,5
alter,3
ed,17
ew,13
sith,3
//secure.scient=,4
ech.com/images/spacer.gif,4
//secure.scientech.com/_ia_test/corner_tl.jpg,4
//secure.scientech.com/_ia_test/corner_bl.jpg,4
e.scientech.com/_ia_test/corner_br.jpg,4
combined-cycl,3
queen,2
sc,2
context,2
yo=,2
rk,2
suffer,3
imbal,21
defici,2
st,2
lant,2
th=,11
brooklyn,2
seven,6
s=,12
1,000-mw,2
n.y.,2
iti,4
regul,9
com=,3
app=,2
particularli,5
percent,5
rose,5
2,700,2
1995,2
envir=,2
face,13
ramapo,2
oppos,8
i=,14
nyseg,2
c=,7
u=,3
//secure.scientech.com/issuealert/,4
spring,6
11:02,1
issuealerthtml,2
listserv.scientech.com,2
//secure.s=,2
cientech.com/images/spacer.gif,2
//secure.scientech.com/_ia_test/c=,2
orner_tr.jpg,2
//secure.scientech.com/rci/wsimages/ia_banner02.gif,2
//secure.sciente=,2
ch.com/specialpages/multi_client.asp,2
//secure.scientech.com/rci/wsimages/will100border_copy.jpg,2
e.scientech.com/_ia_test/corner_tr.jpg,2
//www.thestructu=,2
regroup.com,2
//secure.scientech.=,2
com/specialpages/strategic_planning.asp,2
//secure.scientech.com/ima=,2
ges/spacer.gif,2
//secure.scientech.com/rci/details.asp,2
productid=3d90=,2
2001=20,2
mcnamara,2
1,000-megawatt,1
ci=,1
ty,2
astoria=,1
natural-gas-fir,1
will=,2
service=,1
2004,3
demolit,1
prepa=,1
ration,2
rivat,1
concord,1
mass.=20,1
pro=,3
blem,1
york=,1
inher,2
toll,3
stabil,5
trans=,1
mission,2
e=,1
xtent,1
boar=,1
city-bas,1
sho=,1
uld,2
powe=,3
la=,4
borough,1
rdentli,1
ramif,1
construction.=20,1
199=,1
200-mw,1
inc,3
oswego,1
upstate=,1
3.5-percent,1
abil=,1
momentum,1
expedit,4
sitin=,1
muniti,1
guard,1
produc,15
power.=20,1
shortag,2
ear,1
acut,1
issu=,1
entitl,2
investigati=,1
bulk,8
city/long,1
hese,1
vulner,1
isol,1
suffer=,1
blackout,1
lon=,1
quantiti,1
constrain,2
transmi=,1
ssion,2
fossil,1
upstat,1
dens,1
popul,1
heavili,1
residen=,1
tial,1
8=,1
0,3
new=,1
shortfal,1
2002.=20,1
N=,1
2.5,2
de=,1
mand,1
31,100,1
3.7,1
forecasts.=20,1
private=,1
energy-effici,1
onment,1
ubsidiari,1
forme=,1
1998,2
gas-fir,4
coned/n=,1
b=,6
2003,2
confid,7
be=,3
gear,4
toward,10
emissions.=20,1
foreshadow,1
oppos=,1
ition,1
whi=,1
ch,1
roadblock,1
earlier=,1
827-mw,1
facil=,1
local=,1
resid,5
ime,3
water,2
coo=,1
ling,2
resist,3
w=,8
hich,1
510-mw,1
po=,3
dem=,1
and.=20,1
victori,1
cou=,1
rt,1
essenti,6
bronx,1
44-mw,1
twin,2
coalit,1
su,1
claimi=,1
fail,5
adequ,2
onmental-review,1
pl=,1
ant,2
particul,1
favor,4
judgment,1
eal,1
mu=,1
jan.,2
31=,1
eno=,1
ugh,1
megawatt,4
unti=,1
2008,1
serious=,1
an=,3
report=,2
statewid,1
generat=,1
ing,8
1,060=,1
mw.=20,1
remain=,1
n=,4
g=,1
ener,1
uphil,1
battl,1
onstruct,1
nit,1
regiment,1
ar=,2
energ=,2
onserv,1
relianc,1
alternatives.=20,1
www.scientech.com,2
reader,2
forward=,2
nspring,2
pani,2
sponsorship,2
pelz,2
mai=,2
lto,2
jpelz,2
505.244.7650,2
also=,2
website.=20,2
divers,3
retail,16
te=,2
chnolog,2
i/t,2
//consulti=,2
505.244.7613.=20,2
in-depth,7
analys,2
inf=,2
ormat,2
fre=,2
secur=,2
e.scientech.com/issuealert,2
//secure.scientech.com/account/,2
se=,7
nd,5
IA,2
line.=20,2
SM,2
nalysi,2
iss=,2
uealert,2
predict,3
dis=,5
cuss,3
scientech'=,2
sole,9
indepen=,2
dent,2
perspect,5
long-stand,2
reput,2
issues.=20,2
//infostore.consultrci.com/spacerdot.gif,2
issuealert=3d11/26/2001,1
framatom,3
davis-bess,2
repair,6
salter,4
dsalter,2
hgp-inc.com,2
2:33,2
wire,1
disagre,2
restart,2
realist,1
614-410-1515,1
8539582,1
multipl,11
inquiri,4
former,17
stakehold,8
/o=enron/ou=na/cn=recipients/cn=fsturm,2
'mbridg,1
houston.rr.com',1
CC,1
'kpresto,2
enron.com',2
10:43:34,1
simul,21
ubswenergi,8
mid/back-offic,3
restrict,10
profil,14
anticip,4
enron/ub,1
0900,1
1100,1
demonstr,2
role-play,1
trade-data,1
re-launch,1
shult,2
30397,2
31861,2
713.853.1861,1
david.forst,1
machin,2
7th,4
alpha-ord,2
10am-12,2
2pm-,2
speed,7
A-,2
2pm,2
l-z,2
neil,3
cera.com,28
fulfil,1
penn1stat,1
middl,3
titl,10
VP,4
address:1400,1
zip:77002,1
countri,6
phone:713-853-6219,1
//www.cera.com/client/updateaccount,7
webmast,13
02/06/02,1
02/07/02,1
steno,1
02/11/02,1
incomplet,1
17-18,2
download,14
brochur,6
powerpl,2
reward=09,1
=09april,1
NV,1
ht=,1
tp,1
//www.pmaconference.com/markets2002.pdf,1
as=,2
sociat,1
seventh,1
annual,18
excalibur,1
nevada.=,1
dramat,2
f=,5
allout,1
m=,3
erger,1
acquisit,2
manageme=,1
nt,6
techniqu,2
hone,1
thrive,3
rep=,2
resent,1
region=,2
s.,2
abbott,1
moodi,1
evolv,1
in=,4
dustri,1
ettien,1
ncm,1
lynda,1
clemmon,1
element,1
toner,1
goudarzi,1
weather-risk,1
insuran=,1
ce,4
innov,3
mont,1
simps=,1
intercontinent,1
leach,1
growth,3
pollato,1
mirant,3
freeman,2
panda,1
young,1
aquila,3
cabel,1
poindext,1
wyndham,1
obrien,1
skip,1
stone,2
henwood,1
on=,1
adrian,1
caminu,1
eu=,1
ropean,1
spi=,1
ewak,1
preconference=,1
valuabl=,1
//w=,1
ww.pmaconference.com/markets2002.pdf,1
wermarketers.com,1
pmaconference.com,5
201,1
784,1
5389,1
//www.powermarketers.com,1
powermarketer=,1
s.com,1
pm-2:30,2
06106,1
2/4/02,1
complianc,6
02/08/02,1
disabl,3
1:48,1
pitch,2
portfolio,37
vladimir,12
measur,11
gorni,9
squar,4
stori,2
2/3,1
1/2,2
8:57,2
quot,5
10d-99,2
overweigh,2
ng-r4,2
2a,2
20,000/day,2
j-v,6
root,2
sometim,11
7:16,2
1c,3
cin,46
n-q,36
250,18
3:44,2
3:28,3
b,8
30,000/d,4
300,4
U,4
1,000,12
Q4,5
7:59,3
valid,13
vol,1
mcmichael,3
7:42,1
NE,3
mw/se,2
protocol,8
Z,2
compli,6
certif,10
cheat,1
\estate\,1
affili,22
guinn,2
3829a,2
853-6401,2
pinto-leit,2
345-7942,2
career,4
ghcf,4
foundat,4
ex-employe,2
mdpc,2
presbyterian,2
church,2
re-ent,2
workforc,2
//careerservices.enron.com/,1
1,300,1
3,500,1
collabor,4
urban,1
leagu,2
crisi,5
intervent,8
recoveri,4
dedic,4
mortgag,1
landlord,1
defer,1
tax-deduct,1
713-268-6458,1
4550,1
317,2
77027,1
713-533-4598,1
1-800-493-4598,1
humbl,1
//www.eerfa.com,1
eerfarequest,1
surfmk.com,1
non-memb,1
two-day,2
discretionari,3
holist,1
famili,15
stress,5
713-953-2550,1
180,1
10:21:30,1
2/2/2002,12
2/1/2002,9
envis,4
filenet,4
panagon,4
idm,4
11:00:00,11
upgrad,16
sql,2
corporate-wid,2
R3,2
ibuyit,3
vollmer,2
713-853-3381,2
rye,2
713-345-3022,2
2/4/2002,1
11:30:00,3
2/3/2002,1
nahou-squfy04,1
713-345-9334,1
713-286-5308,1
warner,1
713-345-1756,1
eeshou-dbrg,1
w2k,1
nguyen,2
713-345-6137,1
reindex,1
ecs5990,1
ST,16
LT,16
365,8
750,8
saibi,12
serc,15
ecar,7
2,000,4
2:08,1
hayden,4
powerliquidity.xl,1
tenor,4
volume/day,2
5,000,4
2,500,2
1,500,2
pm-3:30,2
circular,1
eg,2
6:12,1
dl-ubsw,1
reset,4
synchron,4
apollo,2
HR,8
Go,8
ehronline.enron.com,1
Id,1
twice,3
ibuyitand,1
ehronlineand,1
desir,6
DO,3
AT,8
713-345-4727,3
p00503783,1
12859603,1
//ehronline.enron.com,4
c.dtf,1
2:51,1
forth,2
adjust,4
5:18,2
gossett,2
postlethwait,1
apolog,4
assembl,4
granular,1
contract/day,1
reorg,8
charbonnet,2
downtim,2
x35356,1
tang,1
1:28,1
lim,1
franci,1
krishnaswami,1
jayant,1
chitradurga,1
sundar,1
powel,1
ramesh,1
ganapathi,1
schomer,1
mckinney,1
wei,1
zhiyong,1
hillier,1
johnston,1
jamey,1
ritacco,1
01/31/2002,1
cleans,1
02/01/2002,1
7am,1
cob,1
12:03,1
boy,3
nice,5
feb,4
ourselv,4
delight,4
gracia,1
1/30/2002,1
1:49,3
unoffici,2
slate,2
ambush,2
fill-in,2
nomin,3
manner,11
binder,2
goodi,2
krugh,2
ave',2
twisti,2
ent,3
ray,5
//www.corporate-ir.net/ireye/ir_site.zhtml,2
ticker=en,2
script=2400,2
item_,1
diamond,6
dl-netco,4
mandola,6
mcquad,6
2:58,1
correctli,5
nativ,3
correspond,3
x39673,3
x39807,3
x53614,3
DE,3
url,11
cera,26
cambridg,13
burst,1
//www.cera.com/eprofil,6
u=35,6
m=2978,1
realiti,2
pour,1
4.36,1
boom,1
overli,1
optimist,1
market',1
collaps,2
telecommun,2
sector,2
undermin,1
investors',1
grow,3
uncertainti,9
pace,5
healthi,1
matur,2
backer,1
increasingli,2
categori,9
ceraweek2002,6
11-15,7
//www.cera.com/ceraweek,6
two-,6
four-day,6
enrol,8
ceraweek,6
forgot,11
usernam,6
//www.cera.com/client/forgot,6
confidenti,19
privileg,12
content,8
whole,9
strictli,13
//www.cera.com/to,6
questions/com,6
bowen,2
11:00am,2
06736,3
10:32,1
beck,2
port,2
pull,9
x31935,2
coo,3
liz.taylor,2
azusa,1
ph,2
713.345.3249,2
713.646.3490,3
cliff,3
knew,1
baxter,1
inspir,2
lieu,1
flower,1
cancer,3
societi,2
6301,1
richmond,1
ave.,7
77057,1
1-800-227-2345,1
junior,1
2115,1
governor,1
77092,1
682-4500,1
hometown,1
eggshel,2
o'gradi,2
re-stress,5
debtors-in-possess,1
jointli,1
administ,2
preserv,4
refrain,1
dispos,2
violat,4
carri,7
eap,5
counselor,3
health,3
appoint,13
facilit,9
hotlin,1
neighborhood,4
713-853-6057,1
1-800-345-1391,1
bodi,4
shop,9
www.stress.org,1
www.wellnessjunction.com,1
target,3
harvard,4
irismmack,2
hotmail.com,7
10:55,1
doctor,1
mathemat,1
endow,1
mba/phd,1
msn,6
hotmail,2
trainer,4
ongo,5
undoubtedli,2
lie,1
regroup,1
viabl,1
zolfo,1
comprehens,4
engag,4
scrutini,1
devis,1
//www.enron.com/corp/pressroom/releases/2002/ene/012902release.html,1
//www.chilliman.com/beer_labels_frame.htm,1
ecs6980,1
watkin,13
vwatkin,10
kevin.m.presto,6
315,10
matrixfull.xl,9
pirapackag,9
revised.pdf,9
5:22,2
212-686-6808,5
5:17,2
fletcher.j.sturm,4
duplic,5
kpresto,6
analyt,8
handl,7
sales/market,4
25,000,6
35,000,6
usag,6
26th,8
10016,6
sender,10
hereto,11
evid,10
enforc,9
estoppel,6
//fundamentals.netco.enron.com/main.asp,1
560-0934,1
pocket,1
accustom,1
12:08,2
weappreci,2
yourinterest,2
1/25/2002,7
1/24/2002,6
1/27/2002,3
1/28/2002,2
palo,1
cabl,4
nilson,1
busto,1
55-11-5503-1347,1
1:45:00,2
2:45:00,1
11:45:00,2
12:45:00,1
7:45:00,2
8:45:00,1
NA,1
7138536744,1
brook,5
713-345-8077,1
libya,5
sanction,2
libyan,2
m=2974,1
unexpect,1
likelihood,2
colonel,1
muammar,1
qadhafi,1
tragedi,1
terror,2
condemn,1
pan,5
flight,5
1988,1
verdict,1
door,1
prove,1
non-u,1
threat,5
reced,1
numer,2
subpoena,1
congress,4
sec,2
justic,2
3-6239,1
fbi,5
agent,2
took,3
am-11:00,1
6106,1
mcadam,2
713-345-3181,2
liz.lopez,2
sourcenetsolutions.com,2
eid,2
lopez,1
9:59,1
10030596,1
10001401,1
8:38,1
10:06,3
8:33,5
lloyd/rika,3
symm,4
ext33105,1
8:10,3
1/25,4
levi,2
consent,3
alleg,4
destruct,2
law,5
swidler,1
berlin,1
shereff,1
friedman,1
cradi,1
3-4558,1
202-295-8414,1
begun,1
wit,2
tremend,1
rigor,1
safest,1
passion,1
smart,2
creativ,2
tirelessli,1
fellow,1
regardless,1
proud,1
accomplish,5
chap,5
chappel,2
cum,3
7:27,1
broker,4
russl,1
wave,1
dac,11
copier,4
bankrupt,2
non-bankrupt,2
rent,2
grubb,2
713-853-5417,2
harry.grubb,2
paula,1
corey,1
713-853-9948,1
paula.corey,1
esop,3
401,2
k,3
payrol,3
chair,7
counter,2
urg,14
stop,3
forward/cash,1
tie,4
-greg,1
java,2
8.30am,2
9.30am,2
9.30,2
9am,3
sandwich,2
grand,2
ballroom,6
tommorrow,3
5:37,2
oxley,2
curless,1
weatherston,1
clyatt,1
donoghu,1
10.15,1
urgent,4
licenc,1
imposs,4
eager,2
all-employe,4
hyatt,5
regenc,4
frenzi,1
logist,2
offer/contract,2
1/23/02,2
sharp,3
3:00,8
ecs06980,1
worri,9
11:08,1
pagenet,1
hurdl,2
crossroad,1
m=2983,1
hamper,1
underestim,1
outset,2
bittersweet,1
nationwid,2
bridge/teler,2
70.00,2
36.39,2
errigo,5
342.09,2
hourli,2
12:55,1
harvey,5
aucoin,12
sharfman,4
mediat,3
itc,2
compat,1
nrc,3
bess,1
till,1
unparallel,1
qualif,1
thorough,2
fastow,1
absenc,1
1994,1
spent,2
treasur,1
37,5
xm,3
pre-clos,2
immin,1
www.enron.com,1
entertain,5
varga,1
3-5280,1
georgann,1
3-0430,1
vari,2
producer/wellhead,1
wellhead,2
unchang,1
whitt,3
revok,3
10mm,1
power/ga,1
atlanta,1
strongest,1
piec,7
smelter,1
rainfal,1
10/27/2001,47
10/28/2001,19
3ac,17
10/26/2001,17
trizechan,4
saturday,23
EI,7
reboot,7
array,2
shutdown,3
3:30-4:00,2
2ac,2
telco,2
tone,2
jael,2
olson,3
713-336-2300,2
edi_qa,1
kratzer,1
713-345-7672,1
eeshou-fs1to,2
redund,2
35,7
tino,1
valor,1
713-853-7767,1
hr-db-4,1
db-4,1
bangert,2
713-345-4904,2
calkin,2
713-345-7831,2
raj,2
perubhatla,2
713-345-8016,2
281-788-9307,2
2:15:00,1
12:15:00,2
8:15:00,1
bug,5
clock,1
daylight,1
precaut,1
patch,3
713-853-6551,1
lucent,1
siniard,1
713-853-0558,1
januzik,3
lrj,2
homepag,2
formerli,3
411/860,2
715,2
leonard,1
11:04,1
lou.leffl,2
jcolson,1
execpc.com,1
deem,3
sabotag,1
tradeag,1
infrequ,1
modest,1
minimum,6
submitt,1
roster,1
older,4
atc,3
fssg,1
mdb,1
mmwg,1
publicli,4
ferc/do,1
261-2611,1
939,1
parkview,1
boulevard,1
lombard,1
60148,1
enw,4
gss,2
800-97-enron,2
worldphon,2
pin,2
1-800-97-enron,2
two-year,1
wherebi,1
mci,1
worldcom,1
c.s.t,1
wallet,1
//home.enron.com:84/messaging/mciannouncement.doc,1
1-800-973-6766,1
destin,1
0-800-97-enron,1
800-973-6766,1
U.,2
713-345-5552,1
hasan,1
imam,1
713-345-8525,1
downward,3
drift,3
9:04,1
m=2929,1
loom,1
surplu,1
short-liv,1
spike,1
record-high,1
2.10,1
mmbtu,2
ampl,3
rebound,2
economi,7
boost,2
slightli,1
diminish,1
weather-rel,1
widen,1
weak,8
ulr,1
38,5
mammogram,4
aid,3
contractor,4
mammographi,2
studio,1
deadlin,1
12-16,1
retire,1
85,2
713-745-4000,1
//www.mdanderson.org/departments/mobilemamm/dindex.cfm,1
pn=29c87a2e-b66a-11d4-80fb00508b603a14,1
women,1
medic,1
//www.the-rose.org/,1
3:00pm,3
8:00am,2
jeopard,2
reconcili,1
vehicl,1
ljm,4
defend,2
reform,1
accordingli,1
handwritten,1
liabl,2
civil,2
crimin,1
penalti,2
vigor,1
meantim,2
derrick,1
713-853-5550,1
nonspecif,1
unsubstanti,1
nonetheless,4
serious,1
suspici,1
behavior,2
3-6200,1
basin,4
distil,3
psycholog,2
10:14,1
m=2932,1
BY,2
stark,1
contrast,1
strength,2
distillate-to-,1
germani,1
preoccupi,1
downsid,2
wherea,1
prevail,2
2.00,2
onward,1
buckley,5
vpn,6
io,2
router,2
17th,2
nortel,2
rout,4
chrissi,2
grove,2
713-345-8269,2
713-853-5337,2
garhett,1
clark,1
713-345-9953,1
10/287/2001,1
2:30:00,2
ei-dns01,1
ei-dns02,1
35th,1
dn,2
nov.1,1
malcolm,8
713-345-3716,8
T1,1
brandi,1
brumbaugh,1
800-486-9999,1
6:15:00,1
4:15:00,1
workpap,1
methodolog,2
non-firm,1
retroact,1
1992,1
1993,2
interventions/protest,1
713.853.0596,3
fals,4
ident,1
39,5
tropic,6
hurrican,2
usual,3
lock,2
sight,1
runner,1
unanim,2
penetr,1
wet,1
northwest,14
latter,1
disturb,3
carribean,2
unlik,2
specul,1
thunderstorm,1
lake,1
mostli,3
elsewher,2
bia,1
heart,4
fundrais,2
museum,1
scienc,3
crate,1
barrel,2
preview,1
aero,1
carwash,1
cpr/first,1
lung,1
par,1
fore,1
pet,1
tournament,1
rise,8
5:06,2
m=2958,1
condit,10
modestli,1
drag,1
voluntari,3
price-respons,1
conserv,1
abat,1
abund,1
snowpack,1
olymp,1
crenshaw,3
psim,2
coneway,1
proprietari,1
monte-carlo,1
eb5c2,1
huang,2
3-5290,1
pizza,1
soft,1
drink,2
chen,3
hai,6
3:48,1
32c2,1
5pm,2
10/29/01,1
co-steel,1
41,4
jan,10
wheel,6
-0800,6
pst,6
13:01:06,2
-0500,5
est,4
15th,4
ord=,2
comparison,2
and=,5
stuff,3
x-apparently-to,3
web13305.mail.yahoo.com,1
200=,1
10:27:19,1
x-track,3
mailface.roving.com,3
63.251.135.75,2
mta430.mail.yahoo.co=,1
smtp,4
10:27:18,1
lp1,2
lp1.roving.com,2
10.20.40.148,2
=09bi,1
mailface.roving.com=,1
postfix,2
esmtp,2
42b78180d3=09for,1
jan=,1
reply-to,2
mime-vers,3
1.0,4
content-typ,3
multipart/altern,2
=09boundary=3d,1
=3d_part_1869784_11=,1
5461000.1011896837960,1
x-roving-queu,2
20020124,2
13:27.17960,1
x-mailer,3
rove,2
4.1.patch75.patch_75_delights_01_11_02,2
h=,9
ttp,1
//www.constantcontact.com,2
x-roving-id,2
1010945518896,1
x-return-path-hint,2
esc1010945518896_1010945485039,1
in.roving.com,2
content-length,3
4002,1
550-page,1
ndustri,1
wide-rang,1
o=,3
f,2
examines=,1
ferc-ma=,1
ndate,1
fi=,1
summarized=,1
importa=,1
wtm,1
key=,1
ansmiss,1
345,3
association.=09,1
889,1
proce=,4
ss,4
creation,2
ile,1
isos=,1
mapsof,1
transc0,1
rt0,1
terri=,1
whol=,1
esal,1
cap,3
tablesof,1
cap=,1
aciti,1
transco=,1
ondit,1
reject,3
setran,1
gridco,1
so=,3
uthwestern,1
pool/entergi,1
hybrid,2
southeastern,1
northeastern,1
translink,1
stall,1
re-evalu,1
lexis-nexi,11
learn,13
clinic,5
esourc,5
seat,13
eb560,3
novic,2
nexis.com,2
eb572,2
dilig,5
5-7928,3
no-show,2
200.00,2
placewar,2
dji,2
guest,1
713-345-7928,1
stephanie.e.taylor,1
personalizing/custom,1
tailor,1
//esource.enron.com/training.htm,1
transultra,1
403-267-6945,1
5.00,5
11/28/01,1
10.00,2
breakfast/lunch,1
eat,2
cost-bas,10
increment,11
aep,5
market-bas,5
commission,33
decrement,3
enact,3
rice,2
gaug,2
stick,2
ion,13
charg=,2
co=,5
206,2
power=,2
ov=,2
breathitt,7
wi=,2
constraints=20,1
transactions.=20,1
fer=,1
3-1,1
con=,1
dition,1
impro=,1
meltdown,1
soar,1
amid,1
base=,1
examin,1
rving,1
cha=,1
irman,1
wood.=20,1
reel,1
slip,2
radar,1
mammoth,1
tre=,1
mendou,1
lion,1
reg=,1
ulat,1
shrin=,1
r=,1
ule,1
circumv,1
experience=,1
al=,1
usi=,1
organizat=,1
chairma=,1
rampant,1
arket,1
represe=,1
tall,1
prom=,1
pt,1
trading.=20,1
nutshel,1
unregul,1
I=,1
nstead,1
committ=,1
columbu,2
ohio-bas,1
atlanta-bas,1
sou=,1
thern,1
SO,2
orleans-bas,1
etr,1
ha=,1
apply=,1
subsidiari,12
epar,1
parent,13
hat,5
unaccept,1
gener=,1
ator,1
electrici=,1
ramat,1
departur,2
ma=,4
criterion,1
ne=,6
ede,4
freed,1
l=,2
evel.=20,1
elim=,1
inat,1
ferc-approv,1
signific=,1
secondari,4
rulin=,1
utilities=,1
companies=,1
im=,2
pact,1
ntract,1
impos,1
inclu=,1
ded,1
ruling.=20,1
proposal=,1
for=,3
open-access,1
same-tim,1
oasis=,1
uncommit,1
non-commit,1
between=,1
displac,3
party.=20,1
kno=,1
wn,1
rather=,1
complic,2
dentifi,1
wer,1
wh=,4
produci=,1
decr=,1
ement,1
at=,1
20/mwh,1
30/mwh,1
transact=,1
25/mwh,1
midnight-to-midnight,1
ller,1
da=,1
potent=,1
ialli,1
six,2
drawback,1
price=,1
readili,1
game,6
crement,1
price.=20,1
simultan,2
broad=,1
market-based-sal,1
eliev,1
errat,1
await,2
ey,2
exert,1
open-end,1
refund,1
ommiss,1
manipul,1
occurred.=20,1
relate=,1
refus,1
swift,1
appli=,1
cation,1
equat,1
eregul,1
compan=,1
ubsequ,1
exhi=,1
bite,1
mandat,6
ation,1
coincid,1
uti=,1
liti,1
souther=,1
years.=20,1
interestingli,1
diss=,1
been=,1
evalu=,1
ate,2
contest=,1
caught,1
off-guard,1
st=,2
atement,1
uncertain,1
pos=,1
sibl,2
litigation.=20,1
moreov,1
rulemak,1
han=,1
dful,1
illus=,1
trate,1
market-pric,1
unrestrict,1
ther,1
time=,1
formula,1
fraught,1
th,2
ruli=,1
impact=,1
deem=,1
lso,1
compani=,1
es,2
overlook,2
tha=,3
supplier,1
ubstanti,1
conducted.=20,1
issuealert=3d11/27/2001,1
713-853-5266,2
ME,1
19:23:03,3
web13302.mail.yahoo.com,2
x-yahoo-receiv,2
mux3.mail.sc5.yahoo.com,2
mta597.mail.yahoo.com,2
21:56:45,2
ship,3
Mw,2
x-yahoo-msgid,1
mta597.mail.yahoo.com.1011928983.10779.0000,1
19:23:02,1
48a8a18928,1
maps-,1
boundary=,2
=_part_2135734_1786334134.1011928982148,1
22:23.02148,1
1010946033919,1
esc1010946033919_1010945485039,1
2063,1
color-cod,1
identif,1
230kv,1
investor-own,1
10,000,1
full-color,1
accur,3
465,000,1
2,685,1
260,1
underground,1
diamet,1
pump,1
provinci,1
62,5
schuler,2
eickenroht,2
sharehold,9
foreign,1
undertaken,1
length,3
unaffili,1
notwithstand,1
muller,1
forego,1
713/853-5419,1
713/853-3155,1
713/853-6544,1
713/646-6017,1
dsalter1,2
charter.net,2
7:56,2
8:42,1
tjae.black,1
wrr011119.doc,1
legisl,7
section-by-sect,2
fenc,1
jurisdict,1
shelk,1
leg,1
text,1
bundled/unbundl,1
burr-sawy,1
addedum,1
bpa,3
aggreg,1
interest/concern,1
desk-to-desk,1
web-sit,2
//www.enrononline.com,1
adm96497,1
sensit,2
helpdesk,1
x34357,1
713-853-3465,2
sep,5
-0700,2
pdt,2
mtiwmhc25.worldnet.att.net,2
fb29001,2
vickie-lov,2
greenle,2
geociti,1
8.95/month,1
web13003.mail.yahoo.com,1
12:49:29,1
204.127.131.50,1
mta526.mail.yahoo.com,1
12:49:20,1
12.82.226.107,1
intermail,1
vm.4.01.03.16,1
201-229-121-116-20010115,1
20010926194910.bkad28026.mtiwmhc25.worldnet.att.net,1
19:49:10,1
+0000,1
ftonyc,1
worldnet.att.net,1
14:43:20,1
multipart/mix,1
=_nextpart_000_0015_01c14699.95dcca20,1
x-prioriti,1
x-msmail-prior,1
5.00.2919.6600,1
x-mimeol,1
mimeol,1
v5.00.2919.6600,1
45580,1
bunco,1
vicki,1
vlgresume.doc,1
Of,5
synthet,2
merchant,6
infocast,1
introductori,1
tutori,1
revamp,1
hottest,1
real-world,1
divestitur,3
distress,1
translat,2
underwrit,1
loan,3
delor=ng,1
land,1
5:00,2
stoppag,2
wider,1
asid,1
entryway,1
familiar,1
frequent,3
non-techn,1
invok,1
PA,8
-or-,1
II,4
greeter,1
14-16,1
westin,1
cantera,1
destini,1
norman,1
schwarzkopf,1
keynot,1
equal,3
hamel,1
navig,1
//www.mplanners.com/enron,1
Up,2
scroll,1
reaccess,1
reenter,1
marg,1
nadaski,1
713-853-6631,1
V.,3
-0.40,1
0.40,1
boon,1
amerenenergi,1
400,1
MO,1
63102-1826,1
314.613.9177,1
314.613.9073,1
314.378.5436,1
5-4745,1
architectur,1
33,5
43,1
46,4
similarli,2
harzi,1
sidebar,1
p1,1
//home.enron.com/pubs/powerdaily/data/powerdaily.10.12.2001.pdf,1
2:35,1
abraham,7
yergin,6
spencer,4
durat,3
senat,2
719,2
506303,2
playback,2
bush,4
daschl,1
describ,7
bipartisanship,1
heighten,3
introduc,1
2:23,1
20:50,1
4:51,1
9:40,1
john_suarez,1
enron.net,1
4:29,2
kevin.presto,1
Fw,4
broadband,2
853-5267,2
443-5267,2
597-0646,2
john.suarez,2
danielyergin,1
15:31:25,1
secretary',1
doherti,1
+617,1
498,1
9194,1
1-888-695-0612,1
457-2663,1
replay,1
1-888-203-1112,1
457-0820,1
adriann,5
engler,4
difficulti,4
x57302,1
2:53,1
ermi,3
panel,23
panelist,37
roy,7
mandatori,9
shanker,4
cramton,3
ormet,3
meyer,3
cazalet,3
psc,6
apx,2
10:29,1
d.c,1
merg,1
xml,4
namespac,4
prefix,3
ns,4
urn,4
schemas-microsoft-com,4
maryland,3
kleinginna,1
bid-bas,1
security-constrain,1
dispatch,3
nodal,1
lmp,25
zonal,1
unbalanc,4
disciplin,1
hurt,2
MD,1
undefin,1
spin,1
non-spin,1
massey,12
outweigh,1
fiona,1
woolf,1
wale,1
thilli,1
pierc,1
professor,1
glen,2
connecticut,1
naumann,1
convinc,2
blanket,1
shelton,1
cannon,2
deviat,1
ftr,14
schmuel,5
tradabl,4
brockway,2
guthri,2
oren,2
schnitzer,2
conced,2
flowgates=,2
coexist,2
sarah=20,1
llo=,1
yd,1
baug=,1
hman,1
ere,3
hampshir,1
reem,1
fahey,1
mi=,1
chevron/texaco,1
shmuel,1
california=,1
berkley,1
puc,1
northbr=,1
idg,1
mid-morn,3
tes=,1
timoni,1
topic=,4
interrel,1
rehash,1
widespread,1
concept,7
notabl,1
andard,1
everywher,3
sch=,4
muel,1
seam,1
barrier,1
car=,1
ol,1
standardize=,1
phys=,2
ical,1
unclear,1
commissi=,1
oner,1
advoc,2
ork,1
understood,3
andy=,1
point-to-point,1
it'=,1
chedul,1
premi=,1
fe=,1
ar,1
social,2
revenu,3
fl=,1
owgat,1
greed,2
flowgate=,1
constitu=,1
te,4
circumstance=,1
sig=,1
nific,1
ommerci,1
pa=,2
rticip,1
perfectli,1
hedg=,1
ich,1
ftrs=,1
are=,1
holder,1
fewer,1
bein=,1
walt=,1
shortly=,1
glass,1
fusco,1
800.486.2726,1
353763,1
547763,1
plead,5
kingerski,3
fromer,1
landwehr,3
guerrero,1
allegretti,1
roan,7
hoatson,2
shapiro,2
kean,1
maurer,2
luiz,1
twigg,1
thane,1
dietrich,4
nord,1
sunset,1
affidavit,1
ruff,1
phd,1
147727,2
albert,3
escamilla,3
3:33,3
gcp_houston,3
forstack,3
jkaniss,2
epmi-midwest,1
adm11739,1
x33465,2
5:16,1
32,4
_effectively_,1
tc,1
TC,1
fin,1
rug,1
borrow,6
dworkin,10
manz,8
unbias,9
maher,6
transmiss=,6
mashe,4
rosenqvist,4
delgado,5
kV,4
overbuild,4
pane=,2
degado,2
dworkin=,2
lara,2
pse,2
q=,2
uestion,2
initi=,2
al,5
howev=,2
R=,2
solv,2
possib=,2
ther=,2
identifica=,2
tion,2
op=,2
erat,2
iou,2
coop,2
muni,2
million=,2
1billion,2
vestment,2
affect=,2
line=,2
ide=,2
multi-st,2
project=,2
us=,2
fcc,2
which=,2
characterist,2
cess,2
freedom,3
signal,2
re=,2
market=,2
ave,3
take=,2
ans=,2
rfp,8
exp=,3
ansion,2
frozen,2
debat,2
Y=,2
ou,2
muddi,2
13=,2
right-of-way,2
cost=,2
pute,2
cong=,2
estion,2
oppose.=,2
built=,2
beneficiari,2
emin,2
say=,2
discuss=,2
facilit=,2
prime,3
michaela,2
distort,2
aura,2
hav=,2
proper,3
o'neil,2
wouldn'=,2
t.,2
ydro,2
explicit,2
measure=,2
ot,3
mode=,2
twea=,2
ks,2
self-schedul,2
permi=,2
max=,2
imiz,2
70,9
primarili,6
summat,2
hould,2
disagr,2
ritic,2
si=,2
nce,2
accountabil=,2
loos,7
mistak,2
tension,2
ubs-w,7
regularli,1
meanwhil,2
enthusiasm,1
____________________________________________________________________,1
photograph,1
713-853-5360,1
union,2
cafeteria,1
8535360,1
mcauliff,1
713-853-7468,1
34th,1
visa,1
counterpart,1
song,1
wwwoooooooooooo,1
ginger,2
2:06,1
dernehl,1
10/24/01,1
10/20/2001,58
10/19/2001,34
10/21/2001,30
cpu,8
eb,7
sombra,4
acta,4
mirror,4
cach,4
modul,4
ecach,4
pariti,4
interv,3
mailserv,2
reconfigur,2
regress,2
riser,2
allison,2
idf,3
unaffect,2
fieldhous,2
713-853-5699,2
jameson,2
713-345-4423,2
prowler,1
firewal,1
shirkoff,1
713-853-1111,1
micah,1
stagg,1
713-345-1696,1
ein,1
static,1
mcgough,1
713-345-3143,1
hr-db-1,1
dalak,1
malik,1
713-345-8219,1
cnote,1
trey,1
rhode,1
345-7792,1
local/domestic/foreign,1
ricafrent,1
713-646-7741,1
adcupkilo,1
adcupklima,1
quark,1
automount,1
neptun,1
emerald,1
spectr,1
bond,29
2924,1
config,1
2948,1
sutherland,1
713-345-7192,1
mikulski,1
713-853-7409,1
713-853-0691,1
powerdown,2
pearson,2
830-34238,2
gisb,27
boswel,15
kormo,12
non-jurisdict,9
=3d,6
burk,6
marti,6
menn,6
ble,5
staffer,6
equit,6
contract-path,6
issues=,6
polit,6
brownel,6
offi=,2
practices=20,2
barpouli,3
PG,3
P.,3
chr=,3
istiano,3
springfield,3
missouri,3
N.,4
gene=,3
ral,3
leroy,3
koppendray,3
minnes=,3
ota,3
mpani,3
seeme=,2
lean,3
rward,3
mover,3
iscuss,2
rein,3
tangenti,3
noticea=,2
veil,3
insult,3
org=,2
aniz,2
discussions.=20,3
deliver,3
probe,3
scope,3
panel=,3
ist,3
langua=,3
ge,3
formal,3
varie=,3
rigid,3
sta=,3
ndard,3
curre=,3
wha=,3
mega-ord,3
you=,5
panelsist,3
bu=,3
cite,5
cautiou,3
sc=,3
hedul,3
que=,3
stion,3
korm=,3
os,3
ction,3
occu=,3
fair,5
there=,3
edul,3
protect=,3
uncov,3
llow,3
loop,4
flow-bas,3
parallel,3
path,4
grandfath,3
pr=,4
ior,3
reti=,3
sche=,3
dule,3
ancillary=,3
fina=,3
ncial,3
polr,3
technical=,3
unwieldi,3
integrate=,3
assumpt,4
reat,3
nje,3
critica=,3
assert,3
emphas,3
concret,3
questions=,3
vagu,3
ake,3
financi=,3
funni,9
refer=,3
concentrati=,3
ineffici,3
out=,3
profess,3
backped,3
stood,4
assert=,3
standard-se=,3
tting,3
bea=,3
uti,3
severa=,3
jab,3
cont=,3
inual,3
interesting=,3
emphat,3
gi=,3
SB,3
not-too-subtl,3
passiv,3
pointedli,3
sking,3
were=,3
admit,3
romancin=,3
poin=,3
yes-m=,3
harm,3
suppos=,3
tlr,3
e-tag,3
tenur,3
resulti=,3
comments=,3
show=,3
paint,3
fiction,3
fold,3
gisb/eisb,3
wind,3
strongli,3
ur=,3
ged,3
advocaci,3
leade=,3
rship,3
omewhat,3
enthusiast,3
would=,3
fight,4
713-345-3771=20,3
andy=20,2
4:46,2
'/o=3denron/ou=3dna/cn=3drecipients/cn=3dnotesaddr/c=,1
n=3da478079f-55e1f3b0-862566fa-612229,1
aggarw,3
anubhav,3
balling,3
ted=,1
mois,3
benjelloun,3
hicham,3
blain,3
bolt,3
laurel,3
broussard,4
campbel,3
capasso,3
che=,3
cline,3
comeaux,3
coul=,3
ter,3
eme=,3
sih,3
freij,3
garcia,4
gustavo,5
greer,3
gu=,3
ali,3
jaim,3
guerra,3
gulmeden,3
utku,3
Ha,3
hanse=,3
hernandez,5
ingram,3
jenkin,4
IV,4
kinser,5
larkworthi,3
laurent,4
laverel,3
lenartowicz,3
lotz,4
lowell=,3
mahajan,3
ashish,3
skell,3
mcelreath,3
alexand,3
seung-ta=,3
ek,3
olind,3
padron,3
willis=,3
podurgiel,4
poppa,3
rawal,3
P=,3
schiavon,3
ul,1
seeli,4
serio,3
stepenovitch,3
mark=,1
tamma,3
trejo,3
rees,3
vernon,3
layton,1
baughman=,1
doug=,1
perrino,1
uiz,1
hueter,2
yeung,2
non-standard,2
cut-off,2
firstnam,2
lastnam,2
non-support,2
firstname.middleinitial.lastnam,1
announcements/corp/enron,1
10/15/2001,1
9:15,1
abbrevi,1
acronym,1
new/exist,1
append,1
robert.alan.smith,1
energy.xl,2
speedguid,1
felip,1
//www.reuters.com,1
ltd.,1
complaint,3
tender,1
properli,2
oatt,5
depriv,3
curtail,1
17.5,3
protest,1
btu,5
stud,4
cubic,3
feet,3
calpin,10
bil,2
indigest,1
fisher,1
forb,1
magazin,1
10.29.01,1
bull,1
never,11
surer,1
backlog,1
GE,7
tripl,2
1990,1
score,1
freestand,1
appetit,1
shini,1
Ah,1
flaw,1
glaringli,1
steal,1
pollution-spew,1
painstak,1
788,1
79,1
coal-fir,1
megawatt-hour,1
-a-year,1
cheap,2
4.30,1
depress,2
cheaper,1
cpn,1
overleverag,1
downturn,1
4.6,1
chesapeak,1
0.9,1
43.4,1
peabodi,1
2.7,1
loser,1
devon,1
3.3,1
gas-heavi,1
129.5,1
53,1
transocean,1
sedcoforex,1
1.9,1
heavi,1
gas-dril,1
factset,1
walter,1
calif.-bas,1
31,500,1
hot,3
exhaust,1
gase,1
transform,1
6,800,1
kilowatt-hour,1
lightbulb,1
oldest,1
13,000,1
10,500,1
houston-bas,2
coal-,1
35-year-old,1
hog,1
modern,1
throw,1
scrubber,1
pollut,1
smaller,1
coal-plant,1
ingeni,1
nonregul,1
1999,1
grade,3
40-year-old,1
coax,1
age,4
boiler,1
afoul,1
bullish,1
10/18/2001,3
sp2,2
eeshou-dbpcc,1
8-10am,1
eestest-dbpcc,1
9:30-11:30,1
eestest-wbpcc,1
10am-12pm,1
eeshou-eei,1
6-8pm,1
eeshou-wbpcc,1
8:30-10:35am,1
eeshou-dbrps3,1
9-10am,1
eeshou-oms01,1
5:30-7:30pm,1
uninstal,1
devol,1
713-345-8970,1
animesh,1
solanki,1
713-853-5147,1
telecom,4
closet,1
trevino,1
713-345-9954,1
nahou-wwirf01t,1
nahou-wwirf01d,1
nahou-wwjrn01d,1
nahou-wwjrn01tnahou-wwiwn01d,1
301625,1
wins-dn,1
tester,1
rollback,1
tate,1
713-345-4256,1
10/22/2001,1
rmsprod,1
table/index,1
fragment,1
emmett,1
cleveland,1
713-345-3873,1
triniti,1
madrid,1
sitaraoncal,1
713-288-0101,1
oigin,1
autohedg,2
2499,1
5499,1
5500,1
6499,1
6000,1
buy/sel,1
bounc,1
34,4
encarta,4
XP,3
colleg,3
ghost,2
hunt,3
librari,3
wor=,2
qwest,2
pumpkin,2
teach,2
basebal,1
antibiot,1
figh=,1
diseas,1
more.=20,1
scariest,1
banshe,1
hupacabra,1
windigo,1
monster,1
iolog,1
fear,2
chicken,1
koufax,1
ball,2
pastim,1
ri=,1
yanke,1
encarta.com,1
ima=,1
smarter,1
fr=,1
Be,1
histor=,1
rebat,1
win=,1
princeton,1
ert,1
citibank,1
library=,1
sourc=,1
stat,1
bi=,1
grower,1
illion,1
pound,1
101.6,1
u.s=,1
censu,1
daylight-sav,1
what's=,1
11th=,1
quizz,1
autumn,1
IQ,1
lis=,1
creatur,1
afghanista=,1
homework,1
succeed,1
problem-sol=,1
ving,1
grad,1
nee=,1
=09unsubscrib,1
=09more,1
=09feedback,1
=09help,1
=09=09=09=09to,1
unsub=,1
scribe,1
=09other,1
chat,1
air=,1
=09=09special,1
eshop,1
tore,1
finan=,1
adverti=,1
oct.,6
1019optsheet.xl,1
1017,1
1018,1
1019,1
photo,3
teleconfer,2
imperi,2
patienc,1
stream,1
audio/video,1
toronto,4
omaha,2
//home.enron/employeemeet,1
teleconferenc,1
sao,1
paulo,1
bueno,1
dubai,1
rio,3
de,2
janeiro,1
bothel,1
wash.,1
ramon,1
calif.,1
yvonn,1
francoi,1
345-8725,1
7/26/01,1
10/22/01,1
steel,5
-d,1
2:10,1
feed,2
11:50,3
sweci,5
ip/ameren,2
pass-through,2
28.50,2
3-6,2
38.50/mwh,1
34.50/mwh,1
1.50,1
713-857-5952,1
853-7724,5
donna,2
enclos,2
southwestern,2
2009,2
646-8272,2
terri.clyn,3
burt,1
bart,1
hull,1
jennaro,1
lenart,1
kirk,1
lieskovski,1
jozef,1
ordway,1
saava,1
schleseng,1
max,1
baloutch,1
hebert,1
ferando,1
leija,1
agustin,1
leon,1
zoya,1
rayn,1
zavattieri,1
moncada,1
gabe,1
weinart,1
NB,1
TD,1
font-siz,1
10pt,1
color,1
background-color,1
stub,2
portal,1
supervisor,1
jdrf,7
cyber,4
raffl,3
t-shirt,4
diabet,2
caf,2
roundtrip,2
enron/jdrf,2
sneaker,2
walker,6
28th,1
juvenil,1
cure,1
greenspoint,1
mall,2
24th,2
//ecpdxapps01.enron.net/apps/auction.nsf,1
fajita,1
trim,1
taquera,1
sol,1
mango,1
punch,1
continent,1
airlin,2
airway,1
bake,1
cake,1
cooki,1
halloween,2
food,1
riedel,1
x-37507,1
x-36898,1
generos,1
mcconnel,1
deduct,6
hire,1
vanguard,1
lifestrategi,1
fidel,1
re-open,1
3-7979,1
lifestyl,1
perman,1
//remoteservices.netco.enron.com/ica/ubswenergy.ica,1
ubswenergy/enron,1
q,1
9M,1
npx,1
www.ubsenergy.com,1
//www.ubswenergy.com/site_index.html,1
netco-lt-mw,1
mus35286,1
713-584-4444,1
//home.enron.com/employeemeet,1
l.=20,1
1:26,5
lavo=,1
rato,1
calge=,1
prefix=,1
seem=,1
orward,1
notice=,1
or=,1
ganiz,1
-he,3
frustrat,2
-she,2
uphold,2
statut,2
echo,2
gold,2
star,2
11:59,1
6:19,1
occas,1
vent,1
fame,1
mute,1
verbal,2
highli,1
rhetor,1
disgust,1
similiar,1
alot,1
whine,1
theme,1
discont,1
riley/maryland,1
solemn,1
oath,1
constitut,1
overboard,1
backfil,1
woefulli,1
inadequ,1
evidentiari,1
ervin/north,1
bet,3
brutal,1
sugar,1
coat,1
humor,1
arnetta,1
mcrae/delwar,1
repeatedli,1
frame,1
rori,1
mcminn/new,1
-repeatedli,1
wood/california,1
portray,1
-ferc,1
thomas/pennsylvania,1
stride,1
centuri,1
explos,1
yard,1
jones/ohio,1
-wa,1
parochi,1
svanda,1
garvey/minnesota,1
lengthli,1
essenc,1
arthur/connecticut,1
hadley/indiana,1
huelsman/kentucki,1
nugent/,1
commentor,1
DC,1
irvin,1
rambl,1
pinpoint,1
commision,1
612-339-4599,1
=09nicolay,1
11:57,1
=09kitchen,1
vorato,1
ger,1
c.=,1
=09walton,1
=09wednesday,3
10:17,1
8:55,1
iso/rto,1
typo,1
preced,2
conclus,1
meters-rick,1
management-servic,1
format-regulatori,1
gross,1
5:12,1
'dwilleford,1
sweci.com',1
10_22proposal.doc,1
lip,3
mic,2
revolv,1
terrorist,2
attack,4
relay,1
underton,1
ds,1
713-853-6337,2
12:29,1
bestard,1
sulzberg,1
angl,1
indirectli,7
turnov,1
tactic,1
legitim,1
facto,1
silenc,1
kezel,2
ljk,1
1:58,3
don.benjamin,1
nerc.net,1
audrain,1
4-,1
indian,1
midcycl,1
10/26/01,1
compliant,1
midnight,1
pm-5:30,1
fantast,2
super,1
de-brief,1
highest,1
interivew,1
36,4
reclaim,1
heal,1
blueprint,1
6:15,1
6:50,1
JW,1
marriott,1
galleria,1
westheim,1
admiss,1
713-303-3966,1
www.enronoperationhope.com,1
frost,3
sullivan,3
bandwidth,3
telecom/broadband,2
dialogu,1
summit,1
telecom/bandwidth,1
harper-slaboszewicz,1
rod,1
woodward,1
trading/brokering/onlin,1
//esource.enron.com/hot_topics.asp,1
3:30-4:30,1
4:30-5:30,1
utilicom,1
/energi,1
LD,8
lengthi,1
icap/capac,1
v.,1
perpetu,1
market/tariff,1
5:20,1
migden,3
janin,4
stroup,2
el02-6,1
fast-track,1
meaning,1
pursuant,3
theori,5
capacity-back,1
dmg,1
cilco,1
107.88,2
17.xl,1
11.xl,1
resume.rtf,2
bonu,3
agreement/retent,1
upward,1
beliz,6
everyone-,2
13th,2
p.o,2
ambergri,2
cay,2
501-262067,2
501-262429,2
drherndon,2
aol.com,11
cafe,2
tlowel,1
nhy67ujm,1
power2/analyst/tlowel,1
jsteel,2
padd,2
1400,3
x37926,2
11:13,3
emi,1
nox,1
/so2/co2,1
ngl,1
u.s./europ,1
77251,1
121,1
97214,1
3500-400,1
alberta,1
t2p,1
4h2,1
grosvenor,1
kingdom,1
77002-7361,1
331,1
renegoti,1
inquir,1
713-853-9358,1
713-853-7926,1
behney,1
enterprise-wid,1
95,000,1
12,500,1
7,560,1
we'll,1
gaskil,4
richey,1
8:03,1
midwest/southest,2
services/fe,2
3:36,1
information-gath,5
hunter/fletch,1
reports/data,1
egm,2
rep,1
breif,1
slot,1
3:42,1
heizernrad,2
1:37,3
tig,2
elliott,2
taryn,1
713-529-2100,1
142,1
tigfirstsource.com,1
accounting.pp,1
usa_gm2.gif,1
bkgrd.gif,1
eta,3
volount,2
splash,2
www.ubswenergy.com,2
hart-scott-rodino,1
originators/trad,1
faq,1
checklist,1
pa/registr,1
redirect,1
www.enrononline.com,1
admin,1
sub,2
approx,1
3,000,1
450,1
trading/origin,1
trader/origin,1
marketing-specif,1
39807,1
53614,1
39673,1
metafil,1
05852,1
hamburg,1
2/01/02,1
void,1
payroll/benefit,1
lastli,1
jarrett,1
3-,1
7829,1
2:17,1
brawner,1
holst,1
maggi,6
schwieger,2
29th,1
volt.com,2
mccaffrey,1
12:39,1
mother,2
fake,1
===================,1
hoax,1
reactionari,1
credibl,1
afghanistan,2
9/6,1
upset,1
empti,1
9/10,1
boyfriend,1
beg,1
9/11,2
long-tim,2
wrong,1
devast,1
katsi,1
714/921-5424,1
lkatsi,1
opsvolt_track,1
4:32,1
5:34,1
dl-ena,1
alexandra,2
grappino,1
wine,1
nino,1
2817,1
dalla,1
713-522-5120,1
mingl,1
6:45,1
713-853-4776,1
bernic,1
northamerican,1
qestion,1
8:29,1
offsit,7
-enovate-,1
4:08,1
promo,1
nom,1
DB,1
baughman.doc,1
sufg,2
markets.pdf,2
addresse,2
hans,1
mangskau,1
ibrahim,1
amr,1
chan,1
stella,1
merola,1
reineck,1
blinzing,1
dblinzing,1
bosetreacy.com,1
imceanotes-+22blinzinger+2c+20don+20+28bt+29+22+20+3cdblinzinger+40bosetreacy+2ecom+3e+40enron,1
12:07,1
bosetreaci,1
684-5400,1
waiv,1
attribut,1
bose,1
treaci,1
3:53,1
~1.50,1
wildli,1
27.50,1
hitchcock,3
raft,2
cloth,2
vh,2
breslau,2
collong,2
remi,2
colwel,1
dayao,2
deffner,2
devri,2
dutt,2
orlando,2
josey,2
keel,2
kishkil,2
kitagawa,2
parquet,2
wigg,2
brett,2
wolf,2
forthcom,1
bike,1
swimwear,1
shoe,1
jacket,1
condominium,1
esa,1
film,1
comic,1
interlud,1
saddleridg,1
budget,1
interpret,1
ii,3
36978,1
dwight,3
dwcook,2
utilicorp.com,2
1:16,1
300-350,1
11:28,2
imped,1
treasuri,1
816/527-1499,1
816/803-7928,1
short-list,1
phase,1
skit,1
8/9,1
8/13,1
pledg,12
withdraw,3
thode,9
2:24,3
whip,3
honestli,3
//hrglobal.enron.com/,3
gi,3
birth,3
yyyymmdd,3
1962,3
19620609,3
hrgim,3
3-5666,3
behind,3
CG,2
4:04,1
territori,2
roll-ov,4
oh,2
midst,2
11:15,1
confirmatori,1
11:14,1
militari,4
resili,2
conspiraci,2
secretli,2
factori,2
crazi,2
threw,2
buildup,2
petroleum,2
clair,5
carol.st.clair,3
3889,2
713-853-3989,2
713-646-3393,2
281-382-1943,2
281-890-8862,2
erickson,2
1:53,1
pamelaa.erickson,1
pgnmail.com,1
imceanotes-+22erickson+2c+20pamela+20a+22+20+3cpamelaa+2eerickson+40pgnmail+2ecom+3e+40enron,1
12:35,2
11:43,2
fitzgerald,1
genia,1
10:12,1
3125b,2
5:58,1
8/23/01,1
11:29,1
dig,1
nail,1
surfac,1
dat,1
8/14/2001,1
1:31,1
min,3
6:30,1
mili,1
9:10,1
dude,2
hubbl,1
foul,1
3:51,1
8/24/2001,1
1:19,1
abramo,1
fraser,3
heizenrad,2
heu,1
tomaski,2
consnewsletter20010822.pdf,1
3270,1
5.18.01.doc,1
9:39,1
marcus-,2
product/product,2
3-7533,2
comed.doc,2
millionth,2
rsvp'ing,1
customer/en,1
lydia,2
3:52,1
grasshopp,1
506,1
prairi,1
//207.21.193.94/invitation/,1
1:35,1
purcel,1
//egmfundy.corp.enron.com/crude/framework/default.asp,1
pub,1
ats20010525.doc,1
calderhead,10
dac_calderhead,4
son-in-law,2
imceanotes-+22dac+20calderhead+22+20+3cdac+5fcalderhead+40hotmail+2ecom+3e+40enron,2
10607,2
bordley,2
77042,2
ph/fx,2
713-952-0549.,2
weeknight,2
contributor,2
hands-on,2
grown,2
fast-pac,2
//explorer.msn.com,2
res.analyst.doc,3
05/25/2001,2
walker/enron,2
sturm/enron,5
meredith/enron,2
realiz,1
2:52,2
ole,1
stdolelink,1
~1372255.doc,1
09:38,1
nettelton/na/enron,1
qf,2
beig,1
10:26,1
-cpuc,1
-rule,1
-voluntari,1
ring-fenc,1
eix,1
-bankruptci,1
deepli,1
instabl,1
restrucur,1
option-pr,1
romero,1
arac,1
dalia,1
minal,1
davenport,1
lacrecia,1
6-15,1
referr,1
amazon.com,4
barn,1
nobel.com,1
pennwell.com,2
lowney,1
9:06,1
hola,1
biz,1
god,1
kiddo,1
yuur,2
johnni,7
4:34,1
32nd,1
5:36,1
surf,1
11:17,1
matket,1
huson,6
yoho,9
11:23,1
blade,6
elwood,5
FA,3
=09penman,1
2:36,1
=09presto,1
=09luce,1
=09market,1
alrea=,1
dy,1
energy/dominion,1
grind,1
batch,1
153,1
150mw'=,1
repaire=,1
non-destruct,1
ap=,1
proxim,1
twelv,1
earliest,2
oblem,1
verif,1
situatio=,1
n.,1
10:35,1
shannon,1
lago,2
thoroughli,1
benefici,7
blair,1
clifford,1
4:54,1
4pm,4
2:25,2
eolq,2
a.doc,2
07/05/2001,2
01:50,2
yoho/na/enron,3
huntman,5
truth,4
7:22,3
7:20,3
gossip,2
7:25,3
7:23,2
nightmar,1
7:26,1
9:41,2
mid-aftn,1
aftn,1
07/11/2001,1
07:13,1
pickl,1
amerex,1
powerex,2
gladli,1
10:30am,3
9:00-11:00,1
BC,1
greet,1
afterwhich,1
7:52,1
6:34,1
gmt-08:00,1
tijuana,1
junk,6
refinanc,5
bondhold,4
zero-coupon,3
hook,2
proposit,2
sharpli,2
wors,2
yield,2
issuer,2
cohen,2
convertible-bond,2
hefti,2
plummet,2
seidel,2
downgrad,2
solectron,2
banker,2
verizon,2
claus,2
9:05,1
rh,1
coupon,1
ugli,1
fortun,1
features/tox,1
Pg,1
131,1
2242,1
bylin,1
revel,1
irresist,1
reap,1
merril,7
lynch,1
bing,1
tank,1
escap,1
hatch,1
absurd,1
suddenli,1
tyco,1
comcast,1
dozen,1
chunk,1
repay,1
skyrocket,1
anew,1
poor,1
killer,1
dilut,1
downhil,1
shrink,1
tick,1
patel,1
top-perform,1
seed,1
mess,1
sown,1
mid-2000,1
falter,1
balk,1
struggl,1
henc,1
up-front,1
700,1
climb,1
swept,1
everybodi,1
deutsch,1
four-bagg,1
real-lif,1
california-bas,1
refin,1
undervalu,1
opt,1
worthwhil,1
scream,1
8.5,1
nobodi,1
straddl,1
borderlin,1
anand,1
iyer,1
morgan,1
stanley,1
slew,1
suiss,1
pricey,1
manufactur,1
845,1
4.2,1
pike,1
slower-than-expect,1
worrisom,1
one-year,1
advic,1
scari,1
whack,1
groceri,1
chain,1
supervalu,1
lost,1
185,1
pitfal,1
pollyanna,1
slick,1
loophol,1
lowest,1
wrinkl,1
rake,1
0.25,1
ir,1
oddli,1
yearli,1
7.5,1
shell,1
dime,1
surprisingli,1
incred,1
vadim,1
iosilevich,1
enorm,1
steadi,1
convertbond.com,1
3.5,1
alon,1
csfb,1
blind,1
010828,4
graphic,1
nuke,3
yr,1
v.p,2
imceanotes-+22dan+20salter+22+20+3cdsalter+40hgp-inc+2ecom+3e+40enron,1
1:01,1
aurora,1
roofer,2
hail,2
lookout,1
joel,3
12:58,1
vinson,1
donald,1
front-porch,1
tee,1
15-20,1
fo2/fo6,3
tot,2
ng/fo2/fo6,1
CL,1
load/cost,1
cycl,1
avg,1
export,1
utilities/oper,1
locations/typ,1
mwdaili,1
281,2
tenni,1
morello,1
nielsen,1
583-2937w,1
744-4150cell,1
atlanti,1
fli,1
term-trad,1
somewher,1
dust,2
6:21,1
beer,1
ogradi,1
dan.ogradi,1
williams.com,2
1:43,2
7:29,2
sort,1
dialog,1
tade,1
853-9684,1
562-4207,1
6:51,2
345-4080,1
wow,1
hutch,1
wed.,1
10:00am,1
1:00pm,1
Ln,1
woodway,1
munchi,1
hungri,1
straight,1
713-562-4207,1
westbrock,1
michael.westbrock,1
918,1
573-8752,1
tlowell01,1
deeper,1
quietli,1
T-,1
CD,2
batteri,1
girl,2
dope,1
questionnair,11
appendix,7
tangibl,3
intang,3
intermediari,3
policy-mak,3
directorship,2
indirect,2
__________________________,1
___________________________________________,1
goodwil,1
represent,1
untru,1
omit,1
eddi,1
dep't,1
77002,1
WE,1
pertain,1
twenty-four,1
therein,1
thereof,1
herein,1
wherev,1
hereaft,1
majority-own,1
truste,1
c,1
hereinaft,1
warrant,1
iv,1
5.,1
fathers-in-law,1
son,1
daughters-in-law,1
sisters-in-law,1
passag,1
incorrect,1
remaind,1
fiscal,1
forthwith,1
furnish,1
hereof,1
undersign,1
7:45,1
unknown,1
11:33,1
2:59,1
rosman,1
kmpresto,2
msn.com,3
start.doc,2
4:44,1
death,1
12/31/2001,1
6:42,1
ballet,5
//ticketing.ticketmaster.com/cgi/purchasepage.asp,4
ticketmast,2
7:30pm,2
2:00pm,2
12/19/2001,1
5:03,1
dl-ga-all_enron_houston_employe,1
chronicl,1
crown,1
jewel,1
perfect,1
nut1,1
event_id=c003345c3de86fb,1
event_code=ehl1226,1
event_id=c003345d10fb243,1
event_code=ehl1227,1
event_id=c003345cdb2a7a1,1
event_code=ehl1229m,1
event_id=c003345cddba7f9,1
event_code=ehl1230m,1
7:38,1
sitter,1
blackberri,1
handheld,1
www.blackberry.net,1
soni,1
digit,1
camera,1
jump,1
mini,1
ch.11,1
11:06,2
quigley,1
pwr/ga,1
Tx,4
5:02,1
2421,1
westcreek,1
15614,1
grovespr,1
77068,1
valdez,2
1332,1
77019,1
2203,1
acacia,1
ct.,1
77573,1
shiavon,1
conro,1
2:04,3
12:45,1
brokerquot,1
.xl,1
mkt,2
dyk,1
zivic,1
advisor,1
reiniti,1
arsystem,2
mailman.enron.com,1
7:15,1
overdu,1
natti,1
atcha,1
12:59,1
7:18,1
12:19,1
heaviest,1
re-schedul,2
balerio,1
9:37,1
hornets-,1
09/05/2001,1
hodnette-,1
schedule.doc,1
hodnett,1
lowel,3
1:12,1
project/research,1
12:36,1
1:08,1
emmiss,1
alright,1
webb,1
5:57,1
autosuspend,1
autosuspens,1
detect,1
gone,1
moral,2
1:51,1
416-865-3706,1
911,4
buchanan,4
mddjunior31,3
earthlink.net,3
manley,3
albu,3
superjohn5,2
wooddel,2
milli,2
cox,2
tower,2
7:05,1
rbenson,1
09/17/2001,1
07:04,1
09/16/2001,1
01:27:06,1
mdavi,1
bonni,1
blackman,1
clarenc,1
leaila,1
hutchin,1
scalis,1
kat,1
carsey,1
kord,1
hutchison,1
madalyn,1
rachel,1
plato,1
mitchamor,1
paig,1
mcclellan,1
9/15/2001,1
1:57:35,1
millieread,1
aunt,1
corinn,1
stevenson,1
grandma3604,1
thomasson,1
jthomas4,1
decisionanalyst.com,1
speckmiear,1
dcabernet1,1
rosann,1
rosetexa,1
ray_read,1
baylor.edu,1
jmanley,1
cvtv.net,1
grandi,1
bgrandi,1
haney,1
jhaney,1
hot.rr.com,1
notreba123,1
lamf1976,1
felton,1
queenmallard,1
bucav,1
betsi,1
poe,1
betsyp,1
jkex.com,1
heybarbiekay,1
herman,1
hbcox,1
recox49,1
home.com,1
buck,1
chopper1,1
airmail.net,1
3:35,1
254th,1
119,1
iraq/iran,1
plane,1
pentagon,1
ramzi,1
yousef,1
convict,1
orchestr,1
wtc,1
77,1
__________________________________________________,1
//dailynews.yahoo.com/fc/us/emergency_information/,1
earthlink,1
bitmap,1
7:46,1
w/fletch,1
19th,1
6:38,1
=09black,4
9:09,2
=09/o=3denron/ou=3dna/cn=3drecipients/cn=3dnotesaddr/cn=3da478079f-55e1f=,2
3b0-862566fa-612229,2
arora=,2
don=,2
bl=,2
ack,2
er=,2
ic,2
shoemak=,2
fletche=,2
zippere=,2
mike=,2
=09vacat,2
year=,2
ass-kick,12
swain,6
oliv,4
4:38,2
woulf,2
awesom,2
4:26,2
2:11,2
lenig,2
starwood,2
11:38,2
perri,2
richter,2
1:23,2
alfredda,2
magellan,2
wilson,2
beverli,2
hillenbrand,2
ruiz,2
carlo,2
chenoweth,2
ferrel,2
seaworth,2
moreno,2
jeannin,2
justyn,2
kel,2
farmer,2
schiller,2
nathan,2
botro,2
chiang,2
griffin,2
plauch,2
ena-pow,2
713-345-3335,2
brandon.cavazo,2
1:18,2
//home.houston.rr.com/surrenderownz/auction.htm,2
laugh,1
=09sturm,2
104,1
3:29,1
jul-aug,3
32,000,3
mwh,2
2.885,1
50/,1
2.85,1
heatrat,1
contracts/month,1
mwhour,1
hr,2
days/wk,1
wk,1
560,000,1
math,1
5:51,1
Im,1
jen,1
runtim,2
visual,1
c++,1
\reuters\desktop\kobra\kernel\winnt\bin\kobra.ex,1
abnorm,1
