pleas,278
attend,23
make,104
plan,338
west,65
power,420
trade,345
luncheon,1
staff,7
meet,65
date,163
monday,207
octob,51
22,42
place,51
Mt,8
hood,8
confer,14
room,18
time,218
11:00,8
a.m.,14
lunch,9
serv,22
let,75
debra,4
know,127
schedul,105
conflict,3
thi,570
ha,194
replac,12
previous,11
PM,205
sat,24
2/2/2002,12
thru,39
2/1/2002,9
AM,159
impact,32
CT,21
PT,20
london,24
fri,20
5:00:00,10
corp,15
outag,175
mainten,50
environ,17
purpos,25
backout,11
contact,84
envis,4
access,59
filenet,4
panagon,4
idm,4
abl,29
server,18
none,5
3:00:00,6
9:00:00,5
need,83
thur,6
1/31/2002,3
_________________________________________________________________,8
12:00:00,8
5:30:00,2
11:00:00,5
1:00:00,3
upgrad,7
sql,2
databas,14
2000,8
7:00:00,2
disk,4
corporate-wid,2
applic,32
web,25
queri,2
desktop,5
R3,2
captur,6
profession,5
user,13
ibuyit,2
ipayit,2
sap,3
view,17
invoic,4
vollmer,2
mari,5
713-853-3381,2
rye,2
gregori,2
713-345-3022,2
weekend,60
system,39
avail,89
2/4/2002,2
7:30:00,1
3:30:00,1
11:30:00,1
sun,13
2/3/2002,1
1:30:00,1
nahou-squfy04,1
05,8
estat,5
unifi,7
product,73
prevent,3
two,62
cluster,2
member,29
skinner,1
toni,1
713-345-9334,1
jordan,1
mark,38
713-286-5308,1
warner,3
john,70
713-345-1756,1
ee,16
eeshou-dbrg,1
NT,6
40,16
w2k,1
window,2
standard,13
restor,9
origin,20
configur,2
tape,1
backup,3
nguyen,1
jame,8
713-345-6137,1
repair,53
bad,4
6:00:00,3
4:00:00,3
reindex,1
correct,12
perform,19
issu,66
email,102
name,67
enron.com,111
ect.enron.com,11
ei.enron.com,4
ees.enron.com,4
If,163
address,50
send,50
firstname.lastnam,4
remind,18
domain,2
decommiss,2
close,121
busi,105
friday,219
januari,309
18th,3
current,133
use,80
notifi,5
mail,76
first,84
step,11
sever,31
everyon,21
question,91
regard,77
enron.messaging.administr,4
thank,115
particip,46
cooper,15
support,34
enron,426
messag,161
administr,18
No,80
713,64
pager,25
1/11/2002,5
center,61
data,158
facil,14
oper,78
on-cal,9
p.m.,11
p.m,4
monthli,9
exercis,8
randi,11
lord,2
713.345.7707,2
edi,6
sitara,6
help,68
853-9797,6
1/13/2002,1
ardmor,3
7:00,1
9:00,2
emerg,10
back-up,1
chiller,1
routin,1
AC,1
equip,2
6:00,1
10:45,3
crac,1
shut,8
air,28
handler,1
one,259
check,35
belt,1
filter,1
drain,3
azurix,15
eb34,3
south,17
north,69
american,58
lan,3
field,9
servic,121
internet,42
market,458
os/2,3
sun/oss,3
telephoni,3
termin,30
assist,20
853-1411,3
resolut,6
specif,6
inform,134
risk,22
manag,55
853-5536,3
sap/isc,3
345-4727,3
284-3757,3
288-0101,3
rus/gops/geotools/apr,3
639-9726,3
oss/ua4/tarp,3
285-3165,3
cpr,5
284-4175,3
327-3893,3
desk,31
OR,34
888,3
td,3
-trader,3
decis,19
327-6032,3
mailbox,51
item,53
size,41
delet,34
folder,34
limit,60
KB,13
receiv,109
reach,41
space,22
exceed,9
set,20
128809,1
warn,12
115000,8
125000,2
kb.you,5
may,103
new,218
reduc,23
To,252
ani,359
longer,14
move,24
person,101
file,128
.pst,5
includ,177
sent,178
count,10
must,34
empti,10
freed,8
see,83
client,16
npd,6
research,22
chanc,20
win,24
cash,27
onlin,16
http,373
//ts.go.com/bk,64
bs=1,59
bj=3063,3
bu=11231579,60
espn.com,23
special,36
offer,78
us,57
complet,23
prize,10
becom,30
click,84
get,94
start,35
bt=8908,2
confidenti,14
never,16
sell,29
wa,437
opinion,11
......,6
share,32
'll,33
give,47
interest,34
survey,2
fun,3
take,63
differ,19
process,41
form,39
websit,25
automat,7
regist,11
goal,5
join,32
team,53
could,79
1,000,9
group,15
top,14
ten,8
compani,173
look,68
peopl,43
like,104
veri,48
import,35
note,42
privaci,2
great,43
concern,34
provid,85
kept,14
strictli,5
We,143
tri,28
anyth,7
free,51
guarante,4
DO,11
visit,15
site,19
offici,25
sweepstak,4
rule,23
mswerzb,9
opt-in,4
subscrib,6
wish,23
sponsor,12
futur,90
unsubscrib,49
bt=8909,1
bj=3031,7
playoff,11
bt=8773,5
pittsburgh,3
chicago,5
defens,3
bay,30
invit,6
n't,93
12,26
championship,10
england,5
fantasi,7
footbal,15
challeng,13
green,5
st.,8
loui,5
17.5,7
//games.espn.go.com/st_fflpc/01/email/img/fflpcmail_header.gif,1
nfl,10
parti,29
final,23
game,29
focus,9
predict,74
surpris,13
run,24
're,25
say,27
consid,18
It,64
said,152
best,40
number,56
right,105
stat,3
lie,2
So,36
Do,15
go,75
histori,22
select,15
player,64
stingi,2
cold-weath,1
Or,3
carpet,1
rest,21
way,56
think,50
offens,2
greatest,5
show,26
turf,1
choic,4
play,14
espn.com',1
sign,25
today,72
//games.espn.go.com/st_fflpc/01/email/img/1x1.gif,1
2001,279
point,24
allow,38
rank,5
ppg,1
1,140
12.7,1
2,143
philadelphia,1
13.0,1
3,127
13.2,1
4,104
16.6,1
5,60
17.0,1
6,101
17.1,2
7,50
baltimor,1
8,42
tampa,1
9,32
san,56
francisco,7
17.6,1
10,88
jacksonvil,1
17.9,3
11,47
miami,3
18.1,3
york,28
18.4,4
made,54
becaus,32
bt=8774,1
bs=2,5
pool,66
squar,10
super,9
bowl,9
tournament,6
ofp,8
year,157
good,139
tell,14
enter,32
pick,46
even,48
work,95
want,52
onli,109
per,32
also,125
basketbal,5
hope,40
remov,16
repli,25
swerz,4
congratul,3
patriot,1
ram,3
earn,17
trip,29
xxxvi,1
36,4
despit,40
odd,1
maker,3
14,66
keep,37
expect,201
closer,8
'm,46
write,14
10x10,1
grid,26
often,3
alway,16
dure,62
log,13
els,8
creat,16
alia,1
easi,6
excit,9
thing,31
format,8
proceed,4
cost,71
6.95,1
less,28
cent,110
//www.officefootballpool.com/jumpto.cfm,7
id=155,1
ncaa,1
call,233
www.tournamentpools.com,1
've,29
hard,14
2002,203
season,23
slick,1
javascript,1
picksheet,1
improv,3
last,109
love,14
announc,32
next,81
week,167
open,37
tournamentpools.com,1
luck,11
_____,4
mike.swerzbin,12
officefootballpool.com/tournamentpools.com,1
word,14
subject,192
line,51
full,33
text,5
//mms.shockwave.com/412/images/spacer.gif,16
k=6889990,16
c=412,16
w=1,16
//www.shockwave.com/rd/cr.cgi,15
shockwave.com,3
d=1700,3
film,3
learn,13
favorit,6
II,4
featur,15
level,60
download,11
star,8
war,3
fan,6
award,16
d=1576,2
photojam,2
valentin,2
day,206
d=1702,2
magnurt,2
d=1684,2
3D,2
wave,4
d=1703,2
gear,4
d=1000,1
jan,15
28,25
d=1710,1
vol,25
super-charg,1
version,37
bonu,10
locat,21
editor,1
exclus,23
volum,30
29.95,3
Is,10
forc,13
contest,2
atomfilm,1
lucasfilm,1
winner,5
georg,5
luca,4
d=1691,1
//by.advertising.com/click/site=65679/mnum=28459/ejob=137833/bnum=67743448,1
'S,14
await,2
sweetheart,1
someth,10
rememb,8
romant,1
greet,5
imag,84
music,1
delay,13
attract,4
posit,33
influenc,3
brand-new,1
mental,1
abil,5
maneuv,2
happi,13
magnet,1
across,83
landscap,8
danger,3
everi,26
side,17
a-blast,1
hit,17
2D,1
all-new,5
adventur,1
pilot,1
state-of-the-art,1
attack,2
craft,1
alien,1
fighter,1
arcad,1
everyday,3
puzzl,1
grind,1
test,3
problem-solv,1
mettl,1
mechan,3
puzzler,1
spin,1
long,35
circl,1
instruct,7
newslett,8
d=-1,1
e=mswerzb,1
//www.shockwave.com/images/campaign.gif,1
ub,37
HR,16
present,15
benefit,30
local,15
given,18
gabriel,1
hagel,1
chri,28
lue,1
tomorrow,10
thursday,230
1/24/02,1
12:00,3
detail,26
polici,35
asid,1
answer,15
distribut,11
requir,40
payrol,11
enrol,9
unabl,7
personnel,3
bj=3179,10
etopp,8
bt=9497,4
bt=9498,3
card,15
sport,11
etopps.com,2
topp,2
inc.,90
e-mail,172
//games.espn.go.com/directmarketing/img/love_em.gif,1
//games.espn.go.com/directmarketing/img/headline.gif,1
//games.espn.go.com/directmarketing/img/wrap_2.gif,1
//games.espn.go.com/directmarketing/img/wrap_3.gif,1
//games.espn.go.com/directmarketing/img/white.gif,1
plu,14
gridiron,1
giveaway,1
grand,34
ultim,4
tailgat,1
kit,2
200,10
second,14
black,2
cap,16
buy,33
one-of-a-kind,1
edit,7
stock,70
build,8
portfolio,3
//games.espn.go.com/directmarketing/img/cards_1.gif,1
//games.espn.go.com/directmarketing/img/cards_1a.gif,1
//games.espn.go.com/directmarketing/img/cards_2.gif,1
//games.espn.go.com/directmarketing/img/cards_2a.gif,1
//games.espn.go.com/directmarketing/img/cards_3.gif,1
//games.espn.go.com/directmarketing/img/cards_3a.gif,1
//games.espn.go.com/directmarketing/img/cards_4.gif,1
//games.espn.go.com/directmarketing/img/cards_4a.gif,1
trademark,1
reserv,67
c,6
copyright,50
espn,16
bt=9484,1
notic,31
swerzbin,135
would,147
subscript,3
bt=9485,1
password,10
bj=3168,36
|,30
winter,24
insid,6
//a8.g.akamaitech.net/7/8/631/000/adimages.go.com/ad/sponsors/espnnewsletter_101001/spacer.gif,7
X,4
//a8.g.akamaitech.net/7/8/631/000/adimages.go.com/ad/sponsors/espnnewsletter_101001/pixel_bullet.gif,8
colleg,8
recruit,9
VI,3
catch,6
//a8.g.akamaitech.net/7/8/631/000/adimages.go.com/ad/sponsors/espnnewsletter_101001/tab_sponsor.gif,6
domino,3
pizza,4
mastercard,4
basebal,7
australian,3
moment,8
video,14
expn,3
bt=9408,2
action,33
seen,39
befor,52
expn.com,2
bt=9409,2
big,39
bt=9410,2
purchas,14
wireless,2
classic,3
bt=9412,2
prepar,7
tom,19
',77
bt=9417,2
//a8.g.akamaitech.net/7/8/631/000/adimages.go.com/ad/sponsors/espnnewsletter_011602/corner_content166.gif,2
AT,9
T,8
bt=9419,2
home,29
tenni,4
anoth,29
earli,45
upset,2
bt=9420,2
hall,47
fame,3
bt=9422,2
bt=9423,2
bt=9426,1
//a8.g.akamaitech.net/7/8/631/000/adimages.go.com/ad/sponsors/espnnewsletter_101001/header_top.gif,2
bt=9427,1
mlb,6
bt=9428,1
bt=9429,1
nba,4
bt=9430,1
nhl,2
bt=9431,1
bt=9432,1
//a8.g.akamaitech.net/7/8/631/000/adimages.go.com/ad/sponsors/espnnewsletter_101001/nav_end.gif,2
//a8.g.akamaitech.net/7/8/631/000/adimages.go.com/ad/sponsors/espnnewsletter_101001/mailboxlogo_bot.gif,2
sure,27
begin,47
17th,3
beauti,4
aspen,1
colorado,4
revolutionari,1
technolog,2
snowboard,1
ski,11
snowmobil,1
motocross,1
straight-lin,1
TV,5
deliv,104
seat,14
hous,9
necessari,7
bt=9411,1
//a8.g.akamaitech.net/7/8/631/000/adimages.go.com/ad/sponsors/espnnewsletter_101001/corner_sponsor.gif,2
//a8.g.akamaitech.net/7/8/631/000/adimages.go.com/ad/sponsors/espnnewsletter_101001/tab_miss.gif,2
pba,1
bt=9413,1
golf,5
bt=9414,1
olymp,2
bt=9415,1
alert,1
bt=9416,1
Up,5
bt=9433,1
//a8.g.akamaitech.net/7/8/631/000/adimages.go.com/ad/sponsors/espnnewsletter_011602/box_fantasytab.gif,1
draft,14
squad,1
all-tim,1
legend,1
compet,2
friend,16
simul,15
histor,4
//a8.g.akamaitech.net/7/8/631/000/adimages.go.com/ad/sponsors/espnnewsletter_101001/box_bot.gif,1
memori,8
regular,5
fade,3
wild-card,1
wound,3
heal,2
eight,4
elit,1
wage,4
division,1
warfar,1
bradi,2
chapter,6
hi,35
postseason,1
storybook,1
ray,2
lewi,2
raven,1
curb,1
bu,5
eagl,7
ground,15
bear,5
D,4
playoff-savvi,1
gunsling,1
prevail,39
tough,3
bt=9418,1
six,12
month,49
magazin,3
unlimit,1
night,19
minut,22
nationwid,2
distanc,2
area,18
throw,4
seed,1
barbi,1
As,71
lleyton,1
hewitt,3
discov,3
host,4
withdraw,5
no-show,1
door,4
wide,2
face,14
stage,3
melbourn,1
volley,1
news,101
result,31
land,40
bt=9421,1
//a8.g.akamaitech.net/7/8/631/000/adimages.go.com/ad/sponsors/espnnewsletter_121101/corner_content148.gif,1
attent,2
memor,1
blooper,1
order,47
valu,51
//www.hofn.org/,1
pay,34
ship,2
handl,6
latest,100
book,21
fall,38
alma,1
mater,1
fare,9
feb.,6
approach,8
track,3
class,3
sortabl,1
prep,1
athlet,1
commit,7
updat,70
daili,88
scuttlebutt,1
expert,8
prospect,1
analysi,13
guru,2
lem,1
bt=9424,1
//a8.g.akamaitech.net/7/8/631/000/adimages.go.com/ad/sponsors/espnnewsletter_101001/corner_bot.gif,2
chang,422
prefer,12
bt=9425,1
model,23
develop,32
epi,14
swartz,8
energi,249
presid,18
oregon,35
aurora,24
forecast,218
mr.,7
vice,11
peter,17
electr,205
council,4
scienc,6
16,60
lee,7
503,47
722-2023,3
linn,2
northwest,92
agenc,10
fish,4
wildlif,2
resourc,24
econom,53
three,18
success,11
capabl,5
continu,95
experi,13
bring,18
consult,15
water,23
suppli,26
portland,64
state,89
univers,9
electric-energi,4
immedi,17
releas,32
A.,7
barney,3
x203,1
epis.com,1
J.,3
respons,17
softwar,6
well,67
51,7
senior,4
four-stat,1
overse,2
region,92
coordin,8
bonnevil,1
bpa,38
princip,2
author,13
spearhead,1
tool,6
reliabl,7
treatment,2
uncertainti,13
pioneer,1
analyt,1
examin,2
tradeoff,1
effect,19
constraint,3
grown,1
significantli,11
larg,22
measur,7
due,55
beyond,1
warren,2
individu,16
20,63
asset,32
growth,6
doe,54
strong,23
wealth,1
background,2
extens,3
bulk,26
industri,33
transmiss,25
conserv,8
altern,7
prior,14
1982,1
spent,9
gener,133
pge,4
financi,58
taught,2
statist,3
school,17
bachelor,1
degre,63
engin,3
1976,1
mba,1
high,308
honor,6
1977,1
emphasi,1
base,27
near,39
price,618
appli,8
fundament,20
principl,2
competit,8
produc,9
analyz,2
marketplac,4
major,26
util,62
www.epis.com,3
//www.epis.com/,1
sourc,23
nyse,6
common,7
secur,26
follow,109
criteria,2
list,34
quotat,2
over-the-count,21
otc,25
equiti,5
symbol,2
enrnq,3
exchang,43
delist,2
mean,18
relat,91
suspend,6
whether,19
appeal,1
found,13
www.nyse.com,1
recent,59
fell,54
averag,68
1.00,51
consecut,2
30,59
trading-day,1
period,22
nation,20
bureau,3
llc,11
pink,2
sheet,14
//a725.g.akamai.net/7/725/1095/0001/www.alazing.com/gifs/fill.gif,14
//meals.alazing.com/cgi-bin10/flo,11
y=hnyl0bp6an0gvz0dzd0ai,11
La,8
zing,7
meal,11
dinner,6
omaha,3
steak,3
delici,2
//a725.g.akamai.net/7/725/1095/0001/www.alazing.com/gifs/email/zemail_buyanytwo2.gif,1
solut,6
dilemma,1
gourmet,1
entir,18
famili,21
hour,84
resolv,5
life,28
easier,2
conveni,2
stress,2
//a725.g.akamai.net/7/725/1095/0001/www.alazing.com/gifs/email/zemail_buyanytwo3.gif,1
enjoy,6
trio,1
tiramisu,1
dessert,1
7-piec,1
cutleri,1
hurri,2
end,158
1/23/02,1
brand,5
5-10,1
request,58
feel,12
error,11
//meals.alazing.com/cgi-bin10/profil,1
y=enyl0bp6an0gvzl,1
//meals.alazing.com/cgi-bin10/flosens,1
y=nyl0bp6an0gvzl,1
curv,22
stacey,5
cst,7
-origin,113
white,9
W.,3
wednesday,223
februari,111
06,6
1:13,4
zufferli,7
belden,53
tim,106
presto,5
kevin,12
M.,24
davi,14
dan,6
Cc,24
postlethwait,4
evan,2
casey,2
reev,1
kathi,3
vinson,1
donald,1
wayn,3
ideal,2
2/7/02,1
morn,43
kick,1
calcul,5
possibl,46
ensur,16
downstream,1
forward,106
trader,135
report,243
receipt,30
intend,14
recipi,10
mike,191
enron_upd,14
concureworkplace.com,14
expens,40
corp.,46
attach,101
outstand,18
1/17/2002,15
affili,6
contract,124
inlin,38
/o=enron/ou=na/cn=recipients/cn=mswerzb,38
5:02:53,1
RE,7
miss,13
everyth,24
mailto,64
31,30
9:36,6
employe,121
michael,32
1/17/02,7
houston,37
TX,17
w/,7
warburg,14
ID,18
2b266b6655bd4cefa874,11
submit,26
On,59
total,83
2112.45,7
paid,17
properti,25
and/or,10
relev,3
contain,51
privileg,7
materi,10
sole,5
review,29
disclosur,11
prohibit,5
sender,3
copi,33
hereto,2
accept,15
evid,5
bind,2
enforc,5
reli,4
anyon,10
basi,16
estoppel,2
otherwis,12
intercontinentalexchang,190
hub,161
21.00,73
express,74
firm,120
decemb,142
index,92
20.62,2
1.54,2
20.25,28
4,000,7
28.25,17
27.50,57
specifi,39
metal,40
activ,57
acknowledg,39
agre,49
entiti,56
without,67
written,49
consent,44
reason,85
sale,56
intcx.com,38
bulletin,20
19,42
//www.intcx.com/subscriberservlet/subscriberservlet.class,19
operation=powerindexform,19
hub=al,19
repres,57
sell-sid,20
low,243
wtd,20
avg,20
mwh,31
cinergi,71
22.45,1
19.50,41
52,800,1
come,99
entergi,77
22.00,65
21.64,1
1.16,1
29,600,1
nepool,20
27.77,1
6.33,1
9,600,5
palo,120
verd,104
25.85,4
27.37,1
2.47,1
15,600,1
pjm-west,20
25.35,1
25.00,78
25.18,1
1.21,1
73,600,1
sp-15,56
29.00,55
28.11,1
3.22,1
10,800,2
tva,74
20.75,12
1.59,3
done,63
central,97
on-peak,23
cpt,19
eastern,89
/,30
pacif,37
western,170
deliveri,81
world,34
liquid,33
platform,20
natur,129
ga,282
global,31
crude,20
refin,21
oil,21
preciou,19
instrument,23
swap,21
option,76
In,154
proprietari,19
shall,30
dissemin,19
herein,21
furthermor,20
valuabl,24
commun,34
charg,34
cancel,28
represent,19
warranti,19
impli,19
respect,34
inquir,19
indic,73
//www.intcx.com/subscribe.html,19
/mwh,531
tuesday,188
load,182
0.00,459
MW,279
temperatur,339
NA,882
peak,313
spot,92
/mmbtu,133
california,274
unit,239
heavi,126
27.00,77
24.00,77
rang,68
weather,167
littl,70
kcf,115
six-to-ten,130
24,49
-1.25,28
30.00,42
light,96
flow,54
holiday,47
lower,82
much,90
saturday,66
sp15,183
18,49
rocki,129
28.00,53
26.50,70
boxer,4
amid,39
demand,89
christma,40
propos,34
invest,46
ago,32
deal,157
heard,56
below-norm,82
unplan,124
'02,80
__________________________________________________________,106
-1.50,28
-2.00,31
-1.75,23
32.00,35
SW,94
off-peak,101
22.50,58
slightli,53
border,33
nymex,69
henri,68
2.657,3
2.712,3
est,28
corzin,3
401,4
k,3
employ,17
increas,38
soften,19
np15,99
piec,44
27.25,22
pjm,73
bid,91
ask,100
pdf,49
pre-schedul,55
nw/n,62
-0.25,25
mid-columbia,72
cob,70
29.50,25
-0.50,36
N.,63
30.50,25
-2.25,27
midway/sylmar,62
S.,67
-3.50,19
mead,63
30.75,17
-3.00,32
inland,62
4-corner,62
-0.75,21
5.00,6
23.00,69
23.50,50
21.25,31
_________________________________________________________,29
dip,16
abund,24
hydro,39
remain,78
southern,27
reportedli,16
2.63,2
2.68,2
declin,22
slip,20
2.9,4
lost,20
4.9,2
aga,28
14:00,7
27,36
senat,15
retir,6
67,3
match,24
contribut,16
90,24
bill,36
75,24
gain,59
transact,80
65,12
nw,43
above-norm,62
weaker,11
33,5
abov,70
sce,8
rate,28
though,28
determin,33
return,55
El,21
segundo,15
sutter,13
day-ahead,55
mohav,21
tube,33
leak,36
craig,10
04-dec-01,30
15-dec-01,8
19-dec-01,8
02-oct-01,32
march,81
emr,54
18.50,64
2.35,5
24.05,2
21.75,14
1.25,27
___________________________________________________________,48
strengthen,21
boost,14
five,25
cooler,24
back,99
mid-atlant,23
bought,23
project,21
18.5,8
28.50,40
35.50,12
31.00,29
cal,52
insight,49
30.20,1
-1.80,1
33.00,16
31.75,10
29.25,9
0.50,47
-1.90,2
20.00,74
-4.50,13
-4.40,1
-2.50,15
-2.75,7
-4.00,24
19.00,91
-1.00,42
rebellion,1
sluggish,1
lot,22
lacklust,5
pipelin,19
At,7
2.74,4
2.79,3
slid,5
ampl,4
storag,20
colder,32
half,8
inventori,26
70-bcf,1
draw,28
polit,19
arena,2
democrat,4
barbara,1
jon,2
legisl,5
diversif,2
pension,2
protect,14
u.s.,65
worker,2
save,28
fiasco,2
crippl,1
mani,52
thorough,2
investig,18
event,21
lead,22
collaps,6
accord,34
reuter,5
percent,40
advic,6
ever,8
recommend,10
someon,8
hold,34
account,67
tax,9
liabil,18
congress,4
recess,1
soon,30
corzine',1
wait,6
progress,17
republican,2
downward,6
pressur,5
mislead,1
sinc,42
took,14
upper,5
spectrum,2
consequ,3
washington-bas,2
rain,13
spawn,1
hearti,1
river,22
hydro-heavi,1
watcher,4
soak,1
rise,33
cut,10
maximum,8
chief,27
joseph,23
95,13
55,13
sunday,58
eve,20
near-norm,5
condit,35
softer,5
socal,19
golden,25
30.5,4
32,3
saw,20
25,64
26.5,4
odd-lot,2
dubiou,3
steepest,1
lighter,5
culprit,4
perplex,2
extent,6
permiss,2
cpuc,8
custom,26
2003,2
emphas,3
hike,1
debt,3
repay,3
negoti,6
health,6
care,21
dramat,6
front,30
onofr,2
1,080,2
derat,6
100,33
caus,27
gas-fir,17
etiwanda,35
320,15
335,2
170,1
calpin,9
plant,18
546,4
off-lin,32
235,2
lo,17
angel,6
mid-60,9
low-to-mid-50,1
led,4
southwest,42
29,29
unconfirm,6
790,8
began,11
thought,18
wee,1
bit,11
optimist,3
colorado-bas,2
428,2
etr,28
sometim,17
normal,142
arizona,7
throughout,9
mexico,7
patrick,21
o'neil,27
beth,3
goodwin,2
caiso,35
250/5480,1
planned/unplan,24
alamito,47
3/320/ga,37
creek,22
project/1020/hydro,14
09-dec-01,26
752mw,12
1/428/coal,2
3/337/ga,22
encina,17
5/332/ga,6
27-oct-01,4
coule,26
19/600/hydro,24
10-dec-01,24
helm,25
pgp,25
2/407/hydro,24
01-oct-01,24
hunter,8
2/472/coal,5
11-dec-01,5
21-dec-01,5
unknown,6
hyatt/thermalito/933/hydro,24
607,18
1/790/coal,5
20-dec-01,7
ormond,42
beach,45
2/750/ga,24
05-oct-01,24
350,28
pittsburg,39
6/317/ga,24
22-nov-01,24
plants/546/ga,9
owner,27
refer,32
previou,38
______________________________________________________________________,24
0.60,4
23.90,2
0.15,2
-0.45,3
20.50,41
2.50,19
0.25,65
0.75,44
warm,30
mostli,47
interconnect,28
gave,5
quieter,1
leav,12
ahead,5
dealer,6
east,15
linger,11
weekli,25
push,16
settl,39
front-month,12
addit,47
megawatt,7
on-lin,6
tight,7
50,35
hand,49
23.9,1
usual,18
spike,10
lmp,18
15,40
16.47,1
15:00,14
balance-of-the-month,4
pretti,12
soft,7
along,10
25.25,28
comment,31
rueful,1
jan/feb,3
around,36
31.5,1
crisp,1
47,3
52,2
correspond,8
higher,60
midwest,33
21,49
robust,3
60,17
nuclear,5
fermi,2
1,085,2
exit,7
refuel,6
ramp,10
43,1
overnight,25
freez,18
stronger,21
southeast,25
mild,30
holiday-rel,1
sold,25
20.5,16
2.5,9
19.5,5
ringlead,1
serc,12
circu,1
joke,3
nonetheless,6
mercuri,9
54,1
59,1
iso,32
congest,28
path,28
nw1,42
nw3,42
az3,42
lc1,42
mid-c,29
PV,25
bom,26
31.50,18
25.50,43
26.00,94
Q1,27
Q2,24
18.00,120
28.75,11
29.75,7
Q3,26
34.00,12
46.00,3
47.00,6
42.25,1
43.25,1
Q4,26
'03,40
33.50,8
34.50,11
36.50,5
bid/ask,24
spread,29
obtain,36
alberta,27
C,44
flat,68
17-dec-01,3
46.75,1
45.05,1
15.55,1
36.27,1
4.73,1
12/20/01,1
12/22/01,1
amount,43
NW,39
cob/nob,24
7-22,24
100mw,28
-0.029,2
feb,24
-0.049,1
suma,24
2.53,3
2.58,1
juan,34
2.37,4
2.42,2
3004,24
97201,24
telephon,28
222-2425,24
econ.com,27
post,30
icon,6
oasi,6
highlight,10
past,19
browser,7
bpat,6
implement,10
tariff,11
term,71
//www.transmission.bpa.gov/oasis/bpat/scheduling/newpostings.htm,1
execut,29
23,35
17,62
35.25,6
27.75,11
1.75,23
33.75,7
24.25,36
23.75,38
mid-50,16
still,57
2.00,30
17.00,71
-7.50,5
28.40,2
24.50,47
rose,41
near-season,2
2.686,5
14.7,2
2.761,2
brought,8
later,27
24.5,12
five-day,19
17.50,48
daytim,11
almost,29
weak,16
cool,29
capac,14
fifti,3
16-dec-01,2
26.75,20
5:18,1
12/17/01,1
1.50,30
2.75,7
4.25,4
25.75,22
-0.60,4
0.40,3
22.75,35
outlook,22
bearish,22
strength,33
promin,1
rain-boost,1
wscc,20
fast,8
longer-term,2
balance-of-decemb,1
technic,2
shed,13
estim,23
80-bcf,1
158-bcf,2
five-year,6
102,6
bcf,40
stand,8
3.106,1
tcf,11
37,4
grow,3
consider,9
huge,5
sustain,8
seem,8
unlik,2
joe,12
barton,1
texa,22
postpon,3
deregul,2
cite,14
sum,6
nervous,1
margin,7
prime,1
29.5,3
lowest,2
gate,7
anywher,10
healthi,22
rain-soak,1
45,15
believ,24
mistak,2
colstrip,25
330,4
seattl,5
territori,10
edg,15
float,4
bounc,4
long-rang,1
particularli,5
larger,5
wider,2
scale,4
28.4,1
sp15-base,1
went,23
unexpectedli,1
moss,39
739,11
novemb,62
mid-40,11
An,8
unexpect,2
prop,2
albeit,3
taken,13
talk,23
err,5
caution,1
20th,2
offset,5
750,11
four,33
corner,21
navajo,7
534,2
mix,12
soothsay,1
250/5343,1
4/335/ga,1
4/320/ga,25
08-nov-01,1
17.25,33
1.95,6
24.10,2
1.40,4
21.50,56
amongst,1
healthier,5
part,30
whole,12
deviat,1
remark,5
tumbl,4
substanti,10
similar,13
steadi,15
forti,1
plateau,3
10:00,4
19.86,1
2,000,1
ad,20
By,5
alreadi,19
plenti,9
pictur,3
18.65,1
18.2,1
balance-of-the-week,3
michigan-bas,2
nuke,9
although,14
afternoon,16
confirm,33
weather-wis,1
worst,3
behind,7
seller,23
low-to-mid-40,2
mid-30,11
weather-rel,5
weaken,7
narrow,8
seventy-f,1
finish,3
18.25,25
18.75,31
carolina,1
ocone,1
847mw,1
high-60,3
gradual,3
blanket,4
0.10,2
18-dec-01,2
0.01,2
30.25,4
31.25,3
37.00,4
48.00,1
43.00,7
44.00,5
34.25,4
37.50,2
14-dec-01,1
43.13,1
42.32,1
15.57,1
34.24,1
-5.02,1
45.21,1
43.37,1
18.69,1
35.64,1
1.41,1
35.76,1
34.88,1
24.19,1
31.54,1
-4.10,1
12/19/01,1
-0.160,1
-0.147,1
2.65,3
2.70,1
2.46,1
2.51,2
19.08,2
18.55,1
.88,2
59,200,1
19.40,2
18.85,3
.78,1
3,200,6
19.75,24
20.48,1
.52,2
24,800,1
34.40,1
33.25,5
34.10,1
10,400,5
29.84,2
1.29,3
6,800,3
24.30,2
23.85,1
23.97,2
.07,1
63,200,1
31.80,1
31.33,1
7,200,8
19.16,1
.71,3
8,800,10
LI,5
href=,5
//www.nwrfc.noaa.gov/cgi-bin/r_fcst_d,5
prod=rcc.hpg,5
desc=long-range_daily_columbia_forecast,5
font,5
color=,5
blue,12
columbia,30
basin,12
snake,5
/font,5
/A,5
.....,20
dec,2
9:52,1
/center,5
connect,17
econnect,3
remot,3
erequest,2
direct,26
et,5
awar,6
network,14
ipass,1
via,17
find,10
link,20
//itcentral.enron.com,2
comput,11
\\mail.enron.com,1
login,1
owa,1
713-853-1411,2
inquiri,7
713-345-4745,1
appreci,17
advanc,10
pre-petit,8
reimburs,8
5,000,6
15,000,6
excess,10
incur,7
travel,29
court,23
manual,3
2nd,4
situat,8
bankruptci,34
clarif,2
pend,7
medical/dental/vis,2
raymond,2
bowen,2
jr.,6
evp,1
financ,10
treasur,4
post-petit,1
promptli,2
upon,19
submiss,1
conduct,8
ordinari,1
cours,16
approv,25
supervisor,1
entertain,3
guidelin,1
forthcom,1
meantim,5
discret,4
expenditur,1
former,12
understand,13
howev,36
unpaid,1
compens,11
impos,1
input,5
counsel,8
sought,2
assur,3
medic,7
dental,1
vision,1
commenc,4
verifi,4
aggreg,1
unfortun,8
brief,6
summari,9
claim,18
expensereport,1
patienc,8
sector,11
welcom,17
public,59
feedback,6
rwr,12
trial,14
biweekli,2
design,8
cover,18
usp,2
japanes,2
asian,3
european,6
latin,2
//www.reedwasden.com/members/download.asp,6
id=111,2
email=mike.swerzbin,6
hello,10
strive,2
effici,5
cleaner,2
renew,5
wind,8
solar,2
fuel,4
cell,23
microturbin,2
semiconductor,3
href='http,3
reed,10
wasden,10
/a,3
appear,15
goto,3
'unsubscribe-sector,2
annual,16
depart,20
insur,9
statement,23
accompani,7
labor,3
incom,5
entitl,9
thereof,2
1400,9
smith,12
street,26
77002-7311,2
washington,7
d.c.,4
domest,3
basic,6
page,16
intern,16
revenu,4
act,7
1974,1
erisa,1
provis,9
commiss,17
carrier,18
shown,2
sharehold,10
853-6161,1
legal,51
main,22
offic,51
payment,24
n-5638,1
welfar,1
constitut,3
avenu,3
n.w.,1
20210,1
stop,13
paycheck,9
stub,7
juli,34
K,8
x7404,8
17.65,2
.26,4
54,400,1
.56,1
8,000,4
19.46,1
.25,2
28,000,1
28.54,1
1.63,3
5,600,6
30.85,2
3.42,1
1.89,1
40,000,2
2.02,8
7,600,1
18.06,1
.80,2
12,800,6
netco,2
ltsw,1
ltnw,4
M,10
\electric\west\analysis\ltwesttrad,1
driscol,26
motley,48
13,33
15.75,23
17.39,1
.54,1
88,000,1
15.50,25
17.09,1
19.21,1
1.17,1
30,400,3
26.91,1
.74,1
6,400,10
35.10,1
34.27,1
16,800,4
22.20,2
21.80,1
22.01,1
.60,1
82,400,1
35.00,13
33.77,1
3.58,1
17,600,2
16.75,11
17.26,1
1.20,1
docket,28
000,18
v.,9
independ,12
corpor,21
diego,10
ancillari,7
rmr,6
el00-95,6
agenda,6
case,36
mitig,4
S,14
ridgewood,4
rto,8
geyser,3
001,3
l.p.,23
paso,6
916,3
ferc,36
CA,4
gross,2
abb,2
er01-812,2
mirant,4
procedur,9
allianc,3
ameren,2
union,4
illinoi,6
refund,11
justif,2
sunnysid,2
cogener,2
partner,13
RW,2
monterey,2
trust,7
merchant,4
447-2166,2
west-wid,1
//cips.ferc.gov/q\cips\misc\ca\ca121901.000.txt,1
feder,14
regulatori,11
santa,5
clau,1
12/19,1
incred,7
ambiti,1
queu,1
swath,1
profil,11
specul,8
end-of-the-year,2
twist,1
thrown,1
clear,10
must-off,1
facet,1
variou,12
protest,1
potenti,10
e-1,1
ex02-7,1
e-2,1
rm01-12,1
structur,16
e-8,1
e-9,1
er02-198,1
delta,1
potrero,1
e-11,1
er02-208,1
e-14,1
er02-250,1
unbundl,1
gmc,1
e-15,1
er02-240,1
duke,5
oakland,1
e-16,1
er02-236,1
e-23,1
rm02-1,1
agreement,39
e-24,1
er99-3144,1
e-35,1
034,1
e-36,1
el01-111,1
monitor,2
anticompetit,2
practic,5
e-37,1
025,1
e-45,1
048,1
049,1
william,53
al,2
e-47,1
el01-68,1
wholesal,16
e-48,1
045,1
PX,1
settlement,8
e-50,1
er01-1639,1
003,1
PG,14
E,20
etc,3
e-53,1
el01-7,1
qf91-50,1
QF,1
statu,14
e-54,1
el01-80,1
usa,3
ec99-80,1
013,1
e-62,1
er99-3426,1
002,1
e-65,1
underschedul,1
penalti,3
e-72,1
rm01-8,1
revis,22
m-1,1
rm02-3,1
comprehens,2
deriv,18
hedg,5
g-15,1
rp00-241,1
energy-ga,1
a-2,1
ad02-7,1
matter,37
andrew,6
B,12
brown,3
ellison,1
schneider,1
harri,3
llp,2
2015,1
H,6
sacramento,6
95814,1
phone,35
fax,24
447-3512,1
eslawfirm.com,1
document,61
addresse,7
advis,3
relianc,1
moreov,1
inadvert,1
compromis,1
waiv,3
attorney-cli,1
infrastructur,1
Q,16
intranet,7
//home.enron.com/updates/qa.html,2
quickli,10
deserv,3
accur,10
Be,2
info,6
kearney,9
ena,8
464-7404,4
recogn,8
regret,3
affect,12
faq,3
endeavor,1
simpl,2
logist,1
difficult,9
solv,5
compil,1
frequently-asked-quest,1
www.enron.com,1
alumni,3
/corp/alumni/,1
fact,8
regularli,3
factual,3
1-800-97-enron,1
yesterday,13
www.home.enron.com,1
julie.kearney,2
//www.transmission.bpa.gov/oasis/bpat/notices/forum/attachments/02-01-02_notice_of_a_rate_case_to_amend_acs-02_generation_imbalance_service_rate.doc,1
downtown,8
membership,7
club,11
maintain,11
career,3
crisi,9
deduct,3
met,4
arrang,10
partnership,5
gracious,1
current/form,1
lifestyl,2
initi,7
fee,5
2/28/2002,1
62.79,1
713.652.0700,1
georgia.fogo,1
wonder,8
.for,1
complimentari,2
workshop,1
bonni,1
monych,1
cpc,1
climat,2
control,13
hot,7
hire,5
Me,3
rsvp,1
keith,3
713.289.3853,1
might,12
transfer,14
publish,6
target,2
primarili,5
floor,9
1:00,2
call-in,1
1-800-820-4690,1
code,10
7012645,1
random,5
heat,41
V6,2
ready-to-us,2
america,39
speed,3
multi-driv,2
mont,2
carlo,2
frequenc,2
durat,11
dispatch,3
output,11
content,10
6.0,1
explain,13
press,7
inc,4
503-722-2023,1
ext,3
211,1
503-722-7130,1
information.pdf,1
auroratm,1
proven,1
leading-edg,1
packag,33
oregon-decemb,1
2001-epi,1
pace-set,1
electric-pow,1
fastest,1
kind,8
critic,10
swift,1
coupl,15
market-simul,1
capacity-expans,1
logic,1
valuat,10
export,5
fail,5
currenc,3
emiss,1
quantiti,2
newli,5
greatli,5
collect,9
canada,7
uniqu,1
put,18
H.,7
existing-,1
future-gener,1
underli,1
driver,10
invalu,1
planner,1
hourli,3
stack,6
windows-bas,1
pentium,1
xp/2000/nt,1
4.0/me/and,1
/98/,1
rather,10
lengthi,1
set-up,1
malowney,11
smurfitston,1
mw,5
14880.00,1
non-consum,1
P.,3
purcel,2
management-portland,1
503-464-8297,1
well-,1
goodby,1
temporari,1
minal,4
dalia,2
412,1
79714,1
915,1
523-4337,1
dalias7,1
hotmail.com,1
04,6
03,10
18.33,1
.58,1
48,000,1
18.94,1
1.09,1
16.95,1
17.31,1
1.11,1
18,400,3
28.52,2
2.38,3
1,200,2
23.42,2
1.15,1
15,200,1
2.11,1
800,7
19.45,1
ice,8
weight,5
addresss,1
respond,11
incorrect,1
record,17
accordingli,5
12404,2
s.e,2
blain,3
DR,1
citi,17
clackama,2
countri,9
US,20
zip,2
97015,2
5036984030,1
prometheu,7
45-day,7
cari,10
park,3
reconcili,1
2/15/02,1
__________________________,1
475-1407,1
mobil,8
newsdata,5
newsdata.com,3
12:43,1
646,1
adob,2
acrobat,2
TO,35
violat,7
law,27
vigor,3
pursu,6
punish,2
fine,4
denial,1
licens,3
screen,7
print,8
discuss,19
preserv,16
strateg,7
restructur,5
reorgan,7
institut,5
oblig,16
dynegi,57
recapit,2
opportun,16
seri,2
stabil,5
voluntari,2
petit,5
relief,11
contrari,4
popular,1
belief,1
court-supervis,1
explor,3
non-cor,1
orderli,1
manner,3
debtor-in-possess,1
shortli,4
fund,13
interim,3
supplement,3
exist,7
capit,3
fulfil,5
associ,18
vendor,1
lawsuit,11
alleg,9
breach,1
wrong,6
merger,25
damag,6
billion,24
revit,1
ownership,7
contempl,1
staf,3
counterparti,7
enrononlin,5
creditor,7
core,7
standpoint,1
safe,4
unavoid,1
cost-sav,1
program,11
entail,2
signific,15
reduct,5
pain,8
notif,2
colleagu,6
lose,16
job,12
rais,7
leader,3
//home.enron.com/,1
simpli,8
yet,17
least,22
behalf,10
board,32
whatev,5
navig,2
better,11
ken,11
journal,11
123645,1
message.to,3
right-click,3
button,6
method,4
entri,8
turn,14
de-select,3
122261,1
effort,17
salari,10
tap,4
especi,11
encourag,7
certainti,2
within,29
4,650,1
seek,3
directli,6
tie,5
prioriti,8
evalu,5
ongo,5
Of,10
prolong,5
agon,2
aid,6
search,14
touch,4
1-800-297-3276,1
autom,4
menu,3
came,26
balanc,19
told,9
www.americanexpress.com/reward,1
suggest,12
relay,1
cara,5
17.75,24
1.06,1
95,200,1
17.85,1
1.55,1
14.00,31
16.20,1
3.09,1
24,000,1
29.63,1
1.46,1
29.88,1
.19,1
24.57,2
1.64,2
44,800,1
32.50,15
30.86,1
.03,1
17.86,2
1.34,1
22,400,3
02,15
guy,11
favor,5
short,30
175,2
thin,6
bookout,2
expand,1
beginn,1
credit,59
experienc,4
obvious,4
shop,7
aggress,1
payout,1
anyway,9
mind,7
onc,12
bob,12
stuff,3
eric,14
strickland,2
mieco,1
562,1
951-1795,1
deposit,7
retriev,1
ehronline.enron.com,1
bank,17
restrict,12
amend,4
age,4
qnec,2
choos,12
transfer/realloc,2
circumst,4
director,19
adopt,3
becam,4
fidel,1
freedom,1
default,2
except,20
permit,3
regardless,1
diversifi,1
held,14
acct,1
drop,32
voic,43
money,13
formerli,2
avoid,12
//resources.hewitt.com/enron,1
benefits.enron.com,4
establish,5
cardhold,2
tracy.ramsey,2
usag,1
airlin,20
hotel,7
car,14
rental,5
restaur,2
attempt,7
deni,10
7th,1
indefinit,2
NO,11
joint,5
non-busi,1
highli,4
xm,1
facilit,3
traci,1
ramsey,1
646-8311,1
345-6252,1
gift,18
tag,6
elv,5
tree,5
wrap,3
implaus,1
imposs,3
lighten,1
burden,3
decid,10
salvat,2
armi,2
underprivileg,1
children,4
erect,1
adorn,1
idea,10
child,2
candi,1
cane,1
fold,1
box,7
blazer,1
ticket,27
jessica,1
burri,1
x3800,1
kara,1
ausenhu,1
x7927,1
12/2/2001,7
11/30/2001,6
12/1/2001,5
Y,2
L,7
10:00:00,4
oracl,2
failov,2
hopix,2
extcisco,2
W,4
N,1
V,1
F,3
O,8
R,39
5:00pm,2
12:00am,1
2:00:00,2
edi_qa,1
revert,1
old,11
instal,2
live,16
kratzer,1
713-345-7672,1
713-318-4746,1
om,1
crm,1
function,4
chew,1
713-345-5377,1
niraj,1
patel,2
713-345-5238,1
sherri,1
zeiler,1
713-345-6604,1
jennif,4
richard,2
713-345-6566,1
extcisco/hopix1,1
12:30:00,1
8:00:00,2
10:30:00,1
6:30:00,1
add,23
redund,2
bottleneck,1
jim,20
brigham,1
713-345-4104,1
buerkl,3
1:18,1
middl,7
121,8
salmon,9
3wtc,6
0306,5
97204,8
464-3832,1
702-4604,1
464-3740,4
jim.buerkl,1
ljm,31
raptor,25
involv,20
retain,13
chewco,12
eb,14
co.,18
litig,21
topic,4
x3-6802,2
dynegy.merg,2
enron.savingsplan,2
osprey,8
possess,5
worldwid,6
enlarg,1
scope,6
earlier,8
x3-6800,4
x3-6801,4
ljm.litig,4
classaction.litig,4
cayman,6
co-invest,4
tnpc1,4
margaux1,4
cortez,4
tnpc,4
osprey1,4
avici,4
catalytica,4
fishtail,4
pulp,4
paper,9
backbon,4
clo,4
merlin,4
nowa,4
sarzyna,4
poland,5
meg,4
yosemit,4
eecc,4
turbin,4
dog,4
1a,4
2a,4
rawhid,4
ljm2/ww,4
loan,4
agrmt,4
llc1,4
rythm,4
cuiaba,4
cayco,4
above-referenc,4
appropri,12
electron,24
properli,5
lawyer,10
tradit,6
i.e.,4
hard-copi,4
sec,20
bodi,6
retent,21
edison,7
x5-7105,4
europ,9
appoint,7
troubh,3
committe,21
dividend,2
certain,12
downgrad,3
pricewaterhousecoop,1
physic,4
teessid,1
station,2
wilton,1
chemic,1
complex,3
wessex,1
turkey,1
itali,1
outsid,15
elect,5
chair,13
newly-form,2
He,15
sec-rel,1
non-execut,1
C.,42
declar,6
//home.enron.com/updates/,4
.42,2
18.81,1
.22,1
65,600,1
19.29,1
1.96,3
28.17,1
.92,2
29.69,1
2.04,3
23.25,21
22.93,2
49,600,1
30.89,1
2.77,1
9,200,1
19.20,1
12,000,3
//www.transmission.bpa.gov/oasis/bpat/scheduling/cwicommonquedelayposting.doc,1
quot,8
script,4
broker,6
steve,52
4:04,2
elizabeth,3
spreadsheet,3
FW,22
sager,2
yoder,37
christian,38
quick,7
assum,15
preoccupi,1
hear,17
later.,1
-sch,1
Hi,16
spell,3
________,1
____,1
hayden,1
frank,8
11:39,1
pleasur,2
spoken,2
7-10,000,2
sf,2
organ,11
pre-leas,2
questionnair,5
holzgang,2
collier,2
503.499.0055,2
503.227.2447,2
michael.holzgang,2
colliers.com,4
www.colliers.com/portland,2
0,63
epmi,29
P,30
11/27/2001,14
HE,17
eol,14
enpow,7
mid,15
np-15,10
OP,5
real,20
month-to-d,4
dec-01,8
bal,3
30,800,3
277,3
11/01/2001,2
400,5
jan-02,6
feb-02,6
38.00,10
mar-02,6
376,2
647,1
10,602,784,1
68,6
3,144,593,1
383,1
5,448,600,1
184,1
5,217,024,1
430,1
10,286,535,1
269,1
18,550,468,1
1,727,1
2,265,616,1
612,1
1,295,276,1
952,1
1,057,800,1
414,2
678,759,1
1,202,1
1,738,544,1
675,1
2,535,733,1
1,386,1
35,275,1
513,1
43,342,1
6,727,1
31,435,154,1
2,735,1
31,465,195,1
340,928,1
96,200,1
302,800,1
763,010,1
1,028,544,1
737,450,1
61,1
124,280,1
2,850,1
39,2
146,200,1
41,282,1
82,2
2,050,1
1,742,1
1,955,202,1
99,2
1,654,534,1
2,200,1
2,003,1
27.98,1
23.51,1
150,000,1
72,800,1
32.01,1
1800,1
1900,1
38.50,6
31.68,1
3,600,1
30,000,1
1000,8
1100,1
1200,1
1300,1
1500,2
28.80,1
100,000,2
27.57,1
31,200,1
29.83,1
20,800,2
28.45,1
54.50,1
34.75,1
0900,1
1700,1
2100,1
2200,1
31.13,1
60,000,1
31.03,1
41,600,1
31.48,1
60,800,1
748,900,1
11,000,1
1,218.06,1
123538,1
dad,1
hey,8
erin,2
copy-and-past,1
//www.passitaround.com/passit.pd,1
i=243603136,1
m=4850,1
rr=i,1
source=passit999,1
antitrust,7
lanc,4
schuler,3
robert,11
eickenroht,2
haedick,3
rob,8
wall,10
acquir,5
foreign,4
particular,4
competitor,1
undertaken,1
arm,8
length,5
therefor,4
treat,3
unaffili,1
notwithstand,1
muller,1
greg,13
whalley,5
absolut,1
disclos,2
forego,1
713/853-5419,1
713/853-3155,1
713/853-6544,1
713/646-6017,1
trv,1
-ryan,1
5-3874,1
11/30/01,1
3:00,4
5:00,3
enron.benefitsnow.com,1
1-800-332-7979,1
//home.enron.com/updates/mergerqa.html,1
immigr,1
stay,22
tune,3
transit,6
8:00,2
enronbenefit,1
pace,1
paul,15
choi,1
million,36
trigger,7
6-9,1
ceo,8
mine,4
1989,3
foundat,3
remaind,2
remedi,1
proud,3
built,4
problem,22
drug,1
onboard,1
24.75,20
25.69,1
80,800,1
23.40,2
21.99,1
2.87,1
19,200,3
35.75,2
35.45,1
35.61,1
.50,1
15.25,12
22.46,1
6.66,1
24.40,2
24.53,1
.49,2
99,200,1
25.93,1
5.93,1
24.15,4
.20,2
13,600,1
Us,2
veteran,1
Wo,1
aep,1
powerex,1
tenor,3
morgan,3
stanley,2
reliant,3
allegheni,1
transalta,4
coral,1
aquila,1
idacorp,3
sempra,1
deadlin,11
pm,5
2:46,1
badeer,4
matt,48
crandal,10
sean,13
scholt,9
diana,8
richter,2
jeff,16
alonso,7
cof,1
timothi,2
mallori,3
salisburi,1
holden,1
alport,2
kysa,2
syme,1
kate,1
bishop,2
serena,2
fischer,4
foster,4
fran,7
dunton,3
heather,4
samantha,2
nichola,2
12:30,1
1:15,1
epmi-west,1
503-464-7756,1
addendum,1
swing,3
24.98,1
1.08,1
112,000,1
2.10,3
26.40,1
24.86,1
2.62,1
36,000,2
36.11,1
.79,2
29.12,2
2.49,3
25.02,2
77,600,1
31.86,2
3.83,2
23.95,4
1.90,1
12th,1
13th,1
9th,1
grace,3
x8321,2
grant,41
336,4
chelan,5
dougla,2
eweb,6
cold,52
mwa,1
oct-00,1
nov-00,1
dec-00,1
5280,1
6132,1
6454,1
337,10
431,1
485,1
479,1
152,1
228,1
297,1
310,1
370,1
402,1
6509,1
7552,1
8008,1
temp,1
adjust,5
0.0,1
1.0,1
neutral,1
3-oct,1
10-oct,1
17-oct,1
24-oct,1
31-oct,1
7-nov,1
14-nov,1
21-nov,1
28-nov,1
5-dec,1
12-dec,1
19-dec,1
26-dec,1
3120,1
3032,1
3112,1
314,1
323,1
91,2
107,1
124,8
119,1
275,1
285,1
289,1
3907,1
3877,1
3938,1
chairman,18
investor,12
proxi,5
statement/prospectu,4
1.5,8
northern,25
merg,4
chevrontexaco,3
approxim,13
subsidiari,5
combin,16
coo,3
togeth,15
smooth,3
integr,3
enorm,2
identifi,5
media,11
holder,2
77002,7
largest,6
compon,4
ratio,1
0.2685,1
exampl,8
convert,1
268,1
fraction,2
26,45
700,9
late,51
chuck,3
watson,2
bergstrom,1
frevert,1
make-up,1
third,10
quarter,7
elimin,2
inevit,1
key,7
task,7
optim,4
attrit,1
clearli,3
involuntari,2
separ,2
motiv,2
talent,2
promis,5
rebuild,4
confid,8
frequent,3
853-5670,1
bright,1
enabl,1
tremend,4
enterpris,1
powerhous,1
urg,2
read,14
www.sec.gov,1
incorpor,6
either,21
louisiana,1
suit,15
5800,1
507-6400,1
507-6808,1
853-3956,1
646-3002,1
ident,3
solicit,1
descript,1
indirect,1
14a,1
//home.enron.com/message/,1
09,5
26.06,1
1.73,2
120,000,1
25.03,4
27.48,1
1.74,1
39,200,1
37.75,2
36.55,1
36.90,1
1.05,1
26.10,1
25.90,1
3.06,1
80,000,1
1.88,3
calendar,7
grig,2
complic,11
attorney,20
dow,13
jone,14
regul,15
newswir,7
scrutin,3
vertic,3
commod,7
bryan,2
justic,4
enron-dynegi,2
concentr,2
race,20
clock,4
market-pow,2
peril,2
horizont,2
aspect,2
1935,2
sidestep,2
analyst,15
dynegy-enron,1
reg,1
11/08/2001,1
OF,32
dyn,1
ene,3
time-consum,1
regulatory-review,1
numer,1
surviv,2
canadian,5
commerc,4
weigh,4
illinova,1
strike,14
Co,1
nwn,1
sixth,1
scrutini,1
merger-review,1
beast,1
acquisit,2
stretch,2
primari,3
unaccept,1
market-bas,1
pose,3
road,3
platt,1
nearli,4
threshold,1
undertak,1
wo,8
compar,16
contractu,2
truli,4
assess,3
far,11
smaller,4
upstream,1
gather,1
problemat,1
encount,1
internet-bas,1
harder,1
certainli,1
oftentim,1
noth,11
nonenergy-rel,1
enough,12
pass,13
muster,2
depression-era,1
geograph,1
nonenergi,1
multist,1
exempt,1
confin,2
divest,2
garner,2
stake,8
cvx,1
familiar,2
nonvot,1
convers,4
conting,6
stock-for-stock,1
driven,4
increasingli,1
crunch,1
predomin,1
politician,2
expedit,1
verg,1
lenient,1
frig,1
tourniquet,1
-bi,2
202-862-6647,1
bryan.le,1
dowjones.com,2
//www.transmission.bpa.gov/oasis/bpat/buspractices/forum/messageview.cfm,1
catid=10,1
threadid=62,1
observ,3
graphic,1
display,3
2020,1
comparison,3
realiz,4
backend,1
08,6
24.70,1
24.33,1
.89,1
66,400,2
25.23,1
1.44,1
25.30,2
25.74,1
.36,1
36.25,1
35.85,1
2.36,1
26.25,20
26.63,1
5.22,1
1,600,1
22.60,1
22.84,1
.97,2
76,000,1
28.03,1
4.45,1
4,800,3
20,000,1
affair,1
realli,15
id=124,2
powerpool,5
11/08,1
05:00,3
buddi,2
virtual,3
sportsbook,2
bet,4
superbowl,1
19.95,2
//www.officefootballpool.com/picks.cfm,3
troubl,7
//www.officefootballpool.com/unsub.cfm,3
id=53424,3
cal=ro5,3
interview,13
train,11
2:00,6
jack,3
anthoni,1
lavorato,4
arriv,14
7lb,1
11oz,1
dina,1
07,6
23.44,1
.47,2
124,000,1
23.79,1
25.38,1
.44,2
33.60,1
33.49,2
32.65,2
31.85,1
.15,1
23.60,2
23.81,2
.57,1
140,800,1
32.48,1
.69,1
16,000,2
23.26,1
.33,1
75,200,2
HS,4
eugen,5
vs.,4
play-off,1
11/9/01,1
4:30pm,2
5:30pm,1
willamett,2
lincoln,1
8:00pm,1
churchhil,1
cathol,3
anna,5
x3834,2
embed,3
microsoft,3
clip,2
galleri,2
rough,2
grigsbi,7
derrick,4
ok.,4
riordan,1
4:07,1
quit,4
announcements/corp/enron,3
7:36,2
suspens,3
excel,9
IT,15
articl,10
takeov,1
occur,8
11/07/01,1
yvett,1
simpson,1
3-9595,1
3-5879,1
carmella,1
placement,1
'd,16
630-990-7510,1
earliest,3
speak,10
todd,3
kubicki,1
kappa,1
tkubicki,1
kappasearch.com,1
22.97,1
.43,1
56,800,1
1.12,2
24.94,1
36.00,4
35.22,1
.55,1
24.38,1
164,000,1
33.17,1
.93,3
23.59,1
.14,1
coal,15
joelen,2
whittak,2
stm,2
dte,2
minimum,6
candid,6
transport,14
jwhittak,2
stmassociates.com,2
My,18
www.dtecs.com/sitemap.html,1
//www.dtecs.com/sitemap.html,1
ann,1
arbor,1
michigan,2
denver,6
qualif,2
toll,2
solid,1
senior-level,1
whose,4
fit,1
deem,7
calib,1
801,1
531-6500,1
nov,3
8:20,1
happen,14
dean,4
formal,6
bbb+,3
three-year,2
depot,4
store,4
rundown,1
letter,6
jpmorgan,3
salomon,2
worth,11
transwestern,3
short-term,4
commerci,6
austin,3
in-depth,2
moodi,1
baa1,1
baa2,1
poor,2
bbb,3
fitch,2
bbb-,1
grade,2
inde,2
5,866,1
302,1
fix,7
115,1
mississippi,1
sloan-kett,1
cancer,1
seriou,2
credibl,1
reput,2
introspect,1
clinic,2
flu,1
shot,2
8:30,3
a.m.-10:30,1
spous,2
josi,1
jarnagin,1
axford,2
bruce,7
calger,7
clark,3
Ed,11
cutsforth,4
dian,4
davidson,2
elafandi,2
Mo,3
eriksson,1
fredrik,1
fuller,2
dave,12
gilbert,3
gustafson,1
molli,1
meyer,2
mile,3
darryl,1
mumm,3
nalluri,1
susmitha,1
nelson,4
kourtney,3
Oh,8
ranc,1
susan,1
rasmussen,2
dale,4
semperg,4
sheppard,2
kathryn,4
shield,2
slaughter,1
soderquist,1
larri,4
van,2
gelder,1
villeggiant,2
theresa,3
laura,3
iii,4
jason,39
amanda,2
=20,4
F.,4
thoma,7
martin,6
charl,7
=09rybarski,1
=09monday,1
3:27,3
=09cross,1
edith,1
curri,2
pacheco,1
leonardo,1
furrow,2
valderram=,1
meyn,1
christoph,4
abler,1
donovan,2
terri,2
w.=,1
rorschach,1
reagan,1
wang,1
gilbert-smith,3
doug,4
king,6
saibi,1
E=,2
ric,1
schiavon,1
kaniss,1
sturm,2
fletcher,2
benson,1
da=,2
vi,1
dana,5
D.,5
carson,2
yawapongsi=,1
ri,1
virawan,1
agarwalla,1
dipak,1
bayer,1
adam,1
burk,1
bart,1
cline,1
phili=,1
p,2
willi,1
gaskil,2
giron,1
gustavo,1
imai,2
rika,2
johnston,2
li=,1
eskovski,1
jozef,1
lin,1
marquez,1
mauricio,1
o'malley,1
justin,1
pehlivan=,1
ova,1
biliana,1
pimenov,1
vladi,1
plachi,1
tucker,1
lloyd,1
mahmassani,1
souad,1
wolf,8
heu,1
mog,1
ryan,6
frihart,1
bryant=,1
mim,1
patric,1
L.,3
breslau,1
otto,1
T=,1
aylor,1
kaiser,1
jare,1
vicker,3
shipo,1
miller,2
step=,1
hani,1
tycholiz,3
barri,7
ward,1
kim,3
storey,1
geoff,1
shive,2
townsend,1
judi,1
ring,2
andrea,8
brawner,1
sandra,1
nea=,1
l,2
scott,7
mckay,1
jonathan,1
maggi,1
quigley,1
dutch,2
lavorat=,1
bass,2
weldon,1
V.,3
lenhart,3
matthe=,1
w,2
steven,3
reitmey,1
jay,2
tholt,1
jane,1
ermi,1
holst,1
allen,5
phillip,5
K.,4
mathew,1
=09gaskil,1
=09commod,1
link=,1
//fundamentals.netco.enron.com/main.asp,1
rybarski,1
fundamentals=20,1
853-4384,1
646-8453,1
877,3
482-0772,1
560-0934,1
pm-3:30,1
gmt-08:00,1
tijuana,1
conf,2
88,800,2
24.85,5
21.08,2
1.80,2
2,400,5
23.45,1
25.41,1
.48,1
36.75,1
35.77,1
3.24,1
29.05,1
31.56,1
1.77,1
25.40,1
24.64,1
.01,1
32.24,1
23.73,1
2.13,4
27,200,1
imper,2
westin,1
cantera,1
resort,1
antonio,2
away,6
forfeit,1
sacrific,2
sincer,4
abbrevi,1
worthwhil,1
lay,8
drive,10
kane,5
4.85,1
106,400,1
22.88,1
3.50,7
25.05,1
25.89,1
39.75,6
39.01,1
4.80,1
33.90,1
32.75,7
33.33,2
2.72,1
24.45,1
24.65,1
1.60,2
33.21,1
.65,1
25.86,1
4.60,1
long-term,7
notch,2
A2,1
A3,1
unusu,4
A-,1
parent,6
reflect,11
adequ,2
greater,5
cushion,2
aris,1
penetr,1
slide,3
scenario,1
depict,1
snow,13
map,2
01,8
19.25,22
20.18,1
2.96,1
84,000,1
19.38,1
2.45,5
25.20,1
25.63,1
28,800,1
34.21,1
11,200,1
30.61,1
4.64,1
23.20,1
22.80,2
23.05,5
81,600,1
32.56,1
4.32,1
14,400,1
21.26,1
2.59,2
regain,1
longstand,1
chase,4
citigroup,1
proce,2
matur,2
expediti,1
discourag,3
neg,4
coverag,5
editori,2
chronicl,1
//www.chron.com/cs/cda/story.hts/editorial/outlook/1107504,1
extrem,2
forget,3
transcript,1
tv,3
id=95,2
promot,4
11/01,1
juic,1
straight,2
fantast,1
signup,1
Go,5
dial-in,6
7:45,2
ec,1
06752,1
calgari,4
888.285.4585,1
869944,1
107058,1
liz,4
taylor,5
x31935,1
//www.transmission.bpa.gov/oasis/bpat/scheduling/01-28-02_gen_interconnection_draft.doc,1
baker,2
savag,3
wilmer,2
cutler,2
picker,2
jeffer,1
hine,1
thelma,1
kelley,1
teach,1
tort,1
jurisprud,1
civil,5
j.d,1
harvard,2
1973,1
compris,1
paulo,1
ferraz,1
pereira,1
brazilian-own,1
bonanza,2
herbert,2
winokur,1
capricorn,1
R.,2
mcluca,1
head,8
divis,2
deloitt,1
surround,5
appris,1
luau,2
photo,6
album,1
/admin,1
assistants/parties/2001,1
reliv,1
fyi,3
istaffinggroup.com,4
intercontinent,3
introduc,3
distinct,1
advantag,3
knowledg,2
exposur,5
fill,5
marketing/origin,1
referr,1
gari,3
pitt,2
850-8399,1
850-7746,1
281,1
467-0022,1
1:26,1
2:15-2:30,1
doubl,4
extra,4
studi,6
11/7/01,1
outlin,1
student,1
grab,1
beer,8
assoc,1
breakfast,1
associate-level,1
pre-screen,1
11:30,2
debrief,1
session,14
3:30,2
blow,3
commentari,8
chart,15
id=110,2
'unsubscribe-weekli,1
among,8
makeup,1
31.05,2
32.03,1
132,800,1
27.88,1
.61,1
.31,1
40.25,3
39.98,1
34.07,1
10,000,2
32.25,6
1.86,1
32,800,1
33.78,1
1.32,1
6,000,2
33.11,1
2.08,4
transalta.com,9
luscar/usw,3
enmax.com,3
transcanada.com,3
luscar,3
richey,5
macphe,2
powerpool.ab.ca,2
blend,2
9:56,1
heizenrad,8
sarnowski,4
10:53,1
keohan,1
crawford,1
sharon,1
greenizan,1
fichten,1
murray,2
derek,4
jim_paton,1
10:04,1
howie_thoma,1
bbaker,1
kolsen,1
dupuy,1
robert_coop,1
candice_thiessen,1
jimo,1
encoreenergy.com,1
clast,1
rhay,1
epcor.ca,1
gwen_wenstrom,1
doug.heath,1
bpinfo,1
tony_smith,1
garth_wong,1
jim_balshaw,1
labour,1
alrb,1
picket,1
disrupt,1
sundanc,1
keephil,1
slow,3
suboptimum,1
thereaft,2
object,2
adapt,1
minim,1
ppa,1
usw,1
consequenti,1
gen,3
l/r,2
enronwest,1
staff/kourtney,1
adj,1
l_r,1
data/format,1
strategi,2
2001_2002,1
-pleas,1
flag,1
column,4
calc,3
interact,2
thu,5
464-8280,1
kourtney.nelson,1
older,4
newer,2
compaq,2
breakdown,1
35,8
defend,4
privat,6
reform,4
destruct,3
handwritten,1
agent,5
liabl,1
crimin,5
713-853-5550,1
mammogram,3
certif,14
ed,7
contractor,2
anderson,4
mammographi,2
1:30,1
5:30,1
studio,1
registr,3
12-16,1
retire,1
85,12
payabl,2
BE,7
713-745-4000,1
//www.mdanderson.org/departments/mobilemamm/dindex.cfm,1
pn=29c87a2e-b66a-11d4-80fb00508b603a14,1
non-profit,2
women,1
//www.the-rose.org/,1
//q.go.com/s/t/r.dl,36
mid=82834889384,36
tid=1008743671,3
ultimatetv,3
tid=1008723781,2
fba,2
directv,2
tid=1008752069,2
tid=1008610629,2
bobblehead,2
tid=1008752290,2
//a8.g.akamaitech.net/7/8/631/000/adimages.go.com/ad/sponsors/espnnewsletter_101001/corner_content.gif,2
tid=1008752511,2
tid=1008752732,2
tid=1008753174,2
TM,2
tid=1008709637,1
tid=1008534826,1
tid=1008723339,1
tid=1008723560,1
tid=1008724002,1
tid=1008724223,1
tid=1008555379,1
interfac,3
uncontest,1
layup,1
MJ,1
tid=1008753395,1
tid=1008753616,1
foot,1
injuri,3
tid=1008753837,1
tid=1008755163,1
tid=1008754279,1
tour,12
preseason,1
mail-in,1
rebat,3
retail,5
ultimatetv.com,1
bc,1
tid=1008754500,1
radio,3
play-by-play,1
tid=1008708974,1
preview,2
tid=1008754721,1
heisman,1
watch,8
tid=1008754942,1
tid=1008711626,1
//a8.g.akamaitech.net/7/8/631/000/adimages.go.com/ad/sponsors/espnnewsletter_102301/box_bobbletab.gif,1
doll,1
clue,1
yanke,1
surg,3
marin,1
less-than-happi,1
fairytal,1
diamondback,1
hurler,1
curt,1
shill,1
johnson,3
crash,1
fourth,1
octoberfest,1
destin,4
break,10
scout,1
matchup,1
reward,4
//www.npdor.com/joinnow.asp,1
recruit=1024010501,1
pasadena,2
teamstor,1
qualifi,2
stadium,1
//www.webapply.com/mlb-wk6,1
tid=1008752953,1
stadium-blanket,1
tid=1008712068,1
//q.go.com/giftrackersvc,1
foo=bar,1
message_id=374818504,1
job_id=1125098,1
role,11
mid-market,6
fred,5
focu,5
brian,4
redmond,3
alloc,2
vari,6
producer/wellhead,1
wellhead,1
consolid,4
lagrasta,2
singl,7
u.,2
unchang,7
whitt,2
luce,1
leadership,4
louis,10
guess,8
closest,3
12/31/01,1
noon,4
10/26/01,1
actual,20
perri,1
503.464.3729,1
503.807.6106,1
503.464.3740,4
todd.perri,1
vacat,5
503.913.5382,1
mcmahon,1
unparallel,1
deep,3
andi,1
fastow,1
absenc,3
1994,2
net,6
cfo,1
packet,3
worksheet,1
guid,2
asap,1
satisfi,1
roll,2
www.enron.benefitsnow.com,1
332-7979,1
Q.,1
bag,2
ew,5
rodriguez,1
6:58,1
provinc,2
bc-alberta,1
interti,1
decreas,9
rel,9
zero,4
thestreet,4
matthew,2
plauch,2
8:54,1
10:48,1
landri,1
chad,1
10:27,1
stephen,2
one-handl,1
ckl,1
kiani-aslani,1
8:33,1
gonzalez,2
decook,1
12:09,3
//www.cpc.ncep.noaa.gov/products/predictions/multi_season/13_seasonal_outlooks/color/seasonal_forecast.html,1
//www.noaanews.noaa.gov/stories/images/winter2001-2002.jpg,1
doc1.doc,1
mention,8
....,45
inbox,2
trash/delet,1
rollov,1
destroy,7
onto,2
floppi,1
cd,1
rock,3
bottom,6
11:45,2
align,2
radic,1
11:40,2
celebr,5
probabl,11
figur,6
kcalori,1
burn,3
ride,5
septemb,42
dedic,5
ourselv,2
sit,7
categori,3
bike,9
commut,1
courtesi,2
Th,1
highest,7
tel,3
464-8863,1
464-8058,1
equal,10
mwhr,4
37,250,4
94.5,2
7.5,2
hr,3
279,375,2
impress,6
4,100,000,2
discount,4
flexibl,3
assumpt,6
stewart,17
garrett,2
stephenson,2
ercot,3
knew,4
713-977-3600,1
281-507-5627,1
bj=3300,4
bu=21165520,4
//games.espn.go.com/directmarketing/img/fred.gif,3
1,000,000,2
//games.espn.go.com/directmarketing/img/hd_left.gif,1
//games.espn.go.com/directmarketing/img/hd_right.gif,1
correctli,2
gold,1
medal,1
//www.2002challenge.officedepot.com,1
bt=9986,1
palov,1
bt=9988,1
bt=9987,1
readi,3
dollar,25
hardcopi,1
unless,6
p00500344,1
5034643816,1
janic,1
priddi,1
713-853-7839,1
newhous,1
clickathom,1
713-345-4185,1
enron.payrol,1
//etcsurvey.corp.enron.com/wi/p0810709/i.asp,1
r=18214,1
s=tfcdkyri,1
l=9,1
tonight,3
51353,3
22.8,6
MM,2
22.8mm,1
vs,1
25mm,1
spoke,2
educ,4
noonan,2
polar,2
wayland,1
tf,1
robbi,1
son,1
known,7
loss,11
tragedi,5
c/o,1
89,1
cross,2
greenwich,1
06830,1
917-691-5153,1
kurt,1
448835.1,2
9:55,1
rosman,13
10123,1
330315.1,1
281938.1,1
non-deliveri,1
june,16
profit,18
depend,4
govern,5
ehronlin,1
//ehronline.enron.com,1
//hrweb.enron.com,2
painewebb,1
human,6
9/30/01,2
georgann,1
hodg,2
month-end,1
disagre,1
release/remov,1
11,432,070,1
surplu,2
contig,1
claus,1
2/1/01,1
11,400,000,1
32,070,1
explan,3
10mm,1
ltca,2
8/21/01,2
chariti,2
1731,2
alexandria,2
VA,2
22314,2
donat,9
command,1
9/25/2001,1
12:04:57,1
transactionid,1
400957,1
agencyid,1
1773,1
donorid,1
6661,1
giftdat,1
9/24/2001,1
giftamount,1
11th,1
disast,4
easymatch.com,1
1-866-545-9204,2
volunt,3
incent,1
ami,10
joyner,2
tamera,2
fitzpatrick,4
tot,2
11:55,1
09/04/01,1
35,715,1
14,286,1
vest,9
resend,2
tammi,2
dsi,13
hardi,9
rhardi,3
hardyenergy.com,3
matrix,2
aluminum,6
curtail,15
alcoa,2
privi,2
overal,5
1/25/2002,7
1/24/2002,3
1/27/2002,3
1/28/2002,2
cabl,1
nilson,1
busto,1
55-11-5503-1347,1
1:45:00,1
2:45:00,1
11:45:00,1
12:45:00,1
7:45:00,1
8:45:00,1
brennan,2
713-853-4545,2
edward,2
7138536744,1
brook,1
713-345-8077,1
nomin,9
hero,2
employee-driven,1
demonstr,2
spirit,2
philosophi,1
day-to-day,2
attitud,3
fellow,8
home.enron.com,1
//home.enron.com,1
mbx_chairmansaward,1
finalist,1
adher,1
assembl,9
burton,8
XX,5
vote,7
consum,19
kv,5
bailout,4
ab67,4
AB,3
67xx,3
languag,4
bond,4
dwr,6
fate,3
reject,3
70,16
2.9b,2
advoc,3
ctma,2
owe,3
G.,1
britt,1
whitman,1
ex:5-4014,1
kristin,1
walsh,1
ex:3-9510,1
seal,1
eye,3
passag,1
SB,1
78xx,1
pro,1
tem,1
perhap,6
man,7
sb78xx,1
sb78,1
instead,3
reviv,2
gut,1
modifi,1
consist,2
rumor,14
120,4
5-year,1
twice,6
2010.,1
11.6,3
issuanc,1
2.5b,1
exact,2
switch,1
shift,1
listen,1
angelid,1
argument,4
doubt,3
insist,6
loyalti,1
complianc,4
gov,2
dissent,1
block,3
adamantli,1
oppos,2
lack,4
residenti,2
defeat,1
conceiv,3
ineffect,1
inadequ,1
discours,1
midnight,2
hurriedli,1
adjourn,1
bare,2
opposit,2
debat,1
voluntarili,1
perspect,2
alon,5
2B,2
satisfact,2
inabl,2
securit,1
small,6
flee,1
surcharg,4
trim,1
prompt,5
david,27
7:25,1
lalji,1
farouk,1
bullish,5
temperature-wis,1
precipit,12
pac,1
95-105,1
earth,1
//www.cpc.ncep.noaa.gov/products/predictions/90day/lead03/index.html,1
disco,1
//www.cpc.ncep.noaa.gov/products/predictions/90day/fxus05.html,1
//www.cpc.ncep.noaa.gov/products/predictions/90day/,1
non,7
1/1/02,2
priest,1
rapid,1
wanapum,1
10/31/05,1
defin,1
carri,9
nonfirm,1
lump,2
stream,9
briefli,5
methodolog,4
raw,1
ie,1
ran,3
describ,5
503-464-3810,1
seeker,6
registri,3
mail-list.com,3
home.com,4
god,2
birthday,2
blank,4
primary.net,1
august,28
12:56,1
summer,12
reunion,2
dead,5
exactli,6
frustrat,2
UP,2
wit,3
//www.seekersofthelost.com,1
demoss,1
lost/wwinvestig,1
shultz,1
founder,1
seeklost.com,1
375-6487,1
08/17/01,1
dear,3
bless,3
vicki,1
08/16/01,1
reunit,2
brother,1
dream,4
true,3
wife,1
ohio,2
biggest,4
donna,2
seekerlist-on,1
seekerlist-off,1
seekerlist-chang,1
launch,1
cyberspac,1
jjschaller,2
msn.com,2
1:31,1
earnest,1
perfect,1
8.0,1
fatdogtrad,4
officefootballpool.com,4
idaho,4
yearli,2
churchladi,2
churchman,2
5:38,2
folger,3
//www.officefootballpool.com,2
3583,2
okay,3
url,5
instant,5
yahoo,2
hotmail,2
//www.hp.com/itrc_pdi/itrc/swindex/hp_deskjet_840_842_843_series_en.html,2
jeffrey,6
503.464.7789,2
503.708.1760,2
jeffrey.oh,2
speedvis,7
got,21
OK,3
kill,3
sponsorship,3
600,000,3
th,3
sort,4
seven,8
cheer,6
batchelor,5
john.topgear,5
ukgateway.net,5
4:15,3
btcc,4
UK,4
nascar,4
team-mat,4
01625,4
520997,4
07710,4
769289,4
brain,7
autograph,4
weird,5
stori,11
advertis,5
421598.1,5
LP,6
lousiana,3
remarket,3
wwp,3
ST,3
LT,2
split,9
puget,2
virginia,2
754187.1,2
rout,2
all-,1
factor,16
530654.1,1
1-9,1
530689.1,1
10-24,1
530716.1,1
VT,1
pge-deal,1
529161.1,1
pacific-d,1
buy-back,1
disput,3
464-8122,3
860-8612,3
3wtc0306,4
james.bruc,3
388136.1,1
busbar,1
spring,7
tcl,1
left,14
del,1
ds,2
246859.1,1
.2,1
smurfit-ston,1
17-30,1
l-p.,1
retroact,1
7/1/01,1
8/22,1
sorri,4
inconveni,5
sokol,2
blosser,2
wine,2
bottl,3
basket,2
accessori,3
wooden,1
logo-,1
pinot,1
noir,1
evolut,1
n,4
lift,6
logo,1
signatur,1
swiss,4
knive,1
luggag,2
workspac,1
portabl,1
detector,1
99.95,1
atom,1
alarm,1
555,2
011,1
44,1
207,1
375,3
8762,1
chip,6
x8916,1
hawaiian,2
picnic,2
tabor,1
band,2
hula,1
dancer,1
noho,1
cafe,1
cater,1
wear,3
aloha,1
dress,1
~anna~,1
baggag,17
passeng,13
carriag,6
departur,7
LV,4
AR,4
CL,4
flight,13
refus,6
overbook,3
itinerari,6
check-in,3
type,3
dalla,2
FT,2
interntnl,2
snack,4
ohar,2
5B,2
death,7
fragil,3
perish,2
failur,3
aircraft,9
carrier',2
airport,7
wholli,3
journey,3
uncheck,2
AA,1
smtp,1
aa.com,1
6:07,1
ross,1
haik,1
lombino,1
dznpcw,1
14aug01,1
airlines/american,1
government-issu,1
expir,4
IS,16
non-return,1
accommod,3
proper,2
0012108938509,1
fare-usd,1
tran,1
aadvantag,1
certificate-,1
p40r,1
06sep,1
209p,1
flt1644,1
752p,1
4F,1
853p,1
flt1264,1
1235a,1
09sep,1
323p,1
flt1383,1
538p,1
649p,1
flt1681,1
917p,1
non-refund,2
1-800-882-8880,1
//www.aa.com,1
oversea,1
reconfirm,1
substitut,1
rerout,1
inspect,2
2500,1
portion,6
9.07,1
pound,1
kilo,1
pursuant,1
passenger',1
634.90,1
liabiiti,1
jewelri,1
camera,1
silverwar,1
sampl,1
paint,1
antiqu,1
artifact,1
manuscript,1
fur,1
irreplac,1
IN,22
prescript,1
compart,1
scratch,2
nick,6
lock,4
tear,4
warsaw,1
convent,2
embodi,1
oversal,1
airline',1
counter,2
identif,2
fifteen,3
elig,2
carry-on,1
safeti,4
varieti,2
ignit,1
toxic,1
fume,1
www.aa.com,1
nrid,1
4466545613331417044247400,1
var,4
41.9,1
38.7m,1
22.7,1
partial,1
intra,1
aug,3
nw-lt,1
nw-st,1
16.50,47
22.25,24
14.50,35
andersen,14
duncan,11
21-jan-02,7
2.25,12
friday/saturday,6
16.5,8
anticip,23
whi,13
utah-bas,3
arizona-bas,4
huntington,2
24-jan-02,3
26-jan-02,2
25-jan-02,2
21.85,2
2.048,2
2.09,3
climb,25
upper-50,3
01/24/02,1
-0.05,1
-0.90,1
1.65,1
15.00,46
mover,2
displac,1
thursday',1
ralli,8
fire,7
testifi,2
shred,2
invok,2
incrimin,1
arthur,3
getaway,1
wheel,5
subcommitte,1
rep.,2
greenwood,1
r-pa.,1
meanwhil,11
fault,5
ubs-warburg,1
toward,6
restart,4
impromptu,1
orient,1
reestablish,1
spokesman,2
walker,1
buildup,1
intent,3
somewher,1
catalyst,1
141,1
strongest,1
unrespons,1
mayb,4
caught,5
upcom,2
shape,1
23.5,7
similarli,2
judg,8
montali,2
diablo,6
canyon,6
jurisdict,1
240,1
mid-stat,12
low-50,6
l.a,1
slight,7
momentum,1
phoenix-bas,4
14.5,2
soar,2
21.5,17
425,1
cholla,8
380,1
455,1
48,6
72-hour,2
turnaround,3
vibrat,1
PA,1
jessi,19
norri,19
250/6764,1
6/480/ga,3
20-jan-02,9
3/700/coal,7
11-jan-02,18
4/303/ga,6
12-jan-02,11
09-jan-02,15
14-mar-02,9
hayn,15
6/341/ga,13
07-jan-02,19
2/455/coal,1
506,6
morro,22
4/336/ga,5
7/739/ga,9
29-dec-01,21
1/725/ga,17
28-dec-01,20
7/682/ga,12
scattergood,3
3/445/ga,2
22-jan-02,3
2/750/coal,2
02-feb-02,2
25-feb-02,2
3/750/coal,1
0.35,1
0.85,3
-0.10,1
17.70,1
-0.30,1
16.60,1
18.20,1
0.30,3
buck,9
everywher,4
eas,2
2.8,1
0.1,1
21.2,1
valley,1
/wmh,1
reliev,4
19.7,3
wisconsin,1
upper-20,3
snap,4
short-liv,2
increment,7
t0,1
17.7,1
19.1,1
18.9,1
pattern,6
rebound,3
upper-60,5
mid-70,1
16.00,60
april,25
39.00,11
23-jan-02,1
42.15,1
41.51,1
24.51,1
36.31,1
3.03,1
01/27/02,1
01/28/02,1
200mw,4
-0.028,1
mar,17
2.090,1
0.001,1
2.01,6
2.06,5
2.14,6
1.99,1
cab,4
amsterdam,5
watler,3
simon,3
supper,3
missi,3
robe,3
keizersgracht,2
drink,2
sing,2
pierc,3
bar,3
pour,2
apart,2
guest,4
cream,2
zealand,2
prebon,4
mcfadden,2
apb,1
unclaim,1
amnesia,1
senil,1
stolen,1
span,1
piss,1
nice,10
neighborhood,3
sadli,1
mistaken,1
thiev,1
rampant,1
visitor,1
bewar,1
fair,3
tinhead,1
sweden,1
copenhagen,1
denmark,1
rip,1
sunris,1
canal,1
bridg,3
men,1
german,1
okura,1
sushi,1
starter,1
bomb,1
sake,2
cocktail,1
bathroom,1
walk,2
surprisingli,4
393,1
hind,1
sight,4
drunk,1
ridden,1
tram,1
flip,1
stunt,1
stone,2
sober,1
alcohol,1
occas,2
drove,3
bicycl,1
corsica,1
katherin,1
appar,3
die,1
breath,3
shockingli,1
cook,4
twelv,2
forgot,1
tea,1
worri,5
kitchen,5
eat,3
oh,1
yeah,1
antic,1
adamson,1
engag,1
marri,1
french,4
continent,1
1997-1998,1
ca,3
babi,1
traver,1
madelin,1
cousin,1
daughter,1
alex,1
chandler,1
halstead,1
twin,3
girl,1
kid,5
themselv,3
.......,1
croquet,1
elvi,1
lucki,5
nanci,1
42nd,1
-dougla,2
pursel,2
moor,3
transmit,2
postmast,2
prebon.co.uk,2
scan,2
mimesweep,2
marshal,2
yaman,2
//www.prebon.com,2
trena,2
oct-01,4
52.00,4
nov-01,4
apr-02,4
may-02,4
jun-02,4
jul-02,4
aug-02,4
sep-02,4
2:36,2
mcfarland,2
MC,2
off_peak,2
69.00,2
50.00,2
63.00,2
56.00,2
42.00,4
58.00,2
78.00,2
53.00,2
62.00,2
40.00,8
pacificorp,5
sanjeev,13
glenn,6
coulle,1
benefici,1
multi-stream,1
dual,1
i.e,1
khanna,7
4:09,1
swerczek,1
surowiec,3
app,1
deficit,1
comfort,4
ok,1
introduct,1
e.g,1
25/mwh,1
/50/mwh,1
1st,1
3rd,2
anniversari,1
4/1/02,1
4/1/03,1
4/1/04,1
lavo,1
wed,8
bunch,3
luxair,3
beat,3
bother,2
monaco,2
spain,2
axia,2
stupid,2
awak,2
malaga,2
fli,3
luxembourg,2
asleep,2
bronx,2
81st,2
overdu,1
peep,1
excus,1
........,1
switzerland,1
sail,2
sea,1
recap,1
cricket,1
pakistan,1
easili,2
300,3
english,1
riviera,1
prix,1
intens,1
numbingli,1
loud,1
casino,1
suck,5
glass,3
lesson,3
can't,1
ye,7
let',1
stephanie',1
honeymoon,1
hidden,1
nap,1
felic,1
38,2
deirdra,1
penn,1
caribbean,1
blast,4
7:15pm,1
cot,1
off-sit,2
suppos,8
barcelona,1
crappi,1
plagu,4
i'll,1
elabor,1
klm,1
rude,1
pile,1
sweati,1
feet,3
shock,2
wors,1
squeez,1
nine,2
inch,1
22.5,13
centimet,1
leg,2
occupi,1
miracul,1
wake,2
sleep,3
i'm,2
loos,1
scariest,1
pate,1
sick,1
horribl,1
cognac,1
frankli,1
felt,4
poison,1
bonfir,1
vaniti,1
lawrenc,1
kramer,1
he',1
district,4
duh,1
everybodi,3
59th,1
125th,1
courthous,1
161st,1
petti,1
resid,4
pal,1
vanessa,1
malham,1
joel,1
kabel,1
melissa,1
niec,1
born,1
dallesstreamhistory.xl,1
03/04,2
np,2
combo,6
52.50/58,2
pv,2
59/65,2
hale,3
10:18,2
pierangelino,6
spires.jpg,2
derbi,1
10:49,1
mike.jpg,1
cra,2
roughli,2
21.4,2
11.4,1
unjust,1
unreason,1
seatll,1
tacoma,1
municip,1
spuriou,1
benchmark,1
revers,1
realist,1
2/3,1
adminitr,1
commission,1
all-employe,1
36.88,1
theoret,1
1991,1
referenc,1
achiev,3
id=108,2
sound,3
overview,2
immun,4
16.25,14
2.076,3
2.089,3
22.55,2
3.00,16
stood,7
tauzin,2
17.90,2
17.10,2
01/23/02,1
1.30,1
14.75,11
hydropow,12
glimmer,3
moder,4
182,1
2.405,1
1.036,1
76,1
withdrawn,1
379,1
241,1
280,1
dose,1
auditor,4
fifth,2
billi,1
cnn,1
satiat,1
110,6
105,7
136,1
warmer,15
extend,10
bore,3
24.4,2
solvenc,1
bankrupt,6
secondli,1
calpx,4
skeptic,1
445,1
toler,4
250/7054,1
21.90,1
-1.05,2
-0.20,1
upsw,5
firmli,10
squash,1
145,2
sunk,2
disappoint,3
somewhat,3
lame,1
real-tim,13
errat,1
uncertain,2
21.9,1
20.68,1
62,1
day',1
steadili,2
15.5,3
19.4,1
19.55,5
ecar,11
tank,4
18.3,1
spring-lik,4
low-70,3
trend,7
39.46,1
39.24,1
19.60,1
33.29,1
6.90,1
01/25/02,1
01/26/02,1
-0.030,1
2.12,1
2.17,2
ubswenergi,2
id,2
perman,3
//remoteservices.netco.enron.com/ica/ubswenergy.ica,1
ubswenergy/enron,1
q,1
9M,1
npx,1
www.ubsenergy.com,1
//www.ubswenergy.com/site_index.html,1
netco-lt-nw,1
mus32278,1
x33465,1
713-584-4444,1
stephani,1
713-853-3465,1
lockyer,9
supplier,8
overcharg,6
subpoena,4
manipul,4
wrongdo,2
jail,3
su,2
accus,6
behavior,3
slavin,2
uncov,2
discoveri,2
dunn,3
calif,1
genl,1
AP,1
unfair,1
yearlong,1
prison,1
allegedli,1
siphon,1
underl,1
overcom,1
devot,1
extract,1
californian,4
sue,3
withhold,2
misstat,1
hundr,1
blame,5
woe,2
1996,4
conspiraci,1
kenneth,2
escort,2
tattoo,1
dude,1
'hi,1
honey,1
rhetor,1
counti,10
superior,2
deputi,1
proof,1
summon,1
sen.,1
d-santa,1
ana,1
//interactive.wsj.com/archive/retrieve.cgi,1
id=di-co-20020123-011366.djm,1
apolog,3
reconcil,2
telecom,2
pit,2
fy02,2
section,18
sentenc,6
non-competit,7
insert,4
modif,2
paragraph,2
1.,2
c.,2
d.,2
c.p.a.,2
readili,2
etc.,2
9.,2
noncompet,1
10.,2
11.,2
12.0,3
16.0,3
accru,3
exhibit,4
sign-on,4
fulli,5
non-forfeit,3
miscellan,4
preexist,3
bonus,5
sortof,1
indemnifi,1
clawback,1
defer,1
involuntarili,1
payback,1
reloc,3
in-servic,2
1999,3
copier,4
non-bankrupt,2
leas,2
rent,2
grubb,2
713-853-5417,2
harry.grubb,2
paula,1
corey,1
713-853-9948,1
paula.corey,1
marketmarks.xl,34
ost,37
2:33,1
ratliff,1
prometheus020118.pdf,1
1.18.02,1
2.254,5
-4.25,7
16-jan-02,8
-3.75,9
-3.25,7
-5.25,3
all-day,8
10.9,2
snowpack,2
mid-month,4
dall,3
15-jan-02,10
18-jan-02,5
22.85,3
22.65,2
39.25,5
denot,7
24-hour,8
wane,3
inclus,6
monday/tuesday,1
luther,1
mlk,1
nerc,1
firmer,1
spokesperson,2
ari,1
fleischer,1
admit,4
bush,3
sherron,2
watkin,2
beleagu,1
write-off,1
1.3,1
condor,1
audit,7
debacl,2
harvey,1
oversight,3
3.75,8
nwrfc',1
runoff,5
93,2
driest,1
snow-pillow,1
mainli,6
denni,1
contempt,1
goug,1
sister,6
480,3
290,2
1,020,3
185,2
low-60,8
depress,3
4.5,1
desert,13
transform,12
1,270,2
unaffect,3
113,1
250/6361,1
17-jan-02,2
690,2
4/700/coal,5
2/1087/nuclear,3
6/739/ga,12
naughton,6
3/330/ga,4
13-jan-02,7
redondo,13
8/480/ga,13
21.30,1
-0.70,4
23.80,1
0.20,1
slump,3
midwestern,6
whop,3
23.8,1
dime,2
24.9,2
24.95,1
bump,1
20.34,1
16:00,1
low-40,7
character,1
volatil,6
fluctuat,3
near-term,2
perceiv,1
21.3,2
22.2,1
lasal,3
1,144,3
shutdown,3
mid-februari,1
mid-20,9
38.25,3
32.05,1
31.49,1
13.28,1
26.01,1
-10.94,1
01/21/02,1
01/22/02,1
1-6,6
23-24,6
-0.140,1
-0.109,1
2.22,1
2.32,3
2.18,5
2.23,4
2.394,3
2.363,3
137,3
2.05,5
ebay,3
thursday/friday,2
reaction,4
10.3,2
19.35,2
6.25,4
chain,2
pull,4
2.529,1
1.070,1
73,1
529,1
drawn,4
convinc,2
gossip,1
wrote,2
prophet,1
upward,7
paradox,1
eh,1
wyoming-bas,4
utility',1
staunchli,1
ethic,1
682,3
interior,4
upper-30,8
hurt,2
28.5,2
ratchet,2
woodwork,2
gobbl,1
250/7461,1
04-jan-02,26
3.25,6
23.10,1
0.55,2
0.05,1
-0.35,1
presenc,2
135,1
140,4
temper,3
23.1,1
23.6,2
fairli,1
salem,7
keyston,3
circul,5
pennsylvania,1
80,1
mid-morn,1
26.05,1
upper-40,8
20.9,4
21.45,1
exelon,1
quad,1
821,1
pump,2
reactor,1
vessel,1
20.4,1
41.00,2
39.50,7
46.33,1
45.26,1
36.94,1
0.88,1
01/19/02,1
01/20/02,1
0.103,1
0.090,1
2.27,1
2.15,3
2.20,4
protocol,7
Z,2
compli,9
cheat,2
\estate\,1
AG,2
migrat,7
linda,2
guinn,2
EB,2
3829a,2
michel,2
853-6401,2
pinto-leit,2
345-7942,2
=09,31
aol,9
//offers.aol.com/cgi-bin13/flo,7
y=3dnpk0pk8l0ek0ni0am,5
7.0,4
aim,5
swerzbena,2
messeng,2
//uuhf1img1.uu.flonetwork.com/images/aol/100401/004_002_new_offer_ti=,1
tle.gif,1
//uuhf1img1.uu.flonetwork.com/images/aol/100401/004_002_=,1
try_the.gif,1
//uuhf1img1.uu.flonetwork.com/images/aol/071901/003_blue_balls.g=,1
//uuhf1img1.uu.flonetwork.com/images/aol/100401/004_002_all_n=,1
ew.gif,1
aim=20,1
y=3dnpk0pk8l0ek0ni0am=,1
d=,1
ay,2
fre=,1
e,2
built-in,1
broadband,2
content=09,1
perk,2
concert,1
ti=,1
cket,1
sneak,1
blockbust,1
movi,1
/=,1
/offers.aol.com/cgi-bin13/flo,1
aol.co=,1
m.,1
c=,1
redit,1
y=3dnpk0pk8l0ek0=,1
ni0am,1
//uuhf1img1.uu.flonetwork.com/images/aol/080901//003_signature2.gif=,1
team=20,1
p.,1
for=,1
y=3dnpk=,1
0pk8l0ek0ni0am,1
sp=,2
ecial,1
//uuhf1img1.uu.flonetwork.com/images/aol/100401/004_002_for_1000.gi=,1
f,1
//uuhf1img1.uu.flonetwork.com/images/aol/100401/004_002_bottom.gif,1
//uuhf1img1.uu.flonetwork.com/images/aol/071901/003_orange_line.gif=,1
av=,1
oid,1
pr=,1
emium,1
AK,1
telep=,1
hone,1
e=,1
ven,1
importan=,1
ow=,1
own=,1
altern=,1
ate,1
2.95,1
ime,1
s=,1
ervic,1
a=,2
ddition,1
offers.aol.com,1
//offers.aol.com/cgi-bin13/flosens,1
y=3dpk0pk8l0ek3,1
bridger,6
14-jan-02,6
18.95,2
22.35,3
2.291,2
2.273,2
nrc,2
town,6
saga,1
one-third,1
royalti,1
gonzal,1
one-tim,4
energy-trad,1
giant,4
protract,3
company',1
stockhold,1
enorn,1
thousand,1
congression,1
houston-bas,1
enron-andersen,1
in-hous,1
typic,4
520,3
montana-bas,1
presum,2
72,2
balance-of-januari,4
1,087,1
secondari,1
non-nuclear,1
332,4
150,5
64,4
27.5,3
116,1
retun,1
tube-leak,1
mexico-bas,1
thermal,1
250/7871,1
3/520/coal,3
4/534/coal,3
10-jan-02,6
0.80,1
0.95,3
-0.15,2
much-encourag,1
4.1,3
3.3,1
24.7,1
admonish,1
pennsylvania-bas,2
limerick,1
1,115,1
suffici,1
worn-out,1
valv,1
classif,1
19.85,1
20.2,1
20.65,1
vast,1
1,090,2
indiana,1
long-await,2
19.3,1
19.6,1
40.50,6
41.04,1
40.90,1
24.76,1
36.07,1
3.95,2
01/17/02,1
01/18/02,1
0.041,1
0.033,1
2.28,1
9:41,1
paystub,1
jill,11
duti,3
react,2
4.6,2
3.7,4
2.24,2
upsid,13
premium,15
chamber,2
23.65,2
4.00,5
13.00,11
hungri,1
compliment,2
enron',8
23:00,1
virtu,1
round,3
six-to-ten-day,4
incid,1
slate,1
hover,6
roundtabl,1
allan,1
zaremberg,1
overlap,1
inflat,1
anyhow,1
besid,3
incept,1
shrunk,1
now-defunct,1
vow,1
untangl,1
ineffici,1
bigger,3
mess,2
turbul,1
small-unit,1
1,700,1
303,1
pois,1
112,1
123,1
thin-blood,2
southwestern,2
undoubtedli,1
coronado,17
365,7
ramberg,7
250/7801,1
22-dec-01,37
0.345,1
-2.55,1
-1.45,1
covert,1
unreport,1
massiv,1
24.55,3
25.1,2
shower,2
likewis,5
entrench,4
confus,2
illiquid,4
06:30,1
46,1
07:00,2
22.51,1
1105,1
undisclos,2
unseason,4
there',1
normalci,1
palisad,2
789,2
brush,1
ici,1
0.6,1
3.5,3
nobodi,2
southeastern,8
buyer,7
ventur,3
savvi,1
assert,1
15.49,1
0.19,1
34.18,1
15.40,2
-2.01,1
52.98,1
49.565,1
22.53,1
41.13,1
12.61,1
36.32,1
23.99,1
32.12,1
-9.01,1
01/16/02,1
2.250,1
0.046,1
2.240,1
0.037,1
2.07,3
2.19,4
1.15.02,1
ladwp,1
279k,1
mtm,1
intuit,1
gas-index,1
230,3
hiemstra,1
2:06,2
thome,1
baughman,1
LA,1
index-forward,1
867350.01,1
867350.02,1
408250.01,1
408250.02,1
408250.03,1
threaten,1
345-2402,1
circular,1
eg,1
ubsw,1
6:12,1
dl-ubsw,1
12.75,6
miseri,2
sunday/monday,4
18.15,2
2.204,2
2.203,2
unforeseen,1
-emr,1
prove,3
auction,7
chose,1
profess,2
tarnish,1
we'r,1
contend,1
partli,3
wisdom,1
near-blanket,1
off-and-on,1
42,2
57,3
250/6139,1
1/365/coal,10
-1.60,1
25.10,1
17.40,1
2.40,5
tighter,2
predominantli,2
cautiou,2
1.9,1
0.8,1
upturn,3
25.4,1
25.5,7
25.11,1
1,106,4
low-30,2
bleed,1
coast,4
bouy,1
38.14,1
37.45,1
14.47,1
30.53,1
-1.24,1
01/15/02,1
0.019,1
0.008,1
2.16,1
1.97,4
eddi,4
daniel,4
disregard,3
dept,1
ecn,1
3813,1
713.345.4753,1
713.646.3490,1
//promotions.go.com/img/spacer.gif,6
bj=3087,4
smirnoff,3
trivia,2
bt=9035,2
//promotions.go.com/espn/smirnoffice/img/smirnoffice_email_header4.gif,1
extravaganza,3
round-trip,1
airfar,1
orlean,1
spend,3
vip,1
gala,1
artist,1
style,3
//promotions.go.com/espn/smirnoffice/img/smirnoffice_email_rh6.gif,1
bt=9036,1
//www.transmission.bpa.gov/oasis/bpat/scheduling/preschedulechg4.doc,1
woodland,6
anytim,3
holler,1
doin,2
whcih,2
ass,3
2.185,3
2.195,3
13.50,10
12.50,5
row,5
4.3,2
condens,2
850,3
13.25,7
14.25,9
12.25,1
11.50,1
arctic,5
modestli,2
hair-pul,1
pundit,3
weil,5
gotshal,3
mang,3
cast,1
jewel,1
ex-giant,1
crown,1
rash,3
cheapest,2
brunt,1
stoic,1
murmur,2
686,1
600,1
unwarr,1
thoroughli,1
fraudul,1
grip,5
phoenix,11
friday-saturday,1
mona,1
near-,1
juggernaut,1
coal-smok,1
250/6441,1
03-jan-02,10
solidli,1
teen,4
unfaz,1
conemaugh,2
49,1
unreal,1
21.05,1
38.75,1
38.33,1
16.62,1
31.77,1
0.71,1
01/13/02,1
01/14/02,1
-0.043,1
-0.037,1
5.3,3
2.228,3
2.232,3
190,2
81,4
arrest,2
threat,2
locker,2
suspect,2
crack,2
-0.053,2
13.75,1
crazi,1
descend,1
tote,1
175-bcf,2
2.666,1
1.014,1
71,1
190-bcf,1
407,1
313,1
2,150,1
boss,1
cowork,1
gun,1
rifl,1
munit,1
nearbi,3
hospit,1
inhal,1
yellow,1
canist,1
terrorist-rel,1
custodi,1
snowmelt,3
dam,6
drought-lik,1
94,1
48-hour,1
reopen,3
anti-competit,1
intermountain,1
820,1
less-effici,1
reminisc,1
550,9
preheat,1
new-mexico,1
250/6405,1
-1.70,1
-1.35,1
homer,1
620,1
header,1
coal-fir,4
32.4,1
09:40,1
41,3
drag,2
setran,1
3.13,1
40.75,4
08-jan-02,11
40.46,1
38.04,1
14.72,1
5.54,1
01/11/02,1
01/12/02,1
1.10.02,1
10:30,4
re-start,2
sub-committe,2
RM,1
06716,1
w/the,1
mtg,1
888.380.9636,1
926946,1
237334,1
877.807.5706,1
259857,1
913663,1
713.853.1935,1
713.853.1838,1
713.854.3056,1
5:09,3
milnthorp,2
forster,3
llodra,1
bradford,1
T.,1
hansen,1
lesli,1
jake,3
mcdonald,2
Le,1
dain,1
cc,2
redistribut,2
id=148,2
01/10,1
40-25,1
61.5,1
58,1
125974,1
4:00,2
nutshel,1
E.,1
rich,2
fallon,1
dimichel,1
maxim,3
hickerson,1
egm,1
rodney,1
malcolm,1
eim,1
shaw,1
kyle,3
kitagawa,2
pearc,1
gort,1
rac,1
kent,1
castleman,1
shanna,1
funkhous,1
MS,1
2.0,1
06-jan-02,8
01-jan-02,8
05-jan-02,4
2.275,2
2.265,2
704,2
goe,3
plethora,1
hydroelectr,2
would-b,1
mere,2
downsid,1
/mw,1
pack,3
160,2
prompt-month,1
plung,3
medano,6
530,2
sunday/off-peak,3
smidgeon,1
unreli,1
startup,1
30-day,1
250/6254,1
4/375/coal,5
4/750/coal,1
5/750/coal,1
2/790/coal,2
7/739,7
1/350/coal,1
-6.00,2
-5.75,1
milder,3
0.2,1
fewer,1
base-load,1
benign,1
26.35,3
26.4,1
24.79,1
34,4
out-of-the-g,1
trail,2
paradis,1
1,150,1
saddl,1
25.54,1
-3.82,1
01/08/02,2
1-6,23,24,2
0.007,1
0.002,1
quiet,6
500,4
25.45,4
2.272,4
2.261,4
backdrop,2
impetu,2
lend,4
digit,3
69,2
warrant,2
oregon-bas,2
cheap,5
treasuri,3
secretari,2
dust,2
nbc,2
suitor,4
oodl,2
484,2
klamath,3
hypothes,2
flood,3
horizon,9
pessimist,2
turn-around,2
cheaper,2
341,2
mill,7
doldrum,5
250/6844,2
-0.80,6
0.3,2
0.4,2
arbitrag,2
bidder,6
34.08,2
33.55,2
17.45,2
28.64,2
-4.85,2
23.37,2
14.77,2
20.67,2
-7.97,2
19.91,2
18.78,2
12.13,2
16.68,2
01/09/02,2
-0.003,2
-0.004,2
1.83,2
13.20,4
2.281,4
2.285,4
844,4
multipl,2
citicorp,2
j.p.,2
british,8
BP,2
plc,2
near-univers,2
conced,2
modest,4
evidentiari,2
litigi,2
unveil,2
element,2
much-admir,2
intra-zon,2
970,2
modicum,2
chalk,2
2/mwh,2
air-preheat,2
250/6594,2
-0.95,2
-1.40,2
-5.00,6
drift,2
eia,2
0.9,2
2.4,2
24.2,3
23.15,3
ill-fat,2
fizzl,2
scherer,2
832,2
833,2
41.50,4
30.83,2
30.57,2
13.63,2
25.51,2
8.84,2
01/10/02,2
0.009,2
0.024,2
2.03,2
4:14,1
123883,1
4:39,1
01/07/02,1
1.08.02,1
122979,1
bart_jon,2
norway,1
//www.austinev.org/evalbum/109.html,1
7:41,1
'driscol,2
'motley,2
'stelzer,2
'traeger,3
glen,3
'bart_jon,2
'mike.swerzbin,2
enron.com',2
Re,1
whistler,14
1.07.02,1
shuttl,4
woodrun,4
chateau,4
1/5/02,1
1:24,1
drill,2
accomod,3
31st,2
jan.,2
12:50,2
2:30,2
4:30,2
604,2
266-5386,2
condo,2
3bd/2bath,2
den,2
distract,2
stan,3
dismiss,1
repurchas,1
9,000,1
interst,1
horton,1
turmoil,1
conclud,1
steer,1
qualiti,1
consciou,1
msg,1
9:35,1
chatterton,5
'enron_upd,2
concureworkplace.com',2
1.04.02,1
ixi,1
2.268,3
2.263,3
2.33,2
26.95,2
-3.35,1
-12.50,1
midday,1
sharpli,6
150-bcf,1
209-bcf,1
147,1
2.856,1
1.127,1
615,1
286,1
oft-cit,1
84,1
over-abund,1
glut,2
off-kilt,1
dynam,1
evidenc,1
mst,2
peg,1
250/6054,1
medanos/550/ga,6
25-dec-01,9
4.75,2
propel,1
snowstorm,1
1600,1
skid,2
55.83,1
09:15,1
22.59,1
illinois-bas,1
cordova,1
537,1
high-teen,2
northwestern,1
frigid,3
0.31,1
02-jan-02,2
44.89,1
44.08,1
21.77,1
37.31,1
9.29,1
1/06/02,1
1/07/02,1
-0.197,1
-0.180,1
120879,1
e-mail\,31
cow,9
rbw,5
mrwassoc.com,5
weisenmil,2
alan,2
turn.org,2
cpuc.ca.gov,2
worldnet.att.net,2
kirk,2
milk,2
island,3
funni,1
leno,1
4:16,1
comn,1
fwd,1
x-flow,1
delivered-to,1
mrwassoc,1
barney.sfrn.dnai.com,1
marcu,1
jbsenergy.com,1
gere,1
bradley,1
jps.net,1
bergman,1
blbergman,1
rhphillips.com,1
finkelstein,1
bfinkelstein,1
kinosian,1
gig,1
cynthia,1
mitchel,1
ckmitchel,1
powernet.net,1
argu,1
david.argu,1
sympatico.ca,1
2\,1
flak2,1
aol.com,1
witkoski,1
epwitko,1
ag.state.nv.u,1
woychik,1
estrategi,1
mindspring.com,1
schmidt,1
fschmidt,1
halelane.com,1
JA,1
honest,1
compuserve.com,1
pou,1
lduci,1
earthlink.net,1
jmcfarland,1
lazar,1
jimlaz,1
callatg.com,1
scarff,1
je,1
jwilliam,1
genesis.law.pace.edu,1
lenni,1
goldberg,1
lga,1
mother.com,1
bradylaw,1
pacbell.net,1
mick,1
mick-d,1
telusplanet.com,1
florio,1
mflorio,1
sisson,1
swslawyers.com,1
rachel,1
orlins_bergman,1
sara,3
myer,3
ssmyer,1
shawn,1
mcmurray,1
shawnm,1
ag.state.ar.u,1
margi,1
bowman,1
bowmani,1
mymailstation.com,1
mueller,1
theresa_muel,1
ci.sf.ca.u,1
vjw,1
cleanpower.org,1
greenet,1
hdcdojnet.state.ca.u,1
ostrov,1
sostrov,1
econone.com,1
mccullough,1
mresearch.com,1
eadvocate-l,1
igc.topica.com,1
15:28:43,1
-0800,1
x-mailer,1
cw,1
9.0.2416,1
9.0.2911.0,1
x-envelope-to,1
x-mdremoteip,1
208.59.199.22,1
x-mdrcpt-to,1
x-mdaemon-deliver-to,1
fortnightli,1
anonym,1
publicli,2
brother-in-law,1
debt-equ,1
tax-exempt,1
monet,1
intermediari,1
secretli,1
off-balance-sheet,1
20-year,1
storefront,1
footnot,1
/x-flow,1
erron,1
resources.hewitt.com/enron,1
log-in,1
800-332-7979,1
kobra,6
pecherski,1
853-9225,1
1/5/2002,6
sysadmir,3
nahou-bpms01p,2
nahou-bpmsft01p,2
1/4/2002,2
1/7/2002,2
netco/est,1
master,2
database/mast,1
replic,1
reenabl,1
tolernac,1
lindsay,1
713-853-6225,1
11:38,1
12/3/01,1
5:13:27,1
2.465,3
2.443,3
31-dec-01,3
10.5,2
11.7,2
cascad,6
28.85,2
30-dec-01,2
-6.25,1
hangov,1
notabl,2
slacken,1
coastal,2
lid,3
anomali,3
frosti,1
cloudi,2
sky,1
montana,5
coal-burn,1
740,2
low-off,1
undisturb,1
swift-approach,1
shortfal,1
environment,2
bevi,1
latter,2
57-59,1
442,1
coal-combustor,1
250/5751,1
125,4
2/442/coal,1
5.50,2
4.35,1
4.10,1
5.90,1
brisk,1
run-up,1
26.47,1
year',3
jump,3
mid-teen,1
high-30,1
norm,1
11.25,1
0.26,1
42.50,3
48.11,1
47.39,1
28.22,1
41.52,1
3.51,1
36.21,1
35.71,1
21.07,1
31.11,1
-10.41,1
34.82,1
33.62,1
30.90,1
-0.21,1
39.55,1
37.92,1
20.35,1
32.47,1
1.56,1
32.90,1
31.04,1
21.68,1
28.02,1
-4.44,1
1/04/02,1
1/05/02,1
-0.105,1
-0.117,1
2.21,1
2.26,1
2.774,3
2.746,3
collector,2
2.43,2
2.48,3
27-dec-01,3
wire,2
demis,2
czarist,1
russia,1
now-nonexist,1
sought-aft,1
enthusiast,1
eras,1
heel,1
.75,1
stick,3
ppl,1
wash,2
chest,1
two-day,1
725,1
250/6495,1
23-dec-01,5
4/740/coal,1
5.25,3
19.90,1
20.10,1
sentiment,1
echo,2
choppi,1
disappear,1
30.1,1
19.28,1
strang,1
vengeanc,1
tent,1
19.9,1
20.1,1
45.00,3
43.50,2
46.26,1
45.03,1
38.02,1
17.04,1
1/03/02,1
0.155,1
0.116,1
2.30,1
2.555,3
2.619,3
35.6,2
31.8,2
bail,2
sunday-monday,4
2.52,3
2.57,3
uniformli,2
gasp,1
trickl,1
atplay,1
contributor,1
2.980,1
wreak,1
havoc,1
plummet,2
sink,1
exclaim,1
exasper,1
yell,1
'bail,1
mountain,3
converg,1
pole,1
25.3,1
l.a.,1
farther,1
640,1
250,2
gas-l,1
rattl,1
sweat,1
nari,2
250/6515,1
-5.50,1
reign,1
suprem,1
traumat,1
indian,1
bitterli,1
5.5,1
opin,2
thermostat,1
fireplac,1
crackl,1
low-20,1
nearer,1
43.75,1
44.75,2
26-dec-01,2
24.48,1
16.88,1
20.98,1
5.76,1
12/27/01,3
12/29/01,3
-0.356,1
-0.318,1
4.50,3
2.911,3
2.937,3
three-day,4
1.6,3
4.8,2
pst,3
morrow,2
24-dec-01,2
6.00,1
13.60,1
-0.40,1
day-aft,1
post-holiday,1
attribut,2
northeast,2
3.02,1
friday',1
14:45,1
withdrawl,2
dabbler,1
thursday/friday/saturday,1
spot-ga,1
peak-hour,1
necessarili,1
statewid,1
13.6,1
265,1
tumultu,1
404,1
23rd,1
525,1
11:15am,1
hell,1
250/5875,1
post-christma,1
pre-new,1
slack,1
nevertheless,1
year-end,2
nudg,1
clung,1
profit-tak,1
atmospher,1
seaboard,1
15.58,1
09:30,1
sliver,1
1.25-2,1
impuls,1
flurri,2
two-dollar,1
slack-tim,1
outcom,1
off-task,1
stuck,2
unload,1
mirror,1
regim,1
45.50,1
46.50,1
49.10,1
50.10,1
35.28,1
45.60,1
-24.11,1
42.69,1
41.96,1
26.83,1
37.22,1
-8.38,1
40.60,1
37.24,1
21.42,1
-4.97,1
33.06,1
31.20,1
26.26,1
16.07,1
15.39,1
14.84,1
15.22,1
-11.04,1
0.016,1
0.181,2
2.80,1
2.69,1
2.895,3
2.889,3
tuesday/wednesday,2
preclud,2
decad,3
'twa,1
talli,1
nestl,1
red,4
battl,1
fed,1
osama,1
skill,1
brazil,1
hung,1
boiler,1
rejoic,1
fret,1
'bout,1
401k,1
bat,1
sang,1
choru,1
shadow,1
gone,1
doozi,1
well-deserv,1
buzz,1
serious,1
folk,1
day/wednesday,1
movement,2
urgenc,1
large-scal,1
omiss,1
oscar,1
hidalgo,1
peaker,1
intermitt,1
load-conting,1
vulner,1
contra,3
costa,3
one-day,1
11:15,2
suffer,1
vagu,1
250/5817,1
714mw,1
apathet,1
late-month,1
restless,1
eager,1
meager,1
56.4,1
swiftli,1
near-averag,1
groov,1
21.61,1
lackadais,1
closur,6
shave,1
scrambl,1
stamped,1
nosed,1
90.39,1
85.08,1
34.09,1
69.71,1
26.33,1
0.209,1
2.55,1
2.60,1
16.10,1
16.98,1
4.16,1
40,800,1
16.46,1
3.79,1
26.17,1
1.69,1
23.70,1
23.01,1
.41,1
20.90,1
3.31,1
5.69,1
26th,1
22.30,1
22.86,1
+5.88,1
21,600,1
21.83,1
+5.37,1
+3.86,1
+5.83,1
24.49,2
+3.41,1
+6.35,1
westdaypluscal.xl,2
grijn,1
2:21,1
2.708,3
-0.65,3
wet,2
5.8,2
snow-pack,2
drought,6
combat,1
market-mov,1
end-of-the-month,1
baffl,1
quash,1
year-long,1
shortest,1
32nd,1
mother,26
nature',1
reveng,1
143,1
sierra,1
nevada,2
drainag,1
panic,1
distant,1
unev,1
lament,1
overstock,1
most-oft,1
lowland,1
gas-burn,1
meek,1
sharpest,1
6.5,1
narrowli,1
22:00,1
wait-and-se,1
472,1
250/5824,1
7/337/ga,1
45mw,1
pre-holiday,1
ready-to-leav,1
heavy-load,1
hefti,1
08:00,1
09:00,1
23.06,1
spars,3
catawba,1
1,129,1
45.75,1
46.32,1
46.27,1
36.69,1
43.38,1
3.35,1
12/2401,1
0.070,1
0.058,1
2.56,1
21.14,1
43,200,1
.37,1
22.44,2
32,000,1
27.86,1
.09,1
4,400,1
24.60,1
24.20,1
24.39,1
3.62,1
21.69,1
.94,1
2.616,3
15.85,2
-5.40,2
6.2,2
25.15,2
-4.20,1
-7.00,1
holiday-weekend,1
thursday-through-saturday,1
preschedul,1
end-of-decemb,1
3.061,1
948,1
438,1
87,1
utah,1
accumul,1
108,1
92,1
precaut,1
recalcul,1
enthusiasm,1
overabund,1
rainstorm,1
loom,1
nowher,1
redesign,1
creation,1
shortag,3
lastli,1
deterior,1
2,132,1
739mw,1
230mw,1
unavail,1
song,1
250/6501,1
22.40,1
24.90,1
1.10,1
thinner,1
45-bcf,1
31.2,1
17.3,1
slim,1
22.4,1
midwestiso,1
for-profit,1
heavili,1
48.21,1
47.62,1
40.03,1
12/24/01,1
-0.041,1
2.650,1
-0.062,1
2.64,1
2.39,1
2.44,1
12:07,1
//www.btinternet.com/~pir8/arnie/,1
swerbin.xl,2
voucher,1
0100067175,1
2,2298.95,1
cuenco,1
sue.cuenco,1
sourcenetsolutions.com,1
3:47,1
nov12,1
driz,1
9.50,1
2,654,02,1
.75/mwh-,1
2.3,1
million-,1
11:43,1
8:43,1
wan,1
na,1
9/27,1
11:21,1
9/26,1
restructured/chang,1
reaon,1
usig,1
temperarili,1
form-west1.xl,1
vivek,3
12:55,2
kumar,1
jefferi,1
atm,1
furhter,1
_,3
notion,3
payoff,3
max,2
midc,2
quarterli,2
caslebridg,1
arbitrari,1
min,1
850mw,1
,0,1
multipli,1
coole,1
sanjeev.khanna,2
853-3849,2
594-1832,2
3004f,2
497-1217,2
646-3220,2
timo,36
apbenergy.com,37
/o=enron/ou=na/cn=recipients/cn=mmotley,36
'mdrisc3,36
/o=enron/ou=na/cn=recipients/cn=shall4,36
/o=enron/ou=na/cn=recipients/cn=jwilli10,36
/o=enron/ou=na/cn=recipients/cn=cyod,35
/o=enron/ou=na/cn=recipients/cn=tbelden,33
1-15-2002,2
marketmarks.xls-,2
3:08:02,1
4:51:31,1
1/30/2002,1
6:18:37,1
1/29/2002,1
5:28:20,1
4:17:36,1
1-25-2002,1
5:03:39,1
1-24-2002,1
2:53:53,1
1/23/2002,1
3:15:17,1
1-18-2002,1
6:18:22,1
4:47:32,1
1/16/2002,1
9:40:35,1
4:53:56,1
4:15:37,1
1-14-2002,1
2:08:55,1
1-11-2002,1
5:06:19,1
1/10/2002,1
3:46:08,1
1/9/2002,1
4:56:23,1
1-8-2002,1
3:57:52,1
3:18:44,1
4:56:39,1
1/3/2002,1
4:21:53,1
01-02-2002,1
2:26:48,1
12/28/2001,1
1:51:04,1
12-27-2001,1
1:37:47,1
12-20-2001,1
4:06:28,1
12/19/2001,1
3:58:03,1
12/18/2001,1
4:56:50,1
12-17-2001,1
2:12:21,1
-12/14/2001,1
3:07:16,1
12/13/2001,1
4:28:35,1
12/12/2001,1
4:22:11,1
12/11/2001,1
6:35:16,1
2:43:30,1
12/07/2001,1
3:37:46,1
12/6/2001,1
2:44:05,1
marketmarks.xls-12/3,1
2:36:05,1
marketmarks.xls-correct,1
12/4,1
4:05,1
\kobra\workspac,1
sonya,2
3.5.1,2
els_port,2
3:53,1
\winnt\system32\drivers\etc\servic,1
knetd,1
2053/tcp,1
kerbero,1
de-multiplexor,1
9535/tcp,1
2100/tcp,1
2100/udp,1
ntdbu1,1
2400/tcp,1
analyst/it,1
345-4540,1
sonya.johnson,1
10:15,1
10:10,1
8:08,1
3:41,1
junior,1
plywood,3
forest,3
sawmil,3
roger,3
diering,2
randomlength,2
osb,2
la.,2
infom,1
11:46,1
l-p,1
roger.diering,1
lpcorp.com,1
11:42,1
09/27/2001,1
plywood/osb,1
wood,1
brownsvil,1
ore.,2
ceas,1
lower-pr,1
georgia-pacif,1
replenish,1
hunt,2
natalbani,1
market-rel,1
downtim,1
sagola,1
mich.,1
jasper,1
hayward,1
wis.,1
carthag,1
silsbe,1
dodson,1
lumber,1
harwood,1
branscomb,1
calif.,1
weyerhaeus,1
cedar,1
abitibi,1
slocan,1
//www.randomlengths.com/,1
936.788.9759,1
936.524.0609,1
cellular,1
888.710-0640,1
church,4
prayer,3
tragic,3
ribbon,3
firefight,2
polic,2
gi,2
shirt,2
methodist,2
antioch,2
missionari,2
baptist,2
silenc,2
counselor,2
713-853-6057,2
imceanotes-enron+20announcements_corp_enron+40enron,1
8:09,1
unforgett,1
heartfelt,1
sympathi,1
senseless,1
horrif,1
deceas,1
humber,1
plane,1
hijack,1
www.easymatch.com/enron,1
unsur,1
gim,1
helpdesk,1
713-853-5666.,1
stripe,1
pin,1
infozon,1
escal,1
lobbi,1
blood,1
713-853-6100.,1
remembr,2
worship,1
pray,2
victim,1
//abclocal.go.com/ktrk/,1
//www.chron.com/content/community/religious/,1
clay,1
televis,1
citywid,1
candlelight,1
vigil,1
mayor,1
co-work,1
on-sit,1
1-800-345-1391.,1
healthgroup,1
800-268-1026,1
on-go,1
signal,1
diminish,1
heart,2
barkley,5
graduat,3
1986,3
9:43,2
somebodi,2
dec'00,1
undergradu,1
11:01,1
tom-,2
thunderbird,2
appreic,1
rat,1
mehrer,2
10:26,1
blair,1
bryson,1
jess,1
chen,2
lei,1
cock,1
cox,6
dea,1
patti,1
emmert,1
carolin,1
erwin,1
kenton,1
freeman,4
frost,1
gang,2
lisa,2
scotti,1
gray,2
guzman,1
hammond,1
harasin,1
leaf,1
kaufman,1
lackey,1
linder,1
mainzer,1
elliot,1
maxwel,1
mccarrel,1
merriss,1
bert,2
platter,1
porter,3
poston,1
runswick,4
staci,5
sheidun,1
slinger,1
solberg,1
geir,1
stokley,1
swain,1
kindli,1
co,1
currently-,1
3:57,1
krispi,2
kreme,2
donut,2
sportswear,2
through-out,1
starbuck,1
coffe,1
champion,1
Fw,2
foxsports-nba-knick,1
mov,1
8:22,1
1:36,1
1:11,1
ta,1
does't,1
11:58,2
cant,2
trick,2
fox,1
knicks.mov,1
8:40,1
dfolger,1
idacorpenergy.com,1
1:53,1
4-panel,1
bloomberg,1
9:28,1
midc-montana,1
2024,1
503.464.8862,1
8:06,1
HP,5
waldo,1
lake,1
diamond,2
dl-netco,2
mandola,2
teresa,3
mcquad,2
12:58,1
nativ,1
x39673,1
x39807,1
x53614,1
eagle/vail,6
beaver,5
offsit,2
hitchcock,2
dori,2
charter,3
aviat,2
jet,2
1:54,1
8:05,1
collong,1
remi,1
devri,1
orlando,1
kishkil,1
parquet,1
wigg,1
brett,1
16-19,1
6:00pm,1
9:00am,1
12:00pm,1
1/2,1
3640a,1
853-6978,1
646-5800,1
594-7093,1
dorie.hitchcock,1
bridgenew,4
pamela.conway,2
bridge.com,2
conway,1
pamela,1
8:53,1
trayer,1
conrad,1
mcbride,1
bobbi,1
adjemian,1
hemschot,1
stelzer,1
watt,1
walworth,1
cotten,1
hurd,1
o'gradi,1
wheeler,1
antonid,1
mccue,1
yao,1
erik,1
bucht,1
fadi,1
shadid,1
montoya,1
futuresourcebridg,1
huskey,1
landi,1
olszewski,1
ivan,1
jana,1
butler,1
owen,1
petta,1
stepenovitch,1
beeckman,1
flumerfelt,1
tyler,1
wehner,1
emeri,1
parker,2
lingard,1
corbett,1
egan,1
hallenbeck,1
summ,1
newman,1
fort,1
mickey,1
bell,1
mace,1
neal,1
mistri,1
rosengren,1
gillespi,1
gilmor,1
phill,1
suchan,1
preston,1
bitksi,1
wheatley,1
rick,1
robinson,1
herndon,1
edri,1
finnerti,1
farha,1
lilli,1
stenberg,1
pulido,1
wettlauf,1
troy,1
larkin,1
viren,1
wilson,2
montjoy,1
//news.bridge.com/commodities/bridgepower073001.pdf,1
.pdf,1
double-click,1
bridgepower073001.pdf,1
www.bridge.com,1
30aug,4
AZ,4
harbor,4
int,4
smoke,4
etkt,3
helena,2
boe,2
737-300,2
FE,2
NM,2
BY,11
dba,2
amer,2
ZV,2
beechcraft,2
1900/1900c/1900d,2
02sep,2
intl,2
2:04,1
20july01,1
pk/pk,1
ref,1
ymq27m,1
swerzbin/michael,1
interoffic,1
rcpt,1
554a,1
830a,1
202,1
09b,1
901a,1
1140a,1
6801,1
1:39,1
07a,1
525p,1
609p,1
6808,1
1:44,1
05a,1
650p,1
930p,1
794,1
2:40,1
16b,1
ON,6
449.00,1
31dec,1
mon,1
hp/t3j43o,1
swerzbin/helena,1
s0c0413r1059,1
hp/etkt,1
7029707050,1
tvlr,1
wallet,1
w/enron,1
523-6586,1
215,1
245-4707,1
J,1
ticketed/purchas,1
9/2,1
thanks-,2
muni,1
10:11,1
prm,1
slice,1
glenn-,1
correl,1
hair,1
6:56,1
sens,1
6:50,1
12:59,1
2:14,1
susi,1
1:04,1
503-464-3911,1
503-701-1163,1
512-294-7692,1
503-236-6204,1
mike.holzgang,2
9:34,1
friday-,1
curves-,1
4th,1
laird,1
clara,1
4/18/01,2
shackleton,2
hundl,2
kimberli,2
'dick.varn,1
eweb.eugene.or.us',1
dick,1
recal,1
spettel,1
isda,1
ii,1
6/12/01,1
berggren,1
manager/secretari,1
eb3801a,1
Ph,1
853-5620,1
646-3490,1
7/5,1
7/7,1
7/12,1
7/14,1
//biz.yahoo.com/prnews/010614/flth004.html,1
011-52-144-34444,1
raul,1
garden,1
melia,2
502-,1
10:57,1
CJ,1
choice-,2
awesom,5
//www.mexicotravelnet.com/loscabos/hotels/meliasanlucas.htm,3
//www.cabofishingvacations.com/melia.htm,3
info.-,1
hilli,1
boat,1
catamaran,1
snorkel,1
cruisin,1
11:51,1
cabo,1
boy,3
fletch,1
prc,2
specialist,2
thr,1
3:13,1
marriott,1
mikey,1
fundi,1
web-sit,1
powerlytix.com,1
friedwired.com,1
pw,1
3,000,1
run-off,1
4,250,1
sept,1
2,500,1
7:20,1
chair-,1
1:50,1
'old,1
aeron,1
non-aeron,1
relationship,5
constantli,4
emot,3
grief,3
cultiv,3
neighbor,3
mark.nehl,2
uchsc.edu,2
eulog,2
schoolteach,2
grate,2
faith,2
unthink,2
young,3
flower,2
busier,2
hospic,2
hematocrit,2
imceanotes-mark+2enehler+40uchsc+2eedu+40enron,1
11:37,1
helen,1
sydney,1
enclos,1
faculti,1
summar,1
whomev,1
devast,1
tribut,1
self-cent,1
twenti,1
girlfriend,1
shi,1
passion,1
silent,1
vacant,1
neurolog,1
disord,1
abyss,1
melancholi,1
spiritu,1
plate,1
idol,1
male,1
intellig,1
prosper,1
definit,1
father,1
shoulder,1
accid,1
inspir,1
lone,1
downtrodden,1
unnot,1
farmer,6
crop,1
obviou,1
frail,1
woman,1
mom,1
tend,1
accomplish,1
fatal,1
alter,1
smell,1
caregiv,1
intimaci,1
adl,1
ritual,1
full-tim,1
planet,1
dr.,2
krupski,1
friendships/neighbor,1
rocket,1
amaz,1
till,1
modern,1
distort,2
yard,1
broke,1
plumb,1
mow,1
lawn,1
food,1
courag,1
rare,1
complain,1
decor,1
waterfal,1
seventeen,1
tire,1
chronic,1
ill,1
slowli,1
miser,1
teacher,1
meaning,1
nehler,1
m.d,1
professor,1
vascular,1
surgeri,1
4200,1
ninth,1
5521,1
CO,1
81262-0312,1
303-315-6489,1
deferr,1
1,606,1
straighten,1
AS,6
cont,5
windfall-profit,4
wolak,4
blackout,2
wield,2
IF,2
invent,2
meter,2
SO,2
4:50,1
pdt,1
coincid,1
ignor,1
acceler,1
AN,1
blunt,1
disastr,1
adroit,1
rei,1
stout,1
instantli,1
wmb,1
instanc,1
wartim,1
medicin,1
prescrib,1
diseas,1
perpetu,1
afford,1
nighttim,1
heatwav,1
insan,1
computer-bas,1
ibm,1
versu,1
garri,1
kasparov,1
wont,1
notr,1
dame,1
unw,1
five-,1
10-year,1
languish,1
WE,1
GO,1
construct,1
governor,1
'special,1
stanford,1
economist,1
farm,2
lobbyist,1
MY,1
inflex,1
consumpt,1
fight,1
patronag,1
201-938-4604,1
mark.golden,1
fisher,1
imceanotes-ed+20pierangelino+20+3ced+40apbenergy+2ecom+3e+40enron,1
7:24,1
toget,1
10:36,1
resum,1
dayspast,5
=09=09=09=09=09,4
nyt,4
=09=09,3
weekspast,3
irrig,3
er,3
windfal,3
classifi,3
nytimes.com,3
enrich,2
newspast,2
yearsinc,2
single-pag,2
58.2,2
electricit=,2
fiber,2
optic,2
diesel,2
le,2
ty,2
y=,2
ear,2
utility=,2
r,2
t=,2
economi,2
re=,2
ing,2
in=,2
ion,2
siteid=3d35542624,2
automobil,2
circulation.logo.gif,2
newspap,2
=09brendan,1
boyl,1
brendanb,1
amerexenergy.com,1
=09tuesday,1
1:35,1
=09mike.swerzbin,1
=09river,1
=09new,1
spacer.gif,1
=09=09=,1
=09=09=09=09,1
national.gif,1
yspast,1
=09=09=09=09=09=09=09,1
newsp=,1
ast,1
top.gif,1
nytarticleheader.gif,1
betterthanwors,1
gn_home.gif,1
si=,1
gn,1
gn_classifieds.gif,1
gn_news.gif,1
gn_opinion.gif,1
printer-f=,1
riendli,1
gn_features.gif,1
file=,1
reale86.gif,1
gn_destinations.gif,1
harden,1
was=,1
h.,1
prof=,1
multimedia,1
chartth,1
price=,1
gn_services.gif,1
nergi,1
gn_newspaper.gif,1
profi=,1
le.gif,1
spar,1
power=,1
empty.gif,1
gs_se=,1
arch.gif,1
i.s.o,1
emailarticle2.gif,1
printarticle2.gif,1
imag=,1
wash.,1
something=,1
high-voltag,1
lope,1
alfa=,1
lfa,1
potato,1
wheat,1
scheme,1
sipho=,1
ha=,1
irrit,1
foul,1
air=,1
-condit,1
desper,1
of=,1
monstrou,1
ar=,1
machin,1
r=,1
iver,1
aluminu=,1
stagge=,1
dysfunct,1
will=,1
kuwait,1
util=,1
iti,1
bu=,1
ying,1
street-sty=,1
bord=,1
state-own,1
luxuri,1
california=,1
go=,1
od,1
fortun,1
ambival,1
be=,1
regio=,1
n.,1
m=,1
this=,1
alic,1
group=,1
air-condition=,1
popul,1
utili=,1
35,000,1
285,000,1
astonish,1
capita,1
is=,1
25,000,1
reveal,1
name=,1
fear,1
kidnap,1
office=,1
obscen,1
j.=,1
hosken,1
imprud,1
pub=,1
lic,1
mon=,1
ey,1
88.8,1
has=,1
guard,1
if=,1
exploit,1
gold-rush,1
chela=,1
insul,1
i=,1
ts,1
ch=,1
elan,1
one-fifth,1
coun=,1
gives=,1
asked=,1
lon,1
topaz,1
lousi,1
upside-down,1
second-worst,1
cord,1
deregulati=,1
1=,1
compell=,1
bottom-lin,1
rational,1
locked-in,1
long-,1
fo=,1
long-dist,1
bo=,1
nanza,1
centuri,1
h=,1
ydropow,1
pa=,1
440,1
acr,1
coll=,1
ect,1
1.7,1
like=,1
alcoahav,1
delight,1
10=,1
,000,1
resel,1
mid-1990,1
custom=,1
crunch=,1
avistautil,1
washingt=,1
kilowatt,1
consumpt=,1
cr=,1
isi,1
u=,1
tiliti,1
BC,1
uti=,1
liti,1
peac,1
bill=,1
712,1
S=,1
tate,1
toshiba_emlart.gif,1
mostemailed2.gif,1
singlepage2.gif,1
01powe.1.jpg,1
multimedia.gif,1
|=,1
chart.gif,1
relatedarticles.gif,1
otherresources.gif,1
printer-friendli,1
form=,1
g.gif,1
bfmid=3d232712=,1
bfpage=3dnytimes_6,1
nytme=,1
nutop.gif,1
usamenubottom.gif,1
dlinks.gif,1
marketplace.gif,1
fi=,1
news=,1
art,1
internation=,1
obituari,1
ort,1
editoria=,1
ls,1
op-,1
reader,1
cartoon,1
crossword/gam,1
movies=,1
auto,1
sho=,1
boston.com,1
store=,1
archiv,1
e-card,1
ki=,1
de=,1
liveri,1
e-mai=,1
ceiv,1
yearsince=,1
information=,1
nasa,1
resear=,1
ch,1
smart,1
bed,1
surfac,1
outdoor,1
clean,1
dvd,1
theater,1
put=,1
6-foot,1
revo=,1
lution,1
invis,1
frare,1
fenc,1
hottest,1
br=,1
batteri,1
allautomobilesjob,1
marketr,1
estateoffic,1
brows,1
pagebookscardscrosswordsphotospost=,1
erspublicationsreprintsvideo,1
spacer.gif=20,1
national.gif=20,1
top.gif=20,1
nytarticleheader.gif=20,1
gn_home.gif=20,1
gn_classifieds.gif=20,1
gn_news.gif=20,1
gn_opinion.gif=20,1
gn_features.gif=20,1
reale86.gif=20,1
gn_destinations.gif=20,1
gn_services.gif=20,1
gn_newspaper.gif=20,1
profile.gif=20,1
empty.gif=20,1
gs_search.gif=20,1
emailarticle2.gif=20,1
printarticle2.gif=20,1
toshiba_emlart.gif=20,1
mostemailed2.gif=20,1
singlepage2.gif=20,1
01powe.1.jpg=20,1
multimedia.gif=20,1
chart.gif=20,1
relatedarticles.gif=20,1
otherresources.gif=20,1
g.gif=20,1
bfmid=3d23271248,1
bfpage=3dnytimes_6=20,1
nytmenutop.gif=20,1
usamenubottom.gif=20,1
adlinks.gif=20,1
marketplace.gif=20,1
assign,1
-special,1
add-on,1
-sneak,1
enhanc,1
